[0.070s] DEBUG:colcon:Command line arguments: ['/usr/bin/colcon', 'build']
[0.070s] DEBUG:colcon:Parsed command line arguments: Namespace(log_base=None, log_level=None, verb_name='build', build_base='build', install_base='install', merge_install=False, symlink_install=False, test_result_base=None, continue_on_error=False, executor='parallel', parallel_workers=12, event_handlers=None, ignore_user_meta=False, metas=['./colcon.meta'], base_paths=['.'], packages_ignore=None, packages_ignore_regex=None, paths=None, packages_up_to=None, packages_up_to_regex=None, packages_above=None, packages_above_and_dependencies=None, packages_above_depth=None, packages_select_by_dep=None, packages_skip_by_dep=None, packages_skip_up_to=None, packages_select_build_failed=False, packages_skip_build_finished=False, packages_select_test_failures=False, packages_skip_test_passed=False, packages_select=None, packages_skip=None, packages_select_regex=None, packages_skip_regex=None, packages_start=None, packages_end=None, cmake_args=None, cmake_target=None, cmake_target_skip_unavailable=False, cmake_clean_cache=False, cmake_clean_first=False, cmake_force_configure=False, ament_cmake_args=None, catkin_cmake_args=None, catkin_skip_building_tests=False, verb_parser=<colcon_defaults.argument_parser.defaults.DefaultArgumentsDecorator object at 0x7509c528a860>, verb_extension=<colcon_core.verb.build.BuildVerb object at 0x7509c528a290>, main=<bound method BuildVerb.main of <colcon_core.verb.build.BuildVerb object at 0x7509c528a290>>)
[0.155s] Level 1:colcon.colcon_core.package_discovery:discover_packages(colcon_meta) check parameters
[0.155s] Level 1:colcon.colcon_core.package_discovery:discover_packages(recursive) check parameters
[0.155s] Level 1:colcon.colcon_core.package_discovery:discover_packages(ignore) check parameters
[0.155s] Level 1:colcon.colcon_core.package_discovery:discover_packages(path) check parameters
[0.155s] Level 1:colcon.colcon_core.package_discovery:discover_packages(colcon_meta) discover
[0.155s] Level 1:colcon.colcon_core.package_discovery:discover_packages(recursive) discover
[0.155s] INFO:colcon.colcon_core.package_discovery:Crawling recursively for packages in '/home/user/exchange/workspace'
[0.155s] Level 1:colcon.colcon_core.package_identification:_identify(.) by extensions ['ignore', 'ignore_ament_install']
[0.155s] Level 1:colcon.colcon_core.package_identification:_identify(.) by extension 'ignore'
[0.155s] Level 1:colcon.colcon_core.package_identification:_identify(.) by extension 'ignore_ament_install'
[0.155s] Level 1:colcon.colcon_core.package_identification:_identify(.) by extensions ['colcon_pkg']
[0.155s] Level 1:colcon.colcon_core.package_identification:_identify(.) by extension 'colcon_pkg'
[0.155s] Level 1:colcon.colcon_core.package_identification:_identify(.) by extensions ['colcon_meta']
[0.155s] Level 1:colcon.colcon_core.package_identification:_identify(.) by extension 'colcon_meta'
[0.155s] Level 1:colcon.colcon_core.package_identification:_identify(.) by extensions ['ros']
[0.155s] Level 1:colcon.colcon_core.package_identification:_identify(.) by extension 'ros'
[0.163s] Level 1:colcon.colcon_core.package_identification:_identify(.) by extensions ['cmake', 'python']
[0.163s] Level 1:colcon.colcon_core.package_identification:_identify(.) by extension 'cmake'
[0.163s] Level 1:colcon.colcon_core.package_identification:_identify(.) by extension 'python'
[0.163s] Level 1:colcon.colcon_core.package_identification:_identify(.) by extensions ['python_setup_py']
[0.163s] Level 1:colcon.colcon_core.package_identification:_identify(.) by extension 'python_setup_py'
[0.163s] Level 1:colcon.colcon_core.package_identification:_identify(build) by extensions ['ignore', 'ignore_ament_install']
[0.163s] Level 1:colcon.colcon_core.package_identification:_identify(build) by extension 'ignore'
[0.163s] Level 1:colcon.colcon_core.package_identification:_identify(build) ignored
[0.164s] Level 1:colcon.colcon_core.package_identification:_identify(install) by extensions ['ignore', 'ignore_ament_install']
[0.164s] Level 1:colcon.colcon_core.package_identification:_identify(install) by extension 'ignore'
[0.164s] Level 1:colcon.colcon_core.package_identification:_identify(install) ignored
[0.164s] Level 1:colcon.colcon_core.package_identification:_identify(log) by extensions ['ignore', 'ignore_ament_install']
[0.164s] Level 1:colcon.colcon_core.package_identification:_identify(log) by extension 'ignore'
[0.164s] Level 1:colcon.colcon_core.package_identification:_identify(log) ignored
[0.164s] Level 1:colcon.colcon_core.package_identification:_identify(src) by extensions ['ignore', 'ignore_ament_install']
[0.164s] Level 1:colcon.colcon_core.package_identification:_identify(src) by extension 'ignore'
[0.164s] Level 1:colcon.colcon_core.package_identification:_identify(src) by extension 'ignore_ament_install'
[0.164s] Level 1:colcon.colcon_core.package_identification:_identify(src) by extensions ['colcon_pkg']
[0.164s] Level 1:colcon.colcon_core.package_identification:_identify(src) by extension 'colcon_pkg'
[0.164s] Level 1:colcon.colcon_core.package_identification:_identify(src) by extensions ['colcon_meta']
[0.164s] Level 1:colcon.colcon_core.package_identification:_identify(src) by extension 'colcon_meta'
[0.164s] Level 1:colcon.colcon_core.package_identification:_identify(src) by extensions ['ros']
[0.164s] Level 1:colcon.colcon_core.package_identification:_identify(src) by extension 'ros'
[0.164s] Level 1:colcon.colcon_core.package_identification:_identify(src) by extensions ['cmake', 'python']
[0.164s] Level 1:colcon.colcon_core.package_identification:_identify(src) by extension 'cmake'
[0.164s] Level 1:colcon.colcon_core.package_identification:_identify(src) by extension 'python'
[0.164s] Level 1:colcon.colcon_core.package_identification:_identify(src) by extensions ['python_setup_py']
[0.164s] Level 1:colcon.colcon_core.package_identification:_identify(src) by extension 'python_setup_py'
[0.164s] Level 1:colcon.colcon_core.package_identification:_identify(src/pal_gazebo_worlds) by extensions ['ignore', 'ignore_ament_install']
[0.164s] Level 1:colcon.colcon_core.package_identification:_identify(src/pal_gazebo_worlds) by extension 'ignore'
[0.164s] Level 1:colcon.colcon_core.package_identification:_identify(src/pal_gazebo_worlds) by extension 'ignore_ament_install'
[0.164s] Level 1:colcon.colcon_core.package_identification:_identify(src/pal_gazebo_worlds) by extensions ['colcon_pkg']
[0.164s] Level 1:colcon.colcon_core.package_identification:_identify(src/pal_gazebo_worlds) by extension 'colcon_pkg'
[0.165s] Level 1:colcon.colcon_core.package_identification:_identify(src/pal_gazebo_worlds) by extensions ['colcon_meta']
[0.165s] Level 1:colcon.colcon_core.package_identification:_identify(src/pal_gazebo_worlds) by extension 'colcon_meta'
[0.165s] Level 1:colcon.colcon_core.package_identification:_identify(src/pal_gazebo_worlds) by extensions ['ros']
[0.165s] Level 1:colcon.colcon_core.package_identification:_identify(src/pal_gazebo_worlds) by extension 'ros'
[0.168s] DEBUG:colcon.colcon_core.package_identification:Package 'src/pal_gazebo_worlds' with type 'ros.ament_cmake' and name 'pal_gazebo_worlds'
[0.168s] Level 1:colcon.colcon_core.package_identification:_identify(src/pal_pro_gripper) by extensions ['ignore', 'ignore_ament_install']
[0.169s] Level 1:colcon.colcon_core.package_identification:_identify(src/pal_pro_gripper) by extension 'ignore'
[0.169s] Level 1:colcon.colcon_core.package_identification:_identify(src/pal_pro_gripper) by extension 'ignore_ament_install'
[0.169s] Level 1:colcon.colcon_core.package_identification:_identify(src/pal_pro_gripper) by extensions ['colcon_pkg']
[0.169s] Level 1:colcon.colcon_core.package_identification:_identify(src/pal_pro_gripper) by extension 'colcon_pkg'
[0.169s] Level 1:colcon.colcon_core.package_identification:_identify(src/pal_pro_gripper) by extensions ['colcon_meta']
[0.169s] Level 1:colcon.colcon_core.package_identification:_identify(src/pal_pro_gripper) by extension 'colcon_meta'
[0.169s] Level 1:colcon.colcon_core.package_identification:_identify(src/pal_pro_gripper) by extensions ['ros']
[0.169s] Level 1:colcon.colcon_core.package_identification:_identify(src/pal_pro_gripper) by extension 'ros'
[0.169s] Level 1:colcon.colcon_core.package_identification:_identify(src/pal_pro_gripper) by extensions ['cmake', 'python']
[0.169s] Level 1:colcon.colcon_core.package_identification:_identify(src/pal_pro_gripper) by extension 'cmake'
[0.169s] Level 1:colcon.colcon_core.package_identification:_identify(src/pal_pro_gripper) by extension 'python'
[0.169s] Level 1:colcon.colcon_core.package_identification:_identify(src/pal_pro_gripper) by extensions ['python_setup_py']
[0.169s] Level 1:colcon.colcon_core.package_identification:_identify(src/pal_pro_gripper) by extension 'python_setup_py'
[0.169s] Level 1:colcon.colcon_core.package_identification:_identify(src/pal_pro_gripper/pal_pro_gripper) by extensions ['ignore', 'ignore_ament_install']
[0.169s] Level 1:colcon.colcon_core.package_identification:_identify(src/pal_pro_gripper/pal_pro_gripper) by extension 'ignore'
[0.169s] Level 1:colcon.colcon_core.package_identification:_identify(src/pal_pro_gripper/pal_pro_gripper) by extension 'ignore_ament_install'
[0.169s] Level 1:colcon.colcon_core.package_identification:_identify(src/pal_pro_gripper/pal_pro_gripper) by extensions ['colcon_pkg']
[0.169s] Level 1:colcon.colcon_core.package_identification:_identify(src/pal_pro_gripper/pal_pro_gripper) by extension 'colcon_pkg'
[0.169s] Level 1:colcon.colcon_core.package_identification:_identify(src/pal_pro_gripper/pal_pro_gripper) by extensions ['colcon_meta']
[0.169s] Level 1:colcon.colcon_core.package_identification:_identify(src/pal_pro_gripper/pal_pro_gripper) by extension 'colcon_meta'
[0.169s] Level 1:colcon.colcon_core.package_identification:_identify(src/pal_pro_gripper/pal_pro_gripper) by extensions ['ros']
[0.169s] Level 1:colcon.colcon_core.package_identification:_identify(src/pal_pro_gripper/pal_pro_gripper) by extension 'ros'
[0.170s] DEBUG:colcon.colcon_core.package_identification:Package 'src/pal_pro_gripper/pal_pro_gripper' with type 'ros.ament_cmake' and name 'pal_pro_gripper'
[0.170s] Level 1:colcon.colcon_core.package_identification:_identify(src/pal_pro_gripper/pal_pro_gripper_bringup) by extensions ['ignore', 'ignore_ament_install']
[0.170s] Level 1:colcon.colcon_core.package_identification:_identify(src/pal_pro_gripper/pal_pro_gripper_bringup) by extension 'ignore'
[0.170s] Level 1:colcon.colcon_core.package_identification:_identify(src/pal_pro_gripper/pal_pro_gripper_bringup) by extension 'ignore_ament_install'
[0.170s] Level 1:colcon.colcon_core.package_identification:_identify(src/pal_pro_gripper/pal_pro_gripper_bringup) by extensions ['colcon_pkg']
[0.170s] Level 1:colcon.colcon_core.package_identification:_identify(src/pal_pro_gripper/pal_pro_gripper_bringup) by extension 'colcon_pkg'
[0.170s] Level 1:colcon.colcon_core.package_identification:_identify(src/pal_pro_gripper/pal_pro_gripper_bringup) by extensions ['colcon_meta']
[0.170s] Level 1:colcon.colcon_core.package_identification:_identify(src/pal_pro_gripper/pal_pro_gripper_bringup) by extension 'colcon_meta'
[0.170s] Level 1:colcon.colcon_core.package_identification:_identify(src/pal_pro_gripper/pal_pro_gripper_bringup) by extensions ['ros']
[0.170s] Level 1:colcon.colcon_core.package_identification:_identify(src/pal_pro_gripper/pal_pro_gripper_bringup) by extension 'ros'
[0.170s] DEBUG:colcon.colcon_core.package_identification:Package 'src/pal_pro_gripper/pal_pro_gripper_bringup' with type 'ros.ament_cmake' and name 'pal_pro_gripper_bringup'
[0.170s] Level 1:colcon.colcon_core.package_identification:_identify(src/pal_pro_gripper/pal_pro_gripper_controller_configuration) by extensions ['ignore', 'ignore_ament_install']
[0.170s] Level 1:colcon.colcon_core.package_identification:_identify(src/pal_pro_gripper/pal_pro_gripper_controller_configuration) by extension 'ignore'
[0.170s] Level 1:colcon.colcon_core.package_identification:_identify(src/pal_pro_gripper/pal_pro_gripper_controller_configuration) by extension 'ignore_ament_install'
[0.170s] Level 1:colcon.colcon_core.package_identification:_identify(src/pal_pro_gripper/pal_pro_gripper_controller_configuration) by extensions ['colcon_pkg']
[0.171s] Level 1:colcon.colcon_core.package_identification:_identify(src/pal_pro_gripper/pal_pro_gripper_controller_configuration) by extension 'colcon_pkg'
[0.171s] Level 1:colcon.colcon_core.package_identification:_identify(src/pal_pro_gripper/pal_pro_gripper_controller_configuration) by extensions ['colcon_meta']
[0.171s] Level 1:colcon.colcon_core.package_identification:_identify(src/pal_pro_gripper/pal_pro_gripper_controller_configuration) by extension 'colcon_meta'
[0.171s] Level 1:colcon.colcon_core.package_identification:_identify(src/pal_pro_gripper/pal_pro_gripper_controller_configuration) by extensions ['ros']
[0.171s] Level 1:colcon.colcon_core.package_identification:_identify(src/pal_pro_gripper/pal_pro_gripper_controller_configuration) by extension 'ros'
[0.171s] DEBUG:colcon.colcon_core.package_identification:Package 'src/pal_pro_gripper/pal_pro_gripper_controller_configuration' with type 'ros.ament_cmake' and name 'pal_pro_gripper_controller_configuration'
[0.171s] Level 1:colcon.colcon_core.package_identification:_identify(src/pal_pro_gripper/pal_pro_gripper_description) by extensions ['ignore', 'ignore_ament_install']
[0.171s] Level 1:colcon.colcon_core.package_identification:_identify(src/pal_pro_gripper/pal_pro_gripper_description) by extension 'ignore'
[0.171s] Level 1:colcon.colcon_core.package_identification:_identify(src/pal_pro_gripper/pal_pro_gripper_description) by extension 'ignore_ament_install'
[0.171s] Level 1:colcon.colcon_core.package_identification:_identify(src/pal_pro_gripper/pal_pro_gripper_description) by extensions ['colcon_pkg']
[0.171s] Level 1:colcon.colcon_core.package_identification:_identify(src/pal_pro_gripper/pal_pro_gripper_description) by extension 'colcon_pkg'
[0.171s] Level 1:colcon.colcon_core.package_identification:_identify(src/pal_pro_gripper/pal_pro_gripper_description) by extensions ['colcon_meta']
[0.171s] Level 1:colcon.colcon_core.package_identification:_identify(src/pal_pro_gripper/pal_pro_gripper_description) by extension 'colcon_meta'
[0.171s] Level 1:colcon.colcon_core.package_identification:_identify(src/pal_pro_gripper/pal_pro_gripper_description) by extensions ['ros']
[0.171s] Level 1:colcon.colcon_core.package_identification:_identify(src/pal_pro_gripper/pal_pro_gripper_description) by extension 'ros'
[0.172s] DEBUG:colcon.colcon_core.package_identification:Package 'src/pal_pro_gripper/pal_pro_gripper_description' with type 'ros.ament_cmake' and name 'pal_pro_gripper_description'
[0.172s] Level 1:colcon.colcon_core.package_identification:_identify(src/pal_pro_gripper/pal_pro_gripper_simulation) by extensions ['ignore', 'ignore_ament_install']
[0.172s] Level 1:colcon.colcon_core.package_identification:_identify(src/pal_pro_gripper/pal_pro_gripper_simulation) by extension 'ignore'
[0.172s] Level 1:colcon.colcon_core.package_identification:_identify(src/pal_pro_gripper/pal_pro_gripper_simulation) by extension 'ignore_ament_install'
[0.172s] Level 1:colcon.colcon_core.package_identification:_identify(src/pal_pro_gripper/pal_pro_gripper_simulation) by extensions ['colcon_pkg']
[0.172s] Level 1:colcon.colcon_core.package_identification:_identify(src/pal_pro_gripper/pal_pro_gripper_simulation) by extension 'colcon_pkg'
[0.172s] Level 1:colcon.colcon_core.package_identification:_identify(src/pal_pro_gripper/pal_pro_gripper_simulation) by extensions ['colcon_meta']
[0.172s] Level 1:colcon.colcon_core.package_identification:_identify(src/pal_pro_gripper/pal_pro_gripper_simulation) by extension 'colcon_meta'
[0.172s] Level 1:colcon.colcon_core.package_identification:_identify(src/pal_pro_gripper/pal_pro_gripper_simulation) by extensions ['ros']
[0.172s] Level 1:colcon.colcon_core.package_identification:_identify(src/pal_pro_gripper/pal_pro_gripper_simulation) by extension 'ros'
[0.173s] DEBUG:colcon.colcon_core.package_identification:Package 'src/pal_pro_gripper/pal_pro_gripper_simulation' with type 'ros.ament_cmake' and name 'pal_pro_gripper_simulation'
[0.173s] Level 1:colcon.colcon_core.package_identification:_identify(src/pal_pro_gripper/pal_pro_gripper_wrapper) by extensions ['ignore', 'ignore_ament_install']
[0.173s] Level 1:colcon.colcon_core.package_identification:_identify(src/pal_pro_gripper/pal_pro_gripper_wrapper) by extension 'ignore'
[0.173s] Level 1:colcon.colcon_core.package_identification:_identify(src/pal_pro_gripper/pal_pro_gripper_wrapper) by extension 'ignore_ament_install'
[0.173s] Level 1:colcon.colcon_core.package_identification:_identify(src/pal_pro_gripper/pal_pro_gripper_wrapper) by extensions ['colcon_pkg']
[0.173s] Level 1:colcon.colcon_core.package_identification:_identify(src/pal_pro_gripper/pal_pro_gripper_wrapper) by extension 'colcon_pkg'
[0.173s] Level 1:colcon.colcon_core.package_identification:_identify(src/pal_pro_gripper/pal_pro_gripper_wrapper) by extensions ['colcon_meta']
[0.173s] Level 1:colcon.colcon_core.package_identification:_identify(src/pal_pro_gripper/pal_pro_gripper_wrapper) by extension 'colcon_meta'
[0.173s] Level 1:colcon.colcon_core.package_identification:_identify(src/pal_pro_gripper/pal_pro_gripper_wrapper) by extensions ['ros']
[0.173s] Level 1:colcon.colcon_core.package_identification:_identify(src/pal_pro_gripper/pal_pro_gripper_wrapper) by extension 'ros'
[0.173s] DEBUG:colcon.colcon_core.package_identification:Package 'src/pal_pro_gripper/pal_pro_gripper_wrapper' with type 'ros.ament_python' and name 'pal_pro_gripper_wrapper'
[0.173s] Level 1:colcon.colcon_core.package_identification:_identify(src/pal_sea_arm) by extensions ['ignore', 'ignore_ament_install']
[0.174s] Level 1:colcon.colcon_core.package_identification:_identify(src/pal_sea_arm) by extension 'ignore'
[0.174s] Level 1:colcon.colcon_core.package_identification:_identify(src/pal_sea_arm) by extension 'ignore_ament_install'
[0.174s] Level 1:colcon.colcon_core.package_identification:_identify(src/pal_sea_arm) by extensions ['colcon_pkg']
[0.174s] Level 1:colcon.colcon_core.package_identification:_identify(src/pal_sea_arm) by extension 'colcon_pkg'
[0.174s] Level 1:colcon.colcon_core.package_identification:_identify(src/pal_sea_arm) by extensions ['colcon_meta']
[0.174s] Level 1:colcon.colcon_core.package_identification:_identify(src/pal_sea_arm) by extension 'colcon_meta'
[0.174s] Level 1:colcon.colcon_core.package_identification:_identify(src/pal_sea_arm) by extensions ['ros']
[0.174s] Level 1:colcon.colcon_core.package_identification:_identify(src/pal_sea_arm) by extension 'ros'
[0.174s] Level 1:colcon.colcon_core.package_identification:_identify(src/pal_sea_arm) by extensions ['cmake', 'python']
[0.174s] Level 1:colcon.colcon_core.package_identification:_identify(src/pal_sea_arm) by extension 'cmake'
[0.174s] Level 1:colcon.colcon_core.package_identification:_identify(src/pal_sea_arm) by extension 'python'
[0.174s] Level 1:colcon.colcon_core.package_identification:_identify(src/pal_sea_arm) by extensions ['python_setup_py']
[0.174s] Level 1:colcon.colcon_core.package_identification:_identify(src/pal_sea_arm) by extension 'python_setup_py'
[0.174s] Level 1:colcon.colcon_core.package_identification:_identify(src/pal_sea_arm/pal_sea_arm) by extensions ['ignore', 'ignore_ament_install']
[0.174s] Level 1:colcon.colcon_core.package_identification:_identify(src/pal_sea_arm/pal_sea_arm) by extension 'ignore'
[0.174s] Level 1:colcon.colcon_core.package_identification:_identify(src/pal_sea_arm/pal_sea_arm) by extension 'ignore_ament_install'
[0.174s] Level 1:colcon.colcon_core.package_identification:_identify(src/pal_sea_arm/pal_sea_arm) by extensions ['colcon_pkg']
[0.174s] Level 1:colcon.colcon_core.package_identification:_identify(src/pal_sea_arm/pal_sea_arm) by extension 'colcon_pkg'
[0.174s] Level 1:colcon.colcon_core.package_identification:_identify(src/pal_sea_arm/pal_sea_arm) by extensions ['colcon_meta']
[0.174s] Level 1:colcon.colcon_core.package_identification:_identify(src/pal_sea_arm/pal_sea_arm) by extension 'colcon_meta'
[0.174s] Level 1:colcon.colcon_core.package_identification:_identify(src/pal_sea_arm/pal_sea_arm) by extensions ['ros']
[0.174s] Level 1:colcon.colcon_core.package_identification:_identify(src/pal_sea_arm/pal_sea_arm) by extension 'ros'
[0.174s] DEBUG:colcon.colcon_core.package_identification:Package 'src/pal_sea_arm/pal_sea_arm' with type 'ros.ament_cmake' and name 'pal_sea_arm'
[0.174s] Level 1:colcon.colcon_core.package_identification:_identify(src/pal_sea_arm/pal_sea_arm_bringup) by extensions ['ignore', 'ignore_ament_install']
[0.174s] Level 1:colcon.colcon_core.package_identification:_identify(src/pal_sea_arm/pal_sea_arm_bringup) by extension 'ignore'
[0.174s] Level 1:colcon.colcon_core.package_identification:_identify(src/pal_sea_arm/pal_sea_arm_bringup) by extension 'ignore_ament_install'
[0.175s] Level 1:colcon.colcon_core.package_identification:_identify(src/pal_sea_arm/pal_sea_arm_bringup) by extensions ['colcon_pkg']
[0.175s] Level 1:colcon.colcon_core.package_identification:_identify(src/pal_sea_arm/pal_sea_arm_bringup) by extension 'colcon_pkg'
[0.175s] Level 1:colcon.colcon_core.package_identification:_identify(src/pal_sea_arm/pal_sea_arm_bringup) by extensions ['colcon_meta']
[0.175s] Level 1:colcon.colcon_core.package_identification:_identify(src/pal_sea_arm/pal_sea_arm_bringup) by extension 'colcon_meta'
[0.175s] Level 1:colcon.colcon_core.package_identification:_identify(src/pal_sea_arm/pal_sea_arm_bringup) by extensions ['ros']
[0.175s] Level 1:colcon.colcon_core.package_identification:_identify(src/pal_sea_arm/pal_sea_arm_bringup) by extension 'ros'
[0.175s] DEBUG:colcon.colcon_core.package_identification:Package 'src/pal_sea_arm/pal_sea_arm_bringup' with type 'ros.ament_cmake' and name 'pal_sea_arm_bringup'
[0.175s] Level 1:colcon.colcon_core.package_identification:_identify(src/pal_sea_arm/pal_sea_arm_controller_configuration) by extensions ['ignore', 'ignore_ament_install']
[0.175s] Level 1:colcon.colcon_core.package_identification:_identify(src/pal_sea_arm/pal_sea_arm_controller_configuration) by extension 'ignore'
[0.176s] Level 1:colcon.colcon_core.package_identification:_identify(src/pal_sea_arm/pal_sea_arm_controller_configuration) by extension 'ignore_ament_install'
[0.176s] Level 1:colcon.colcon_core.package_identification:_identify(src/pal_sea_arm/pal_sea_arm_controller_configuration) by extensions ['colcon_pkg']
[0.176s] Level 1:colcon.colcon_core.package_identification:_identify(src/pal_sea_arm/pal_sea_arm_controller_configuration) by extension 'colcon_pkg'
[0.176s] Level 1:colcon.colcon_core.package_identification:_identify(src/pal_sea_arm/pal_sea_arm_controller_configuration) by extensions ['colcon_meta']
[0.176s] Level 1:colcon.colcon_core.package_identification:_identify(src/pal_sea_arm/pal_sea_arm_controller_configuration) by extension 'colcon_meta'
[0.176s] Level 1:colcon.colcon_core.package_identification:_identify(src/pal_sea_arm/pal_sea_arm_controller_configuration) by extensions ['ros']
[0.176s] Level 1:colcon.colcon_core.package_identification:_identify(src/pal_sea_arm/pal_sea_arm_controller_configuration) by extension 'ros'
[0.177s] DEBUG:colcon.colcon_core.package_identification:Package 'src/pal_sea_arm/pal_sea_arm_controller_configuration' with type 'ros.ament_cmake' and name 'pal_sea_arm_controller_configuration'
[0.177s] Level 1:colcon.colcon_core.package_identification:_identify(src/pal_sea_arm/pal_sea_arm_description) by extensions ['ignore', 'ignore_ament_install']
[0.177s] Level 1:colcon.colcon_core.package_identification:_identify(src/pal_sea_arm/pal_sea_arm_description) by extension 'ignore'
[0.177s] Level 1:colcon.colcon_core.package_identification:_identify(src/pal_sea_arm/pal_sea_arm_description) by extension 'ignore_ament_install'
[0.177s] Level 1:colcon.colcon_core.package_identification:_identify(src/pal_sea_arm/pal_sea_arm_description) by extensions ['colcon_pkg']
[0.177s] Level 1:colcon.colcon_core.package_identification:_identify(src/pal_sea_arm/pal_sea_arm_description) by extension 'colcon_pkg'
[0.177s] Level 1:colcon.colcon_core.package_identification:_identify(src/pal_sea_arm/pal_sea_arm_description) by extensions ['colcon_meta']
[0.177s] Level 1:colcon.colcon_core.package_identification:_identify(src/pal_sea_arm/pal_sea_arm_description) by extension 'colcon_meta'
[0.177s] Level 1:colcon.colcon_core.package_identification:_identify(src/pal_sea_arm/pal_sea_arm_description) by extensions ['ros']
[0.177s] Level 1:colcon.colcon_core.package_identification:_identify(src/pal_sea_arm/pal_sea_arm_description) by extension 'ros'
[0.178s] DEBUG:colcon.colcon_core.package_identification:Package 'src/pal_sea_arm/pal_sea_arm_description' with type 'ros.ament_cmake' and name 'pal_sea_arm_description'
[0.178s] Level 1:colcon.colcon_core.package_identification:_identify(src/pal_sea_arm_moveit_config) by extensions ['ignore', 'ignore_ament_install']
[0.179s] Level 1:colcon.colcon_core.package_identification:_identify(src/pal_sea_arm_moveit_config) by extension 'ignore'
[0.179s] Level 1:colcon.colcon_core.package_identification:_identify(src/pal_sea_arm_moveit_config) by extension 'ignore_ament_install'
[0.179s] Level 1:colcon.colcon_core.package_identification:_identify(src/pal_sea_arm_moveit_config) by extensions ['colcon_pkg']
[0.179s] Level 1:colcon.colcon_core.package_identification:_identify(src/pal_sea_arm_moveit_config) by extension 'colcon_pkg'
[0.179s] Level 1:colcon.colcon_core.package_identification:_identify(src/pal_sea_arm_moveit_config) by extensions ['colcon_meta']
[0.179s] Level 1:colcon.colcon_core.package_identification:_identify(src/pal_sea_arm_moveit_config) by extension 'colcon_meta'
[0.179s] Level 1:colcon.colcon_core.package_identification:_identify(src/pal_sea_arm_moveit_config) by extensions ['ros']
[0.179s] Level 1:colcon.colcon_core.package_identification:_identify(src/pal_sea_arm_moveit_config) by extension 'ros'
[0.179s] DEBUG:colcon.colcon_core.package_identification:Package 'src/pal_sea_arm_moveit_config' with type 'ros.ament_cmake' and name 'pal_sea_arm_moveit_config'
[0.179s] Level 1:colcon.colcon_core.package_identification:_identify(src/pick_task) by extensions ['ignore', 'ignore_ament_install']
[0.179s] Level 1:colcon.colcon_core.package_identification:_identify(src/pick_task) by extension 'ignore'
[0.179s] Level 1:colcon.colcon_core.package_identification:_identify(src/pick_task) by extension 'ignore_ament_install'
[0.179s] Level 1:colcon.colcon_core.package_identification:_identify(src/pick_task) by extensions ['colcon_pkg']
[0.180s] Level 1:colcon.colcon_core.package_identification:_identify(src/pick_task) by extension 'colcon_pkg'
[0.180s] Level 1:colcon.colcon_core.package_identification:_identify(src/pick_task) by extensions ['colcon_meta']
[0.180s] Level 1:colcon.colcon_core.package_identification:_identify(src/pick_task) by extension 'colcon_meta'
[0.180s] Level 1:colcon.colcon_core.package_identification:_identify(src/pick_task) by extensions ['ros']
[0.180s] Level 1:colcon.colcon_core.package_identification:_identify(src/pick_task) by extension 'ros'
[0.180s] DEBUG:colcon.colcon_core.package_identification:Package 'src/pick_task' with type 'ros.ament_python' and name 'pick_task'
[0.180s] Level 1:colcon.colcon_core.package_identification:_identify(src/tiago_manipulation_tasks) by extensions ['ignore', 'ignore_ament_install']
[0.180s] Level 1:colcon.colcon_core.package_identification:_identify(src/tiago_manipulation_tasks) by extension 'ignore'
[0.180s] Level 1:colcon.colcon_core.package_identification:_identify(src/tiago_manipulation_tasks) by extension 'ignore_ament_install'
[0.181s] Level 1:colcon.colcon_core.package_identification:_identify(src/tiago_manipulation_tasks) by extensions ['colcon_pkg']
[0.181s] Level 1:colcon.colcon_core.package_identification:_identify(src/tiago_manipulation_tasks) by extension 'colcon_pkg'
[0.181s] Level 1:colcon.colcon_core.package_identification:_identify(src/tiago_manipulation_tasks) by extensions ['colcon_meta']
[0.181s] Level 1:colcon.colcon_core.package_identification:_identify(src/tiago_manipulation_tasks) by extension 'colcon_meta'
[0.181s] Level 1:colcon.colcon_core.package_identification:_identify(src/tiago_manipulation_tasks) by extensions ['ros']
[0.181s] Level 1:colcon.colcon_core.package_identification:_identify(src/tiago_manipulation_tasks) by extension 'ros'
[0.182s] DEBUG:colcon.colcon_core.package_identification:Package 'src/tiago_manipulation_tasks' with type 'ros.ament_cmake' and name 'tiago_manipulation_tasks'
[0.182s] Level 1:colcon.colcon_core.package_identification:_identify(src/tiago_pro_moveit_config) by extensions ['ignore', 'ignore_ament_install']
[0.182s] Level 1:colcon.colcon_core.package_identification:_identify(src/tiago_pro_moveit_config) by extension 'ignore'
[0.182s] Level 1:colcon.colcon_core.package_identification:_identify(src/tiago_pro_moveit_config) by extension 'ignore_ament_install'
[0.182s] Level 1:colcon.colcon_core.package_identification:_identify(src/tiago_pro_moveit_config) by extensions ['colcon_pkg']
[0.182s] Level 1:colcon.colcon_core.package_identification:_identify(src/tiago_pro_moveit_config) by extension 'colcon_pkg'
[0.182s] Level 1:colcon.colcon_core.package_identification:_identify(src/tiago_pro_moveit_config) by extensions ['colcon_meta']
[0.182s] Level 1:colcon.colcon_core.package_identification:_identify(src/tiago_pro_moveit_config) by extension 'colcon_meta'
[0.182s] Level 1:colcon.colcon_core.package_identification:_identify(src/tiago_pro_moveit_config) by extensions ['ros']
[0.182s] Level 1:colcon.colcon_core.package_identification:_identify(src/tiago_pro_moveit_config) by extension 'ros'
[0.183s] DEBUG:colcon.colcon_core.package_identification:Package 'src/tiago_pro_moveit_config' with type 'ros.ament_cmake' and name 'tiago_pro_moveit_config'
[0.183s] Level 1:colcon.colcon_core.package_identification:_identify(src/tiago_pro_navigation) by extensions ['ignore', 'ignore_ament_install']
[0.183s] Level 1:colcon.colcon_core.package_identification:_identify(src/tiago_pro_navigation) by extension 'ignore'
[0.183s] Level 1:colcon.colcon_core.package_identification:_identify(src/tiago_pro_navigation) by extension 'ignore_ament_install'
[0.183s] Level 1:colcon.colcon_core.package_identification:_identify(src/tiago_pro_navigation) by extensions ['colcon_pkg']
[0.183s] Level 1:colcon.colcon_core.package_identification:_identify(src/tiago_pro_navigation) by extension 'colcon_pkg'
[0.183s] Level 1:colcon.colcon_core.package_identification:_identify(src/tiago_pro_navigation) by extensions ['colcon_meta']
[0.183s] Level 1:colcon.colcon_core.package_identification:_identify(src/tiago_pro_navigation) by extension 'colcon_meta'
[0.183s] Level 1:colcon.colcon_core.package_identification:_identify(src/tiago_pro_navigation) by extensions ['ros']
[0.183s] Level 1:colcon.colcon_core.package_identification:_identify(src/tiago_pro_navigation) by extension 'ros'
[0.183s] Level 1:colcon.colcon_core.package_identification:_identify(src/tiago_pro_navigation) by extensions ['cmake', 'python']
[0.183s] Level 1:colcon.colcon_core.package_identification:_identify(src/tiago_pro_navigation) by extension 'cmake'
[0.183s] Level 1:colcon.colcon_core.package_identification:_identify(src/tiago_pro_navigation) by extension 'python'
[0.183s] Level 1:colcon.colcon_core.package_identification:_identify(src/tiago_pro_navigation) by extensions ['python_setup_py']
[0.183s] Level 1:colcon.colcon_core.package_identification:_identify(src/tiago_pro_navigation) by extension 'python_setup_py'
[0.183s] Level 1:colcon.colcon_core.package_identification:_identify(src/tiago_pro_navigation/tiago_pro_2dnav) by extensions ['ignore', 'ignore_ament_install']
[0.183s] Level 1:colcon.colcon_core.package_identification:_identify(src/tiago_pro_navigation/tiago_pro_2dnav) by extension 'ignore'
[0.183s] Level 1:colcon.colcon_core.package_identification:_identify(src/tiago_pro_navigation/tiago_pro_2dnav) by extension 'ignore_ament_install'
[0.183s] Level 1:colcon.colcon_core.package_identification:_identify(src/tiago_pro_navigation/tiago_pro_2dnav) by extensions ['colcon_pkg']
[0.183s] Level 1:colcon.colcon_core.package_identification:_identify(src/tiago_pro_navigation/tiago_pro_2dnav) by extension 'colcon_pkg'
[0.183s] Level 1:colcon.colcon_core.package_identification:_identify(src/tiago_pro_navigation/tiago_pro_2dnav) by extensions ['colcon_meta']
[0.183s] Level 1:colcon.colcon_core.package_identification:_identify(src/tiago_pro_navigation/tiago_pro_2dnav) by extension 'colcon_meta'
[0.183s] Level 1:colcon.colcon_core.package_identification:_identify(src/tiago_pro_navigation/tiago_pro_2dnav) by extensions ['ros']
[0.183s] Level 1:colcon.colcon_core.package_identification:_identify(src/tiago_pro_navigation/tiago_pro_2dnav) by extension 'ros'
[0.184s] DEBUG:colcon.colcon_core.package_identification:Package 'src/tiago_pro_navigation/tiago_pro_2dnav' with type 'ros.ament_cmake' and name 'tiago_pro_2dnav'
[0.184s] Level 1:colcon.colcon_core.package_identification:_identify(src/tiago_pro_navigation/tiago_pro_laser_sensors) by extensions ['ignore', 'ignore_ament_install']
[0.184s] Level 1:colcon.colcon_core.package_identification:_identify(src/tiago_pro_navigation/tiago_pro_laser_sensors) by extension 'ignore'
[0.184s] Level 1:colcon.colcon_core.package_identification:_identify(src/tiago_pro_navigation/tiago_pro_laser_sensors) by extension 'ignore_ament_install'
[0.184s] Level 1:colcon.colcon_core.package_identification:_identify(src/tiago_pro_navigation/tiago_pro_laser_sensors) by extensions ['colcon_pkg']
[0.184s] Level 1:colcon.colcon_core.package_identification:_identify(src/tiago_pro_navigation/tiago_pro_laser_sensors) by extension 'colcon_pkg'
[0.184s] Level 1:colcon.colcon_core.package_identification:_identify(src/tiago_pro_navigation/tiago_pro_laser_sensors) by extensions ['colcon_meta']
[0.184s] Level 1:colcon.colcon_core.package_identification:_identify(src/tiago_pro_navigation/tiago_pro_laser_sensors) by extension 'colcon_meta'
[0.184s] Level 1:colcon.colcon_core.package_identification:_identify(src/tiago_pro_navigation/tiago_pro_laser_sensors) by extensions ['ros']
[0.184s] Level 1:colcon.colcon_core.package_identification:_identify(src/tiago_pro_navigation/tiago_pro_laser_sensors) by extension 'ros'
[0.185s] DEBUG:colcon.colcon_core.package_identification:Package 'src/tiago_pro_navigation/tiago_pro_laser_sensors' with type 'ros.ament_cmake' and name 'tiago_pro_laser_sensors'
[0.185s] Level 1:colcon.colcon_core.package_identification:_identify(src/tiago_pro_navigation/tiago_pro_navigation) by extensions ['ignore', 'ignore_ament_install']
[0.185s] Level 1:colcon.colcon_core.package_identification:_identify(src/tiago_pro_navigation/tiago_pro_navigation) by extension 'ignore'
[0.185s] Level 1:colcon.colcon_core.package_identification:_identify(src/tiago_pro_navigation/tiago_pro_navigation) by extension 'ignore_ament_install'
[0.185s] Level 1:colcon.colcon_core.package_identification:_identify(src/tiago_pro_navigation/tiago_pro_navigation) by extensions ['colcon_pkg']
[0.185s] Level 1:colcon.colcon_core.package_identification:_identify(src/tiago_pro_navigation/tiago_pro_navigation) by extension 'colcon_pkg'
[0.185s] Level 1:colcon.colcon_core.package_identification:_identify(src/tiago_pro_navigation/tiago_pro_navigation) by extensions ['colcon_meta']
[0.185s] Level 1:colcon.colcon_core.package_identification:_identify(src/tiago_pro_navigation/tiago_pro_navigation) by extension 'colcon_meta'
[0.185s] Level 1:colcon.colcon_core.package_identification:_identify(src/tiago_pro_navigation/tiago_pro_navigation) by extensions ['ros']
[0.185s] Level 1:colcon.colcon_core.package_identification:_identify(src/tiago_pro_navigation/tiago_pro_navigation) by extension 'ros'
[0.186s] DEBUG:colcon.colcon_core.package_identification:Package 'src/tiago_pro_navigation/tiago_pro_navigation' with type 'ros.ament_cmake' and name 'tiago_pro_navigation'
[0.186s] Level 1:colcon.colcon_core.package_identification:_identify(src/tiago_pro_navigation/tiago_pro_rgbd_sensors) by extensions ['ignore', 'ignore_ament_install']
[0.186s] Level 1:colcon.colcon_core.package_identification:_identify(src/tiago_pro_navigation/tiago_pro_rgbd_sensors) by extension 'ignore'
[0.186s] Level 1:colcon.colcon_core.package_identification:_identify(src/tiago_pro_navigation/tiago_pro_rgbd_sensors) by extension 'ignore_ament_install'
[0.186s] Level 1:colcon.colcon_core.package_identification:_identify(src/tiago_pro_navigation/tiago_pro_rgbd_sensors) by extensions ['colcon_pkg']
[0.186s] Level 1:colcon.colcon_core.package_identification:_identify(src/tiago_pro_navigation/tiago_pro_rgbd_sensors) by extension 'colcon_pkg'
[0.186s] Level 1:colcon.colcon_core.package_identification:_identify(src/tiago_pro_navigation/tiago_pro_rgbd_sensors) by extensions ['colcon_meta']
[0.186s] Level 1:colcon.colcon_core.package_identification:_identify(src/tiago_pro_navigation/tiago_pro_rgbd_sensors) by extension 'colcon_meta'
[0.186s] Level 1:colcon.colcon_core.package_identification:_identify(src/tiago_pro_navigation/tiago_pro_rgbd_sensors) by extensions ['ros']
[0.186s] Level 1:colcon.colcon_core.package_identification:_identify(src/tiago_pro_navigation/tiago_pro_rgbd_sensors) by extension 'ros'
[0.187s] DEBUG:colcon.colcon_core.package_identification:Package 'src/tiago_pro_navigation/tiago_pro_rgbd_sensors' with type 'ros.ament_cmake' and name 'tiago_pro_rgbd_sensors'
[0.187s] Level 1:colcon.colcon_core.package_identification:_identify(src/tiago_pro_robot) by extensions ['ignore', 'ignore_ament_install']
[0.187s] Level 1:colcon.colcon_core.package_identification:_identify(src/tiago_pro_robot) by extension 'ignore'
[0.187s] Level 1:colcon.colcon_core.package_identification:_identify(src/tiago_pro_robot) by extension 'ignore_ament_install'
[0.187s] Level 1:colcon.colcon_core.package_identification:_identify(src/tiago_pro_robot) by extensions ['colcon_pkg']
[0.187s] Level 1:colcon.colcon_core.package_identification:_identify(src/tiago_pro_robot) by extension 'colcon_pkg'
[0.187s] Level 1:colcon.colcon_core.package_identification:_identify(src/tiago_pro_robot) by extensions ['colcon_meta']
[0.187s] Level 1:colcon.colcon_core.package_identification:_identify(src/tiago_pro_robot) by extension 'colcon_meta'
[0.188s] Level 1:colcon.colcon_core.package_identification:_identify(src/tiago_pro_robot) by extensions ['ros']
[0.188s] Level 1:colcon.colcon_core.package_identification:_identify(src/tiago_pro_robot) by extension 'ros'
[0.188s] Level 1:colcon.colcon_core.package_identification:_identify(src/tiago_pro_robot) by extensions ['cmake', 'python']
[0.188s] Level 1:colcon.colcon_core.package_identification:_identify(src/tiago_pro_robot) by extension 'cmake'
[0.188s] Level 1:colcon.colcon_core.package_identification:_identify(src/tiago_pro_robot) by extension 'python'
[0.188s] Level 1:colcon.colcon_core.package_identification:_identify(src/tiago_pro_robot) by extensions ['python_setup_py']
[0.188s] Level 1:colcon.colcon_core.package_identification:_identify(src/tiago_pro_robot) by extension 'python_setup_py'
[0.188s] Level 1:colcon.colcon_core.package_identification:_identify(src/tiago_pro_robot/tiago_pro_bringup) by extensions ['ignore', 'ignore_ament_install']
[0.188s] Level 1:colcon.colcon_core.package_identification:_identify(src/tiago_pro_robot/tiago_pro_bringup) by extension 'ignore'
[0.188s] Level 1:colcon.colcon_core.package_identification:_identify(src/tiago_pro_robot/tiago_pro_bringup) by extension 'ignore_ament_install'
[0.188s] Level 1:colcon.colcon_core.package_identification:_identify(src/tiago_pro_robot/tiago_pro_bringup) by extensions ['colcon_pkg']
[0.188s] Level 1:colcon.colcon_core.package_identification:_identify(src/tiago_pro_robot/tiago_pro_bringup) by extension 'colcon_pkg'
[0.188s] Level 1:colcon.colcon_core.package_identification:_identify(src/tiago_pro_robot/tiago_pro_bringup) by extensions ['colcon_meta']
[0.188s] Level 1:colcon.colcon_core.package_identification:_identify(src/tiago_pro_robot/tiago_pro_bringup) by extension 'colcon_meta'
[0.188s] Level 1:colcon.colcon_core.package_identification:_identify(src/tiago_pro_robot/tiago_pro_bringup) by extensions ['ros']
[0.188s] Level 1:colcon.colcon_core.package_identification:_identify(src/tiago_pro_robot/tiago_pro_bringup) by extension 'ros'
[0.189s] DEBUG:colcon.colcon_core.package_identification:Package 'src/tiago_pro_robot/tiago_pro_bringup' with type 'ros.ament_cmake' and name 'tiago_pro_bringup'
[0.189s] Level 1:colcon.colcon_core.package_identification:_identify(src/tiago_pro_robot/tiago_pro_controller_configuration) by extensions ['ignore', 'ignore_ament_install']
[0.189s] Level 1:colcon.colcon_core.package_identification:_identify(src/tiago_pro_robot/tiago_pro_controller_configuration) by extension 'ignore'
[0.189s] Level 1:colcon.colcon_core.package_identification:_identify(src/tiago_pro_robot/tiago_pro_controller_configuration) by extension 'ignore_ament_install'
[0.189s] Level 1:colcon.colcon_core.package_identification:_identify(src/tiago_pro_robot/tiago_pro_controller_configuration) by extensions ['colcon_pkg']
[0.189s] Level 1:colcon.colcon_core.package_identification:_identify(src/tiago_pro_robot/tiago_pro_controller_configuration) by extension 'colcon_pkg'
[0.189s] Level 1:colcon.colcon_core.package_identification:_identify(src/tiago_pro_robot/tiago_pro_controller_configuration) by extensions ['colcon_meta']
[0.189s] Level 1:colcon.colcon_core.package_identification:_identify(src/tiago_pro_robot/tiago_pro_controller_configuration) by extension 'colcon_meta'
[0.189s] Level 1:colcon.colcon_core.package_identification:_identify(src/tiago_pro_robot/tiago_pro_controller_configuration) by extensions ['ros']
[0.189s] Level 1:colcon.colcon_core.package_identification:_identify(src/tiago_pro_robot/tiago_pro_controller_configuration) by extension 'ros'
[0.191s] DEBUG:colcon.colcon_core.package_identification:Package 'src/tiago_pro_robot/tiago_pro_controller_configuration' with type 'ros.ament_cmake' and name 'tiago_pro_controller_configuration'
[0.191s] Level 1:colcon.colcon_core.package_identification:_identify(src/tiago_pro_robot/tiago_pro_description) by extensions ['ignore', 'ignore_ament_install']
[0.191s] Level 1:colcon.colcon_core.package_identification:_identify(src/tiago_pro_robot/tiago_pro_description) by extension 'ignore'
[0.191s] Level 1:colcon.colcon_core.package_identification:_identify(src/tiago_pro_robot/tiago_pro_description) by extension 'ignore_ament_install'
[0.191s] Level 1:colcon.colcon_core.package_identification:_identify(src/tiago_pro_robot/tiago_pro_description) by extensions ['colcon_pkg']
[0.191s] Level 1:colcon.colcon_core.package_identification:_identify(src/tiago_pro_robot/tiago_pro_description) by extension 'colcon_pkg'
[0.191s] Level 1:colcon.colcon_core.package_identification:_identify(src/tiago_pro_robot/tiago_pro_description) by extensions ['colcon_meta']
[0.191s] Level 1:colcon.colcon_core.package_identification:_identify(src/tiago_pro_robot/tiago_pro_description) by extension 'colcon_meta'
[0.191s] Level 1:colcon.colcon_core.package_identification:_identify(src/tiago_pro_robot/tiago_pro_description) by extensions ['ros']
[0.191s] Level 1:colcon.colcon_core.package_identification:_identify(src/tiago_pro_robot/tiago_pro_description) by extension 'ros'
[0.192s] DEBUG:colcon.colcon_core.package_identification:Package 'src/tiago_pro_robot/tiago_pro_description' with type 'ros.ament_cmake' and name 'tiago_pro_description'
[0.192s] Level 1:colcon.colcon_core.package_identification:_identify(src/tiago_pro_robot/tiago_pro_robot) by extensions ['ignore', 'ignore_ament_install']
[0.192s] Level 1:colcon.colcon_core.package_identification:_identify(src/tiago_pro_robot/tiago_pro_robot) by extension 'ignore'
[0.192s] Level 1:colcon.colcon_core.package_identification:_identify(src/tiago_pro_robot/tiago_pro_robot) by extension 'ignore_ament_install'
[0.192s] Level 1:colcon.colcon_core.package_identification:_identify(src/tiago_pro_robot/tiago_pro_robot) by extensions ['colcon_pkg']
[0.192s] Level 1:colcon.colcon_core.package_identification:_identify(src/tiago_pro_robot/tiago_pro_robot) by extension 'colcon_pkg'
[0.193s] Level 1:colcon.colcon_core.package_identification:_identify(src/tiago_pro_robot/tiago_pro_robot) by extensions ['colcon_meta']
[0.193s] Level 1:colcon.colcon_core.package_identification:_identify(src/tiago_pro_robot/tiago_pro_robot) by extension 'colcon_meta'
[0.193s] Level 1:colcon.colcon_core.package_identification:_identify(src/tiago_pro_robot/tiago_pro_robot) by extensions ['ros']
[0.193s] Level 1:colcon.colcon_core.package_identification:_identify(src/tiago_pro_robot/tiago_pro_robot) by extension 'ros'
[0.193s] DEBUG:colcon.colcon_core.package_identification:Package 'src/tiago_pro_robot/tiago_pro_robot' with type 'ros.ament_cmake' and name 'tiago_pro_robot'
[0.193s] Level 1:colcon.colcon_core.package_identification:_identify(src/tiago_pro_simulation) by extensions ['ignore', 'ignore_ament_install']
[0.193s] Level 1:colcon.colcon_core.package_identification:_identify(src/tiago_pro_simulation) by extension 'ignore'
[0.193s] Level 1:colcon.colcon_core.package_identification:_identify(src/tiago_pro_simulation) by extension 'ignore_ament_install'
[0.193s] Level 1:colcon.colcon_core.package_identification:_identify(src/tiago_pro_simulation) by extensions ['colcon_pkg']
[0.193s] Level 1:colcon.colcon_core.package_identification:_identify(src/tiago_pro_simulation) by extension 'colcon_pkg'
[0.193s] Level 1:colcon.colcon_core.package_identification:_identify(src/tiago_pro_simulation) by extensions ['colcon_meta']
[0.193s] Level 1:colcon.colcon_core.package_identification:_identify(src/tiago_pro_simulation) by extension 'colcon_meta'
[0.193s] Level 1:colcon.colcon_core.package_identification:_identify(src/tiago_pro_simulation) by extensions ['ros']
[0.193s] Level 1:colcon.colcon_core.package_identification:_identify(src/tiago_pro_simulation) by extension 'ros'
[0.193s] Level 1:colcon.colcon_core.package_identification:_identify(src/tiago_pro_simulation) by extensions ['cmake', 'python']
[0.193s] Level 1:colcon.colcon_core.package_identification:_identify(src/tiago_pro_simulation) by extension 'cmake'
[0.193s] Level 1:colcon.colcon_core.package_identification:_identify(src/tiago_pro_simulation) by extension 'python'
[0.193s] Level 1:colcon.colcon_core.package_identification:_identify(src/tiago_pro_simulation) by extensions ['python_setup_py']
[0.193s] Level 1:colcon.colcon_core.package_identification:_identify(src/tiago_pro_simulation) by extension 'python_setup_py'
[0.193s] Level 1:colcon.colcon_core.package_identification:_identify(src/tiago_pro_simulation/tiago_pro_gazebo) by extensions ['ignore', 'ignore_ament_install']
[0.193s] Level 1:colcon.colcon_core.package_identification:_identify(src/tiago_pro_simulation/tiago_pro_gazebo) by extension 'ignore'
[0.193s] Level 1:colcon.colcon_core.package_identification:_identify(src/tiago_pro_simulation/tiago_pro_gazebo) by extension 'ignore_ament_install'
[0.193s] Level 1:colcon.colcon_core.package_identification:_identify(src/tiago_pro_simulation/tiago_pro_gazebo) by extensions ['colcon_pkg']
[0.193s] Level 1:colcon.colcon_core.package_identification:_identify(src/tiago_pro_simulation/tiago_pro_gazebo) by extension 'colcon_pkg'
[0.193s] Level 1:colcon.colcon_core.package_identification:_identify(src/tiago_pro_simulation/tiago_pro_gazebo) by extensions ['colcon_meta']
[0.193s] Level 1:colcon.colcon_core.package_identification:_identify(src/tiago_pro_simulation/tiago_pro_gazebo) by extension 'colcon_meta'
[0.193s] Level 1:colcon.colcon_core.package_identification:_identify(src/tiago_pro_simulation/tiago_pro_gazebo) by extensions ['ros']
[0.194s] Level 1:colcon.colcon_core.package_identification:_identify(src/tiago_pro_simulation/tiago_pro_gazebo) by extension 'ros'
[0.194s] DEBUG:colcon.colcon_core.package_identification:Package 'src/tiago_pro_simulation/tiago_pro_gazebo' with type 'ros.ament_cmake' and name 'tiago_pro_gazebo'
[0.194s] Level 1:colcon.colcon_core.package_identification:_identify(src/tiago_pro_simulation/tiago_pro_mujoco) by extensions ['ignore', 'ignore_ament_install']
[0.194s] Level 1:colcon.colcon_core.package_identification:_identify(src/tiago_pro_simulation/tiago_pro_mujoco) by extension 'ignore'
[0.194s] Level 1:colcon.colcon_core.package_identification:_identify(src/tiago_pro_simulation/tiago_pro_mujoco) by extension 'ignore_ament_install'
[0.194s] Level 1:colcon.colcon_core.package_identification:_identify(src/tiago_pro_simulation/tiago_pro_mujoco) by extensions ['colcon_pkg']
[0.194s] Level 1:colcon.colcon_core.package_identification:_identify(src/tiago_pro_simulation/tiago_pro_mujoco) by extension 'colcon_pkg'
[0.194s] Level 1:colcon.colcon_core.package_identification:_identify(src/tiago_pro_simulation/tiago_pro_mujoco) by extensions ['colcon_meta']
[0.195s] Level 1:colcon.colcon_core.package_identification:_identify(src/tiago_pro_simulation/tiago_pro_mujoco) by extension 'colcon_meta'
[0.195s] Level 1:colcon.colcon_core.package_identification:_identify(src/tiago_pro_simulation/tiago_pro_mujoco) by extensions ['ros']
[0.195s] Level 1:colcon.colcon_core.package_identification:_identify(src/tiago_pro_simulation/tiago_pro_mujoco) by extension 'ros'
[0.204s] DEBUG:colcon.colcon_core.package_identification:Package 'src/tiago_pro_simulation/tiago_pro_mujoco' with type 'ros.ament_cmake' and name 'tiago_pro_mujoco'
[0.204s] Level 1:colcon.colcon_core.package_identification:_identify(src/tiago_pro_simulation/tiago_pro_simulation) by extensions ['ignore', 'ignore_ament_install']
[0.204s] Level 1:colcon.colcon_core.package_identification:_identify(src/tiago_pro_simulation/tiago_pro_simulation) by extension 'ignore'
[0.204s] Level 1:colcon.colcon_core.package_identification:_identify(src/tiago_pro_simulation/tiago_pro_simulation) by extension 'ignore_ament_install'
[0.204s] Level 1:colcon.colcon_core.package_identification:_identify(src/tiago_pro_simulation/tiago_pro_simulation) by extensions ['colcon_pkg']
[0.204s] Level 1:colcon.colcon_core.package_identification:_identify(src/tiago_pro_simulation/tiago_pro_simulation) by extension 'colcon_pkg'
[0.204s] Level 1:colcon.colcon_core.package_identification:_identify(src/tiago_pro_simulation/tiago_pro_simulation) by extensions ['colcon_meta']
[0.204s] Level 1:colcon.colcon_core.package_identification:_identify(src/tiago_pro_simulation/tiago_pro_simulation) by extension 'colcon_meta'
[0.204s] Level 1:colcon.colcon_core.package_identification:_identify(src/tiago_pro_simulation/tiago_pro_simulation) by extensions ['ros']
[0.204s] Level 1:colcon.colcon_core.package_identification:_identify(src/tiago_pro_simulation/tiago_pro_simulation) by extension 'ros'
[0.205s] DEBUG:colcon.colcon_core.package_identification:Package 'src/tiago_pro_simulation/tiago_pro_simulation' with type 'ros.ament_cmake' and name 'tiago_pro_simulation'
[0.205s] Level 1:colcon.colcon_core.package_discovery:discover_packages(recursive) using defaults
[0.205s] Level 1:colcon.colcon_core.package_discovery:discover_packages(ignore) discover
[0.205s] Level 1:colcon.colcon_core.package_discovery:discover_packages(ignore) using defaults
[0.205s] Level 1:colcon.colcon_core.package_discovery:discover_packages(path) discover
[0.205s] Level 1:colcon.colcon_core.package_discovery:discover_packages(path) using defaults
[0.227s] Level 5:colcon.colcon_core.verb:set package 'pal_gazebo_worlds' build argument 'cmake_args' from command line to 'None'
[0.227s] Level 5:colcon.colcon_core.verb:set package 'pal_gazebo_worlds' build argument 'cmake_target' from command line to 'None'
[0.227s] Level 5:colcon.colcon_core.verb:set package 'pal_gazebo_worlds' build argument 'cmake_target_skip_unavailable' from command line to 'False'
[0.227s] Level 5:colcon.colcon_core.verb:set package 'pal_gazebo_worlds' build argument 'cmake_clean_cache' from command line to 'False'
[0.227s] Level 5:colcon.colcon_core.verb:set package 'pal_gazebo_worlds' build argument 'cmake_clean_first' from command line to 'False'
[0.227s] Level 5:colcon.colcon_core.verb:set package 'pal_gazebo_worlds' build argument 'cmake_force_configure' from command line to 'False'
[0.227s] Level 5:colcon.colcon_core.verb:set package 'pal_gazebo_worlds' build argument 'ament_cmake_args' from command line to 'None'
[0.227s] Level 5:colcon.colcon_core.verb:set package 'pal_gazebo_worlds' build argument 'catkin_cmake_args' from command line to 'None'
[0.227s] Level 5:colcon.colcon_core.verb:set package 'pal_gazebo_worlds' build argument 'catkin_skip_building_tests' from command line to 'False'
[0.227s] DEBUG:colcon.colcon_core.verb:Building package 'pal_gazebo_worlds' with the following arguments: {'ament_cmake_args': None, 'build_base': '/home/user/exchange/workspace/build/pal_gazebo_worlds', 'catkin_cmake_args': None, 'catkin_skip_building_tests': False, 'cmake_args': None, 'cmake_clean_cache': False, 'cmake_clean_first': False, 'cmake_force_configure': False, 'cmake_target': None, 'cmake_target_skip_unavailable': False, 'install_base': '/home/user/exchange/workspace/install/pal_gazebo_worlds', 'merge_install': False, 'path': '/home/user/exchange/workspace/src/pal_gazebo_worlds', 'symlink_install': False, 'test_result_base': None}
[0.228s] Level 5:colcon.colcon_core.verb:set package 'pal_pro_gripper_description' build argument 'cmake_args' from command line to 'None'
[0.228s] Level 5:colcon.colcon_core.verb:set package 'pal_pro_gripper_description' build argument 'cmake_target' from command line to 'None'
[0.228s] Level 5:colcon.colcon_core.verb:set package 'pal_pro_gripper_description' build argument 'cmake_target_skip_unavailable' from command line to 'False'
[0.228s] Level 5:colcon.colcon_core.verb:set package 'pal_pro_gripper_description' build argument 'cmake_clean_cache' from command line to 'False'
[0.228s] Level 5:colcon.colcon_core.verb:set package 'pal_pro_gripper_description' build argument 'cmake_clean_first' from command line to 'False'
[0.228s] Level 5:colcon.colcon_core.verb:set package 'pal_pro_gripper_description' build argument 'cmake_force_configure' from command line to 'False'
[0.228s] Level 5:colcon.colcon_core.verb:set package 'pal_pro_gripper_description' build argument 'ament_cmake_args' from command line to 'None'
[0.228s] Level 5:colcon.colcon_core.verb:set package 'pal_pro_gripper_description' build argument 'catkin_cmake_args' from command line to 'None'
[0.228s] Level 5:colcon.colcon_core.verb:set package 'pal_pro_gripper_description' build argument 'catkin_skip_building_tests' from command line to 'False'
[0.228s] DEBUG:colcon.colcon_core.verb:Building package 'pal_pro_gripper_description' with the following arguments: {'ament_cmake_args': None, 'build_base': '/home/user/exchange/workspace/build/pal_pro_gripper_description', 'catkin_cmake_args': None, 'catkin_skip_building_tests': False, 'cmake_args': None, 'cmake_clean_cache': False, 'cmake_clean_first': False, 'cmake_force_configure': False, 'cmake_target': None, 'cmake_target_skip_unavailable': False, 'install_base': '/home/user/exchange/workspace/install/pal_pro_gripper_description', 'merge_install': False, 'path': '/home/user/exchange/workspace/src/pal_pro_gripper/pal_pro_gripper_description', 'symlink_install': False, 'test_result_base': None}
[0.228s] Level 5:colcon.colcon_core.verb:set package 'pal_pro_gripper_wrapper' build argument 'cmake_args' from command line to 'None'
[0.228s] Level 5:colcon.colcon_core.verb:set package 'pal_pro_gripper_wrapper' build argument 'cmake_target' from command line to 'None'
[0.228s] Level 5:colcon.colcon_core.verb:set package 'pal_pro_gripper_wrapper' build argument 'cmake_target_skip_unavailable' from command line to 'False'
[0.228s] Level 5:colcon.colcon_core.verb:set package 'pal_pro_gripper_wrapper' build argument 'cmake_clean_cache' from command line to 'False'
[0.228s] Level 5:colcon.colcon_core.verb:set package 'pal_pro_gripper_wrapper' build argument 'cmake_clean_first' from command line to 'False'
[0.228s] Level 5:colcon.colcon_core.verb:set package 'pal_pro_gripper_wrapper' build argument 'cmake_force_configure' from command line to 'False'
[0.228s] Level 5:colcon.colcon_core.verb:set package 'pal_pro_gripper_wrapper' build argument 'ament_cmake_args' from command line to 'None'
[0.228s] Level 5:colcon.colcon_core.verb:set package 'pal_pro_gripper_wrapper' build argument 'catkin_cmake_args' from command line to 'None'
[0.228s] Level 5:colcon.colcon_core.verb:set package 'pal_pro_gripper_wrapper' build argument 'catkin_skip_building_tests' from command line to 'False'
[0.228s] DEBUG:colcon.colcon_core.verb:Building package 'pal_pro_gripper_wrapper' with the following arguments: {'ament_cmake_args': None, 'build_base': '/home/user/exchange/workspace/build/pal_pro_gripper_wrapper', 'catkin_cmake_args': None, 'catkin_skip_building_tests': False, 'cmake_args': None, 'cmake_clean_cache': False, 'cmake_clean_first': False, 'cmake_force_configure': False, 'cmake_target': None, 'cmake_target_skip_unavailable': False, 'install_base': '/home/user/exchange/workspace/install/pal_pro_gripper_wrapper', 'merge_install': False, 'path': '/home/user/exchange/workspace/src/pal_pro_gripper/pal_pro_gripper_wrapper', 'symlink_install': False, 'test_result_base': None}
[0.228s] Level 5:colcon.colcon_core.verb:set package 'tiago_pro_2dnav' build argument 'cmake_args' from command line to 'None'
[0.228s] Level 5:colcon.colcon_core.verb:set package 'tiago_pro_2dnav' build argument 'cmake_target' from command line to 'None'
[0.228s] Level 5:colcon.colcon_core.verb:set package 'tiago_pro_2dnav' build argument 'cmake_target_skip_unavailable' from command line to 'False'
[0.228s] Level 5:colcon.colcon_core.verb:set package 'tiago_pro_2dnav' build argument 'cmake_clean_cache' from command line to 'False'
[0.228s] Level 5:colcon.colcon_core.verb:set package 'tiago_pro_2dnav' build argument 'cmake_clean_first' from command line to 'False'
[0.228s] Level 5:colcon.colcon_core.verb:set package 'tiago_pro_2dnav' build argument 'cmake_force_configure' from command line to 'False'
[0.229s] Level 5:colcon.colcon_core.verb:set package 'tiago_pro_2dnav' build argument 'ament_cmake_args' from command line to 'None'
[0.229s] Level 5:colcon.colcon_core.verb:set package 'tiago_pro_2dnav' build argument 'catkin_cmake_args' from command line to 'None'
[0.229s] Level 5:colcon.colcon_core.verb:set package 'tiago_pro_2dnav' build argument 'catkin_skip_building_tests' from command line to 'False'
[0.229s] DEBUG:colcon.colcon_core.verb:Building package 'tiago_pro_2dnav' with the following arguments: {'ament_cmake_args': None, 'build_base': '/home/user/exchange/workspace/build/tiago_pro_2dnav', 'catkin_cmake_args': None, 'catkin_skip_building_tests': False, 'cmake_args': None, 'cmake_clean_cache': False, 'cmake_clean_first': False, 'cmake_force_configure': False, 'cmake_target': None, 'cmake_target_skip_unavailable': False, 'install_base': '/home/user/exchange/workspace/install/tiago_pro_2dnav', 'merge_install': False, 'path': '/home/user/exchange/workspace/src/tiago_pro_navigation/tiago_pro_2dnav', 'symlink_install': False, 'test_result_base': None}
[0.229s] Level 5:colcon.colcon_core.verb:set package 'tiago_pro_laser_sensors' build argument 'cmake_args' from command line to 'None'
[0.229s] Level 5:colcon.colcon_core.verb:set package 'tiago_pro_laser_sensors' build argument 'cmake_target' from command line to 'None'
[0.229s] Level 5:colcon.colcon_core.verb:set package 'tiago_pro_laser_sensors' build argument 'cmake_target_skip_unavailable' from command line to 'False'
[0.229s] Level 5:colcon.colcon_core.verb:set package 'tiago_pro_laser_sensors' build argument 'cmake_clean_cache' from command line to 'False'
[0.229s] Level 5:colcon.colcon_core.verb:set package 'tiago_pro_laser_sensors' build argument 'cmake_clean_first' from command line to 'False'
[0.229s] Level 5:colcon.colcon_core.verb:set package 'tiago_pro_laser_sensors' build argument 'cmake_force_configure' from command line to 'False'
[0.229s] Level 5:colcon.colcon_core.verb:set package 'tiago_pro_laser_sensors' build argument 'ament_cmake_args' from command line to 'None'
[0.229s] Level 5:colcon.colcon_core.verb:set package 'tiago_pro_laser_sensors' build argument 'catkin_cmake_args' from command line to 'None'
[0.229s] Level 5:colcon.colcon_core.verb:set package 'tiago_pro_laser_sensors' build argument 'catkin_skip_building_tests' from command line to 'False'
[0.229s] DEBUG:colcon.colcon_core.verb:Building package 'tiago_pro_laser_sensors' with the following arguments: {'ament_cmake_args': None, 'build_base': '/home/user/exchange/workspace/build/tiago_pro_laser_sensors', 'catkin_cmake_args': None, 'catkin_skip_building_tests': False, 'cmake_args': None, 'cmake_clean_cache': False, 'cmake_clean_first': False, 'cmake_force_configure': False, 'cmake_target': None, 'cmake_target_skip_unavailable': False, 'install_base': '/home/user/exchange/workspace/install/tiago_pro_laser_sensors', 'merge_install': False, 'path': '/home/user/exchange/workspace/src/tiago_pro_navigation/tiago_pro_laser_sensors', 'symlink_install': False, 'test_result_base': None}
[0.229s] Level 5:colcon.colcon_core.verb:set package 'tiago_pro_rgbd_sensors' build argument 'cmake_args' from command line to 'None'
[0.229s] Level 5:colcon.colcon_core.verb:set package 'tiago_pro_rgbd_sensors' build argument 'cmake_target' from command line to 'None'
[0.229s] Level 5:colcon.colcon_core.verb:set package 'tiago_pro_rgbd_sensors' build argument 'cmake_target_skip_unavailable' from command line to 'False'
[0.229s] Level 5:colcon.colcon_core.verb:set package 'tiago_pro_rgbd_sensors' build argument 'cmake_clean_cache' from command line to 'False'
[0.229s] Level 5:colcon.colcon_core.verb:set package 'tiago_pro_rgbd_sensors' build argument 'cmake_clean_first' from command line to 'False'
[0.229s] Level 5:colcon.colcon_core.verb:set package 'tiago_pro_rgbd_sensors' build argument 'cmake_force_configure' from command line to 'False'
[0.229s] Level 5:colcon.colcon_core.verb:set package 'tiago_pro_rgbd_sensors' build argument 'ament_cmake_args' from command line to 'None'
[0.229s] Level 5:colcon.colcon_core.verb:set package 'tiago_pro_rgbd_sensors' build argument 'catkin_cmake_args' from command line to 'None'
[0.229s] Level 5:colcon.colcon_core.verb:set package 'tiago_pro_rgbd_sensors' build argument 'catkin_skip_building_tests' from command line to 'False'
[0.229s] DEBUG:colcon.colcon_core.verb:Building package 'tiago_pro_rgbd_sensors' with the following arguments: {'ament_cmake_args': None, 'build_base': '/home/user/exchange/workspace/build/tiago_pro_rgbd_sensors', 'catkin_cmake_args': None, 'catkin_skip_building_tests': False, 'cmake_args': None, 'cmake_clean_cache': False, 'cmake_clean_first': False, 'cmake_force_configure': False, 'cmake_target': None, 'cmake_target_skip_unavailable': False, 'install_base': '/home/user/exchange/workspace/install/tiago_pro_rgbd_sensors', 'merge_install': False, 'path': '/home/user/exchange/workspace/src/tiago_pro_navigation/tiago_pro_rgbd_sensors', 'symlink_install': False, 'test_result_base': None}
[0.229s] Level 5:colcon.colcon_core.verb:set package 'pal_pro_gripper_controller_configuration' build argument 'cmake_args' from command line to 'None'
[0.229s] Level 5:colcon.colcon_core.verb:set package 'pal_pro_gripper_controller_configuration' build argument 'cmake_target' from command line to 'None'
[0.229s] Level 5:colcon.colcon_core.verb:set package 'pal_pro_gripper_controller_configuration' build argument 'cmake_target_skip_unavailable' from command line to 'False'
[0.229s] Level 5:colcon.colcon_core.verb:set package 'pal_pro_gripper_controller_configuration' build argument 'cmake_clean_cache' from command line to 'False'
[0.229s] Level 5:colcon.colcon_core.verb:set package 'pal_pro_gripper_controller_configuration' build argument 'cmake_clean_first' from command line to 'False'
[0.229s] Level 5:colcon.colcon_core.verb:set package 'pal_pro_gripper_controller_configuration' build argument 'cmake_force_configure' from command line to 'False'
[0.229s] Level 5:colcon.colcon_core.verb:set package 'pal_pro_gripper_controller_configuration' build argument 'ament_cmake_args' from command line to 'None'
[0.230s] Level 5:colcon.colcon_core.verb:set package 'pal_pro_gripper_controller_configuration' build argument 'catkin_cmake_args' from command line to 'None'
[0.230s] Level 5:colcon.colcon_core.verb:set package 'pal_pro_gripper_controller_configuration' build argument 'catkin_skip_building_tests' from command line to 'False'
[0.230s] DEBUG:colcon.colcon_core.verb:Building package 'pal_pro_gripper_controller_configuration' with the following arguments: {'ament_cmake_args': None, 'build_base': '/home/user/exchange/workspace/build/pal_pro_gripper_controller_configuration', 'catkin_cmake_args': None, 'catkin_skip_building_tests': False, 'cmake_args': None, 'cmake_clean_cache': False, 'cmake_clean_first': False, 'cmake_force_configure': False, 'cmake_target': None, 'cmake_target_skip_unavailable': False, 'install_base': '/home/user/exchange/workspace/install/pal_pro_gripper_controller_configuration', 'merge_install': False, 'path': '/home/user/exchange/workspace/src/pal_pro_gripper/pal_pro_gripper_controller_configuration', 'symlink_install': False, 'test_result_base': None}
[0.230s] Level 5:colcon.colcon_core.verb:set package 'tiago_pro_navigation' build argument 'cmake_args' from command line to 'None'
[0.230s] Level 5:colcon.colcon_core.verb:set package 'tiago_pro_navigation' build argument 'cmake_target' from command line to 'None'
[0.230s] Level 5:colcon.colcon_core.verb:set package 'tiago_pro_navigation' build argument 'cmake_target_skip_unavailable' from command line to 'False'
[0.230s] Level 5:colcon.colcon_core.verb:set package 'tiago_pro_navigation' build argument 'cmake_clean_cache' from command line to 'False'
[0.230s] Level 5:colcon.colcon_core.verb:set package 'tiago_pro_navigation' build argument 'cmake_clean_first' from command line to 'False'
[0.230s] Level 5:colcon.colcon_core.verb:set package 'tiago_pro_navigation' build argument 'cmake_force_configure' from command line to 'False'
[0.230s] Level 5:colcon.colcon_core.verb:set package 'tiago_pro_navigation' build argument 'ament_cmake_args' from command line to 'None'
[0.230s] Level 5:colcon.colcon_core.verb:set package 'tiago_pro_navigation' build argument 'catkin_cmake_args' from command line to 'None'
[0.230s] Level 5:colcon.colcon_core.verb:set package 'tiago_pro_navigation' build argument 'catkin_skip_building_tests' from command line to 'False'
[0.230s] DEBUG:colcon.colcon_core.verb:Building package 'tiago_pro_navigation' with the following arguments: {'ament_cmake_args': None, 'build_base': '/home/user/exchange/workspace/build/tiago_pro_navigation', 'catkin_cmake_args': None, 'catkin_skip_building_tests': False, 'cmake_args': None, 'cmake_clean_cache': False, 'cmake_clean_first': False, 'cmake_force_configure': False, 'cmake_target': None, 'cmake_target_skip_unavailable': False, 'install_base': '/home/user/exchange/workspace/install/tiago_pro_navigation', 'merge_install': False, 'path': '/home/user/exchange/workspace/src/tiago_pro_navigation/tiago_pro_navigation', 'symlink_install': False, 'test_result_base': None}
[0.230s] Level 5:colcon.colcon_core.verb:set package 'pal_pro_gripper' build argument 'cmake_args' from command line to 'None'
[0.230s] Level 5:colcon.colcon_core.verb:set package 'pal_pro_gripper' build argument 'cmake_target' from command line to 'None'
[0.230s] Level 5:colcon.colcon_core.verb:set package 'pal_pro_gripper' build argument 'cmake_target_skip_unavailable' from command line to 'False'
[0.230s] Level 5:colcon.colcon_core.verb:set package 'pal_pro_gripper' build argument 'cmake_clean_cache' from command line to 'False'
[0.230s] Level 5:colcon.colcon_core.verb:set package 'pal_pro_gripper' build argument 'cmake_clean_first' from command line to 'False'
[0.230s] Level 5:colcon.colcon_core.verb:set package 'pal_pro_gripper' build argument 'cmake_force_configure' from command line to 'False'
[0.230s] Level 5:colcon.colcon_core.verb:set package 'pal_pro_gripper' build argument 'ament_cmake_args' from command line to 'None'
[0.230s] Level 5:colcon.colcon_core.verb:set package 'pal_pro_gripper' build argument 'catkin_cmake_args' from command line to 'None'
[0.230s] Level 5:colcon.colcon_core.verb:set package 'pal_pro_gripper' build argument 'catkin_skip_building_tests' from command line to 'False'
[0.230s] DEBUG:colcon.colcon_core.verb:Building package 'pal_pro_gripper' with the following arguments: {'ament_cmake_args': None, 'build_base': '/home/user/exchange/workspace/build/pal_pro_gripper', 'catkin_cmake_args': None, 'catkin_skip_building_tests': False, 'cmake_args': None, 'cmake_clean_cache': False, 'cmake_clean_first': False, 'cmake_force_configure': False, 'cmake_target': None, 'cmake_target_skip_unavailable': False, 'install_base': '/home/user/exchange/workspace/install/pal_pro_gripper', 'merge_install': False, 'path': '/home/user/exchange/workspace/src/pal_pro_gripper/pal_pro_gripper', 'symlink_install': False, 'test_result_base': None}
[0.230s] Level 5:colcon.colcon_core.verb:set package 'pal_pro_gripper_bringup' build argument 'cmake_args' from command line to 'None'
[0.230s] Level 5:colcon.colcon_core.verb:set package 'pal_pro_gripper_bringup' build argument 'cmake_target' from command line to 'None'
[0.230s] Level 5:colcon.colcon_core.verb:set package 'pal_pro_gripper_bringup' build argument 'cmake_target_skip_unavailable' from command line to 'False'
[0.230s] Level 5:colcon.colcon_core.verb:set package 'pal_pro_gripper_bringup' build argument 'cmake_clean_cache' from command line to 'False'
[0.230s] Level 5:colcon.colcon_core.verb:set package 'pal_pro_gripper_bringup' build argument 'cmake_clean_first' from command line to 'False'
[0.230s] Level 5:colcon.colcon_core.verb:set package 'pal_pro_gripper_bringup' build argument 'cmake_force_configure' from command line to 'False'
[0.230s] Level 5:colcon.colcon_core.verb:set package 'pal_pro_gripper_bringup' build argument 'ament_cmake_args' from command line to 'None'
[0.230s] Level 5:colcon.colcon_core.verb:set package 'pal_pro_gripper_bringup' build argument 'catkin_cmake_args' from command line to 'None'
[0.231s] Level 5:colcon.colcon_core.verb:set package 'pal_pro_gripper_bringup' build argument 'catkin_skip_building_tests' from command line to 'False'
[0.231s] DEBUG:colcon.colcon_core.verb:Building package 'pal_pro_gripper_bringup' with the following arguments: {'ament_cmake_args': None, 'build_base': '/home/user/exchange/workspace/build/pal_pro_gripper_bringup', 'catkin_cmake_args': None, 'catkin_skip_building_tests': False, 'cmake_args': None, 'cmake_clean_cache': False, 'cmake_clean_first': False, 'cmake_force_configure': False, 'cmake_target': None, 'cmake_target_skip_unavailable': False, 'install_base': '/home/user/exchange/workspace/install/pal_pro_gripper_bringup', 'merge_install': False, 'path': '/home/user/exchange/workspace/src/pal_pro_gripper/pal_pro_gripper_bringup', 'symlink_install': False, 'test_result_base': None}
[0.231s] Level 5:colcon.colcon_core.verb:set package 'pal_pro_gripper_simulation' build argument 'cmake_args' from command line to 'None'
[0.231s] Level 5:colcon.colcon_core.verb:set package 'pal_pro_gripper_simulation' build argument 'cmake_target' from command line to 'None'
[0.231s] Level 5:colcon.colcon_core.verb:set package 'pal_pro_gripper_simulation' build argument 'cmake_target_skip_unavailable' from command line to 'False'
[0.231s] Level 5:colcon.colcon_core.verb:set package 'pal_pro_gripper_simulation' build argument 'cmake_clean_cache' from command line to 'False'
[0.231s] Level 5:colcon.colcon_core.verb:set package 'pal_pro_gripper_simulation' build argument 'cmake_clean_first' from command line to 'False'
[0.231s] Level 5:colcon.colcon_core.verb:set package 'pal_pro_gripper_simulation' build argument 'cmake_force_configure' from command line to 'False'
[0.231s] Level 5:colcon.colcon_core.verb:set package 'pal_pro_gripper_simulation' build argument 'ament_cmake_args' from command line to 'None'
[0.231s] Level 5:colcon.colcon_core.verb:set package 'pal_pro_gripper_simulation' build argument 'catkin_cmake_args' from command line to 'None'
[0.231s] Level 5:colcon.colcon_core.verb:set package 'pal_pro_gripper_simulation' build argument 'catkin_skip_building_tests' from command line to 'False'
[0.231s] DEBUG:colcon.colcon_core.verb:Building package 'pal_pro_gripper_simulation' with the following arguments: {'ament_cmake_args': None, 'build_base': '/home/user/exchange/workspace/build/pal_pro_gripper_simulation', 'catkin_cmake_args': None, 'catkin_skip_building_tests': False, 'cmake_args': None, 'cmake_clean_cache': False, 'cmake_clean_first': False, 'cmake_force_configure': False, 'cmake_target': None, 'cmake_target_skip_unavailable': False, 'install_base': '/home/user/exchange/workspace/install/pal_pro_gripper_simulation', 'merge_install': False, 'path': '/home/user/exchange/workspace/src/pal_pro_gripper/pal_pro_gripper_simulation', 'symlink_install': False, 'test_result_base': None}
[0.231s] Level 5:colcon.colcon_core.verb:set package 'pal_sea_arm_controller_configuration' build argument 'cmake_args' from command line to 'None'
[0.231s] Level 5:colcon.colcon_core.verb:set package 'pal_sea_arm_controller_configuration' build argument 'cmake_target' from command line to 'None'
[0.231s] Level 5:colcon.colcon_core.verb:set package 'pal_sea_arm_controller_configuration' build argument 'cmake_target_skip_unavailable' from command line to 'False'
[0.231s] Level 5:colcon.colcon_core.verb:set package 'pal_sea_arm_controller_configuration' build argument 'cmake_clean_cache' from command line to 'False'
[0.231s] Level 5:colcon.colcon_core.verb:set package 'pal_sea_arm_controller_configuration' build argument 'cmake_clean_first' from command line to 'False'
[0.231s] Level 5:colcon.colcon_core.verb:set package 'pal_sea_arm_controller_configuration' build argument 'cmake_force_configure' from command line to 'False'
[0.231s] Level 5:colcon.colcon_core.verb:set package 'pal_sea_arm_controller_configuration' build argument 'ament_cmake_args' from command line to 'None'
[0.231s] Level 5:colcon.colcon_core.verb:set package 'pal_sea_arm_controller_configuration' build argument 'catkin_cmake_args' from command line to 'None'
[0.231s] Level 5:colcon.colcon_core.verb:set package 'pal_sea_arm_controller_configuration' build argument 'catkin_skip_building_tests' from command line to 'False'
[0.231s] DEBUG:colcon.colcon_core.verb:Building package 'pal_sea_arm_controller_configuration' with the following arguments: {'ament_cmake_args': None, 'build_base': '/home/user/exchange/workspace/build/pal_sea_arm_controller_configuration', 'catkin_cmake_args': None, 'catkin_skip_building_tests': False, 'cmake_args': None, 'cmake_clean_cache': False, 'cmake_clean_first': False, 'cmake_force_configure': False, 'cmake_target': None, 'cmake_target_skip_unavailable': False, 'install_base': '/home/user/exchange/workspace/install/pal_sea_arm_controller_configuration', 'merge_install': False, 'path': '/home/user/exchange/workspace/src/pal_sea_arm/pal_sea_arm_controller_configuration', 'symlink_install': False, 'test_result_base': None}
[0.231s] Level 5:colcon.colcon_core.verb:set package 'pal_sea_arm_description' build argument 'cmake_args' from command line to 'None'
[0.231s] Level 5:colcon.colcon_core.verb:set package 'pal_sea_arm_description' build argument 'cmake_target' from command line to 'None'
[0.231s] Level 5:colcon.colcon_core.verb:set package 'pal_sea_arm_description' build argument 'cmake_target_skip_unavailable' from command line to 'False'
[0.231s] Level 5:colcon.colcon_core.verb:set package 'pal_sea_arm_description' build argument 'cmake_clean_cache' from command line to 'False'
[0.231s] Level 5:colcon.colcon_core.verb:set package 'pal_sea_arm_description' build argument 'cmake_clean_first' from command line to 'False'
[0.231s] Level 5:colcon.colcon_core.verb:set package 'pal_sea_arm_description' build argument 'cmake_force_configure' from command line to 'False'
[0.231s] Level 5:colcon.colcon_core.verb:set package 'pal_sea_arm_description' build argument 'ament_cmake_args' from command line to 'None'
[0.231s] Level 5:colcon.colcon_core.verb:set package 'pal_sea_arm_description' build argument 'catkin_cmake_args' from command line to 'None'
[0.231s] Level 5:colcon.colcon_core.verb:set package 'pal_sea_arm_description' build argument 'catkin_skip_building_tests' from command line to 'False'
[0.232s] DEBUG:colcon.colcon_core.verb:Building package 'pal_sea_arm_description' with the following arguments: {'ament_cmake_args': None, 'build_base': '/home/user/exchange/workspace/build/pal_sea_arm_description', 'catkin_cmake_args': None, 'catkin_skip_building_tests': False, 'cmake_args': None, 'cmake_clean_cache': False, 'cmake_clean_first': False, 'cmake_force_configure': False, 'cmake_target': None, 'cmake_target_skip_unavailable': False, 'install_base': '/home/user/exchange/workspace/install/pal_sea_arm_description', 'merge_install': False, 'path': '/home/user/exchange/workspace/src/pal_sea_arm/pal_sea_arm_description', 'symlink_install': False, 'test_result_base': None}
[0.232s] Level 5:colcon.colcon_core.verb:set package 'tiago_pro_controller_configuration' build argument 'cmake_args' from command line to 'None'
[0.232s] Level 5:colcon.colcon_core.verb:set package 'tiago_pro_controller_configuration' build argument 'cmake_target' from command line to 'None'
[0.232s] Level 5:colcon.colcon_core.verb:set package 'tiago_pro_controller_configuration' build argument 'cmake_target_skip_unavailable' from command line to 'False'
[0.232s] Level 5:colcon.colcon_core.verb:set package 'tiago_pro_controller_configuration' build argument 'cmake_clean_cache' from command line to 'False'
[0.232s] Level 5:colcon.colcon_core.verb:set package 'tiago_pro_controller_configuration' build argument 'cmake_clean_first' from command line to 'False'
[0.232s] Level 5:colcon.colcon_core.verb:set package 'tiago_pro_controller_configuration' build argument 'cmake_force_configure' from command line to 'False'
[0.232s] Level 5:colcon.colcon_core.verb:set package 'tiago_pro_controller_configuration' build argument 'ament_cmake_args' from command line to 'None'
[0.232s] Level 5:colcon.colcon_core.verb:set package 'tiago_pro_controller_configuration' build argument 'catkin_cmake_args' from command line to 'None'
[0.232s] Level 5:colcon.colcon_core.verb:set package 'tiago_pro_controller_configuration' build argument 'catkin_skip_building_tests' from command line to 'False'
[0.232s] DEBUG:colcon.colcon_core.verb:Building package 'tiago_pro_controller_configuration' with the following arguments: {'ament_cmake_args': None, 'build_base': '/home/user/exchange/workspace/build/tiago_pro_controller_configuration', 'catkin_cmake_args': None, 'catkin_skip_building_tests': False, 'cmake_args': None, 'cmake_clean_cache': False, 'cmake_clean_first': False, 'cmake_force_configure': False, 'cmake_target': None, 'cmake_target_skip_unavailable': False, 'install_base': '/home/user/exchange/workspace/install/tiago_pro_controller_configuration', 'merge_install': False, 'path': '/home/user/exchange/workspace/src/tiago_pro_robot/tiago_pro_controller_configuration', 'symlink_install': False, 'test_result_base': None}
[0.232s] Level 5:colcon.colcon_core.verb:set package 'pal_sea_arm_bringup' build argument 'cmake_args' from command line to 'None'
[0.232s] Level 5:colcon.colcon_core.verb:set package 'pal_sea_arm_bringup' build argument 'cmake_target' from command line to 'None'
[0.232s] Level 5:colcon.colcon_core.verb:set package 'pal_sea_arm_bringup' build argument 'cmake_target_skip_unavailable' from command line to 'False'
[0.232s] Level 5:colcon.colcon_core.verb:set package 'pal_sea_arm_bringup' build argument 'cmake_clean_cache' from command line to 'False'
[0.232s] Level 5:colcon.colcon_core.verb:set package 'pal_sea_arm_bringup' build argument 'cmake_clean_first' from command line to 'False'
[0.232s] Level 5:colcon.colcon_core.verb:set package 'pal_sea_arm_bringup' build argument 'cmake_force_configure' from command line to 'False'
[0.232s] Level 5:colcon.colcon_core.verb:set package 'pal_sea_arm_bringup' build argument 'ament_cmake_args' from command line to 'None'
[0.232s] Level 5:colcon.colcon_core.verb:set package 'pal_sea_arm_bringup' build argument 'catkin_cmake_args' from command line to 'None'
[0.232s] Level 5:colcon.colcon_core.verb:set package 'pal_sea_arm_bringup' build argument 'catkin_skip_building_tests' from command line to 'False'
[0.232s] DEBUG:colcon.colcon_core.verb:Building package 'pal_sea_arm_bringup' with the following arguments: {'ament_cmake_args': None, 'build_base': '/home/user/exchange/workspace/build/pal_sea_arm_bringup', 'catkin_cmake_args': None, 'catkin_skip_building_tests': False, 'cmake_args': None, 'cmake_clean_cache': False, 'cmake_clean_first': False, 'cmake_force_configure': False, 'cmake_target': None, 'cmake_target_skip_unavailable': False, 'install_base': '/home/user/exchange/workspace/install/pal_sea_arm_bringup', 'merge_install': False, 'path': '/home/user/exchange/workspace/src/pal_sea_arm/pal_sea_arm_bringup', 'symlink_install': False, 'test_result_base': None}
[0.233s] Level 5:colcon.colcon_core.verb:set package 'pal_sea_arm_moveit_config' build argument 'cmake_args' from command line to 'None'
[0.233s] Level 5:colcon.colcon_core.verb:set package 'pal_sea_arm_moveit_config' build argument 'cmake_target' from command line to 'None'
[0.233s] Level 5:colcon.colcon_core.verb:set package 'pal_sea_arm_moveit_config' build argument 'cmake_target_skip_unavailable' from command line to 'False'
[0.233s] Level 5:colcon.colcon_core.verb:set package 'pal_sea_arm_moveit_config' build argument 'cmake_clean_cache' from command line to 'False'
[0.233s] Level 5:colcon.colcon_core.verb:set package 'pal_sea_arm_moveit_config' build argument 'cmake_clean_first' from command line to 'False'
[0.233s] Level 5:colcon.colcon_core.verb:set package 'pal_sea_arm_moveit_config' build argument 'cmake_force_configure' from command line to 'False'
[0.233s] Level 5:colcon.colcon_core.verb:set package 'pal_sea_arm_moveit_config' build argument 'ament_cmake_args' from command line to 'None'
[0.233s] Level 5:colcon.colcon_core.verb:set package 'pal_sea_arm_moveit_config' build argument 'catkin_cmake_args' from command line to 'None'
[0.233s] Level 5:colcon.colcon_core.verb:set package 'pal_sea_arm_moveit_config' build argument 'catkin_skip_building_tests' from command line to 'False'
[0.233s] DEBUG:colcon.colcon_core.verb:Building package 'pal_sea_arm_moveit_config' with the following arguments: {'ament_cmake_args': None, 'build_base': '/home/user/exchange/workspace/build/pal_sea_arm_moveit_config', 'catkin_cmake_args': None, 'catkin_skip_building_tests': False, 'cmake_args': None, 'cmake_clean_cache': False, 'cmake_clean_first': False, 'cmake_force_configure': False, 'cmake_target': None, 'cmake_target_skip_unavailable': False, 'install_base': '/home/user/exchange/workspace/install/pal_sea_arm_moveit_config', 'merge_install': False, 'path': '/home/user/exchange/workspace/src/pal_sea_arm_moveit_config', 'symlink_install': False, 'test_result_base': None}
[0.233s] Level 5:colcon.colcon_core.verb:set package 'tiago_pro_bringup' build argument 'cmake_args' from command line to 'None'
[0.233s] Level 5:colcon.colcon_core.verb:set package 'tiago_pro_bringup' build argument 'cmake_target' from command line to 'None'
[0.233s] Level 5:colcon.colcon_core.verb:set package 'tiago_pro_bringup' build argument 'cmake_target_skip_unavailable' from command line to 'False'
[0.233s] Level 5:colcon.colcon_core.verb:set package 'tiago_pro_bringup' build argument 'cmake_clean_cache' from command line to 'False'
[0.233s] Level 5:colcon.colcon_core.verb:set package 'tiago_pro_bringup' build argument 'cmake_clean_first' from command line to 'False'
[0.233s] Level 5:colcon.colcon_core.verb:set package 'tiago_pro_bringup' build argument 'cmake_force_configure' from command line to 'False'
[0.233s] Level 5:colcon.colcon_core.verb:set package 'tiago_pro_bringup' build argument 'ament_cmake_args' from command line to 'None'
[0.233s] Level 5:colcon.colcon_core.verb:set package 'tiago_pro_bringup' build argument 'catkin_cmake_args' from command line to 'None'
[0.233s] Level 5:colcon.colcon_core.verb:set package 'tiago_pro_bringup' build argument 'catkin_skip_building_tests' from command line to 'False'
[0.233s] DEBUG:colcon.colcon_core.verb:Building package 'tiago_pro_bringup' with the following arguments: {'ament_cmake_args': None, 'build_base': '/home/user/exchange/workspace/build/tiago_pro_bringup', 'catkin_cmake_args': None, 'catkin_skip_building_tests': False, 'cmake_args': None, 'cmake_clean_cache': False, 'cmake_clean_first': False, 'cmake_force_configure': False, 'cmake_target': None, 'cmake_target_skip_unavailable': False, 'install_base': '/home/user/exchange/workspace/install/tiago_pro_bringup', 'merge_install': False, 'path': '/home/user/exchange/workspace/src/tiago_pro_robot/tiago_pro_bringup', 'symlink_install': False, 'test_result_base': None}
[0.233s] Level 5:colcon.colcon_core.verb:set package 'tiago_pro_description' build argument 'cmake_args' from command line to 'None'
[0.233s] Level 5:colcon.colcon_core.verb:set package 'tiago_pro_description' build argument 'cmake_target' from command line to 'None'
[0.233s] Level 5:colcon.colcon_core.verb:set package 'tiago_pro_description' build argument 'cmake_target_skip_unavailable' from command line to 'False'
[0.233s] Level 5:colcon.colcon_core.verb:set package 'tiago_pro_description' build argument 'cmake_clean_cache' from command line to 'False'
[0.233s] Level 5:colcon.colcon_core.verb:set package 'tiago_pro_description' build argument 'cmake_clean_first' from command line to 'False'
[0.233s] Level 5:colcon.colcon_core.verb:set package 'tiago_pro_description' build argument 'cmake_force_configure' from command line to 'False'
[0.233s] Level 5:colcon.colcon_core.verb:set package 'tiago_pro_description' build argument 'ament_cmake_args' from command line to 'None'
[0.233s] Level 5:colcon.colcon_core.verb:set package 'tiago_pro_description' build argument 'catkin_cmake_args' from command line to 'None'
[0.233s] Level 5:colcon.colcon_core.verb:set package 'tiago_pro_description' build argument 'catkin_skip_building_tests' from command line to 'False'
[0.233s] DEBUG:colcon.colcon_core.verb:Building package 'tiago_pro_description' with the following arguments: {'ament_cmake_args': None, 'build_base': '/home/user/exchange/workspace/build/tiago_pro_description', 'catkin_cmake_args': None, 'catkin_skip_building_tests': False, 'cmake_args': None, 'cmake_clean_cache': False, 'cmake_clean_first': False, 'cmake_force_configure': False, 'cmake_target': None, 'cmake_target_skip_unavailable': False, 'install_base': '/home/user/exchange/workspace/install/tiago_pro_description', 'merge_install': False, 'path': '/home/user/exchange/workspace/src/tiago_pro_robot/tiago_pro_description', 'symlink_install': False, 'test_result_base': None}
[0.234s] Level 5:colcon.colcon_core.verb:set package 'pal_sea_arm' build argument 'cmake_args' from command line to 'None'
[0.234s] Level 5:colcon.colcon_core.verb:set package 'pal_sea_arm' build argument 'cmake_target' from command line to 'None'
[0.234s] Level 5:colcon.colcon_core.verb:set package 'pal_sea_arm' build argument 'cmake_target_skip_unavailable' from command line to 'False'
[0.234s] Level 5:colcon.colcon_core.verb:set package 'pal_sea_arm' build argument 'cmake_clean_cache' from command line to 'False'
[0.234s] Level 5:colcon.colcon_core.verb:set package 'pal_sea_arm' build argument 'cmake_clean_first' from command line to 'False'
[0.234s] Level 5:colcon.colcon_core.verb:set package 'pal_sea_arm' build argument 'cmake_force_configure' from command line to 'False'
[0.234s] Level 5:colcon.colcon_core.verb:set package 'pal_sea_arm' build argument 'ament_cmake_args' from command line to 'None'
[0.234s] Level 5:colcon.colcon_core.verb:set package 'pal_sea_arm' build argument 'catkin_cmake_args' from command line to 'None'
[0.234s] Level 5:colcon.colcon_core.verb:set package 'pal_sea_arm' build argument 'catkin_skip_building_tests' from command line to 'False'
[0.234s] DEBUG:colcon.colcon_core.verb:Building package 'pal_sea_arm' with the following arguments: {'ament_cmake_args': None, 'build_base': '/home/user/exchange/workspace/build/pal_sea_arm', 'catkin_cmake_args': None, 'catkin_skip_building_tests': False, 'cmake_args': None, 'cmake_clean_cache': False, 'cmake_clean_first': False, 'cmake_force_configure': False, 'cmake_target': None, 'cmake_target_skip_unavailable': False, 'install_base': '/home/user/exchange/workspace/install/pal_sea_arm', 'merge_install': False, 'path': '/home/user/exchange/workspace/src/pal_sea_arm/pal_sea_arm', 'symlink_install': False, 'test_result_base': None}
[0.235s] Level 5:colcon.colcon_core.verb:set package 'tiago_pro_moveit_config' build argument 'cmake_args' from command line to 'None'
[0.235s] Level 5:colcon.colcon_core.verb:set package 'tiago_pro_moveit_config' build argument 'cmake_target' from command line to 'None'
[0.235s] Level 5:colcon.colcon_core.verb:set package 'tiago_pro_moveit_config' build argument 'cmake_target_skip_unavailable' from command line to 'False'
[0.235s] Level 5:colcon.colcon_core.verb:set package 'tiago_pro_moveit_config' build argument 'cmake_clean_cache' from command line to 'False'
[0.235s] Level 5:colcon.colcon_core.verb:set package 'tiago_pro_moveit_config' build argument 'cmake_clean_first' from command line to 'False'
[0.235s] Level 5:colcon.colcon_core.verb:set package 'tiago_pro_moveit_config' build argument 'cmake_force_configure' from command line to 'False'
[0.235s] Level 5:colcon.colcon_core.verb:set package 'tiago_pro_moveit_config' build argument 'ament_cmake_args' from command line to 'None'
[0.235s] Level 5:colcon.colcon_core.verb:set package 'tiago_pro_moveit_config' build argument 'catkin_cmake_args' from command line to 'None'
[0.235s] Level 5:colcon.colcon_core.verb:set package 'tiago_pro_moveit_config' build argument 'catkin_skip_building_tests' from command line to 'False'
[0.235s] DEBUG:colcon.colcon_core.verb:Building package 'tiago_pro_moveit_config' with the following arguments: {'ament_cmake_args': None, 'build_base': '/home/user/exchange/workspace/build/tiago_pro_moveit_config', 'catkin_cmake_args': None, 'catkin_skip_building_tests': False, 'cmake_args': None, 'cmake_clean_cache': False, 'cmake_clean_first': False, 'cmake_force_configure': False, 'cmake_target': None, 'cmake_target_skip_unavailable': False, 'install_base': '/home/user/exchange/workspace/install/tiago_pro_moveit_config', 'merge_install': False, 'path': '/home/user/exchange/workspace/src/tiago_pro_moveit_config', 'symlink_install': False, 'test_result_base': None}
[0.235s] Level 5:colcon.colcon_core.verb:set package 'tiago_pro_robot' build argument 'cmake_args' from command line to 'None'
[0.235s] Level 5:colcon.colcon_core.verb:set package 'tiago_pro_robot' build argument 'cmake_target' from command line to 'None'
[0.235s] Level 5:colcon.colcon_core.verb:set package 'tiago_pro_robot' build argument 'cmake_target_skip_unavailable' from command line to 'False'
[0.235s] Level 5:colcon.colcon_core.verb:set package 'tiago_pro_robot' build argument 'cmake_clean_cache' from command line to 'False'
[0.235s] Level 5:colcon.colcon_core.verb:set package 'tiago_pro_robot' build argument 'cmake_clean_first' from command line to 'False'
[0.235s] Level 5:colcon.colcon_core.verb:set package 'tiago_pro_robot' build argument 'cmake_force_configure' from command line to 'False'
[0.235s] Level 5:colcon.colcon_core.verb:set package 'tiago_pro_robot' build argument 'ament_cmake_args' from command line to 'None'
[0.235s] Level 5:colcon.colcon_core.verb:set package 'tiago_pro_robot' build argument 'catkin_cmake_args' from command line to 'None'
[0.235s] Level 5:colcon.colcon_core.verb:set package 'tiago_pro_robot' build argument 'catkin_skip_building_tests' from command line to 'False'
[0.235s] DEBUG:colcon.colcon_core.verb:Building package 'tiago_pro_robot' with the following arguments: {'ament_cmake_args': None, 'build_base': '/home/user/exchange/workspace/build/tiago_pro_robot', 'catkin_cmake_args': None, 'catkin_skip_building_tests': False, 'cmake_args': None, 'cmake_clean_cache': False, 'cmake_clean_first': False, 'cmake_force_configure': False, 'cmake_target': None, 'cmake_target_skip_unavailable': False, 'install_base': '/home/user/exchange/workspace/install/tiago_pro_robot', 'merge_install': False, 'path': '/home/user/exchange/workspace/src/tiago_pro_robot/tiago_pro_robot', 'symlink_install': False, 'test_result_base': None}
[0.235s] Level 5:colcon.colcon_core.verb:set package 'tiago_pro_gazebo' build argument 'cmake_args' from command line to 'None'
[0.235s] Level 5:colcon.colcon_core.verb:set package 'tiago_pro_gazebo' build argument 'cmake_target' from command line to 'None'
[0.235s] Level 5:colcon.colcon_core.verb:set package 'tiago_pro_gazebo' build argument 'cmake_target_skip_unavailable' from command line to 'False'
[0.235s] Level 5:colcon.colcon_core.verb:set package 'tiago_pro_gazebo' build argument 'cmake_clean_cache' from command line to 'False'
[0.235s] Level 5:colcon.colcon_core.verb:set package 'tiago_pro_gazebo' build argument 'cmake_clean_first' from command line to 'False'
[0.235s] Level 5:colcon.colcon_core.verb:set package 'tiago_pro_gazebo' build argument 'cmake_force_configure' from command line to 'False'
[0.235s] Level 5:colcon.colcon_core.verb:set package 'tiago_pro_gazebo' build argument 'ament_cmake_args' from command line to 'None'
[0.235s] Level 5:colcon.colcon_core.verb:set package 'tiago_pro_gazebo' build argument 'catkin_cmake_args' from command line to 'None'
[0.235s] Level 5:colcon.colcon_core.verb:set package 'tiago_pro_gazebo' build argument 'catkin_skip_building_tests' from command line to 'False'
[0.235s] DEBUG:colcon.colcon_core.verb:Building package 'tiago_pro_gazebo' with the following arguments: {'ament_cmake_args': None, 'build_base': '/home/user/exchange/workspace/build/tiago_pro_gazebo', 'catkin_cmake_args': None, 'catkin_skip_building_tests': False, 'cmake_args': None, 'cmake_clean_cache': False, 'cmake_clean_first': False, 'cmake_force_configure': False, 'cmake_target': None, 'cmake_target_skip_unavailable': False, 'install_base': '/home/user/exchange/workspace/install/tiago_pro_gazebo', 'merge_install': False, 'path': '/home/user/exchange/workspace/src/tiago_pro_simulation/tiago_pro_gazebo', 'symlink_install': False, 'test_result_base': None}
[0.236s] Level 5:colcon.colcon_core.verb:set package 'tiago_pro_mujoco' build argument 'cmake_args' from command line to 'None'
[0.236s] Level 5:colcon.colcon_core.verb:set package 'tiago_pro_mujoco' build argument 'cmake_target' from command line to 'None'
[0.236s] Level 5:colcon.colcon_core.verb:set package 'tiago_pro_mujoco' build argument 'cmake_target_skip_unavailable' from command line to 'False'
[0.236s] Level 5:colcon.colcon_core.verb:set package 'tiago_pro_mujoco' build argument 'cmake_clean_cache' from command line to 'False'
[0.236s] Level 5:colcon.colcon_core.verb:set package 'tiago_pro_mujoco' build argument 'cmake_clean_first' from command line to 'False'
[0.236s] Level 5:colcon.colcon_core.verb:set package 'tiago_pro_mujoco' build argument 'cmake_force_configure' from command line to 'False'
[0.236s] Level 5:colcon.colcon_core.verb:set package 'tiago_pro_mujoco' build argument 'ament_cmake_args' from command line to 'None'
[0.236s] Level 5:colcon.colcon_core.verb:set package 'tiago_pro_mujoco' build argument 'catkin_cmake_args' from command line to 'None'
[0.236s] Level 5:colcon.colcon_core.verb:set package 'tiago_pro_mujoco' build argument 'catkin_skip_building_tests' from command line to 'False'
[0.236s] DEBUG:colcon.colcon_core.verb:Building package 'tiago_pro_mujoco' with the following arguments: {'ament_cmake_args': None, 'build_base': '/home/user/exchange/workspace/build/tiago_pro_mujoco', 'catkin_cmake_args': None, 'catkin_skip_building_tests': False, 'cmake_args': None, 'cmake_clean_cache': False, 'cmake_clean_first': False, 'cmake_force_configure': False, 'cmake_target': None, 'cmake_target_skip_unavailable': False, 'install_base': '/home/user/exchange/workspace/install/tiago_pro_mujoco', 'merge_install': False, 'path': '/home/user/exchange/workspace/src/tiago_pro_simulation/tiago_pro_mujoco', 'symlink_install': False, 'test_result_base': None}
[0.236s] Level 5:colcon.colcon_core.verb:set package 'tiago_pro_simulation' build argument 'cmake_args' from command line to 'None'
[0.236s] Level 5:colcon.colcon_core.verb:set package 'tiago_pro_simulation' build argument 'cmake_target' from command line to 'None'
[0.236s] Level 5:colcon.colcon_core.verb:set package 'tiago_pro_simulation' build argument 'cmake_target_skip_unavailable' from command line to 'False'
[0.236s] Level 5:colcon.colcon_core.verb:set package 'tiago_pro_simulation' build argument 'cmake_clean_cache' from command line to 'False'
[0.236s] Level 5:colcon.colcon_core.verb:set package 'tiago_pro_simulation' build argument 'cmake_clean_first' from command line to 'False'
[0.236s] Level 5:colcon.colcon_core.verb:set package 'tiago_pro_simulation' build argument 'cmake_force_configure' from command line to 'False'
[0.236s] Level 5:colcon.colcon_core.verb:set package 'tiago_pro_simulation' build argument 'ament_cmake_args' from command line to 'None'
[0.236s] Level 5:colcon.colcon_core.verb:set package 'tiago_pro_simulation' build argument 'catkin_cmake_args' from command line to 'None'
[0.236s] Level 5:colcon.colcon_core.verb:set package 'tiago_pro_simulation' build argument 'catkin_skip_building_tests' from command line to 'False'
[0.236s] DEBUG:colcon.colcon_core.verb:Building package 'tiago_pro_simulation' with the following arguments: {'ament_cmake_args': None, 'build_base': '/home/user/exchange/workspace/build/tiago_pro_simulation', 'catkin_cmake_args': None, 'catkin_skip_building_tests': False, 'cmake_args': None, 'cmake_clean_cache': False, 'cmake_clean_first': False, 'cmake_force_configure': False, 'cmake_target': None, 'cmake_target_skip_unavailable': False, 'install_base': '/home/user/exchange/workspace/install/tiago_pro_simulation', 'merge_install': False, 'path': '/home/user/exchange/workspace/src/tiago_pro_simulation/tiago_pro_simulation', 'symlink_install': False, 'test_result_base': None}
[0.236s] Level 5:colcon.colcon_core.verb:set package 'pick_task' build argument 'cmake_args' from command line to 'None'
[0.236s] Level 5:colcon.colcon_core.verb:set package 'pick_task' build argument 'cmake_target' from command line to 'None'
[0.236s] Level 5:colcon.colcon_core.verb:set package 'pick_task' build argument 'cmake_target_skip_unavailable' from command line to 'False'
[0.236s] Level 5:colcon.colcon_core.verb:set package 'pick_task' build argument 'cmake_clean_cache' from command line to 'False'
[0.236s] Level 5:colcon.colcon_core.verb:set package 'pick_task' build argument 'cmake_clean_first' from command line to 'False'
[0.236s] Level 5:colcon.colcon_core.verb:set package 'pick_task' build argument 'cmake_force_configure' from command line to 'False'
[0.236s] Level 5:colcon.colcon_core.verb:set package 'pick_task' build argument 'ament_cmake_args' from command line to 'None'
[0.236s] Level 5:colcon.colcon_core.verb:set package 'pick_task' build argument 'catkin_cmake_args' from command line to 'None'
[0.236s] Level 5:colcon.colcon_core.verb:set package 'pick_task' build argument 'catkin_skip_building_tests' from command line to 'False'
[0.236s] DEBUG:colcon.colcon_core.verb:Building package 'pick_task' with the following arguments: {'ament_cmake_args': None, 'build_base': '/home/user/exchange/workspace/build/pick_task', 'catkin_cmake_args': None, 'catkin_skip_building_tests': False, 'cmake_args': None, 'cmake_clean_cache': False, 'cmake_clean_first': False, 'cmake_force_configure': False, 'cmake_target': None, 'cmake_target_skip_unavailable': False, 'install_base': '/home/user/exchange/workspace/install/pick_task', 'merge_install': False, 'path': '/home/user/exchange/workspace/src/pick_task', 'symlink_install': False, 'test_result_base': None}
[0.237s] Level 5:colcon.colcon_core.verb:set package 'tiago_manipulation_tasks' build argument 'cmake_args' from command line to 'None'
[0.237s] Level 5:colcon.colcon_core.verb:set package 'tiago_manipulation_tasks' build argument 'cmake_target' from command line to 'None'
[0.237s] Level 5:colcon.colcon_core.verb:set package 'tiago_manipulation_tasks' build argument 'cmake_target_skip_unavailable' from command line to 'False'
[0.237s] Level 5:colcon.colcon_core.verb:set package 'tiago_manipulation_tasks' build argument 'cmake_clean_cache' from command line to 'False'
[0.237s] Level 5:colcon.colcon_core.verb:set package 'tiago_manipulation_tasks' build argument 'cmake_clean_first' from command line to 'False'
[0.237s] Level 5:colcon.colcon_core.verb:set package 'tiago_manipulation_tasks' build argument 'cmake_force_configure' from command line to 'False'
[0.237s] Level 5:colcon.colcon_core.verb:set package 'tiago_manipulation_tasks' build argument 'ament_cmake_args' from command line to 'None'
[0.237s] Level 5:colcon.colcon_core.verb:set package 'tiago_manipulation_tasks' build argument 'catkin_cmake_args' from command line to 'None'
[0.237s] Level 5:colcon.colcon_core.verb:set package 'tiago_manipulation_tasks' build argument 'catkin_skip_building_tests' from command line to 'False'
[0.237s] DEBUG:colcon.colcon_core.verb:Building package 'tiago_manipulation_tasks' with the following arguments: {'ament_cmake_args': None, 'build_base': '/home/user/exchange/workspace/build/tiago_manipulation_tasks', 'catkin_cmake_args': None, 'catkin_skip_building_tests': False, 'cmake_args': None, 'cmake_clean_cache': False, 'cmake_clean_first': False, 'cmake_force_configure': False, 'cmake_target': None, 'cmake_target_skip_unavailable': False, 'install_base': '/home/user/exchange/workspace/install/tiago_manipulation_tasks', 'merge_install': False, 'path': '/home/user/exchange/workspace/src/tiago_manipulation_tasks', 'symlink_install': False, 'test_result_base': None}
[0.237s] INFO:colcon.colcon_core.executor:Executing jobs using 'parallel' executor
[0.238s] DEBUG:colcon.colcon_parallel_executor.executor.parallel:run_until_complete
[0.238s] INFO:colcon.colcon_ros.task.ament_python.build:Building ROS package in '/home/user/exchange/workspace/src/pal_pro_gripper/pal_pro_gripper_wrapper' with build type 'ament_python'
[0.238s] Level 1:colcon.colcon_core.shell:create_environment_hook('pal_pro_gripper_wrapper', 'ament_prefix_path')
[0.240s] INFO:colcon.colcon_core.plugin_system:Skipping extension 'colcon_core.shell.bat': Not used on non-Windows systems
[0.240s] INFO:colcon.colcon_core.shell:Creating environment hook '/home/user/exchange/workspace/install/pal_pro_gripper_wrapper/share/pal_pro_gripper_wrapper/hook/ament_prefix_path.ps1'
[0.241s] INFO:colcon.colcon_core.shell:Creating environment descriptor '/home/user/exchange/workspace/install/pal_pro_gripper_wrapper/share/pal_pro_gripper_wrapper/hook/ament_prefix_path.dsv'
[0.241s] INFO:colcon.colcon_core.shell:Creating environment hook '/home/user/exchange/workspace/install/pal_pro_gripper_wrapper/share/pal_pro_gripper_wrapper/hook/ament_prefix_path.sh'
[0.241s] INFO:colcon.colcon_core.shell:Skip shell extension 'powershell' for command environment: Not usable outside of PowerShell
[0.241s] DEBUG:colcon.colcon_core.shell:Skip shell extension 'dsv' for command environment
[0.245s] INFO:colcon.colcon_ros.task.ament_cmake.build:Building ROS package in '/home/user/exchange/workspace/src/pal_pro_gripper/pal_pro_gripper_description' with build type 'ament_cmake'
[0.245s] INFO:colcon.colcon_cmake.task.cmake.build:Building CMake package in '/home/user/exchange/workspace/src/pal_pro_gripper/pal_pro_gripper_description'
[0.246s] INFO:colcon.colcon_core.shell:Skip shell extension 'powershell' for command environment: Not usable outside of PowerShell
[0.246s] DEBUG:colcon.colcon_core.shell:Skip shell extension 'dsv' for command environment
[0.249s] INFO:colcon.colcon_ros.task.ament_cmake.build:Building ROS package in '/home/user/exchange/workspace/src/tiago_pro_navigation/tiago_pro_laser_sensors' with build type 'ament_cmake'
[0.249s] INFO:colcon.colcon_cmake.task.cmake.build:Building CMake package in '/home/user/exchange/workspace/src/tiago_pro_navigation/tiago_pro_laser_sensors'
[0.249s] INFO:colcon.colcon_core.shell:Skip shell extension 'powershell' for command environment: Not usable outside of PowerShell
[0.250s] DEBUG:colcon.colcon_core.shell:Skip shell extension 'dsv' for command environment
[0.254s] INFO:colcon.colcon_ros.task.ament_cmake.build:Building ROS package in '/home/user/exchange/workspace/src/pal_gazebo_worlds' with build type 'ament_cmake'
[0.254s] INFO:colcon.colcon_cmake.task.cmake.build:Building CMake package in '/home/user/exchange/workspace/src/pal_gazebo_worlds'
[0.254s] INFO:colcon.colcon_core.shell:Skip shell extension 'powershell' for command environment: Not usable outside of PowerShell
[0.254s] DEBUG:colcon.colcon_core.shell:Skip shell extension 'dsv' for command environment
[0.258s] INFO:colcon.colcon_ros.task.ament_cmake.build:Building ROS package in '/home/user/exchange/workspace/src/tiago_pro_navigation/tiago_pro_2dnav' with build type 'ament_cmake'
[0.258s] INFO:colcon.colcon_cmake.task.cmake.build:Building CMake package in '/home/user/exchange/workspace/src/tiago_pro_navigation/tiago_pro_2dnav'
[0.259s] INFO:colcon.colcon_core.shell:Skip shell extension 'powershell' for command environment: Not usable outside of PowerShell
[0.259s] DEBUG:colcon.colcon_core.shell:Skip shell extension 'dsv' for command environment
[0.263s] INFO:colcon.colcon_ros.task.ament_cmake.build:Building ROS package in '/home/user/exchange/workspace/src/tiago_pro_navigation/tiago_pro_rgbd_sensors' with build type 'ament_cmake'
[0.263s] INFO:colcon.colcon_cmake.task.cmake.build:Building CMake package in '/home/user/exchange/workspace/src/tiago_pro_navigation/tiago_pro_rgbd_sensors'
[0.263s] INFO:colcon.colcon_core.shell:Skip shell extension 'powershell' for command environment: Not usable outside of PowerShell
[0.263s] DEBUG:colcon.colcon_core.shell:Skip shell extension 'dsv' for command environment
[0.421s] INFO:colcon.colcon_core.task.python.build:Building Python package in '/home/user/exchange/workspace/src/pal_pro_gripper/pal_pro_gripper_wrapper'
[0.421s] INFO:colcon.colcon_core.shell:Skip shell extension 'powershell' for command environment: Not usable outside of PowerShell
[0.421s] DEBUG:colcon.colcon_core.shell:Skip shell extension 'dsv' for command environment
[0.427s] DEBUG:colcon.colcon_core.event_handler.log_command:Invoking command in '/home/user/exchange/workspace/build/pal_pro_gripper_description': CMAKE_PREFIX_PATH=${CMAKE_PREFIX_PATH}:/home/user/exchange/workspace/install/pick_task:/home/user/exchange/workspace/install/pal_pro_gripper_wrapper:/opt/ros/humble /usr/bin/cmake --build /home/user/exchange/workspace/build/pal_pro_gripper_description -- -j12 -l12
[0.430s] DEBUG:colcon.colcon_core.event_handler.log_command:Invoking command in '/home/user/exchange/workspace/build/tiago_pro_laser_sensors': CMAKE_PREFIX_PATH=${CMAKE_PREFIX_PATH}:/home/user/exchange/workspace/install/pick_task:/home/user/exchange/workspace/install/pal_pro_gripper_wrapper:/opt/ros/humble /usr/bin/cmake --build /home/user/exchange/workspace/build/tiago_pro_laser_sensors -- -j12 -l12
[0.431s] DEBUG:colcon.colcon_core.event_handler.log_command:Invoking command in '/home/user/exchange/workspace/build/pal_gazebo_worlds': CMAKE_PREFIX_PATH=${CMAKE_PREFIX_PATH}:/home/user/exchange/workspace/install/pick_task:/home/user/exchange/workspace/install/pal_pro_gripper_wrapper:/opt/ros/humble /usr/bin/cmake --build /home/user/exchange/workspace/build/pal_gazebo_worlds -- -j12 -l12
[0.434s] DEBUG:colcon.colcon_core.event_handler.log_command:Invoking command in '/home/user/exchange/workspace/build/tiago_pro_2dnav': CMAKE_PREFIX_PATH=${CMAKE_PREFIX_PATH}:/home/user/exchange/workspace/install/pick_task:/home/user/exchange/workspace/install/pal_pro_gripper_wrapper:/opt/ros/humble /usr/bin/cmake --build /home/user/exchange/workspace/build/tiago_pro_2dnav -- -j12 -l12
[0.439s] DEBUG:colcon.colcon_core.event_handler.log_command:Invoking command in '/home/user/exchange/workspace/build/tiago_pro_rgbd_sensors': CMAKE_PREFIX_PATH=${CMAKE_PREFIX_PATH}:/home/user/exchange/workspace/install/pick_task:/home/user/exchange/workspace/install/pal_pro_gripper_wrapper:/opt/ros/humble /usr/bin/cmake --build /home/user/exchange/workspace/build/tiago_pro_rgbd_sensors -- -j12 -l12
[0.458s] DEBUG:colcon.colcon_core.event_handler.log_command:Invoked command in '/home/user/exchange/workspace/build/tiago_pro_laser_sensors' returned '0': CMAKE_PREFIX_PATH=${CMAKE_PREFIX_PATH}:/home/user/exchange/workspace/install/pick_task:/home/user/exchange/workspace/install/pal_pro_gripper_wrapper:/opt/ros/humble /usr/bin/cmake --build /home/user/exchange/workspace/build/tiago_pro_laser_sensors -- -j12 -l12
[0.465s] DEBUG:colcon.colcon_core.event_handler.log_command:Invoking command in '/home/user/exchange/workspace/build/tiago_pro_laser_sensors': CMAKE_PREFIX_PATH=${CMAKE_PREFIX_PATH}:/home/user/exchange/workspace/install/pick_task:/home/user/exchange/workspace/install/pal_pro_gripper_wrapper:/opt/ros/humble /usr/bin/cmake --install /home/user/exchange/workspace/build/tiago_pro_laser_sensors
[0.466s] DEBUG:colcon.colcon_core.event_handler.log_command:Invoked command in '/home/user/exchange/workspace/build/pal_gazebo_worlds' returned '0': CMAKE_PREFIX_PATH=${CMAKE_PREFIX_PATH}:/home/user/exchange/workspace/install/pick_task:/home/user/exchange/workspace/install/pal_pro_gripper_wrapper:/opt/ros/humble /usr/bin/cmake --build /home/user/exchange/workspace/build/pal_gazebo_worlds -- -j12 -l12
[0.467s] DEBUG:colcon.colcon_core.event_handler.log_command:Invoking command in '/home/user/exchange/workspace/build/pal_gazebo_worlds': CMAKE_PREFIX_PATH=${CMAKE_PREFIX_PATH}:/home/user/exchange/workspace/install/pick_task:/home/user/exchange/workspace/install/pal_pro_gripper_wrapper:/opt/ros/humble /usr/bin/cmake --install /home/user/exchange/workspace/build/pal_gazebo_worlds
[0.467s] DEBUG:colcon.colcon_core.event_handler.log_command:Invoked command in '/home/user/exchange/workspace/build/tiago_pro_2dnav' returned '0': CMAKE_PREFIX_PATH=${CMAKE_PREFIX_PATH}:/home/user/exchange/workspace/install/pick_task:/home/user/exchange/workspace/install/pal_pro_gripper_wrapper:/opt/ros/humble /usr/bin/cmake --build /home/user/exchange/workspace/build/tiago_pro_2dnav -- -j12 -l12
[0.469s] DEBUG:colcon.colcon_core.event_handler.log_command:Invoking command in '/home/user/exchange/workspace/build/tiago_pro_2dnav': CMAKE_PREFIX_PATH=${CMAKE_PREFIX_PATH}:/home/user/exchange/workspace/install/pick_task:/home/user/exchange/workspace/install/pal_pro_gripper_wrapper:/opt/ros/humble /usr/bin/cmake --install /home/user/exchange/workspace/build/tiago_pro_2dnav
[0.470s] DEBUG:colcon.colcon_core.event_handler.log_command:Invoked command in '/home/user/exchange/workspace/build/tiago_pro_rgbd_sensors' returned '0': CMAKE_PREFIX_PATH=${CMAKE_PREFIX_PATH}:/home/user/exchange/workspace/install/pick_task:/home/user/exchange/workspace/install/pal_pro_gripper_wrapper:/opt/ros/humble /usr/bin/cmake --build /home/user/exchange/workspace/build/tiago_pro_rgbd_sensors -- -j12 -l12
[0.473s] DEBUG:colcon.colcon_core.event_handler.log_command:Invoking command in '/home/user/exchange/workspace/build/tiago_pro_rgbd_sensors': CMAKE_PREFIX_PATH=${CMAKE_PREFIX_PATH}:/home/user/exchange/workspace/install/pick_task:/home/user/exchange/workspace/install/pal_pro_gripper_wrapper:/opt/ros/humble /usr/bin/cmake --install /home/user/exchange/workspace/build/tiago_pro_rgbd_sensors
[0.475s] Level 1:colcon.colcon_core.environment:create_environment_scripts_only(tiago_pro_laser_sensors)
[0.476s] DEBUG:colcon.colcon_core.event_handler.log_command:Invoked command in '/home/user/exchange/workspace/build/tiago_pro_laser_sensors' returned '0': CMAKE_PREFIX_PATH=${CMAKE_PREFIX_PATH}:/home/user/exchange/workspace/install/pick_task:/home/user/exchange/workspace/install/pal_pro_gripper_wrapper:/opt/ros/humble /usr/bin/cmake --install /home/user/exchange/workspace/build/tiago_pro_laser_sensors
[0.486s] Level 1:colcon.colcon_core.environment:checking '/home/user/exchange/workspace/install/tiago_pro_laser_sensors' for CMake module files
[0.488s] Level 1:colcon.colcon_core.environment:checking '/home/user/exchange/workspace/install/tiago_pro_laser_sensors' for CMake config files
[0.488s] Level 1:colcon.colcon_core.shell:create_environment_hook('tiago_pro_laser_sensors', 'cmake_prefix_path')
[0.488s] INFO:colcon.colcon_core.shell:Creating environment hook '/home/user/exchange/workspace/install/tiago_pro_laser_sensors/share/tiago_pro_laser_sensors/hook/cmake_prefix_path.ps1'
[0.491s] INFO:colcon.colcon_core.shell:Creating environment descriptor '/home/user/exchange/workspace/install/tiago_pro_laser_sensors/share/tiago_pro_laser_sensors/hook/cmake_prefix_path.dsv'
[0.494s] INFO:colcon.colcon_core.shell:Creating environment hook '/home/user/exchange/workspace/install/tiago_pro_laser_sensors/share/tiago_pro_laser_sensors/hook/cmake_prefix_path.sh'
[0.495s] Level 1:colcon.colcon_core.environment:checking '/home/user/exchange/workspace/install/tiago_pro_laser_sensors/bin'
[0.495s] Level 1:colcon.colcon_core.environment:checking '/home/user/exchange/workspace/install/tiago_pro_laser_sensors/lib/pkgconfig/tiago_pro_laser_sensors.pc'
[0.495s] Level 1:colcon.colcon_core.environment:checking '/home/user/exchange/workspace/install/tiago_pro_laser_sensors/lib/python3.10/site-packages'
[0.496s] Level 1:colcon.colcon_core.environment:checking '/home/user/exchange/workspace/install/tiago_pro_laser_sensors/bin'
[0.496s] INFO:colcon.colcon_core.shell:Creating package script '/home/user/exchange/workspace/install/tiago_pro_laser_sensors/share/tiago_pro_laser_sensors/package.ps1'
[0.497s] INFO:colcon.colcon_core.shell:Creating package descriptor '/home/user/exchange/workspace/install/tiago_pro_laser_sensors/share/tiago_pro_laser_sensors/package.dsv'
[0.497s] INFO:colcon.colcon_core.shell:Creating package script '/home/user/exchange/workspace/install/tiago_pro_laser_sensors/share/tiago_pro_laser_sensors/package.sh'
[0.498s] INFO:colcon.colcon_core.shell:Creating package script '/home/user/exchange/workspace/install/tiago_pro_laser_sensors/share/tiago_pro_laser_sensors/package.bash'
[0.499s] INFO:colcon.colcon_core.shell:Creating package script '/home/user/exchange/workspace/install/tiago_pro_laser_sensors/share/tiago_pro_laser_sensors/package.zsh'
[0.500s] Level 1:colcon.colcon_core.environment:create_file_with_runtime_dependencies(/home/user/exchange/workspace/install/tiago_pro_laser_sensors/share/colcon-core/packages/tiago_pro_laser_sensors)
[0.501s] Level 1:colcon.colcon_core.environment:create_environment_scripts_only(tiago_pro_laser_sensors)
[0.501s] Level 1:colcon.colcon_core.environment:checking '/home/user/exchange/workspace/install/tiago_pro_laser_sensors' for CMake module files
[0.502s] Level 1:colcon.colcon_core.environment:checking '/home/user/exchange/workspace/install/tiago_pro_laser_sensors' for CMake config files
[0.503s] Level 1:colcon.colcon_core.shell:create_environment_hook('tiago_pro_laser_sensors', 'cmake_prefix_path')
[0.503s] INFO:colcon.colcon_core.shell:Creating environment hook '/home/user/exchange/workspace/install/tiago_pro_laser_sensors/share/tiago_pro_laser_sensors/hook/cmake_prefix_path.ps1'
[0.504s] INFO:colcon.colcon_core.shell:Creating environment descriptor '/home/user/exchange/workspace/install/tiago_pro_laser_sensors/share/tiago_pro_laser_sensors/hook/cmake_prefix_path.dsv'
[0.504s] INFO:colcon.colcon_core.shell:Creating environment hook '/home/user/exchange/workspace/install/tiago_pro_laser_sensors/share/tiago_pro_laser_sensors/hook/cmake_prefix_path.sh'
[0.505s] Level 1:colcon.colcon_core.environment:checking '/home/user/exchange/workspace/install/tiago_pro_laser_sensors/bin'
[0.505s] Level 1:colcon.colcon_core.environment:checking '/home/user/exchange/workspace/install/tiago_pro_laser_sensors/lib/pkgconfig/tiago_pro_laser_sensors.pc'
[0.505s] Level 1:colcon.colcon_core.environment:checking '/home/user/exchange/workspace/install/tiago_pro_laser_sensors/lib/python3.10/site-packages'
[0.505s] Level 1:colcon.colcon_core.environment:checking '/home/user/exchange/workspace/install/tiago_pro_laser_sensors/bin'
[0.506s] INFO:colcon.colcon_core.shell:Creating package script '/home/user/exchange/workspace/install/tiago_pro_laser_sensors/share/tiago_pro_laser_sensors/package.ps1'
[0.507s] INFO:colcon.colcon_core.shell:Creating package descriptor '/home/user/exchange/workspace/install/tiago_pro_laser_sensors/share/tiago_pro_laser_sensors/package.dsv'
[0.508s] INFO:colcon.colcon_core.shell:Creating package script '/home/user/exchange/workspace/install/tiago_pro_laser_sensors/share/tiago_pro_laser_sensors/package.sh'
[0.509s] INFO:colcon.colcon_core.shell:Creating package script '/home/user/exchange/workspace/install/tiago_pro_laser_sensors/share/tiago_pro_laser_sensors/package.bash'
[0.511s] INFO:colcon.colcon_core.shell:Creating package script '/home/user/exchange/workspace/install/tiago_pro_laser_sensors/share/tiago_pro_laser_sensors/package.zsh'
[0.512s] Level 1:colcon.colcon_core.environment:create_file_with_runtime_dependencies(/home/user/exchange/workspace/install/tiago_pro_laser_sensors/share/colcon-core/packages/tiago_pro_laser_sensors)
[0.514s] Level 1:colcon.colcon_core.environment:create_environment_scripts_only(tiago_pro_2dnav)
[0.514s] Level 1:colcon.colcon_core.environment:checking '/home/user/exchange/workspace/install/tiago_pro_2dnav' for CMake module files
[0.515s] Level 1:colcon.colcon_core.environment:checking '/home/user/exchange/workspace/install/tiago_pro_2dnav' for CMake config files
[0.516s] Level 1:colcon.colcon_core.shell:create_environment_hook('tiago_pro_2dnav', 'cmake_prefix_path')
[0.516s] INFO:colcon.colcon_core.shell:Creating environment hook '/home/user/exchange/workspace/install/tiago_pro_2dnav/share/tiago_pro_2dnav/hook/cmake_prefix_path.ps1'
[0.517s] INFO:colcon.colcon_core.shell:Creating environment descriptor '/home/user/exchange/workspace/install/tiago_pro_2dnav/share/tiago_pro_2dnav/hook/cmake_prefix_path.dsv'
[0.517s] INFO:colcon.colcon_core.shell:Creating environment hook '/home/user/exchange/workspace/install/tiago_pro_2dnav/share/tiago_pro_2dnav/hook/cmake_prefix_path.sh'
[0.518s] Level 1:colcon.colcon_core.environment:checking '/home/user/exchange/workspace/install/tiago_pro_2dnav/bin'
[0.518s] Level 1:colcon.colcon_core.environment:checking '/home/user/exchange/workspace/install/tiago_pro_2dnav/lib/pkgconfig/tiago_pro_2dnav.pc'
[0.518s] Level 1:colcon.colcon_core.environment:checking '/home/user/exchange/workspace/install/tiago_pro_2dnav/lib/python3.10/site-packages'
[0.519s] Level 1:colcon.colcon_core.environment:checking '/home/user/exchange/workspace/install/tiago_pro_2dnav/bin'
[0.519s] INFO:colcon.colcon_core.shell:Creating package script '/home/user/exchange/workspace/install/tiago_pro_2dnav/share/tiago_pro_2dnav/package.ps1'
[0.520s] INFO:colcon.colcon_core.shell:Creating package descriptor '/home/user/exchange/workspace/install/tiago_pro_2dnav/share/tiago_pro_2dnav/package.dsv'
[0.521s] INFO:colcon.colcon_core.shell:Creating package script '/home/user/exchange/workspace/install/tiago_pro_2dnav/share/tiago_pro_2dnav/package.sh'
[0.522s] INFO:colcon.colcon_core.shell:Creating package script '/home/user/exchange/workspace/install/tiago_pro_2dnav/share/tiago_pro_2dnav/package.bash'
[0.523s] INFO:colcon.colcon_core.shell:Creating package script '/home/user/exchange/workspace/install/tiago_pro_2dnav/share/tiago_pro_2dnav/package.zsh'
[0.524s] Level 1:colcon.colcon_core.environment:create_file_with_runtime_dependencies(/home/user/exchange/workspace/install/tiago_pro_2dnav/share/colcon-core/packages/tiago_pro_2dnav)
[0.525s] Level 1:colcon.colcon_core.environment:create_environment_scripts_only(tiago_pro_2dnav)
[0.525s] Level 1:colcon.colcon_core.environment:checking '/home/user/exchange/workspace/install/tiago_pro_2dnav' for CMake module files
[0.527s] Level 1:colcon.colcon_core.environment:checking '/home/user/exchange/workspace/install/tiago_pro_2dnav' for CMake config files
[0.528s] Level 1:colcon.colcon_core.shell:create_environment_hook('tiago_pro_2dnav', 'cmake_prefix_path')
[0.528s] INFO:colcon.colcon_core.shell:Creating environment hook '/home/user/exchange/workspace/install/tiago_pro_2dnav/share/tiago_pro_2dnav/hook/cmake_prefix_path.ps1'
[0.530s] INFO:colcon.colcon_core.shell:Creating environment descriptor '/home/user/exchange/workspace/install/tiago_pro_2dnav/share/tiago_pro_2dnav/hook/cmake_prefix_path.dsv'
[0.531s] INFO:colcon.colcon_core.shell:Creating environment hook '/home/user/exchange/workspace/install/tiago_pro_2dnav/share/tiago_pro_2dnav/hook/cmake_prefix_path.sh'
[0.532s] Level 1:colcon.colcon_core.environment:checking '/home/user/exchange/workspace/install/tiago_pro_2dnav/bin'
[0.532s] Level 1:colcon.colcon_core.environment:checking '/home/user/exchange/workspace/install/tiago_pro_2dnav/lib/pkgconfig/tiago_pro_2dnav.pc'
[0.532s] Level 1:colcon.colcon_core.environment:checking '/home/user/exchange/workspace/install/tiago_pro_2dnav/lib/python3.10/site-packages'
[0.533s] Level 1:colcon.colcon_core.environment:checking '/home/user/exchange/workspace/install/tiago_pro_2dnav/bin'
[0.533s] INFO:colcon.colcon_core.shell:Creating package script '/home/user/exchange/workspace/install/tiago_pro_2dnav/share/tiago_pro_2dnav/package.ps1'
[0.534s] INFO:colcon.colcon_core.shell:Creating package descriptor '/home/user/exchange/workspace/install/tiago_pro_2dnav/share/tiago_pro_2dnav/package.dsv'
[0.535s] INFO:colcon.colcon_core.shell:Creating package script '/home/user/exchange/workspace/install/tiago_pro_2dnav/share/tiago_pro_2dnav/package.sh'
[0.535s] INFO:colcon.colcon_core.shell:Creating package script '/home/user/exchange/workspace/install/tiago_pro_2dnav/share/tiago_pro_2dnav/package.bash'
[0.536s] INFO:colcon.colcon_core.shell:Creating package script '/home/user/exchange/workspace/install/tiago_pro_2dnav/share/tiago_pro_2dnav/package.zsh'
[0.537s] Level 1:colcon.colcon_core.environment:create_file_with_runtime_dependencies(/home/user/exchange/workspace/install/tiago_pro_2dnav/share/colcon-core/packages/tiago_pro_2dnav)
[0.537s] Level 1:colcon.colcon_core.environment:create_environment_scripts_only(tiago_pro_rgbd_sensors)
[0.537s] Level 1:colcon.colcon_core.environment:checking '/home/user/exchange/workspace/install/tiago_pro_rgbd_sensors' for CMake module files
[0.538s] Level 1:colcon.colcon_core.environment:checking '/home/user/exchange/workspace/install/tiago_pro_rgbd_sensors' for CMake config files
[0.538s] Level 1:colcon.colcon_core.shell:create_environment_hook('tiago_pro_rgbd_sensors', 'cmake_prefix_path')
[0.538s] INFO:colcon.colcon_core.shell:Creating environment hook '/home/user/exchange/workspace/install/tiago_pro_rgbd_sensors/share/tiago_pro_rgbd_sensors/hook/cmake_prefix_path.ps1'
[0.539s] INFO:colcon.colcon_core.shell:Creating environment descriptor '/home/user/exchange/workspace/install/tiago_pro_rgbd_sensors/share/tiago_pro_rgbd_sensors/hook/cmake_prefix_path.dsv'
[0.539s] INFO:colcon.colcon_core.shell:Creating environment hook '/home/user/exchange/workspace/install/tiago_pro_rgbd_sensors/share/tiago_pro_rgbd_sensors/hook/cmake_prefix_path.sh'
[0.540s] Level 1:colcon.colcon_core.environment:checking '/home/user/exchange/workspace/install/tiago_pro_rgbd_sensors/bin'
[0.540s] Level 1:colcon.colcon_core.environment:checking '/home/user/exchange/workspace/install/tiago_pro_rgbd_sensors/lib/pkgconfig/tiago_pro_rgbd_sensors.pc'
[0.540s] Level 1:colcon.colcon_core.environment:checking '/home/user/exchange/workspace/install/tiago_pro_rgbd_sensors/lib/python3.10/site-packages'
[0.540s] Level 1:colcon.colcon_core.environment:checking '/home/user/exchange/workspace/install/tiago_pro_rgbd_sensors/bin'
[0.541s] INFO:colcon.colcon_core.shell:Creating package script '/home/user/exchange/workspace/install/tiago_pro_rgbd_sensors/share/tiago_pro_rgbd_sensors/package.ps1'
[0.541s] INFO:colcon.colcon_core.shell:Creating package descriptor '/home/user/exchange/workspace/install/tiago_pro_rgbd_sensors/share/tiago_pro_rgbd_sensors/package.dsv'
[0.542s] INFO:colcon.colcon_core.shell:Creating package script '/home/user/exchange/workspace/install/tiago_pro_rgbd_sensors/share/tiago_pro_rgbd_sensors/package.sh'
[0.542s] INFO:colcon.colcon_core.shell:Creating package script '/home/user/exchange/workspace/install/tiago_pro_rgbd_sensors/share/tiago_pro_rgbd_sensors/package.bash'
[0.542s] INFO:colcon.colcon_core.shell:Creating package script '/home/user/exchange/workspace/install/tiago_pro_rgbd_sensors/share/tiago_pro_rgbd_sensors/package.zsh'
[0.543s] Level 1:colcon.colcon_core.environment:create_file_with_runtime_dependencies(/home/user/exchange/workspace/install/tiago_pro_rgbd_sensors/share/colcon-core/packages/tiago_pro_rgbd_sensors)
[0.545s] Level 1:colcon.colcon_core.environment:create_environment_scripts_only(tiago_pro_rgbd_sensors)
[0.545s] Level 1:colcon.colcon_core.environment:checking '/home/user/exchange/workspace/install/tiago_pro_rgbd_sensors' for CMake module files
[0.546s] DEBUG:colcon.colcon_core.event_handler.log_command:Invoked command in '/home/user/exchange/workspace/build/tiago_pro_2dnav' returned '0': CMAKE_PREFIX_PATH=${CMAKE_PREFIX_PATH}:/home/user/exchange/workspace/install/pick_task:/home/user/exchange/workspace/install/pal_pro_gripper_wrapper:/opt/ros/humble /usr/bin/cmake --install /home/user/exchange/workspace/build/tiago_pro_2dnav
[0.546s] Level 1:colcon.colcon_core.environment:checking '/home/user/exchange/workspace/install/tiago_pro_rgbd_sensors' for CMake config files
[0.546s] DEBUG:colcon.colcon_core.event_handler.log_command:Invoked command in '/home/user/exchange/workspace/build/tiago_pro_rgbd_sensors' returned '0': CMAKE_PREFIX_PATH=${CMAKE_PREFIX_PATH}:/home/user/exchange/workspace/install/pick_task:/home/user/exchange/workspace/install/pal_pro_gripper_wrapper:/opt/ros/humble /usr/bin/cmake --install /home/user/exchange/workspace/build/tiago_pro_rgbd_sensors
[0.546s] Level 1:colcon.colcon_core.shell:create_environment_hook('tiago_pro_rgbd_sensors', 'cmake_prefix_path')
[0.546s] INFO:colcon.colcon_core.shell:Creating environment hook '/home/user/exchange/workspace/install/tiago_pro_rgbd_sensors/share/tiago_pro_rgbd_sensors/hook/cmake_prefix_path.ps1'
[0.547s] INFO:colcon.colcon_core.shell:Creating environment descriptor '/home/user/exchange/workspace/install/tiago_pro_rgbd_sensors/share/tiago_pro_rgbd_sensors/hook/cmake_prefix_path.dsv'
[0.547s] INFO:colcon.colcon_core.shell:Creating environment hook '/home/user/exchange/workspace/install/tiago_pro_rgbd_sensors/share/tiago_pro_rgbd_sensors/hook/cmake_prefix_path.sh'
[0.548s] Level 1:colcon.colcon_core.environment:checking '/home/user/exchange/workspace/install/tiago_pro_rgbd_sensors/bin'
[0.548s] Level 1:colcon.colcon_core.environment:checking '/home/user/exchange/workspace/install/tiago_pro_rgbd_sensors/lib/pkgconfig/tiago_pro_rgbd_sensors.pc'
[0.548s] Level 1:colcon.colcon_core.environment:checking '/home/user/exchange/workspace/install/tiago_pro_rgbd_sensors/lib/python3.10/site-packages'
[0.548s] Level 1:colcon.colcon_core.environment:checking '/home/user/exchange/workspace/install/tiago_pro_rgbd_sensors/bin'
[0.548s] INFO:colcon.colcon_core.shell:Creating package script '/home/user/exchange/workspace/install/tiago_pro_rgbd_sensors/share/tiago_pro_rgbd_sensors/package.ps1'
[0.549s] INFO:colcon.colcon_core.shell:Creating package descriptor '/home/user/exchange/workspace/install/tiago_pro_rgbd_sensors/share/tiago_pro_rgbd_sensors/package.dsv'
[0.549s] INFO:colcon.colcon_core.shell:Creating package script '/home/user/exchange/workspace/install/tiago_pro_rgbd_sensors/share/tiago_pro_rgbd_sensors/package.sh'
[0.549s] INFO:colcon.colcon_core.shell:Creating package script '/home/user/exchange/workspace/install/tiago_pro_rgbd_sensors/share/tiago_pro_rgbd_sensors/package.bash'
[0.550s] INFO:colcon.colcon_core.shell:Creating package script '/home/user/exchange/workspace/install/tiago_pro_rgbd_sensors/share/tiago_pro_rgbd_sensors/package.zsh'
[0.550s] Level 1:colcon.colcon_core.environment:create_file_with_runtime_dependencies(/home/user/exchange/workspace/install/tiago_pro_rgbd_sensors/share/colcon-core/packages/tiago_pro_rgbd_sensors)
[0.550s] Level 1:colcon.colcon_core.environment:create_environment_scripts_only(pal_gazebo_worlds)
[0.550s] Level 1:colcon.colcon_core.environment:checking '/home/user/exchange/workspace/install/pal_gazebo_worlds' for CMake module files
[0.551s] Level 1:colcon.colcon_core.environment:checking '/home/user/exchange/workspace/install/pal_gazebo_worlds' for CMake config files
[0.551s] DEBUG:colcon.colcon_core.event_handler.log_command:Invoked command in '/home/user/exchange/workspace/build/pal_gazebo_worlds' returned '0': CMAKE_PREFIX_PATH=${CMAKE_PREFIX_PATH}:/home/user/exchange/workspace/install/pick_task:/home/user/exchange/workspace/install/pal_pro_gripper_wrapper:/opt/ros/humble /usr/bin/cmake --install /home/user/exchange/workspace/build/pal_gazebo_worlds
[0.554s] Level 1:colcon.colcon_core.shell:create_environment_hook('pal_gazebo_worlds', 'cmake_prefix_path')
[0.555s] INFO:colcon.colcon_core.shell:Creating environment hook '/home/user/exchange/workspace/install/pal_gazebo_worlds/share/pal_gazebo_worlds/hook/cmake_prefix_path.ps1'
[0.555s] INFO:colcon.colcon_core.shell:Creating environment descriptor '/home/user/exchange/workspace/install/pal_gazebo_worlds/share/pal_gazebo_worlds/hook/cmake_prefix_path.dsv'
[0.555s] INFO:colcon.colcon_core.shell:Creating environment hook '/home/user/exchange/workspace/install/pal_gazebo_worlds/share/pal_gazebo_worlds/hook/cmake_prefix_path.sh'
[0.556s] Level 1:colcon.colcon_core.environment:checking '/home/user/exchange/workspace/install/pal_gazebo_worlds/bin'
[0.556s] Level 1:colcon.colcon_core.environment:checking '/home/user/exchange/workspace/install/pal_gazebo_worlds/lib/pkgconfig/pal_gazebo_worlds.pc'
[0.556s] Level 1:colcon.colcon_core.environment:checking '/home/user/exchange/workspace/install/pal_gazebo_worlds/lib/python3.10/site-packages'
[0.556s] Level 1:colcon.colcon_core.environment:checking '/home/user/exchange/workspace/install/pal_gazebo_worlds/bin'
[0.557s] INFO:colcon.colcon_core.shell:Creating package script '/home/user/exchange/workspace/install/pal_gazebo_worlds/share/pal_gazebo_worlds/package.ps1'
[0.557s] INFO:colcon.colcon_core.shell:Creating package descriptor '/home/user/exchange/workspace/install/pal_gazebo_worlds/share/pal_gazebo_worlds/package.dsv'
[0.557s] INFO:colcon.colcon_core.shell:Creating package script '/home/user/exchange/workspace/install/pal_gazebo_worlds/share/pal_gazebo_worlds/package.sh'
[0.558s] INFO:colcon.colcon_core.shell:Creating package script '/home/user/exchange/workspace/install/pal_gazebo_worlds/share/pal_gazebo_worlds/package.bash'
[0.558s] INFO:colcon.colcon_core.shell:Creating package script '/home/user/exchange/workspace/install/pal_gazebo_worlds/share/pal_gazebo_worlds/package.zsh'
[0.558s] Level 1:colcon.colcon_core.environment:create_file_with_runtime_dependencies(/home/user/exchange/workspace/install/pal_gazebo_worlds/share/colcon-core/packages/pal_gazebo_worlds)
[0.558s] Level 1:colcon.colcon_core.environment:create_environment_scripts_only(pal_gazebo_worlds)
[0.559s] Level 1:colcon.colcon_core.environment:checking '/home/user/exchange/workspace/install/pal_gazebo_worlds' for CMake module files
[0.559s] Level 1:colcon.colcon_core.environment:checking '/home/user/exchange/workspace/install/pal_gazebo_worlds' for CMake config files
[0.561s] Level 1:colcon.colcon_core.shell:create_environment_hook('pal_gazebo_worlds', 'cmake_prefix_path')
[0.561s] INFO:colcon.colcon_core.shell:Creating environment hook '/home/user/exchange/workspace/install/pal_gazebo_worlds/share/pal_gazebo_worlds/hook/cmake_prefix_path.ps1'
[0.561s] INFO:colcon.colcon_core.shell:Creating environment descriptor '/home/user/exchange/workspace/install/pal_gazebo_worlds/share/pal_gazebo_worlds/hook/cmake_prefix_path.dsv'
[0.562s] INFO:colcon.colcon_core.shell:Creating environment hook '/home/user/exchange/workspace/install/pal_gazebo_worlds/share/pal_gazebo_worlds/hook/cmake_prefix_path.sh'
[0.562s] Level 1:colcon.colcon_core.environment:checking '/home/user/exchange/workspace/install/pal_gazebo_worlds/bin'
[0.562s] Level 1:colcon.colcon_core.environment:checking '/home/user/exchange/workspace/install/pal_gazebo_worlds/lib/pkgconfig/pal_gazebo_worlds.pc'
[0.562s] Level 1:colcon.colcon_core.environment:checking '/home/user/exchange/workspace/install/pal_gazebo_worlds/lib/python3.10/site-packages'
[0.562s] Level 1:colcon.colcon_core.environment:checking '/home/user/exchange/workspace/install/pal_gazebo_worlds/bin'
[0.562s] INFO:colcon.colcon_core.shell:Creating package script '/home/user/exchange/workspace/install/pal_gazebo_worlds/share/pal_gazebo_worlds/package.ps1'
[0.563s] INFO:colcon.colcon_core.shell:Creating package descriptor '/home/user/exchange/workspace/install/pal_gazebo_worlds/share/pal_gazebo_worlds/package.dsv'
[0.563s] INFO:colcon.colcon_core.shell:Creating package script '/home/user/exchange/workspace/install/pal_gazebo_worlds/share/pal_gazebo_worlds/package.sh'
[0.563s] INFO:colcon.colcon_core.shell:Creating package script '/home/user/exchange/workspace/install/pal_gazebo_worlds/share/pal_gazebo_worlds/package.bash'
[0.564s] INFO:colcon.colcon_core.shell:Creating package script '/home/user/exchange/workspace/install/pal_gazebo_worlds/share/pal_gazebo_worlds/package.zsh'
[0.564s] Level 1:colcon.colcon_core.environment:create_file_with_runtime_dependencies(/home/user/exchange/workspace/install/pal_gazebo_worlds/share/colcon-core/packages/pal_gazebo_worlds)
[0.564s] INFO:colcon.colcon_ros.task.ament_cmake.build:Building ROS package in '/home/user/exchange/workspace/src/tiago_pro_navigation/tiago_pro_navigation' with build type 'ament_cmake'
[0.564s] INFO:colcon.colcon_cmake.task.cmake.build:Building CMake package in '/home/user/exchange/workspace/src/tiago_pro_navigation/tiago_pro_navigation'
[0.565s] INFO:colcon.colcon_core.shell:Skip shell extension 'powershell' for command environment: Not usable outside of PowerShell
[0.565s] DEBUG:colcon.colcon_core.shell:Skip shell extension 'dsv' for command environment
[0.574s] DEBUG:colcon.colcon_core.event_handler.log_command:Invoking command in '/home/user/exchange/workspace/build/tiago_pro_navigation': CMAKE_PREFIX_PATH=/home/user/exchange/workspace/install/tiago_pro_rgbd_sensors:/home/user/exchange/workspace/install/tiago_pro_laser_sensors:/home/user/exchange/workspace/install/tiago_pro_2dnav:/home/user/exchange/workspace/install/tiago_manipulation_tasks:/home/user/exchange/workspace/install/tiago_pro_simulation:/home/user/exchange/workspace/install/tiago_pro_robot:/home/user/exchange/workspace/install/tiago_pro_navigation:/home/user/exchange/workspace/install/tiago_pro_gazebo:/home/user/exchange/workspace/install/tiago_pro_mujoco:/home/user/exchange/workspace/install/tiago_pro_moveit_config:/home/user/exchange/workspace/install/tiago_pro_description:/home/user/exchange/workspace/install/tiago_pro_bringup:/home/user/exchange/workspace/install/tiago_pro_controller_configuration:/home/user/exchange/workspace/install/pal_sea_arm_moveit_config:/home/user/exchange/workspace/install/pal_sea_arm:/home/user/exchange/workspace/install/pal_sea_arm_bringup:/home/user/exchange/workspace/install/pal_sea_arm_description:/home/user/exchange/workspace/install/pal_sea_arm_controller_configuration:/home/user/exchange/workspace/install/pal_pro_gripper_simulation:/home/user/exchange/workspace/install/pal_pro_gripper_bringup:/home/user/exchange/workspace/install/pal_pro_gripper:/home/user/exchange/workspace/install/pal_pro_gripper_controller_configuration:/home/user/exchange/workspace/install/pal_pro_gripper_description:/home/user/exchange/workspace/install/pal_gazebo_worlds:/home/user/exchange/workspace/install/pick_task:/home/user/exchange/workspace/install/pal_pro_gripper_wrapper:/opt/ros/humble /usr/bin/cmake --build /home/user/exchange/workspace/build/tiago_pro_navigation -- -j12 -l12
[0.600s] DEBUG:colcon.colcon_core.event_handler.log_command:Invoked command in '/home/user/exchange/workspace/build/tiago_pro_navigation' returned '0': CMAKE_PREFIX_PATH=/home/user/exchange/workspace/install/tiago_pro_rgbd_sensors:/home/user/exchange/workspace/install/tiago_pro_laser_sensors:/home/user/exchange/workspace/install/tiago_pro_2dnav:/home/user/exchange/workspace/install/tiago_manipulation_tasks:/home/user/exchange/workspace/install/tiago_pro_simulation:/home/user/exchange/workspace/install/tiago_pro_robot:/home/user/exchange/workspace/install/tiago_pro_navigation:/home/user/exchange/workspace/install/tiago_pro_gazebo:/home/user/exchange/workspace/install/tiago_pro_mujoco:/home/user/exchange/workspace/install/tiago_pro_moveit_config:/home/user/exchange/workspace/install/tiago_pro_description:/home/user/exchange/workspace/install/tiago_pro_bringup:/home/user/exchange/workspace/install/tiago_pro_controller_configuration:/home/user/exchange/workspace/install/pal_sea_arm_moveit_config:/home/user/exchange/workspace/install/pal_sea_arm:/home/user/exchange/workspace/install/pal_sea_arm_bringup:/home/user/exchange/workspace/install/pal_sea_arm_description:/home/user/exchange/workspace/install/pal_sea_arm_controller_configuration:/home/user/exchange/workspace/install/pal_pro_gripper_simulation:/home/user/exchange/workspace/install/pal_pro_gripper_bringup:/home/user/exchange/workspace/install/pal_pro_gripper:/home/user/exchange/workspace/install/pal_pro_gripper_controller_configuration:/home/user/exchange/workspace/install/pal_pro_gripper_description:/home/user/exchange/workspace/install/pal_gazebo_worlds:/home/user/exchange/workspace/install/pick_task:/home/user/exchange/workspace/install/pal_pro_gripper_wrapper:/opt/ros/humble /usr/bin/cmake --build /home/user/exchange/workspace/build/tiago_pro_navigation -- -j12 -l12
[0.601s] DEBUG:colcon.colcon_core.event_handler.log_command:Invoking command in '/home/user/exchange/workspace/build/tiago_pro_navigation': CMAKE_PREFIX_PATH=/home/user/exchange/workspace/install/tiago_pro_rgbd_sensors:/home/user/exchange/workspace/install/tiago_pro_laser_sensors:/home/user/exchange/workspace/install/tiago_pro_2dnav:/home/user/exchange/workspace/install/tiago_manipulation_tasks:/home/user/exchange/workspace/install/tiago_pro_simulation:/home/user/exchange/workspace/install/tiago_pro_robot:/home/user/exchange/workspace/install/tiago_pro_navigation:/home/user/exchange/workspace/install/tiago_pro_gazebo:/home/user/exchange/workspace/install/tiago_pro_mujoco:/home/user/exchange/workspace/install/tiago_pro_moveit_config:/home/user/exchange/workspace/install/tiago_pro_description:/home/user/exchange/workspace/install/tiago_pro_bringup:/home/user/exchange/workspace/install/tiago_pro_controller_configuration:/home/user/exchange/workspace/install/pal_sea_arm_moveit_config:/home/user/exchange/workspace/install/pal_sea_arm:/home/user/exchange/workspace/install/pal_sea_arm_bringup:/home/user/exchange/workspace/install/pal_sea_arm_description:/home/user/exchange/workspace/install/pal_sea_arm_controller_configuration:/home/user/exchange/workspace/install/pal_pro_gripper_simulation:/home/user/exchange/workspace/install/pal_pro_gripper_bringup:/home/user/exchange/workspace/install/pal_pro_gripper:/home/user/exchange/workspace/install/pal_pro_gripper_controller_configuration:/home/user/exchange/workspace/install/pal_pro_gripper_description:/home/user/exchange/workspace/install/pal_gazebo_worlds:/home/user/exchange/workspace/install/pick_task:/home/user/exchange/workspace/install/pal_pro_gripper_wrapper:/opt/ros/humble /usr/bin/cmake --install /home/user/exchange/workspace/build/tiago_pro_navigation
[0.608s] Level 1:colcon.colcon_core.environment:create_environment_scripts_only(tiago_pro_navigation)
[0.608s] Level 1:colcon.colcon_core.environment:checking '/home/user/exchange/workspace/install/tiago_pro_navigation' for CMake module files
[0.608s] DEBUG:colcon.colcon_core.event_handler.log_command:Invoked command in '/home/user/exchange/workspace/build/tiago_pro_navigation' returned '0': CMAKE_PREFIX_PATH=/home/user/exchange/workspace/install/tiago_pro_rgbd_sensors:/home/user/exchange/workspace/install/tiago_pro_laser_sensors:/home/user/exchange/workspace/install/tiago_pro_2dnav:/home/user/exchange/workspace/install/tiago_manipulation_tasks:/home/user/exchange/workspace/install/tiago_pro_simulation:/home/user/exchange/workspace/install/tiago_pro_robot:/home/user/exchange/workspace/install/tiago_pro_navigation:/home/user/exchange/workspace/install/tiago_pro_gazebo:/home/user/exchange/workspace/install/tiago_pro_mujoco:/home/user/exchange/workspace/install/tiago_pro_moveit_config:/home/user/exchange/workspace/install/tiago_pro_description:/home/user/exchange/workspace/install/tiago_pro_bringup:/home/user/exchange/workspace/install/tiago_pro_controller_configuration:/home/user/exchange/workspace/install/pal_sea_arm_moveit_config:/home/user/exchange/workspace/install/pal_sea_arm:/home/user/exchange/workspace/install/pal_sea_arm_bringup:/home/user/exchange/workspace/install/pal_sea_arm_description:/home/user/exchange/workspace/install/pal_sea_arm_controller_configuration:/home/user/exchange/workspace/install/pal_pro_gripper_simulation:/home/user/exchange/workspace/install/pal_pro_gripper_bringup:/home/user/exchange/workspace/install/pal_pro_gripper:/home/user/exchange/workspace/install/pal_pro_gripper_controller_configuration:/home/user/exchange/workspace/install/pal_pro_gripper_description:/home/user/exchange/workspace/install/pal_gazebo_worlds:/home/user/exchange/workspace/install/pick_task:/home/user/exchange/workspace/install/pal_pro_gripper_wrapper:/opt/ros/humble /usr/bin/cmake --install /home/user/exchange/workspace/build/tiago_pro_navigation
[0.609s] Level 1:colcon.colcon_core.environment:checking '/home/user/exchange/workspace/install/tiago_pro_navigation' for CMake config files
[0.609s] Level 1:colcon.colcon_core.shell:create_environment_hook('tiago_pro_navigation', 'cmake_prefix_path')
[0.609s] INFO:colcon.colcon_core.shell:Creating environment hook '/home/user/exchange/workspace/install/tiago_pro_navigation/share/tiago_pro_navigation/hook/cmake_prefix_path.ps1'
[0.609s] INFO:colcon.colcon_core.shell:Creating environment descriptor '/home/user/exchange/workspace/install/tiago_pro_navigation/share/tiago_pro_navigation/hook/cmake_prefix_path.dsv'
[0.610s] INFO:colcon.colcon_core.shell:Creating environment hook '/home/user/exchange/workspace/install/tiago_pro_navigation/share/tiago_pro_navigation/hook/cmake_prefix_path.sh'
[0.610s] Level 1:colcon.colcon_core.environment:checking '/home/user/exchange/workspace/install/tiago_pro_navigation/bin'
[0.610s] Level 1:colcon.colcon_core.environment:checking '/home/user/exchange/workspace/install/tiago_pro_navigation/lib/pkgconfig/tiago_pro_navigation.pc'
[0.610s] Level 1:colcon.colcon_core.environment:checking '/home/user/exchange/workspace/install/tiago_pro_navigation/lib/python3.10/site-packages'
[0.610s] Level 1:colcon.colcon_core.environment:checking '/home/user/exchange/workspace/install/tiago_pro_navigation/bin'
[0.610s] INFO:colcon.colcon_core.shell:Creating package script '/home/user/exchange/workspace/install/tiago_pro_navigation/share/tiago_pro_navigation/package.ps1'
[0.611s] INFO:colcon.colcon_core.shell:Creating package descriptor '/home/user/exchange/workspace/install/tiago_pro_navigation/share/tiago_pro_navigation/package.dsv'
[0.611s] INFO:colcon.colcon_core.shell:Creating package script '/home/user/exchange/workspace/install/tiago_pro_navigation/share/tiago_pro_navigation/package.sh'
[0.611s] INFO:colcon.colcon_core.shell:Creating package script '/home/user/exchange/workspace/install/tiago_pro_navigation/share/tiago_pro_navigation/package.bash'
[0.611s] INFO:colcon.colcon_core.shell:Creating package script '/home/user/exchange/workspace/install/tiago_pro_navigation/share/tiago_pro_navigation/package.zsh'
[0.612s] Level 1:colcon.colcon_core.environment:create_file_with_runtime_dependencies(/home/user/exchange/workspace/install/tiago_pro_navigation/share/colcon-core/packages/tiago_pro_navigation)
[0.612s] Level 1:colcon.colcon_core.environment:create_environment_scripts_only(tiago_pro_navigation)
[0.612s] Level 1:colcon.colcon_core.environment:checking '/home/user/exchange/workspace/install/tiago_pro_navigation' for CMake module files
[0.612s] Level 1:colcon.colcon_core.environment:checking '/home/user/exchange/workspace/install/tiago_pro_navigation' for CMake config files
[0.613s] Level 1:colcon.colcon_core.shell:create_environment_hook('tiago_pro_navigation', 'cmake_prefix_path')
[0.613s] INFO:colcon.colcon_core.shell:Creating environment hook '/home/user/exchange/workspace/install/tiago_pro_navigation/share/tiago_pro_navigation/hook/cmake_prefix_path.ps1'
[0.613s] INFO:colcon.colcon_core.shell:Creating environment descriptor '/home/user/exchange/workspace/install/tiago_pro_navigation/share/tiago_pro_navigation/hook/cmake_prefix_path.dsv'
[0.613s] INFO:colcon.colcon_core.shell:Creating environment hook '/home/user/exchange/workspace/install/tiago_pro_navigation/share/tiago_pro_navigation/hook/cmake_prefix_path.sh'
[0.614s] Level 1:colcon.colcon_core.environment:checking '/home/user/exchange/workspace/install/tiago_pro_navigation/bin'
[0.614s] Level 1:colcon.colcon_core.environment:checking '/home/user/exchange/workspace/install/tiago_pro_navigation/lib/pkgconfig/tiago_pro_navigation.pc'
[0.614s] Level 1:colcon.colcon_core.environment:checking '/home/user/exchange/workspace/install/tiago_pro_navigation/lib/python3.10/site-packages'
[0.614s] Level 1:colcon.colcon_core.environment:checking '/home/user/exchange/workspace/install/tiago_pro_navigation/bin'
[0.614s] INFO:colcon.colcon_core.shell:Creating package script '/home/user/exchange/workspace/install/tiago_pro_navigation/share/tiago_pro_navigation/package.ps1'
[0.615s] INFO:colcon.colcon_core.shell:Creating package descriptor '/home/user/exchange/workspace/install/tiago_pro_navigation/share/tiago_pro_navigation/package.dsv'
[0.615s] INFO:colcon.colcon_core.shell:Creating package script '/home/user/exchange/workspace/install/tiago_pro_navigation/share/tiago_pro_navigation/package.sh'
[0.615s] INFO:colcon.colcon_core.shell:Creating package script '/home/user/exchange/workspace/install/tiago_pro_navigation/share/tiago_pro_navigation/package.bash'
[0.615s] INFO:colcon.colcon_core.shell:Creating package script '/home/user/exchange/workspace/install/tiago_pro_navigation/share/tiago_pro_navigation/package.zsh'
[0.616s] Level 1:colcon.colcon_core.environment:create_file_with_runtime_dependencies(/home/user/exchange/workspace/install/tiago_pro_navigation/share/colcon-core/packages/tiago_pro_navigation)
[0.659s] DEBUG:colcon.colcon_core.event_handler.log_command:Invoked command in '/home/user/exchange/workspace/build/pal_pro_gripper_description' returned '0': CMAKE_PREFIX_PATH=${CMAKE_PREFIX_PATH}:/home/user/exchange/workspace/install/pick_task:/home/user/exchange/workspace/install/pal_pro_gripper_wrapper:/opt/ros/humble /usr/bin/cmake --build /home/user/exchange/workspace/build/pal_pro_gripper_description -- -j12 -l12
[0.660s] DEBUG:colcon.colcon_core.event_handler.log_command:Invoking command in '/home/user/exchange/workspace/build/pal_pro_gripper_description': CMAKE_PREFIX_PATH=${CMAKE_PREFIX_PATH}:/home/user/exchange/workspace/install/pick_task:/home/user/exchange/workspace/install/pal_pro_gripper_wrapper:/opt/ros/humble /usr/bin/cmake --install /home/user/exchange/workspace/build/pal_pro_gripper_description
[0.697s] Level 1:colcon.colcon_core.environment:create_environment_scripts_only(pal_pro_gripper_description)
[0.697s] Level 1:colcon.colcon_core.environment:checking '/home/user/exchange/workspace/install/pal_pro_gripper_description' for CMake module files
[0.697s] DEBUG:colcon.colcon_core.event_handler.log_command:Invoked command in '/home/user/exchange/workspace/build/pal_pro_gripper_description' returned '0': CMAKE_PREFIX_PATH=${CMAKE_PREFIX_PATH}:/home/user/exchange/workspace/install/pick_task:/home/user/exchange/workspace/install/pal_pro_gripper_wrapper:/opt/ros/humble /usr/bin/cmake --install /home/user/exchange/workspace/build/pal_pro_gripper_description
[0.697s] Level 1:colcon.colcon_core.environment:checking '/home/user/exchange/workspace/install/pal_pro_gripper_description' for CMake config files
[0.698s] Level 1:colcon.colcon_core.shell:create_environment_hook('pal_pro_gripper_description', 'cmake_prefix_path')
[0.698s] INFO:colcon.colcon_core.shell:Creating environment hook '/home/user/exchange/workspace/install/pal_pro_gripper_description/share/pal_pro_gripper_description/hook/cmake_prefix_path.ps1'
[0.698s] INFO:colcon.colcon_core.shell:Creating environment descriptor '/home/user/exchange/workspace/install/pal_pro_gripper_description/share/pal_pro_gripper_description/hook/cmake_prefix_path.dsv'
[0.699s] INFO:colcon.colcon_core.shell:Creating environment hook '/home/user/exchange/workspace/install/pal_pro_gripper_description/share/pal_pro_gripper_description/hook/cmake_prefix_path.sh'
[0.699s] Level 1:colcon.colcon_core.environment:checking '/home/user/exchange/workspace/install/pal_pro_gripper_description/bin'
[0.699s] Level 1:colcon.colcon_core.environment:checking '/home/user/exchange/workspace/install/pal_pro_gripper_description/lib/pkgconfig/pal_pro_gripper_description.pc'
[0.699s] Level 1:colcon.colcon_core.environment:checking '/home/user/exchange/workspace/install/pal_pro_gripper_description/lib/python3.10/site-packages'
[0.699s] Level 1:colcon.colcon_core.environment:checking '/home/user/exchange/workspace/install/pal_pro_gripper_description/bin'
[0.700s] INFO:colcon.colcon_core.shell:Creating package script '/home/user/exchange/workspace/install/pal_pro_gripper_description/share/pal_pro_gripper_description/package.ps1'
[0.700s] INFO:colcon.colcon_core.shell:Creating package descriptor '/home/user/exchange/workspace/install/pal_pro_gripper_description/share/pal_pro_gripper_description/package.dsv'
[0.700s] INFO:colcon.colcon_core.shell:Creating package script '/home/user/exchange/workspace/install/pal_pro_gripper_description/share/pal_pro_gripper_description/package.sh'
[0.700s] INFO:colcon.colcon_core.shell:Creating package script '/home/user/exchange/workspace/install/pal_pro_gripper_description/share/pal_pro_gripper_description/package.bash'
[0.701s] INFO:colcon.colcon_core.shell:Creating package script '/home/user/exchange/workspace/install/pal_pro_gripper_description/share/pal_pro_gripper_description/package.zsh'
[0.701s] Level 1:colcon.colcon_core.environment:create_file_with_runtime_dependencies(/home/user/exchange/workspace/install/pal_pro_gripper_description/share/colcon-core/packages/pal_pro_gripper_description)
[0.701s] Level 1:colcon.colcon_core.environment:create_environment_scripts_only(pal_pro_gripper_description)
[0.701s] Level 1:colcon.colcon_core.environment:checking '/home/user/exchange/workspace/install/pal_pro_gripper_description' for CMake module files
[0.702s] Level 1:colcon.colcon_core.environment:checking '/home/user/exchange/workspace/install/pal_pro_gripper_description' for CMake config files
[0.702s] Level 1:colcon.colcon_core.shell:create_environment_hook('pal_pro_gripper_description', 'cmake_prefix_path')
[0.702s] INFO:colcon.colcon_core.shell:Creating environment hook '/home/user/exchange/workspace/install/pal_pro_gripper_description/share/pal_pro_gripper_description/hook/cmake_prefix_path.ps1'
[0.702s] INFO:colcon.colcon_core.shell:Creating environment descriptor '/home/user/exchange/workspace/install/pal_pro_gripper_description/share/pal_pro_gripper_description/hook/cmake_prefix_path.dsv'
[0.703s] INFO:colcon.colcon_core.shell:Creating environment hook '/home/user/exchange/workspace/install/pal_pro_gripper_description/share/pal_pro_gripper_description/hook/cmake_prefix_path.sh'
[0.703s] Level 1:colcon.colcon_core.environment:checking '/home/user/exchange/workspace/install/pal_pro_gripper_description/bin'
[0.703s] Level 1:colcon.colcon_core.environment:checking '/home/user/exchange/workspace/install/pal_pro_gripper_description/lib/pkgconfig/pal_pro_gripper_description.pc'
[0.703s] Level 1:colcon.colcon_core.environment:checking '/home/user/exchange/workspace/install/pal_pro_gripper_description/lib/python3.10/site-packages'
[0.703s] Level 1:colcon.colcon_core.environment:checking '/home/user/exchange/workspace/install/pal_pro_gripper_description/bin'
[0.704s] INFO:colcon.colcon_core.shell:Creating package script '/home/user/exchange/workspace/install/pal_pro_gripper_description/share/pal_pro_gripper_description/package.ps1'
[0.704s] INFO:colcon.colcon_core.shell:Creating package descriptor '/home/user/exchange/workspace/install/pal_pro_gripper_description/share/pal_pro_gripper_description/package.dsv'
[0.704s] INFO:colcon.colcon_core.shell:Creating package script '/home/user/exchange/workspace/install/pal_pro_gripper_description/share/pal_pro_gripper_description/package.sh'
[0.704s] INFO:colcon.colcon_core.shell:Creating package script '/home/user/exchange/workspace/install/pal_pro_gripper_description/share/pal_pro_gripper_description/package.bash'
[0.705s] INFO:colcon.colcon_core.shell:Creating package script '/home/user/exchange/workspace/install/pal_pro_gripper_description/share/pal_pro_gripper_description/package.zsh'
[0.705s] Level 1:colcon.colcon_core.environment:create_file_with_runtime_dependencies(/home/user/exchange/workspace/install/pal_pro_gripper_description/share/colcon-core/packages/pal_pro_gripper_description)
[0.707s] DEBUG:colcon.colcon_core.event_handler.log_command:Invoking command in '/home/user/exchange/workspace/src/pal_pro_gripper/pal_pro_gripper_wrapper': PYTHONPATH=/home/user/exchange/workspace/build/pal_pro_gripper_wrapper/prefix_override:/usr/lib/python3/dist-packages/colcon_core/task/python/colcon_distutils_commands:/home/user/exchange/workspace/install/pal_pro_gripper_wrapper/lib/python3.10/site-packages:${PYTHONPATH} /usr/bin/python3 -W ignore:setup.py install is deprecated -W ignore:easy_install command is deprecated setup.py egg_info --egg-base ../../../build/pal_pro_gripper_wrapper build --build-base /home/user/exchange/workspace/build/pal_pro_gripper_wrapper/build install --record /home/user/exchange/workspace/build/pal_pro_gripper_wrapper/install.log --single-version-externally-managed install_data
[0.889s] Level 1:colcon.colcon_core.environment:checking '/home/user/exchange/workspace/install/pal_pro_gripper_wrapper' for CMake module files
[0.889s] DEBUG:colcon.colcon_core.event_handler.log_command:Invoked command in '/home/user/exchange/workspace/src/pal_pro_gripper/pal_pro_gripper_wrapper' returned '0': PYTHONPATH=/home/user/exchange/workspace/build/pal_pro_gripper_wrapper/prefix_override:/usr/lib/python3/dist-packages/colcon_core/task/python/colcon_distutils_commands:/home/user/exchange/workspace/install/pal_pro_gripper_wrapper/lib/python3.10/site-packages:${PYTHONPATH} /usr/bin/python3 -W ignore:setup.py install is deprecated -W ignore:easy_install command is deprecated setup.py egg_info --egg-base ../../../build/pal_pro_gripper_wrapper build --build-base /home/user/exchange/workspace/build/pal_pro_gripper_wrapper/build install --record /home/user/exchange/workspace/build/pal_pro_gripper_wrapper/install.log --single-version-externally-managed install_data
[0.889s] Level 1:colcon.colcon_core.environment:checking '/home/user/exchange/workspace/install/pal_pro_gripper_wrapper' for CMake config files
[0.889s] Level 1:colcon.colcon_core.environment:checking '/home/user/exchange/workspace/install/pal_pro_gripper_wrapper/lib'
[0.890s] Level 1:colcon.colcon_core.environment:checking '/home/user/exchange/workspace/install/pal_pro_gripper_wrapper/bin'
[0.890s] Level 1:colcon.colcon_core.environment:checking '/home/user/exchange/workspace/install/pal_pro_gripper_wrapper/lib/pkgconfig/pal_pro_gripper_wrapper.pc'
[0.890s] Level 1:colcon.colcon_core.environment:checking '/home/user/exchange/workspace/install/pal_pro_gripper_wrapper/lib/python3.10/site-packages'
[0.890s] Level 1:colcon.colcon_core.shell:create_environment_hook('pal_pro_gripper_wrapper', 'pythonpath')
[0.890s] INFO:colcon.colcon_core.shell:Creating environment hook '/home/user/exchange/workspace/install/pal_pro_gripper_wrapper/share/pal_pro_gripper_wrapper/hook/pythonpath.ps1'
[0.890s] INFO:colcon.colcon_core.shell:Creating environment descriptor '/home/user/exchange/workspace/install/pal_pro_gripper_wrapper/share/pal_pro_gripper_wrapper/hook/pythonpath.dsv'
[0.891s] INFO:colcon.colcon_core.shell:Creating environment hook '/home/user/exchange/workspace/install/pal_pro_gripper_wrapper/share/pal_pro_gripper_wrapper/hook/pythonpath.sh'
[0.891s] Level 1:colcon.colcon_core.environment:checking '/home/user/exchange/workspace/install/pal_pro_gripper_wrapper/bin'
[0.891s] Level 1:colcon.colcon_core.environment:create_environment_scripts_only(pal_pro_gripper_wrapper)
[0.891s] INFO:colcon.colcon_core.shell:Creating package script '/home/user/exchange/workspace/install/pal_pro_gripper_wrapper/share/pal_pro_gripper_wrapper/package.ps1'
[0.892s] INFO:colcon.colcon_core.shell:Creating package descriptor '/home/user/exchange/workspace/install/pal_pro_gripper_wrapper/share/pal_pro_gripper_wrapper/package.dsv'
[0.892s] INFO:colcon.colcon_core.shell:Creating package script '/home/user/exchange/workspace/install/pal_pro_gripper_wrapper/share/pal_pro_gripper_wrapper/package.sh'
[0.892s] INFO:colcon.colcon_core.shell:Creating package script '/home/user/exchange/workspace/install/pal_pro_gripper_wrapper/share/pal_pro_gripper_wrapper/package.bash'
[0.892s] INFO:colcon.colcon_core.shell:Creating package script '/home/user/exchange/workspace/install/pal_pro_gripper_wrapper/share/pal_pro_gripper_wrapper/package.zsh'
[0.893s] Level 1:colcon.colcon_core.environment:create_file_with_runtime_dependencies(/home/user/exchange/workspace/install/pal_pro_gripper_wrapper/share/colcon-core/packages/pal_pro_gripper_wrapper)
[0.893s] INFO:colcon.colcon_ros.task.ament_cmake.build:Building ROS package in '/home/user/exchange/workspace/src/pal_pro_gripper/pal_pro_gripper_controller_configuration' with build type 'ament_cmake'
[0.893s] INFO:colcon.colcon_cmake.task.cmake.build:Building CMake package in '/home/user/exchange/workspace/src/pal_pro_gripper/pal_pro_gripper_controller_configuration'
[0.893s] INFO:colcon.colcon_core.shell:Skip shell extension 'powershell' for command environment: Not usable outside of PowerShell
[0.893s] DEBUG:colcon.colcon_core.shell:Skip shell extension 'dsv' for command environment
[0.902s] DEBUG:colcon.colcon_core.event_handler.log_command:Invoking command in '/home/user/exchange/workspace/build/pal_pro_gripper_controller_configuration': AMENT_PREFIX_PATH=/home/user/exchange/workspace/install/pal_pro_gripper_wrapper:/home/user/exchange/workspace/install/tiago_manipulation_tasks:/home/user/exchange/workspace/install/pick_task:/home/user/exchange/workspace/install/tiago_pro_simulation:/home/user/exchange/workspace/install/tiago_pro_robot:/home/user/exchange/workspace/install/tiago_pro_navigation:/home/user/exchange/workspace/install/tiago_pro_gazebo:/home/user/exchange/workspace/install/tiago_pro_rgbd_sensors:/home/user/exchange/workspace/install/tiago_pro_mujoco:/home/user/exchange/workspace/install/tiago_pro_moveit_config:/home/user/exchange/workspace/install/tiago_pro_laser_sensors:/home/user/exchange/workspace/install/tiago_pro_description:/home/user/exchange/workspace/install/tiago_pro_bringup:/home/user/exchange/workspace/install/tiago_pro_controller_configuration:/home/user/exchange/workspace/install/tiago_pro_2dnav:/home/user/exchange/workspace/install/pal_sea_arm_moveit_config:/home/user/exchange/workspace/install/pal_sea_arm:/home/user/exchange/workspace/install/pal_sea_arm_bringup:/home/user/exchange/workspace/install/pal_sea_arm_description:/home/user/exchange/workspace/install/pal_sea_arm_controller_configuration:/home/user/exchange/workspace/install/pal_pro_gripper_simulation:/home/user/exchange/workspace/install/pal_pro_gripper_bringup:/home/user/exchange/workspace/install/pal_pro_gripper:/home/user/exchange/workspace/install/pal_pro_gripper_controller_configuration:/home/user/exchange/workspace/install/pal_pro_gripper_description:/home/user/exchange/workspace/install/pal_gazebo_worlds:/opt/ros/humble CMAKE_PREFIX_PATH=${CMAKE_PREFIX_PATH}:/home/user/exchange/workspace/install/pick_task:/home/user/exchange/workspace/install/pal_pro_gripper_wrapper:/opt/ros/humble PYTHONPATH=/home/user/exchange/workspace/install/pal_pro_gripper_wrapper/lib/python3.10/site-packages:/home/user/exchange/workspace/install/pick_task/lib/python3.10/site-packages:/home/user/exchange/workspace/install/tiago_pro_description/local/lib/python3.10/dist-packages:/home/user/exchange/workspace/install/pal_sea_arm_description/local/lib/python3.10/dist-packages:/home/user/exchange/workspace/install/pal_pro_gripper_description/local/lib/python3.10/dist-packages:/opt/ros/humble/lib/python3.10/site-packages:/opt/ros/humble/local/lib/python3.10/dist-packages /usr/bin/cmake --build /home/user/exchange/workspace/build/pal_pro_gripper_controller_configuration -- -j12 -l12
[0.929s] DEBUG:colcon.colcon_core.event_handler.log_command:Invoked command in '/home/user/exchange/workspace/build/pal_pro_gripper_controller_configuration' returned '0': AMENT_PREFIX_PATH=/home/user/exchange/workspace/install/pal_pro_gripper_wrapper:/home/user/exchange/workspace/install/tiago_manipulation_tasks:/home/user/exchange/workspace/install/pick_task:/home/user/exchange/workspace/install/tiago_pro_simulation:/home/user/exchange/workspace/install/tiago_pro_robot:/home/user/exchange/workspace/install/tiago_pro_navigation:/home/user/exchange/workspace/install/tiago_pro_gazebo:/home/user/exchange/workspace/install/tiago_pro_rgbd_sensors:/home/user/exchange/workspace/install/tiago_pro_mujoco:/home/user/exchange/workspace/install/tiago_pro_moveit_config:/home/user/exchange/workspace/install/tiago_pro_laser_sensors:/home/user/exchange/workspace/install/tiago_pro_description:/home/user/exchange/workspace/install/tiago_pro_bringup:/home/user/exchange/workspace/install/tiago_pro_controller_configuration:/home/user/exchange/workspace/install/tiago_pro_2dnav:/home/user/exchange/workspace/install/pal_sea_arm_moveit_config:/home/user/exchange/workspace/install/pal_sea_arm:/home/user/exchange/workspace/install/pal_sea_arm_bringup:/home/user/exchange/workspace/install/pal_sea_arm_description:/home/user/exchange/workspace/install/pal_sea_arm_controller_configuration:/home/user/exchange/workspace/install/pal_pro_gripper_simulation:/home/user/exchange/workspace/install/pal_pro_gripper_bringup:/home/user/exchange/workspace/install/pal_pro_gripper:/home/user/exchange/workspace/install/pal_pro_gripper_controller_configuration:/home/user/exchange/workspace/install/pal_pro_gripper_description:/home/user/exchange/workspace/install/pal_gazebo_worlds:/opt/ros/humble CMAKE_PREFIX_PATH=${CMAKE_PREFIX_PATH}:/home/user/exchange/workspace/install/pick_task:/home/user/exchange/workspace/install/pal_pro_gripper_wrapper:/opt/ros/humble PYTHONPATH=/home/user/exchange/workspace/install/pal_pro_gripper_wrapper/lib/python3.10/site-packages:/home/user/exchange/workspace/install/pick_task/lib/python3.10/site-packages:/home/user/exchange/workspace/install/tiago_pro_description/local/lib/python3.10/dist-packages:/home/user/exchange/workspace/install/pal_sea_arm_description/local/lib/python3.10/dist-packages:/home/user/exchange/workspace/install/pal_pro_gripper_description/local/lib/python3.10/dist-packages:/opt/ros/humble/lib/python3.10/site-packages:/opt/ros/humble/local/lib/python3.10/dist-packages /usr/bin/cmake --build /home/user/exchange/workspace/build/pal_pro_gripper_controller_configuration -- -j12 -l12
[0.930s] DEBUG:colcon.colcon_core.event_handler.log_command:Invoking command in '/home/user/exchange/workspace/build/pal_pro_gripper_controller_configuration': AMENT_PREFIX_PATH=/home/user/exchange/workspace/install/pal_pro_gripper_wrapper:/home/user/exchange/workspace/install/tiago_manipulation_tasks:/home/user/exchange/workspace/install/pick_task:/home/user/exchange/workspace/install/tiago_pro_simulation:/home/user/exchange/workspace/install/tiago_pro_robot:/home/user/exchange/workspace/install/tiago_pro_navigation:/home/user/exchange/workspace/install/tiago_pro_gazebo:/home/user/exchange/workspace/install/tiago_pro_rgbd_sensors:/home/user/exchange/workspace/install/tiago_pro_mujoco:/home/user/exchange/workspace/install/tiago_pro_moveit_config:/home/user/exchange/workspace/install/tiago_pro_laser_sensors:/home/user/exchange/workspace/install/tiago_pro_description:/home/user/exchange/workspace/install/tiago_pro_bringup:/home/user/exchange/workspace/install/tiago_pro_controller_configuration:/home/user/exchange/workspace/install/tiago_pro_2dnav:/home/user/exchange/workspace/install/pal_sea_arm_moveit_config:/home/user/exchange/workspace/install/pal_sea_arm:/home/user/exchange/workspace/install/pal_sea_arm_bringup:/home/user/exchange/workspace/install/pal_sea_arm_description:/home/user/exchange/workspace/install/pal_sea_arm_controller_configuration:/home/user/exchange/workspace/install/pal_pro_gripper_simulation:/home/user/exchange/workspace/install/pal_pro_gripper_bringup:/home/user/exchange/workspace/install/pal_pro_gripper:/home/user/exchange/workspace/install/pal_pro_gripper_controller_configuration:/home/user/exchange/workspace/install/pal_pro_gripper_description:/home/user/exchange/workspace/install/pal_gazebo_worlds:/opt/ros/humble CMAKE_PREFIX_PATH=${CMAKE_PREFIX_PATH}:/home/user/exchange/workspace/install/pick_task:/home/user/exchange/workspace/install/pal_pro_gripper_wrapper:/opt/ros/humble PYTHONPATH=/home/user/exchange/workspace/install/pal_pro_gripper_wrapper/lib/python3.10/site-packages:/home/user/exchange/workspace/install/pick_task/lib/python3.10/site-packages:/home/user/exchange/workspace/install/tiago_pro_description/local/lib/python3.10/dist-packages:/home/user/exchange/workspace/install/pal_sea_arm_description/local/lib/python3.10/dist-packages:/home/user/exchange/workspace/install/pal_pro_gripper_description/local/lib/python3.10/dist-packages:/opt/ros/humble/lib/python3.10/site-packages:/opt/ros/humble/local/lib/python3.10/dist-packages /usr/bin/cmake --install /home/user/exchange/workspace/build/pal_pro_gripper_controller_configuration
[0.936s] Level 1:colcon.colcon_core.environment:create_environment_scripts_only(pal_pro_gripper_controller_configuration)
[0.936s] Level 1:colcon.colcon_core.environment:checking '/home/user/exchange/workspace/install/pal_pro_gripper_controller_configuration' for CMake module files
[0.937s] DEBUG:colcon.colcon_core.event_handler.log_command:Invoked command in '/home/user/exchange/workspace/build/pal_pro_gripper_controller_configuration' returned '0': AMENT_PREFIX_PATH=/home/user/exchange/workspace/install/pal_pro_gripper_wrapper:/home/user/exchange/workspace/install/tiago_manipulation_tasks:/home/user/exchange/workspace/install/pick_task:/home/user/exchange/workspace/install/tiago_pro_simulation:/home/user/exchange/workspace/install/tiago_pro_robot:/home/user/exchange/workspace/install/tiago_pro_navigation:/home/user/exchange/workspace/install/tiago_pro_gazebo:/home/user/exchange/workspace/install/tiago_pro_rgbd_sensors:/home/user/exchange/workspace/install/tiago_pro_mujoco:/home/user/exchange/workspace/install/tiago_pro_moveit_config:/home/user/exchange/workspace/install/tiago_pro_laser_sensors:/home/user/exchange/workspace/install/tiago_pro_description:/home/user/exchange/workspace/install/tiago_pro_bringup:/home/user/exchange/workspace/install/tiago_pro_controller_configuration:/home/user/exchange/workspace/install/tiago_pro_2dnav:/home/user/exchange/workspace/install/pal_sea_arm_moveit_config:/home/user/exchange/workspace/install/pal_sea_arm:/home/user/exchange/workspace/install/pal_sea_arm_bringup:/home/user/exchange/workspace/install/pal_sea_arm_description:/home/user/exchange/workspace/install/pal_sea_arm_controller_configuration:/home/user/exchange/workspace/install/pal_pro_gripper_simulation:/home/user/exchange/workspace/install/pal_pro_gripper_bringup:/home/user/exchange/workspace/install/pal_pro_gripper:/home/user/exchange/workspace/install/pal_pro_gripper_controller_configuration:/home/user/exchange/workspace/install/pal_pro_gripper_description:/home/user/exchange/workspace/install/pal_gazebo_worlds:/opt/ros/humble CMAKE_PREFIX_PATH=${CMAKE_PREFIX_PATH}:/home/user/exchange/workspace/install/pick_task:/home/user/exchange/workspace/install/pal_pro_gripper_wrapper:/opt/ros/humble PYTHONPATH=/home/user/exchange/workspace/install/pal_pro_gripper_wrapper/lib/python3.10/site-packages:/home/user/exchange/workspace/install/pick_task/lib/python3.10/site-packages:/home/user/exchange/workspace/install/tiago_pro_description/local/lib/python3.10/dist-packages:/home/user/exchange/workspace/install/pal_sea_arm_description/local/lib/python3.10/dist-packages:/home/user/exchange/workspace/install/pal_pro_gripper_description/local/lib/python3.10/dist-packages:/opt/ros/humble/lib/python3.10/site-packages:/opt/ros/humble/local/lib/python3.10/dist-packages /usr/bin/cmake --install /home/user/exchange/workspace/build/pal_pro_gripper_controller_configuration
[0.937s] Level 1:colcon.colcon_core.environment:checking '/home/user/exchange/workspace/install/pal_pro_gripper_controller_configuration' for CMake config files
[0.937s] Level 1:colcon.colcon_core.shell:create_environment_hook('pal_pro_gripper_controller_configuration', 'cmake_prefix_path')
[0.937s] INFO:colcon.colcon_core.shell:Creating environment hook '/home/user/exchange/workspace/install/pal_pro_gripper_controller_configuration/share/pal_pro_gripper_controller_configuration/hook/cmake_prefix_path.ps1'
[0.938s] INFO:colcon.colcon_core.shell:Creating environment descriptor '/home/user/exchange/workspace/install/pal_pro_gripper_controller_configuration/share/pal_pro_gripper_controller_configuration/hook/cmake_prefix_path.dsv'
[0.938s] INFO:colcon.colcon_core.shell:Creating environment hook '/home/user/exchange/workspace/install/pal_pro_gripper_controller_configuration/share/pal_pro_gripper_controller_configuration/hook/cmake_prefix_path.sh'
[0.938s] Level 1:colcon.colcon_core.environment:checking '/home/user/exchange/workspace/install/pal_pro_gripper_controller_configuration/bin'
[0.938s] Level 1:colcon.colcon_core.environment:checking '/home/user/exchange/workspace/install/pal_pro_gripper_controller_configuration/lib/pkgconfig/pal_pro_gripper_controller_configuration.pc'
[0.939s] Level 1:colcon.colcon_core.environment:checking '/home/user/exchange/workspace/install/pal_pro_gripper_controller_configuration/lib/python3.10/site-packages'
[0.939s] Level 1:colcon.colcon_core.environment:checking '/home/user/exchange/workspace/install/pal_pro_gripper_controller_configuration/bin'
[0.939s] INFO:colcon.colcon_core.shell:Creating package script '/home/user/exchange/workspace/install/pal_pro_gripper_controller_configuration/share/pal_pro_gripper_controller_configuration/package.ps1'
[0.940s] INFO:colcon.colcon_core.shell:Creating package descriptor '/home/user/exchange/workspace/install/pal_pro_gripper_controller_configuration/share/pal_pro_gripper_controller_configuration/package.dsv'
[0.940s] INFO:colcon.colcon_core.shell:Creating package script '/home/user/exchange/workspace/install/pal_pro_gripper_controller_configuration/share/pal_pro_gripper_controller_configuration/package.sh'
[0.940s] INFO:colcon.colcon_core.shell:Creating package script '/home/user/exchange/workspace/install/pal_pro_gripper_controller_configuration/share/pal_pro_gripper_controller_configuration/package.bash'
[0.941s] INFO:colcon.colcon_core.shell:Creating package script '/home/user/exchange/workspace/install/pal_pro_gripper_controller_configuration/share/pal_pro_gripper_controller_configuration/package.zsh'
[0.941s] Level 1:colcon.colcon_core.environment:create_file_with_runtime_dependencies(/home/user/exchange/workspace/install/pal_pro_gripper_controller_configuration/share/colcon-core/packages/pal_pro_gripper_controller_configuration)
[0.941s] Level 1:colcon.colcon_core.environment:create_environment_scripts_only(pal_pro_gripper_controller_configuration)
[0.942s] Level 1:colcon.colcon_core.environment:checking '/home/user/exchange/workspace/install/pal_pro_gripper_controller_configuration' for CMake module files
[0.942s] Level 1:colcon.colcon_core.environment:checking '/home/user/exchange/workspace/install/pal_pro_gripper_controller_configuration' for CMake config files
[0.942s] Level 1:colcon.colcon_core.shell:create_environment_hook('pal_pro_gripper_controller_configuration', 'cmake_prefix_path')
[0.942s] INFO:colcon.colcon_core.shell:Creating environment hook '/home/user/exchange/workspace/install/pal_pro_gripper_controller_configuration/share/pal_pro_gripper_controller_configuration/hook/cmake_prefix_path.ps1'
[0.942s] INFO:colcon.colcon_core.shell:Creating environment descriptor '/home/user/exchange/workspace/install/pal_pro_gripper_controller_configuration/share/pal_pro_gripper_controller_configuration/hook/cmake_prefix_path.dsv'
[0.943s] INFO:colcon.colcon_core.shell:Creating environment hook '/home/user/exchange/workspace/install/pal_pro_gripper_controller_configuration/share/pal_pro_gripper_controller_configuration/hook/cmake_prefix_path.sh'
[0.943s] Level 1:colcon.colcon_core.environment:checking '/home/user/exchange/workspace/install/pal_pro_gripper_controller_configuration/bin'
[0.943s] Level 1:colcon.colcon_core.environment:checking '/home/user/exchange/workspace/install/pal_pro_gripper_controller_configuration/lib/pkgconfig/pal_pro_gripper_controller_configuration.pc'
[0.943s] Level 1:colcon.colcon_core.environment:checking '/home/user/exchange/workspace/install/pal_pro_gripper_controller_configuration/lib/python3.10/site-packages'
[0.944s] Level 1:colcon.colcon_core.environment:checking '/home/user/exchange/workspace/install/pal_pro_gripper_controller_configuration/bin'
[0.944s] INFO:colcon.colcon_core.shell:Creating package script '/home/user/exchange/workspace/install/pal_pro_gripper_controller_configuration/share/pal_pro_gripper_controller_configuration/package.ps1'
[0.944s] INFO:colcon.colcon_core.shell:Creating package descriptor '/home/user/exchange/workspace/install/pal_pro_gripper_controller_configuration/share/pal_pro_gripper_controller_configuration/package.dsv'
[0.945s] INFO:colcon.colcon_core.shell:Creating package script '/home/user/exchange/workspace/install/pal_pro_gripper_controller_configuration/share/pal_pro_gripper_controller_configuration/package.sh'
[0.945s] INFO:colcon.colcon_core.shell:Creating package script '/home/user/exchange/workspace/install/pal_pro_gripper_controller_configuration/share/pal_pro_gripper_controller_configuration/package.bash'
[0.945s] INFO:colcon.colcon_core.shell:Creating package script '/home/user/exchange/workspace/install/pal_pro_gripper_controller_configuration/share/pal_pro_gripper_controller_configuration/package.zsh'
[0.946s] Level 1:colcon.colcon_core.environment:create_file_with_runtime_dependencies(/home/user/exchange/workspace/install/pal_pro_gripper_controller_configuration/share/colcon-core/packages/pal_pro_gripper_controller_configuration)
[0.946s] INFO:colcon.colcon_ros.task.ament_cmake.build:Building ROS package in '/home/user/exchange/workspace/src/pal_sea_arm/pal_sea_arm_controller_configuration' with build type 'ament_cmake'
[0.946s] INFO:colcon.colcon_cmake.task.cmake.build:Building CMake package in '/home/user/exchange/workspace/src/pal_sea_arm/pal_sea_arm_controller_configuration'
[0.946s] INFO:colcon.colcon_core.shell:Skip shell extension 'powershell' for command environment: Not usable outside of PowerShell
[0.946s] DEBUG:colcon.colcon_core.shell:Skip shell extension 'dsv' for command environment
[0.950s] INFO:colcon.colcon_ros.task.ament_cmake.build:Building ROS package in '/home/user/exchange/workspace/src/pal_pro_gripper/pal_pro_gripper' with build type 'ament_cmake'
[0.950s] INFO:colcon.colcon_cmake.task.cmake.build:Building CMake package in '/home/user/exchange/workspace/src/pal_pro_gripper/pal_pro_gripper'
[0.950s] INFO:colcon.colcon_core.shell:Skip shell extension 'powershell' for command environment: Not usable outside of PowerShell
[0.950s] DEBUG:colcon.colcon_core.shell:Skip shell extension 'dsv' for command environment
[0.955s] INFO:colcon.colcon_ros.task.ament_cmake.build:Building ROS package in '/home/user/exchange/workspace/src/pal_pro_gripper/pal_pro_gripper_bringup' with build type 'ament_cmake'
[0.955s] INFO:colcon.colcon_cmake.task.cmake.build:Building CMake package in '/home/user/exchange/workspace/src/pal_pro_gripper/pal_pro_gripper_bringup'
[0.955s] INFO:colcon.colcon_core.shell:Skip shell extension 'powershell' for command environment: Not usable outside of PowerShell
[0.955s] DEBUG:colcon.colcon_core.shell:Skip shell extension 'dsv' for command environment
[0.959s] INFO:colcon.colcon_ros.task.ament_cmake.build:Building ROS package in '/home/user/exchange/workspace/src/pal_pro_gripper/pal_pro_gripper_simulation' with build type 'ament_cmake'
[0.959s] INFO:colcon.colcon_cmake.task.cmake.build:Building CMake package in '/home/user/exchange/workspace/src/pal_pro_gripper/pal_pro_gripper_simulation'
[0.959s] INFO:colcon.colcon_core.shell:Skip shell extension 'powershell' for command environment: Not usable outside of PowerShell
[0.959s] DEBUG:colcon.colcon_core.shell:Skip shell extension 'dsv' for command environment
[0.965s] DEBUG:colcon.colcon_core.event_handler.log_command:Invoking command in '/home/user/exchange/workspace/build/pal_sea_arm_controller_configuration': AMENT_PREFIX_PATH=/home/user/exchange/workspace/install/pal_pro_gripper_wrapper:/home/user/exchange/workspace/install/tiago_manipulation_tasks:/home/user/exchange/workspace/install/pick_task:/home/user/exchange/workspace/install/tiago_pro_simulation:/home/user/exchange/workspace/install/tiago_pro_robot:/home/user/exchange/workspace/install/tiago_pro_navigation:/home/user/exchange/workspace/install/tiago_pro_gazebo:/home/user/exchange/workspace/install/tiago_pro_rgbd_sensors:/home/user/exchange/workspace/install/tiago_pro_mujoco:/home/user/exchange/workspace/install/tiago_pro_moveit_config:/home/user/exchange/workspace/install/tiago_pro_laser_sensors:/home/user/exchange/workspace/install/tiago_pro_description:/home/user/exchange/workspace/install/tiago_pro_bringup:/home/user/exchange/workspace/install/tiago_pro_controller_configuration:/home/user/exchange/workspace/install/tiago_pro_2dnav:/home/user/exchange/workspace/install/pal_sea_arm_moveit_config:/home/user/exchange/workspace/install/pal_sea_arm:/home/user/exchange/workspace/install/pal_sea_arm_bringup:/home/user/exchange/workspace/install/pal_sea_arm_description:/home/user/exchange/workspace/install/pal_sea_arm_controller_configuration:/home/user/exchange/workspace/install/pal_pro_gripper_simulation:/home/user/exchange/workspace/install/pal_pro_gripper_bringup:/home/user/exchange/workspace/install/pal_pro_gripper:/home/user/exchange/workspace/install/pal_pro_gripper_controller_configuration:/home/user/exchange/workspace/install/pal_pro_gripper_description:/home/user/exchange/workspace/install/pal_gazebo_worlds:/opt/ros/humble CMAKE_PREFIX_PATH=/home/user/exchange/workspace/install/pal_pro_gripper_controller_configuration:/home/user/exchange/workspace/install/tiago_manipulation_tasks:/home/user/exchange/workspace/install/tiago_pro_simulation:/home/user/exchange/workspace/install/tiago_pro_robot:/home/user/exchange/workspace/install/tiago_pro_navigation:/home/user/exchange/workspace/install/tiago_pro_gazebo:/home/user/exchange/workspace/install/tiago_pro_rgbd_sensors:/home/user/exchange/workspace/install/tiago_pro_mujoco:/home/user/exchange/workspace/install/tiago_pro_moveit_config:/home/user/exchange/workspace/install/tiago_pro_laser_sensors:/home/user/exchange/workspace/install/tiago_pro_description:/home/user/exchange/workspace/install/tiago_pro_bringup:/home/user/exchange/workspace/install/tiago_pro_controller_configuration:/home/user/exchange/workspace/install/tiago_pro_2dnav:/home/user/exchange/workspace/install/pal_sea_arm_moveit_config:/home/user/exchange/workspace/install/pal_sea_arm:/home/user/exchange/workspace/install/pal_sea_arm_bringup:/home/user/exchange/workspace/install/pal_sea_arm_description:/home/user/exchange/workspace/install/pal_sea_arm_controller_configuration:/home/user/exchange/workspace/install/pal_pro_gripper_simulation:/home/user/exchange/workspace/install/pal_pro_gripper_bringup:/home/user/exchange/workspace/install/pal_pro_gripper:/home/user/exchange/workspace/install/pal_pro_gripper_description:/home/user/exchange/workspace/install/pal_gazebo_worlds:/home/user/exchange/workspace/install/pick_task:/home/user/exchange/workspace/install/pal_pro_gripper_wrapper:/opt/ros/humble PYTHONPATH=/home/user/exchange/workspace/install/pal_pro_gripper_wrapper/lib/python3.10/site-packages:/home/user/exchange/workspace/install/pick_task/lib/python3.10/site-packages:/home/user/exchange/workspace/install/tiago_pro_description/local/lib/python3.10/dist-packages:/home/user/exchange/workspace/install/pal_sea_arm_description/local/lib/python3.10/dist-packages:/home/user/exchange/workspace/install/pal_pro_gripper_description/local/lib/python3.10/dist-packages:/opt/ros/humble/lib/python3.10/site-packages:/opt/ros/humble/local/lib/python3.10/dist-packages /usr/bin/cmake --build /home/user/exchange/workspace/build/pal_sea_arm_controller_configuration -- -j12 -l12
[0.967s] DEBUG:colcon.colcon_core.event_handler.log_command:Invoking command in '/home/user/exchange/workspace/build/pal_pro_gripper': AMENT_PREFIX_PATH=/home/user/exchange/workspace/install/pal_pro_gripper_wrapper:/home/user/exchange/workspace/install/tiago_manipulation_tasks:/home/user/exchange/workspace/install/pick_task:/home/user/exchange/workspace/install/tiago_pro_simulation:/home/user/exchange/workspace/install/tiago_pro_robot:/home/user/exchange/workspace/install/tiago_pro_navigation:/home/user/exchange/workspace/install/tiago_pro_gazebo:/home/user/exchange/workspace/install/tiago_pro_rgbd_sensors:/home/user/exchange/workspace/install/tiago_pro_mujoco:/home/user/exchange/workspace/install/tiago_pro_moveit_config:/home/user/exchange/workspace/install/tiago_pro_laser_sensors:/home/user/exchange/workspace/install/tiago_pro_description:/home/user/exchange/workspace/install/tiago_pro_bringup:/home/user/exchange/workspace/install/tiago_pro_controller_configuration:/home/user/exchange/workspace/install/tiago_pro_2dnav:/home/user/exchange/workspace/install/pal_sea_arm_moveit_config:/home/user/exchange/workspace/install/pal_sea_arm:/home/user/exchange/workspace/install/pal_sea_arm_bringup:/home/user/exchange/workspace/install/pal_sea_arm_description:/home/user/exchange/workspace/install/pal_sea_arm_controller_configuration:/home/user/exchange/workspace/install/pal_pro_gripper_simulation:/home/user/exchange/workspace/install/pal_pro_gripper_bringup:/home/user/exchange/workspace/install/pal_pro_gripper:/home/user/exchange/workspace/install/pal_pro_gripper_controller_configuration:/home/user/exchange/workspace/install/pal_pro_gripper_description:/home/user/exchange/workspace/install/pal_gazebo_worlds:/opt/ros/humble CMAKE_PREFIX_PATH=/home/user/exchange/workspace/install/pal_pro_gripper_controller_configuration:/home/user/exchange/workspace/install/pal_pro_gripper_description:/home/user/exchange/workspace/install/tiago_manipulation_tasks:/home/user/exchange/workspace/install/tiago_pro_simulation:/home/user/exchange/workspace/install/tiago_pro_robot:/home/user/exchange/workspace/install/tiago_pro_navigation:/home/user/exchange/workspace/install/tiago_pro_gazebo:/home/user/exchange/workspace/install/tiago_pro_rgbd_sensors:/home/user/exchange/workspace/install/tiago_pro_mujoco:/home/user/exchange/workspace/install/tiago_pro_moveit_config:/home/user/exchange/workspace/install/tiago_pro_laser_sensors:/home/user/exchange/workspace/install/tiago_pro_description:/home/user/exchange/workspace/install/tiago_pro_bringup:/home/user/exchange/workspace/install/tiago_pro_controller_configuration:/home/user/exchange/workspace/install/tiago_pro_2dnav:/home/user/exchange/workspace/install/pal_sea_arm_moveit_config:/home/user/exchange/workspace/install/pal_sea_arm:/home/user/exchange/workspace/install/pal_sea_arm_bringup:/home/user/exchange/workspace/install/pal_sea_arm_description:/home/user/exchange/workspace/install/pal_sea_arm_controller_configuration:/home/user/exchange/workspace/install/pal_pro_gripper_simulation:/home/user/exchange/workspace/install/pal_pro_gripper_bringup:/home/user/exchange/workspace/install/pal_pro_gripper:/home/user/exchange/workspace/install/pal_gazebo_worlds:/home/user/exchange/workspace/install/pick_task:/home/user/exchange/workspace/install/pal_pro_gripper_wrapper:/opt/ros/humble PYTHONPATH=/home/user/exchange/workspace/install/pal_pro_gripper_wrapper/lib/python3.10/site-packages:/home/user/exchange/workspace/install/pick_task/lib/python3.10/site-packages:/home/user/exchange/workspace/install/tiago_pro_description/local/lib/python3.10/dist-packages:/home/user/exchange/workspace/install/pal_sea_arm_description/local/lib/python3.10/dist-packages:/home/user/exchange/workspace/install/pal_pro_gripper_description/local/lib/python3.10/dist-packages:/opt/ros/humble/lib/python3.10/site-packages:/opt/ros/humble/local/lib/python3.10/dist-packages /usr/bin/cmake --build /home/user/exchange/workspace/build/pal_pro_gripper -- -j12 -l12
[0.972s] DEBUG:colcon.colcon_core.event_handler.log_command:Invoking command in '/home/user/exchange/workspace/build/pal_pro_gripper_bringup': AMENT_PREFIX_PATH=/home/user/exchange/workspace/install/pal_pro_gripper_wrapper:/home/user/exchange/workspace/install/tiago_manipulation_tasks:/home/user/exchange/workspace/install/pick_task:/home/user/exchange/workspace/install/tiago_pro_simulation:/home/user/exchange/workspace/install/tiago_pro_robot:/home/user/exchange/workspace/install/tiago_pro_navigation:/home/user/exchange/workspace/install/tiago_pro_gazebo:/home/user/exchange/workspace/install/tiago_pro_rgbd_sensors:/home/user/exchange/workspace/install/tiago_pro_mujoco:/home/user/exchange/workspace/install/tiago_pro_moveit_config:/home/user/exchange/workspace/install/tiago_pro_laser_sensors:/home/user/exchange/workspace/install/tiago_pro_description:/home/user/exchange/workspace/install/tiago_pro_bringup:/home/user/exchange/workspace/install/tiago_pro_controller_configuration:/home/user/exchange/workspace/install/tiago_pro_2dnav:/home/user/exchange/workspace/install/pal_sea_arm_moveit_config:/home/user/exchange/workspace/install/pal_sea_arm:/home/user/exchange/workspace/install/pal_sea_arm_bringup:/home/user/exchange/workspace/install/pal_sea_arm_description:/home/user/exchange/workspace/install/pal_sea_arm_controller_configuration:/home/user/exchange/workspace/install/pal_pro_gripper_simulation:/home/user/exchange/workspace/install/pal_pro_gripper_bringup:/home/user/exchange/workspace/install/pal_pro_gripper:/home/user/exchange/workspace/install/pal_pro_gripper_controller_configuration:/home/user/exchange/workspace/install/pal_pro_gripper_description:/home/user/exchange/workspace/install/pal_gazebo_worlds:/opt/ros/humble CMAKE_PREFIX_PATH=/home/user/exchange/workspace/install/pal_pro_gripper_controller_configuration:/home/user/exchange/workspace/install/pal_pro_gripper_description:/home/user/exchange/workspace/install/tiago_manipulation_tasks:/home/user/exchange/workspace/install/tiago_pro_simulation:/home/user/exchange/workspace/install/tiago_pro_robot:/home/user/exchange/workspace/install/tiago_pro_navigation:/home/user/exchange/workspace/install/tiago_pro_gazebo:/home/user/exchange/workspace/install/tiago_pro_rgbd_sensors:/home/user/exchange/workspace/install/tiago_pro_mujoco:/home/user/exchange/workspace/install/tiago_pro_moveit_config:/home/user/exchange/workspace/install/tiago_pro_laser_sensors:/home/user/exchange/workspace/install/tiago_pro_description:/home/user/exchange/workspace/install/tiago_pro_bringup:/home/user/exchange/workspace/install/tiago_pro_controller_configuration:/home/user/exchange/workspace/install/tiago_pro_2dnav:/home/user/exchange/workspace/install/pal_sea_arm_moveit_config:/home/user/exchange/workspace/install/pal_sea_arm:/home/user/exchange/workspace/install/pal_sea_arm_bringup:/home/user/exchange/workspace/install/pal_sea_arm_description:/home/user/exchange/workspace/install/pal_sea_arm_controller_configuration:/home/user/exchange/workspace/install/pal_pro_gripper_simulation:/home/user/exchange/workspace/install/pal_pro_gripper_bringup:/home/user/exchange/workspace/install/pal_pro_gripper:/home/user/exchange/workspace/install/pal_gazebo_worlds:/home/user/exchange/workspace/install/pick_task:/home/user/exchange/workspace/install/pal_pro_gripper_wrapper:/opt/ros/humble PYTHONPATH=/home/user/exchange/workspace/install/pal_pro_gripper_wrapper/lib/python3.10/site-packages:/home/user/exchange/workspace/install/pick_task/lib/python3.10/site-packages:/home/user/exchange/workspace/install/tiago_pro_description/local/lib/python3.10/dist-packages:/home/user/exchange/workspace/install/pal_sea_arm_description/local/lib/python3.10/dist-packages:/home/user/exchange/workspace/install/pal_pro_gripper_description/local/lib/python3.10/dist-packages:/opt/ros/humble/lib/python3.10/site-packages:/opt/ros/humble/local/lib/python3.10/dist-packages /usr/bin/cmake --build /home/user/exchange/workspace/build/pal_pro_gripper_bringup -- -j12 -l12
[0.975s] DEBUG:colcon.colcon_core.event_handler.log_command:Invoking command in '/home/user/exchange/workspace/build/pal_pro_gripper_simulation': AMENT_PREFIX_PATH=/home/user/exchange/workspace/install/pal_pro_gripper_wrapper:/home/user/exchange/workspace/install/tiago_manipulation_tasks:/home/user/exchange/workspace/install/pick_task:/home/user/exchange/workspace/install/tiago_pro_simulation:/home/user/exchange/workspace/install/tiago_pro_robot:/home/user/exchange/workspace/install/tiago_pro_navigation:/home/user/exchange/workspace/install/tiago_pro_gazebo:/home/user/exchange/workspace/install/tiago_pro_rgbd_sensors:/home/user/exchange/workspace/install/tiago_pro_mujoco:/home/user/exchange/workspace/install/tiago_pro_moveit_config:/home/user/exchange/workspace/install/tiago_pro_laser_sensors:/home/user/exchange/workspace/install/tiago_pro_description:/home/user/exchange/workspace/install/tiago_pro_bringup:/home/user/exchange/workspace/install/tiago_pro_controller_configuration:/home/user/exchange/workspace/install/tiago_pro_2dnav:/home/user/exchange/workspace/install/pal_sea_arm_moveit_config:/home/user/exchange/workspace/install/pal_sea_arm:/home/user/exchange/workspace/install/pal_sea_arm_bringup:/home/user/exchange/workspace/install/pal_sea_arm_description:/home/user/exchange/workspace/install/pal_sea_arm_controller_configuration:/home/user/exchange/workspace/install/pal_pro_gripper_simulation:/home/user/exchange/workspace/install/pal_pro_gripper_bringup:/home/user/exchange/workspace/install/pal_pro_gripper:/home/user/exchange/workspace/install/pal_pro_gripper_controller_configuration:/home/user/exchange/workspace/install/pal_pro_gripper_description:/home/user/exchange/workspace/install/pal_gazebo_worlds:/opt/ros/humble CMAKE_PREFIX_PATH=/home/user/exchange/workspace/install/pal_pro_gripper_controller_configuration:/home/user/exchange/workspace/install/pal_pro_gripper_description:/home/user/exchange/workspace/install/pal_gazebo_worlds:/home/user/exchange/workspace/install/tiago_manipulation_tasks:/home/user/exchange/workspace/install/tiago_pro_simulation:/home/user/exchange/workspace/install/tiago_pro_robot:/home/user/exchange/workspace/install/tiago_pro_navigation:/home/user/exchange/workspace/install/tiago_pro_gazebo:/home/user/exchange/workspace/install/tiago_pro_rgbd_sensors:/home/user/exchange/workspace/install/tiago_pro_mujoco:/home/user/exchange/workspace/install/tiago_pro_moveit_config:/home/user/exchange/workspace/install/tiago_pro_laser_sensors:/home/user/exchange/workspace/install/tiago_pro_description:/home/user/exchange/workspace/install/tiago_pro_bringup:/home/user/exchange/workspace/install/tiago_pro_controller_configuration:/home/user/exchange/workspace/install/tiago_pro_2dnav:/home/user/exchange/workspace/install/pal_sea_arm_moveit_config:/home/user/exchange/workspace/install/pal_sea_arm:/home/user/exchange/workspace/install/pal_sea_arm_bringup:/home/user/exchange/workspace/install/pal_sea_arm_description:/home/user/exchange/workspace/install/pal_sea_arm_controller_configuration:/home/user/exchange/workspace/install/pal_pro_gripper_simulation:/home/user/exchange/workspace/install/pal_pro_gripper_bringup:/home/user/exchange/workspace/install/pal_pro_gripper:/home/user/exchange/workspace/install/pick_task:/home/user/exchange/workspace/install/pal_pro_gripper_wrapper:/opt/ros/humble PYTHONPATH=/home/user/exchange/workspace/install/pal_pro_gripper_wrapper/lib/python3.10/site-packages:/home/user/exchange/workspace/install/pick_task/lib/python3.10/site-packages:/home/user/exchange/workspace/install/tiago_pro_description/local/lib/python3.10/dist-packages:/home/user/exchange/workspace/install/pal_sea_arm_description/local/lib/python3.10/dist-packages:/home/user/exchange/workspace/install/pal_pro_gripper_description/local/lib/python3.10/dist-packages:/opt/ros/humble/lib/python3.10/site-packages:/opt/ros/humble/local/lib/python3.10/dist-packages /usr/bin/cmake --build /home/user/exchange/workspace/build/pal_pro_gripper_simulation -- -j12 -l12
[0.992s] DEBUG:colcon.colcon_core.event_handler.log_command:Invoked command in '/home/user/exchange/workspace/build/pal_sea_arm_controller_configuration' returned '0': AMENT_PREFIX_PATH=/home/user/exchange/workspace/install/pal_pro_gripper_wrapper:/home/user/exchange/workspace/install/tiago_manipulation_tasks:/home/user/exchange/workspace/install/pick_task:/home/user/exchange/workspace/install/tiago_pro_simulation:/home/user/exchange/workspace/install/tiago_pro_robot:/home/user/exchange/workspace/install/tiago_pro_navigation:/home/user/exchange/workspace/install/tiago_pro_gazebo:/home/user/exchange/workspace/install/tiago_pro_rgbd_sensors:/home/user/exchange/workspace/install/tiago_pro_mujoco:/home/user/exchange/workspace/install/tiago_pro_moveit_config:/home/user/exchange/workspace/install/tiago_pro_laser_sensors:/home/user/exchange/workspace/install/tiago_pro_description:/home/user/exchange/workspace/install/tiago_pro_bringup:/home/user/exchange/workspace/install/tiago_pro_controller_configuration:/home/user/exchange/workspace/install/tiago_pro_2dnav:/home/user/exchange/workspace/install/pal_sea_arm_moveit_config:/home/user/exchange/workspace/install/pal_sea_arm:/home/user/exchange/workspace/install/pal_sea_arm_bringup:/home/user/exchange/workspace/install/pal_sea_arm_description:/home/user/exchange/workspace/install/pal_sea_arm_controller_configuration:/home/user/exchange/workspace/install/pal_pro_gripper_simulation:/home/user/exchange/workspace/install/pal_pro_gripper_bringup:/home/user/exchange/workspace/install/pal_pro_gripper:/home/user/exchange/workspace/install/pal_pro_gripper_controller_configuration:/home/user/exchange/workspace/install/pal_pro_gripper_description:/home/user/exchange/workspace/install/pal_gazebo_worlds:/opt/ros/humble CMAKE_PREFIX_PATH=/home/user/exchange/workspace/install/pal_pro_gripper_controller_configuration:/home/user/exchange/workspace/install/tiago_manipulation_tasks:/home/user/exchange/workspace/install/tiago_pro_simulation:/home/user/exchange/workspace/install/tiago_pro_robot:/home/user/exchange/workspace/install/tiago_pro_navigation:/home/user/exchange/workspace/install/tiago_pro_gazebo:/home/user/exchange/workspace/install/tiago_pro_rgbd_sensors:/home/user/exchange/workspace/install/tiago_pro_mujoco:/home/user/exchange/workspace/install/tiago_pro_moveit_config:/home/user/exchange/workspace/install/tiago_pro_laser_sensors:/home/user/exchange/workspace/install/tiago_pro_description:/home/user/exchange/workspace/install/tiago_pro_bringup:/home/user/exchange/workspace/install/tiago_pro_controller_configuration:/home/user/exchange/workspace/install/tiago_pro_2dnav:/home/user/exchange/workspace/install/pal_sea_arm_moveit_config:/home/user/exchange/workspace/install/pal_sea_arm:/home/user/exchange/workspace/install/pal_sea_arm_bringup:/home/user/exchange/workspace/install/pal_sea_arm_description:/home/user/exchange/workspace/install/pal_sea_arm_controller_configuration:/home/user/exchange/workspace/install/pal_pro_gripper_simulation:/home/user/exchange/workspace/install/pal_pro_gripper_bringup:/home/user/exchange/workspace/install/pal_pro_gripper:/home/user/exchange/workspace/install/pal_pro_gripper_description:/home/user/exchange/workspace/install/pal_gazebo_worlds:/home/user/exchange/workspace/install/pick_task:/home/user/exchange/workspace/install/pal_pro_gripper_wrapper:/opt/ros/humble PYTHONPATH=/home/user/exchange/workspace/install/pal_pro_gripper_wrapper/lib/python3.10/site-packages:/home/user/exchange/workspace/install/pick_task/lib/python3.10/site-packages:/home/user/exchange/workspace/install/tiago_pro_description/local/lib/python3.10/dist-packages:/home/user/exchange/workspace/install/pal_sea_arm_description/local/lib/python3.10/dist-packages:/home/user/exchange/workspace/install/pal_pro_gripper_description/local/lib/python3.10/dist-packages:/opt/ros/humble/lib/python3.10/site-packages:/opt/ros/humble/local/lib/python3.10/dist-packages /usr/bin/cmake --build /home/user/exchange/workspace/build/pal_sea_arm_controller_configuration -- -j12 -l12
[0.994s] DEBUG:colcon.colcon_core.event_handler.log_command:Invoking command in '/home/user/exchange/workspace/build/pal_sea_arm_controller_configuration': AMENT_PREFIX_PATH=/home/user/exchange/workspace/install/pal_pro_gripper_wrapper:/home/user/exchange/workspace/install/tiago_manipulation_tasks:/home/user/exchange/workspace/install/pick_task:/home/user/exchange/workspace/install/tiago_pro_simulation:/home/user/exchange/workspace/install/tiago_pro_robot:/home/user/exchange/workspace/install/tiago_pro_navigation:/home/user/exchange/workspace/install/tiago_pro_gazebo:/home/user/exchange/workspace/install/tiago_pro_rgbd_sensors:/home/user/exchange/workspace/install/tiago_pro_mujoco:/home/user/exchange/workspace/install/tiago_pro_moveit_config:/home/user/exchange/workspace/install/tiago_pro_laser_sensors:/home/user/exchange/workspace/install/tiago_pro_description:/home/user/exchange/workspace/install/tiago_pro_bringup:/home/user/exchange/workspace/install/tiago_pro_controller_configuration:/home/user/exchange/workspace/install/tiago_pro_2dnav:/home/user/exchange/workspace/install/pal_sea_arm_moveit_config:/home/user/exchange/workspace/install/pal_sea_arm:/home/user/exchange/workspace/install/pal_sea_arm_bringup:/home/user/exchange/workspace/install/pal_sea_arm_description:/home/user/exchange/workspace/install/pal_sea_arm_controller_configuration:/home/user/exchange/workspace/install/pal_pro_gripper_simulation:/home/user/exchange/workspace/install/pal_pro_gripper_bringup:/home/user/exchange/workspace/install/pal_pro_gripper:/home/user/exchange/workspace/install/pal_pro_gripper_controller_configuration:/home/user/exchange/workspace/install/pal_pro_gripper_description:/home/user/exchange/workspace/install/pal_gazebo_worlds:/opt/ros/humble CMAKE_PREFIX_PATH=/home/user/exchange/workspace/install/pal_pro_gripper_controller_configuration:/home/user/exchange/workspace/install/tiago_manipulation_tasks:/home/user/exchange/workspace/install/tiago_pro_simulation:/home/user/exchange/workspace/install/tiago_pro_robot:/home/user/exchange/workspace/install/tiago_pro_navigation:/home/user/exchange/workspace/install/tiago_pro_gazebo:/home/user/exchange/workspace/install/tiago_pro_rgbd_sensors:/home/user/exchange/workspace/install/tiago_pro_mujoco:/home/user/exchange/workspace/install/tiago_pro_moveit_config:/home/user/exchange/workspace/install/tiago_pro_laser_sensors:/home/user/exchange/workspace/install/tiago_pro_description:/home/user/exchange/workspace/install/tiago_pro_bringup:/home/user/exchange/workspace/install/tiago_pro_controller_configuration:/home/user/exchange/workspace/install/tiago_pro_2dnav:/home/user/exchange/workspace/install/pal_sea_arm_moveit_config:/home/user/exchange/workspace/install/pal_sea_arm:/home/user/exchange/workspace/install/pal_sea_arm_bringup:/home/user/exchange/workspace/install/pal_sea_arm_description:/home/user/exchange/workspace/install/pal_sea_arm_controller_configuration:/home/user/exchange/workspace/install/pal_pro_gripper_simulation:/home/user/exchange/workspace/install/pal_pro_gripper_bringup:/home/user/exchange/workspace/install/pal_pro_gripper:/home/user/exchange/workspace/install/pal_pro_gripper_description:/home/user/exchange/workspace/install/pal_gazebo_worlds:/home/user/exchange/workspace/install/pick_task:/home/user/exchange/workspace/install/pal_pro_gripper_wrapper:/opt/ros/humble PYTHONPATH=/home/user/exchange/workspace/install/pal_pro_gripper_wrapper/lib/python3.10/site-packages:/home/user/exchange/workspace/install/pick_task/lib/python3.10/site-packages:/home/user/exchange/workspace/install/tiago_pro_description/local/lib/python3.10/dist-packages:/home/user/exchange/workspace/install/pal_sea_arm_description/local/lib/python3.10/dist-packages:/home/user/exchange/workspace/install/pal_pro_gripper_description/local/lib/python3.10/dist-packages:/opt/ros/humble/lib/python3.10/site-packages:/opt/ros/humble/local/lib/python3.10/dist-packages /usr/bin/cmake --install /home/user/exchange/workspace/build/pal_sea_arm_controller_configuration
[0.996s] DEBUG:colcon.colcon_core.event_handler.log_command:Invoked command in '/home/user/exchange/workspace/build/pal_pro_gripper' returned '0': AMENT_PREFIX_PATH=/home/user/exchange/workspace/install/pal_pro_gripper_wrapper:/home/user/exchange/workspace/install/tiago_manipulation_tasks:/home/user/exchange/workspace/install/pick_task:/home/user/exchange/workspace/install/tiago_pro_simulation:/home/user/exchange/workspace/install/tiago_pro_robot:/home/user/exchange/workspace/install/tiago_pro_navigation:/home/user/exchange/workspace/install/tiago_pro_gazebo:/home/user/exchange/workspace/install/tiago_pro_rgbd_sensors:/home/user/exchange/workspace/install/tiago_pro_mujoco:/home/user/exchange/workspace/install/tiago_pro_moveit_config:/home/user/exchange/workspace/install/tiago_pro_laser_sensors:/home/user/exchange/workspace/install/tiago_pro_description:/home/user/exchange/workspace/install/tiago_pro_bringup:/home/user/exchange/workspace/install/tiago_pro_controller_configuration:/home/user/exchange/workspace/install/tiago_pro_2dnav:/home/user/exchange/workspace/install/pal_sea_arm_moveit_config:/home/user/exchange/workspace/install/pal_sea_arm:/home/user/exchange/workspace/install/pal_sea_arm_bringup:/home/user/exchange/workspace/install/pal_sea_arm_description:/home/user/exchange/workspace/install/pal_sea_arm_controller_configuration:/home/user/exchange/workspace/install/pal_pro_gripper_simulation:/home/user/exchange/workspace/install/pal_pro_gripper_bringup:/home/user/exchange/workspace/install/pal_pro_gripper:/home/user/exchange/workspace/install/pal_pro_gripper_controller_configuration:/home/user/exchange/workspace/install/pal_pro_gripper_description:/home/user/exchange/workspace/install/pal_gazebo_worlds:/opt/ros/humble CMAKE_PREFIX_PATH=/home/user/exchange/workspace/install/pal_pro_gripper_controller_configuration:/home/user/exchange/workspace/install/pal_pro_gripper_description:/home/user/exchange/workspace/install/tiago_manipulation_tasks:/home/user/exchange/workspace/install/tiago_pro_simulation:/home/user/exchange/workspace/install/tiago_pro_robot:/home/user/exchange/workspace/install/tiago_pro_navigation:/home/user/exchange/workspace/install/tiago_pro_gazebo:/home/user/exchange/workspace/install/tiago_pro_rgbd_sensors:/home/user/exchange/workspace/install/tiago_pro_mujoco:/home/user/exchange/workspace/install/tiago_pro_moveit_config:/home/user/exchange/workspace/install/tiago_pro_laser_sensors:/home/user/exchange/workspace/install/tiago_pro_description:/home/user/exchange/workspace/install/tiago_pro_bringup:/home/user/exchange/workspace/install/tiago_pro_controller_configuration:/home/user/exchange/workspace/install/tiago_pro_2dnav:/home/user/exchange/workspace/install/pal_sea_arm_moveit_config:/home/user/exchange/workspace/install/pal_sea_arm:/home/user/exchange/workspace/install/pal_sea_arm_bringup:/home/user/exchange/workspace/install/pal_sea_arm_description:/home/user/exchange/workspace/install/pal_sea_arm_controller_configuration:/home/user/exchange/workspace/install/pal_pro_gripper_simulation:/home/user/exchange/workspace/install/pal_pro_gripper_bringup:/home/user/exchange/workspace/install/pal_pro_gripper:/home/user/exchange/workspace/install/pal_gazebo_worlds:/home/user/exchange/workspace/install/pick_task:/home/user/exchange/workspace/install/pal_pro_gripper_wrapper:/opt/ros/humble PYTHONPATH=/home/user/exchange/workspace/install/pal_pro_gripper_wrapper/lib/python3.10/site-packages:/home/user/exchange/workspace/install/pick_task/lib/python3.10/site-packages:/home/user/exchange/workspace/install/tiago_pro_description/local/lib/python3.10/dist-packages:/home/user/exchange/workspace/install/pal_sea_arm_description/local/lib/python3.10/dist-packages:/home/user/exchange/workspace/install/pal_pro_gripper_description/local/lib/python3.10/dist-packages:/opt/ros/humble/lib/python3.10/site-packages:/opt/ros/humble/local/lib/python3.10/dist-packages /usr/bin/cmake --build /home/user/exchange/workspace/build/pal_pro_gripper -- -j12 -l12
[0.996s] DEBUG:colcon.colcon_core.event_handler.log_command:Invoking command in '/home/user/exchange/workspace/build/pal_pro_gripper': AMENT_PREFIX_PATH=/home/user/exchange/workspace/install/pal_pro_gripper_wrapper:/home/user/exchange/workspace/install/tiago_manipulation_tasks:/home/user/exchange/workspace/install/pick_task:/home/user/exchange/workspace/install/tiago_pro_simulation:/home/user/exchange/workspace/install/tiago_pro_robot:/home/user/exchange/workspace/install/tiago_pro_navigation:/home/user/exchange/workspace/install/tiago_pro_gazebo:/home/user/exchange/workspace/install/tiago_pro_rgbd_sensors:/home/user/exchange/workspace/install/tiago_pro_mujoco:/home/user/exchange/workspace/install/tiago_pro_moveit_config:/home/user/exchange/workspace/install/tiago_pro_laser_sensors:/home/user/exchange/workspace/install/tiago_pro_description:/home/user/exchange/workspace/install/tiago_pro_bringup:/home/user/exchange/workspace/install/tiago_pro_controller_configuration:/home/user/exchange/workspace/install/tiago_pro_2dnav:/home/user/exchange/workspace/install/pal_sea_arm_moveit_config:/home/user/exchange/workspace/install/pal_sea_arm:/home/user/exchange/workspace/install/pal_sea_arm_bringup:/home/user/exchange/workspace/install/pal_sea_arm_description:/home/user/exchange/workspace/install/pal_sea_arm_controller_configuration:/home/user/exchange/workspace/install/pal_pro_gripper_simulation:/home/user/exchange/workspace/install/pal_pro_gripper_bringup:/home/user/exchange/workspace/install/pal_pro_gripper:/home/user/exchange/workspace/install/pal_pro_gripper_controller_configuration:/home/user/exchange/workspace/install/pal_pro_gripper_description:/home/user/exchange/workspace/install/pal_gazebo_worlds:/opt/ros/humble CMAKE_PREFIX_PATH=/home/user/exchange/workspace/install/pal_pro_gripper_controller_configuration:/home/user/exchange/workspace/install/pal_pro_gripper_description:/home/user/exchange/workspace/install/tiago_manipulation_tasks:/home/user/exchange/workspace/install/tiago_pro_simulation:/home/user/exchange/workspace/install/tiago_pro_robot:/home/user/exchange/workspace/install/tiago_pro_navigation:/home/user/exchange/workspace/install/tiago_pro_gazebo:/home/user/exchange/workspace/install/tiago_pro_rgbd_sensors:/home/user/exchange/workspace/install/tiago_pro_mujoco:/home/user/exchange/workspace/install/tiago_pro_moveit_config:/home/user/exchange/workspace/install/tiago_pro_laser_sensors:/home/user/exchange/workspace/install/tiago_pro_description:/home/user/exchange/workspace/install/tiago_pro_bringup:/home/user/exchange/workspace/install/tiago_pro_controller_configuration:/home/user/exchange/workspace/install/tiago_pro_2dnav:/home/user/exchange/workspace/install/pal_sea_arm_moveit_config:/home/user/exchange/workspace/install/pal_sea_arm:/home/user/exchange/workspace/install/pal_sea_arm_bringup:/home/user/exchange/workspace/install/pal_sea_arm_description:/home/user/exchange/workspace/install/pal_sea_arm_controller_configuration:/home/user/exchange/workspace/install/pal_pro_gripper_simulation:/home/user/exchange/workspace/install/pal_pro_gripper_bringup:/home/user/exchange/workspace/install/pal_pro_gripper:/home/user/exchange/workspace/install/pal_gazebo_worlds:/home/user/exchange/workspace/install/pick_task:/home/user/exchange/workspace/install/pal_pro_gripper_wrapper:/opt/ros/humble PYTHONPATH=/home/user/exchange/workspace/install/pal_pro_gripper_wrapper/lib/python3.10/site-packages:/home/user/exchange/workspace/install/pick_task/lib/python3.10/site-packages:/home/user/exchange/workspace/install/tiago_pro_description/local/lib/python3.10/dist-packages:/home/user/exchange/workspace/install/pal_sea_arm_description/local/lib/python3.10/dist-packages:/home/user/exchange/workspace/install/pal_pro_gripper_description/local/lib/python3.10/dist-packages:/opt/ros/humble/lib/python3.10/site-packages:/opt/ros/humble/local/lib/python3.10/dist-packages /usr/bin/cmake --install /home/user/exchange/workspace/build/pal_pro_gripper
[0.997s] DEBUG:colcon.colcon_core.event_handler.log_command:Invoked command in '/home/user/exchange/workspace/build/pal_pro_gripper_bringup' returned '0': AMENT_PREFIX_PATH=/home/user/exchange/workspace/install/pal_pro_gripper_wrapper:/home/user/exchange/workspace/install/tiago_manipulation_tasks:/home/user/exchange/workspace/install/pick_task:/home/user/exchange/workspace/install/tiago_pro_simulation:/home/user/exchange/workspace/install/tiago_pro_robot:/home/user/exchange/workspace/install/tiago_pro_navigation:/home/user/exchange/workspace/install/tiago_pro_gazebo:/home/user/exchange/workspace/install/tiago_pro_rgbd_sensors:/home/user/exchange/workspace/install/tiago_pro_mujoco:/home/user/exchange/workspace/install/tiago_pro_moveit_config:/home/user/exchange/workspace/install/tiago_pro_laser_sensors:/home/user/exchange/workspace/install/tiago_pro_description:/home/user/exchange/workspace/install/tiago_pro_bringup:/home/user/exchange/workspace/install/tiago_pro_controller_configuration:/home/user/exchange/workspace/install/tiago_pro_2dnav:/home/user/exchange/workspace/install/pal_sea_arm_moveit_config:/home/user/exchange/workspace/install/pal_sea_arm:/home/user/exchange/workspace/install/pal_sea_arm_bringup:/home/user/exchange/workspace/install/pal_sea_arm_description:/home/user/exchange/workspace/install/pal_sea_arm_controller_configuration:/home/user/exchange/workspace/install/pal_pro_gripper_simulation:/home/user/exchange/workspace/install/pal_pro_gripper_bringup:/home/user/exchange/workspace/install/pal_pro_gripper:/home/user/exchange/workspace/install/pal_pro_gripper_controller_configuration:/home/user/exchange/workspace/install/pal_pro_gripper_description:/home/user/exchange/workspace/install/pal_gazebo_worlds:/opt/ros/humble CMAKE_PREFIX_PATH=/home/user/exchange/workspace/install/pal_pro_gripper_controller_configuration:/home/user/exchange/workspace/install/pal_pro_gripper_description:/home/user/exchange/workspace/install/tiago_manipulation_tasks:/home/user/exchange/workspace/install/tiago_pro_simulation:/home/user/exchange/workspace/install/tiago_pro_robot:/home/user/exchange/workspace/install/tiago_pro_navigation:/home/user/exchange/workspace/install/tiago_pro_gazebo:/home/user/exchange/workspace/install/tiago_pro_rgbd_sensors:/home/user/exchange/workspace/install/tiago_pro_mujoco:/home/user/exchange/workspace/install/tiago_pro_moveit_config:/home/user/exchange/workspace/install/tiago_pro_laser_sensors:/home/user/exchange/workspace/install/tiago_pro_description:/home/user/exchange/workspace/install/tiago_pro_bringup:/home/user/exchange/workspace/install/tiago_pro_controller_configuration:/home/user/exchange/workspace/install/tiago_pro_2dnav:/home/user/exchange/workspace/install/pal_sea_arm_moveit_config:/home/user/exchange/workspace/install/pal_sea_arm:/home/user/exchange/workspace/install/pal_sea_arm_bringup:/home/user/exchange/workspace/install/pal_sea_arm_description:/home/user/exchange/workspace/install/pal_sea_arm_controller_configuration:/home/user/exchange/workspace/install/pal_pro_gripper_simulation:/home/user/exchange/workspace/install/pal_pro_gripper_bringup:/home/user/exchange/workspace/install/pal_pro_gripper:/home/user/exchange/workspace/install/pal_gazebo_worlds:/home/user/exchange/workspace/install/pick_task:/home/user/exchange/workspace/install/pal_pro_gripper_wrapper:/opt/ros/humble PYTHONPATH=/home/user/exchange/workspace/install/pal_pro_gripper_wrapper/lib/python3.10/site-packages:/home/user/exchange/workspace/install/pick_task/lib/python3.10/site-packages:/home/user/exchange/workspace/install/tiago_pro_description/local/lib/python3.10/dist-packages:/home/user/exchange/workspace/install/pal_sea_arm_description/local/lib/python3.10/dist-packages:/home/user/exchange/workspace/install/pal_pro_gripper_description/local/lib/python3.10/dist-packages:/opt/ros/humble/lib/python3.10/site-packages:/opt/ros/humble/local/lib/python3.10/dist-packages /usr/bin/cmake --build /home/user/exchange/workspace/build/pal_pro_gripper_bringup -- -j12 -l12
[0.998s] DEBUG:colcon.colcon_core.event_handler.log_command:Invoking command in '/home/user/exchange/workspace/build/pal_pro_gripper_bringup': AMENT_PREFIX_PATH=/home/user/exchange/workspace/install/pal_pro_gripper_wrapper:/home/user/exchange/workspace/install/tiago_manipulation_tasks:/home/user/exchange/workspace/install/pick_task:/home/user/exchange/workspace/install/tiago_pro_simulation:/home/user/exchange/workspace/install/tiago_pro_robot:/home/user/exchange/workspace/install/tiago_pro_navigation:/home/user/exchange/workspace/install/tiago_pro_gazebo:/home/user/exchange/workspace/install/tiago_pro_rgbd_sensors:/home/user/exchange/workspace/install/tiago_pro_mujoco:/home/user/exchange/workspace/install/tiago_pro_moveit_config:/home/user/exchange/workspace/install/tiago_pro_laser_sensors:/home/user/exchange/workspace/install/tiago_pro_description:/home/user/exchange/workspace/install/tiago_pro_bringup:/home/user/exchange/workspace/install/tiago_pro_controller_configuration:/home/user/exchange/workspace/install/tiago_pro_2dnav:/home/user/exchange/workspace/install/pal_sea_arm_moveit_config:/home/user/exchange/workspace/install/pal_sea_arm:/home/user/exchange/workspace/install/pal_sea_arm_bringup:/home/user/exchange/workspace/install/pal_sea_arm_description:/home/user/exchange/workspace/install/pal_sea_arm_controller_configuration:/home/user/exchange/workspace/install/pal_pro_gripper_simulation:/home/user/exchange/workspace/install/pal_pro_gripper_bringup:/home/user/exchange/workspace/install/pal_pro_gripper:/home/user/exchange/workspace/install/pal_pro_gripper_controller_configuration:/home/user/exchange/workspace/install/pal_pro_gripper_description:/home/user/exchange/workspace/install/pal_gazebo_worlds:/opt/ros/humble CMAKE_PREFIX_PATH=/home/user/exchange/workspace/install/pal_pro_gripper_controller_configuration:/home/user/exchange/workspace/install/pal_pro_gripper_description:/home/user/exchange/workspace/install/tiago_manipulation_tasks:/home/user/exchange/workspace/install/tiago_pro_simulation:/home/user/exchange/workspace/install/tiago_pro_robot:/home/user/exchange/workspace/install/tiago_pro_navigation:/home/user/exchange/workspace/install/tiago_pro_gazebo:/home/user/exchange/workspace/install/tiago_pro_rgbd_sensors:/home/user/exchange/workspace/install/tiago_pro_mujoco:/home/user/exchange/workspace/install/tiago_pro_moveit_config:/home/user/exchange/workspace/install/tiago_pro_laser_sensors:/home/user/exchange/workspace/install/tiago_pro_description:/home/user/exchange/workspace/install/tiago_pro_bringup:/home/user/exchange/workspace/install/tiago_pro_controller_configuration:/home/user/exchange/workspace/install/tiago_pro_2dnav:/home/user/exchange/workspace/install/pal_sea_arm_moveit_config:/home/user/exchange/workspace/install/pal_sea_arm:/home/user/exchange/workspace/install/pal_sea_arm_bringup:/home/user/exchange/workspace/install/pal_sea_arm_description:/home/user/exchange/workspace/install/pal_sea_arm_controller_configuration:/home/user/exchange/workspace/install/pal_pro_gripper_simulation:/home/user/exchange/workspace/install/pal_pro_gripper_bringup:/home/user/exchange/workspace/install/pal_pro_gripper:/home/user/exchange/workspace/install/pal_gazebo_worlds:/home/user/exchange/workspace/install/pick_task:/home/user/exchange/workspace/install/pal_pro_gripper_wrapper:/opt/ros/humble PYTHONPATH=/home/user/exchange/workspace/install/pal_pro_gripper_wrapper/lib/python3.10/site-packages:/home/user/exchange/workspace/install/pick_task/lib/python3.10/site-packages:/home/user/exchange/workspace/install/tiago_pro_description/local/lib/python3.10/dist-packages:/home/user/exchange/workspace/install/pal_sea_arm_description/local/lib/python3.10/dist-packages:/home/user/exchange/workspace/install/pal_pro_gripper_description/local/lib/python3.10/dist-packages:/opt/ros/humble/lib/python3.10/site-packages:/opt/ros/humble/local/lib/python3.10/dist-packages /usr/bin/cmake --install /home/user/exchange/workspace/build/pal_pro_gripper_bringup
[1.003s] Level 1:colcon.colcon_core.environment:create_environment_scripts_only(pal_sea_arm_controller_configuration)
[1.003s] Level 1:colcon.colcon_core.environment:checking '/home/user/exchange/workspace/install/pal_sea_arm_controller_configuration' for CMake module files
[1.005s] DEBUG:colcon.colcon_core.event_handler.log_command:Invoked command in '/home/user/exchange/workspace/build/pal_pro_gripper_simulation' returned '0': AMENT_PREFIX_PATH=/home/user/exchange/workspace/install/pal_pro_gripper_wrapper:/home/user/exchange/workspace/install/tiago_manipulation_tasks:/home/user/exchange/workspace/install/pick_task:/home/user/exchange/workspace/install/tiago_pro_simulation:/home/user/exchange/workspace/install/tiago_pro_robot:/home/user/exchange/workspace/install/tiago_pro_navigation:/home/user/exchange/workspace/install/tiago_pro_gazebo:/home/user/exchange/workspace/install/tiago_pro_rgbd_sensors:/home/user/exchange/workspace/install/tiago_pro_mujoco:/home/user/exchange/workspace/install/tiago_pro_moveit_config:/home/user/exchange/workspace/install/tiago_pro_laser_sensors:/home/user/exchange/workspace/install/tiago_pro_description:/home/user/exchange/workspace/install/tiago_pro_bringup:/home/user/exchange/workspace/install/tiago_pro_controller_configuration:/home/user/exchange/workspace/install/tiago_pro_2dnav:/home/user/exchange/workspace/install/pal_sea_arm_moveit_config:/home/user/exchange/workspace/install/pal_sea_arm:/home/user/exchange/workspace/install/pal_sea_arm_bringup:/home/user/exchange/workspace/install/pal_sea_arm_description:/home/user/exchange/workspace/install/pal_sea_arm_controller_configuration:/home/user/exchange/workspace/install/pal_pro_gripper_simulation:/home/user/exchange/workspace/install/pal_pro_gripper_bringup:/home/user/exchange/workspace/install/pal_pro_gripper:/home/user/exchange/workspace/install/pal_pro_gripper_controller_configuration:/home/user/exchange/workspace/install/pal_pro_gripper_description:/home/user/exchange/workspace/install/pal_gazebo_worlds:/opt/ros/humble CMAKE_PREFIX_PATH=/home/user/exchange/workspace/install/pal_pro_gripper_controller_configuration:/home/user/exchange/workspace/install/pal_pro_gripper_description:/home/user/exchange/workspace/install/pal_gazebo_worlds:/home/user/exchange/workspace/install/tiago_manipulation_tasks:/home/user/exchange/workspace/install/tiago_pro_simulation:/home/user/exchange/workspace/install/tiago_pro_robot:/home/user/exchange/workspace/install/tiago_pro_navigation:/home/user/exchange/workspace/install/tiago_pro_gazebo:/home/user/exchange/workspace/install/tiago_pro_rgbd_sensors:/home/user/exchange/workspace/install/tiago_pro_mujoco:/home/user/exchange/workspace/install/tiago_pro_moveit_config:/home/user/exchange/workspace/install/tiago_pro_laser_sensors:/home/user/exchange/workspace/install/tiago_pro_description:/home/user/exchange/workspace/install/tiago_pro_bringup:/home/user/exchange/workspace/install/tiago_pro_controller_configuration:/home/user/exchange/workspace/install/tiago_pro_2dnav:/home/user/exchange/workspace/install/pal_sea_arm_moveit_config:/home/user/exchange/workspace/install/pal_sea_arm:/home/user/exchange/workspace/install/pal_sea_arm_bringup:/home/user/exchange/workspace/install/pal_sea_arm_description:/home/user/exchange/workspace/install/pal_sea_arm_controller_configuration:/home/user/exchange/workspace/install/pal_pro_gripper_simulation:/home/user/exchange/workspace/install/pal_pro_gripper_bringup:/home/user/exchange/workspace/install/pal_pro_gripper:/home/user/exchange/workspace/install/pick_task:/home/user/exchange/workspace/install/pal_pro_gripper_wrapper:/opt/ros/humble PYTHONPATH=/home/user/exchange/workspace/install/pal_pro_gripper_wrapper/lib/python3.10/site-packages:/home/user/exchange/workspace/install/pick_task/lib/python3.10/site-packages:/home/user/exchange/workspace/install/tiago_pro_description/local/lib/python3.10/dist-packages:/home/user/exchange/workspace/install/pal_sea_arm_description/local/lib/python3.10/dist-packages:/home/user/exchange/workspace/install/pal_pro_gripper_description/local/lib/python3.10/dist-packages:/opt/ros/humble/lib/python3.10/site-packages:/opt/ros/humble/local/lib/python3.10/dist-packages /usr/bin/cmake --build /home/user/exchange/workspace/build/pal_pro_gripper_simulation -- -j12 -l12
[1.005s] Level 1:colcon.colcon_core.environment:checking '/home/user/exchange/workspace/install/pal_sea_arm_controller_configuration' for CMake config files
[1.006s] DEBUG:colcon.colcon_core.event_handler.log_command:Invoking command in '/home/user/exchange/workspace/build/pal_pro_gripper_simulation': AMENT_PREFIX_PATH=/home/user/exchange/workspace/install/pal_pro_gripper_wrapper:/home/user/exchange/workspace/install/tiago_manipulation_tasks:/home/user/exchange/workspace/install/pick_task:/home/user/exchange/workspace/install/tiago_pro_simulation:/home/user/exchange/workspace/install/tiago_pro_robot:/home/user/exchange/workspace/install/tiago_pro_navigation:/home/user/exchange/workspace/install/tiago_pro_gazebo:/home/user/exchange/workspace/install/tiago_pro_rgbd_sensors:/home/user/exchange/workspace/install/tiago_pro_mujoco:/home/user/exchange/workspace/install/tiago_pro_moveit_config:/home/user/exchange/workspace/install/tiago_pro_laser_sensors:/home/user/exchange/workspace/install/tiago_pro_description:/home/user/exchange/workspace/install/tiago_pro_bringup:/home/user/exchange/workspace/install/tiago_pro_controller_configuration:/home/user/exchange/workspace/install/tiago_pro_2dnav:/home/user/exchange/workspace/install/pal_sea_arm_moveit_config:/home/user/exchange/workspace/install/pal_sea_arm:/home/user/exchange/workspace/install/pal_sea_arm_bringup:/home/user/exchange/workspace/install/pal_sea_arm_description:/home/user/exchange/workspace/install/pal_sea_arm_controller_configuration:/home/user/exchange/workspace/install/pal_pro_gripper_simulation:/home/user/exchange/workspace/install/pal_pro_gripper_bringup:/home/user/exchange/workspace/install/pal_pro_gripper:/home/user/exchange/workspace/install/pal_pro_gripper_controller_configuration:/home/user/exchange/workspace/install/pal_pro_gripper_description:/home/user/exchange/workspace/install/pal_gazebo_worlds:/opt/ros/humble CMAKE_PREFIX_PATH=/home/user/exchange/workspace/install/pal_pro_gripper_controller_configuration:/home/user/exchange/workspace/install/pal_pro_gripper_description:/home/user/exchange/workspace/install/pal_gazebo_worlds:/home/user/exchange/workspace/install/tiago_manipulation_tasks:/home/user/exchange/workspace/install/tiago_pro_simulation:/home/user/exchange/workspace/install/tiago_pro_robot:/home/user/exchange/workspace/install/tiago_pro_navigation:/home/user/exchange/workspace/install/tiago_pro_gazebo:/home/user/exchange/workspace/install/tiago_pro_rgbd_sensors:/home/user/exchange/workspace/install/tiago_pro_mujoco:/home/user/exchange/workspace/install/tiago_pro_moveit_config:/home/user/exchange/workspace/install/tiago_pro_laser_sensors:/home/user/exchange/workspace/install/tiago_pro_description:/home/user/exchange/workspace/install/tiago_pro_bringup:/home/user/exchange/workspace/install/tiago_pro_controller_configuration:/home/user/exchange/workspace/install/tiago_pro_2dnav:/home/user/exchange/workspace/install/pal_sea_arm_moveit_config:/home/user/exchange/workspace/install/pal_sea_arm:/home/user/exchange/workspace/install/pal_sea_arm_bringup:/home/user/exchange/workspace/install/pal_sea_arm_description:/home/user/exchange/workspace/install/pal_sea_arm_controller_configuration:/home/user/exchange/workspace/install/pal_pro_gripper_simulation:/home/user/exchange/workspace/install/pal_pro_gripper_bringup:/home/user/exchange/workspace/install/pal_pro_gripper:/home/user/exchange/workspace/install/pick_task:/home/user/exchange/workspace/install/pal_pro_gripper_wrapper:/opt/ros/humble PYTHONPATH=/home/user/exchange/workspace/install/pal_pro_gripper_wrapper/lib/python3.10/site-packages:/home/user/exchange/workspace/install/pick_task/lib/python3.10/site-packages:/home/user/exchange/workspace/install/tiago_pro_description/local/lib/python3.10/dist-packages:/home/user/exchange/workspace/install/pal_sea_arm_description/local/lib/python3.10/dist-packages:/home/user/exchange/workspace/install/pal_pro_gripper_description/local/lib/python3.10/dist-packages:/opt/ros/humble/lib/python3.10/site-packages:/opt/ros/humble/local/lib/python3.10/dist-packages /usr/bin/cmake --install /home/user/exchange/workspace/build/pal_pro_gripper_simulation
[1.006s] DEBUG:colcon.colcon_core.event_handler.log_command:Invoked command in '/home/user/exchange/workspace/build/pal_sea_arm_controller_configuration' returned '0': AMENT_PREFIX_PATH=/home/user/exchange/workspace/install/pal_pro_gripper_wrapper:/home/user/exchange/workspace/install/tiago_manipulation_tasks:/home/user/exchange/workspace/install/pick_task:/home/user/exchange/workspace/install/tiago_pro_simulation:/home/user/exchange/workspace/install/tiago_pro_robot:/home/user/exchange/workspace/install/tiago_pro_navigation:/home/user/exchange/workspace/install/tiago_pro_gazebo:/home/user/exchange/workspace/install/tiago_pro_rgbd_sensors:/home/user/exchange/workspace/install/tiago_pro_mujoco:/home/user/exchange/workspace/install/tiago_pro_moveit_config:/home/user/exchange/workspace/install/tiago_pro_laser_sensors:/home/user/exchange/workspace/install/tiago_pro_description:/home/user/exchange/workspace/install/tiago_pro_bringup:/home/user/exchange/workspace/install/tiago_pro_controller_configuration:/home/user/exchange/workspace/install/tiago_pro_2dnav:/home/user/exchange/workspace/install/pal_sea_arm_moveit_config:/home/user/exchange/workspace/install/pal_sea_arm:/home/user/exchange/workspace/install/pal_sea_arm_bringup:/home/user/exchange/workspace/install/pal_sea_arm_description:/home/user/exchange/workspace/install/pal_sea_arm_controller_configuration:/home/user/exchange/workspace/install/pal_pro_gripper_simulation:/home/user/exchange/workspace/install/pal_pro_gripper_bringup:/home/user/exchange/workspace/install/pal_pro_gripper:/home/user/exchange/workspace/install/pal_pro_gripper_controller_configuration:/home/user/exchange/workspace/install/pal_pro_gripper_description:/home/user/exchange/workspace/install/pal_gazebo_worlds:/opt/ros/humble CMAKE_PREFIX_PATH=/home/user/exchange/workspace/install/pal_pro_gripper_controller_configuration:/home/user/exchange/workspace/install/tiago_manipulation_tasks:/home/user/exchange/workspace/install/tiago_pro_simulation:/home/user/exchange/workspace/install/tiago_pro_robot:/home/user/exchange/workspace/install/tiago_pro_navigation:/home/user/exchange/workspace/install/tiago_pro_gazebo:/home/user/exchange/workspace/install/tiago_pro_rgbd_sensors:/home/user/exchange/workspace/install/tiago_pro_mujoco:/home/user/exchange/workspace/install/tiago_pro_moveit_config:/home/user/exchange/workspace/install/tiago_pro_laser_sensors:/home/user/exchange/workspace/install/tiago_pro_description:/home/user/exchange/workspace/install/tiago_pro_bringup:/home/user/exchange/workspace/install/tiago_pro_controller_configuration:/home/user/exchange/workspace/install/tiago_pro_2dnav:/home/user/exchange/workspace/install/pal_sea_arm_moveit_config:/home/user/exchange/workspace/install/pal_sea_arm:/home/user/exchange/workspace/install/pal_sea_arm_bringup:/home/user/exchange/workspace/install/pal_sea_arm_description:/home/user/exchange/workspace/install/pal_sea_arm_controller_configuration:/home/user/exchange/workspace/install/pal_pro_gripper_simulation:/home/user/exchange/workspace/install/pal_pro_gripper_bringup:/home/user/exchange/workspace/install/pal_pro_gripper:/home/user/exchange/workspace/install/pal_pro_gripper_description:/home/user/exchange/workspace/install/pal_gazebo_worlds:/home/user/exchange/workspace/install/pick_task:/home/user/exchange/workspace/install/pal_pro_gripper_wrapper:/opt/ros/humble PYTHONPATH=/home/user/exchange/workspace/install/pal_pro_gripper_wrapper/lib/python3.10/site-packages:/home/user/exchange/workspace/install/pick_task/lib/python3.10/site-packages:/home/user/exchange/workspace/install/tiago_pro_description/local/lib/python3.10/dist-packages:/home/user/exchange/workspace/install/pal_sea_arm_description/local/lib/python3.10/dist-packages:/home/user/exchange/workspace/install/pal_pro_gripper_description/local/lib/python3.10/dist-packages:/opt/ros/humble/lib/python3.10/site-packages:/opt/ros/humble/local/lib/python3.10/dist-packages /usr/bin/cmake --install /home/user/exchange/workspace/build/pal_sea_arm_controller_configuration
[1.007s] Level 1:colcon.colcon_core.shell:create_environment_hook('pal_sea_arm_controller_configuration', 'cmake_prefix_path')
[1.007s] INFO:colcon.colcon_core.shell:Creating environment hook '/home/user/exchange/workspace/install/pal_sea_arm_controller_configuration/share/pal_sea_arm_controller_configuration/hook/cmake_prefix_path.ps1'
[1.008s] INFO:colcon.colcon_core.shell:Creating environment descriptor '/home/user/exchange/workspace/install/pal_sea_arm_controller_configuration/share/pal_sea_arm_controller_configuration/hook/cmake_prefix_path.dsv'
[1.008s] INFO:colcon.colcon_core.shell:Creating environment hook '/home/user/exchange/workspace/install/pal_sea_arm_controller_configuration/share/pal_sea_arm_controller_configuration/hook/cmake_prefix_path.sh'
[1.009s] Level 1:colcon.colcon_core.environment:checking '/home/user/exchange/workspace/install/pal_sea_arm_controller_configuration/bin'
[1.009s] Level 1:colcon.colcon_core.environment:checking '/home/user/exchange/workspace/install/pal_sea_arm_controller_configuration/lib/pkgconfig/pal_sea_arm_controller_configuration.pc'
[1.009s] Level 1:colcon.colcon_core.environment:checking '/home/user/exchange/workspace/install/pal_sea_arm_controller_configuration/lib/python3.10/site-packages'
[1.010s] Level 1:colcon.colcon_core.environment:checking '/home/user/exchange/workspace/install/pal_sea_arm_controller_configuration/bin'
[1.010s] INFO:colcon.colcon_core.shell:Creating package script '/home/user/exchange/workspace/install/pal_sea_arm_controller_configuration/share/pal_sea_arm_controller_configuration/package.ps1'
[1.010s] INFO:colcon.colcon_core.shell:Creating package descriptor '/home/user/exchange/workspace/install/pal_sea_arm_controller_configuration/share/pal_sea_arm_controller_configuration/package.dsv'
[1.011s] INFO:colcon.colcon_core.shell:Creating package script '/home/user/exchange/workspace/install/pal_sea_arm_controller_configuration/share/pal_sea_arm_controller_configuration/package.sh'
[1.011s] INFO:colcon.colcon_core.shell:Creating package script '/home/user/exchange/workspace/install/pal_sea_arm_controller_configuration/share/pal_sea_arm_controller_configuration/package.bash'
[1.011s] INFO:colcon.colcon_core.shell:Creating package script '/home/user/exchange/workspace/install/pal_sea_arm_controller_configuration/share/pal_sea_arm_controller_configuration/package.zsh'
[1.012s] Level 1:colcon.colcon_core.environment:create_file_with_runtime_dependencies(/home/user/exchange/workspace/install/pal_sea_arm_controller_configuration/share/colcon-core/packages/pal_sea_arm_controller_configuration)
[1.012s] Level 1:colcon.colcon_core.environment:create_environment_scripts_only(pal_sea_arm_controller_configuration)
[1.012s] Level 1:colcon.colcon_core.environment:checking '/home/user/exchange/workspace/install/pal_sea_arm_controller_configuration' for CMake module files
[1.012s] Level 1:colcon.colcon_core.environment:checking '/home/user/exchange/workspace/install/pal_sea_arm_controller_configuration' for CMake config files
[1.013s] Level 1:colcon.colcon_core.shell:create_environment_hook('pal_sea_arm_controller_configuration', 'cmake_prefix_path')
[1.013s] INFO:colcon.colcon_core.shell:Creating environment hook '/home/user/exchange/workspace/install/pal_sea_arm_controller_configuration/share/pal_sea_arm_controller_configuration/hook/cmake_prefix_path.ps1'
[1.013s] INFO:colcon.colcon_core.shell:Creating environment descriptor '/home/user/exchange/workspace/install/pal_sea_arm_controller_configuration/share/pal_sea_arm_controller_configuration/hook/cmake_prefix_path.dsv'
[1.013s] INFO:colcon.colcon_core.shell:Creating environment hook '/home/user/exchange/workspace/install/pal_sea_arm_controller_configuration/share/pal_sea_arm_controller_configuration/hook/cmake_prefix_path.sh'
[1.014s] Level 1:colcon.colcon_core.environment:checking '/home/user/exchange/workspace/install/pal_sea_arm_controller_configuration/bin'
[1.014s] Level 1:colcon.colcon_core.environment:checking '/home/user/exchange/workspace/install/pal_sea_arm_controller_configuration/lib/pkgconfig/pal_sea_arm_controller_configuration.pc'
[1.014s] Level 1:colcon.colcon_core.environment:checking '/home/user/exchange/workspace/install/pal_sea_arm_controller_configuration/lib/python3.10/site-packages'
[1.014s] Level 1:colcon.colcon_core.environment:checking '/home/user/exchange/workspace/install/pal_sea_arm_controller_configuration/bin'
[1.014s] INFO:colcon.colcon_core.shell:Creating package script '/home/user/exchange/workspace/install/pal_sea_arm_controller_configuration/share/pal_sea_arm_controller_configuration/package.ps1'
[1.015s] INFO:colcon.colcon_core.shell:Creating package descriptor '/home/user/exchange/workspace/install/pal_sea_arm_controller_configuration/share/pal_sea_arm_controller_configuration/package.dsv'
[1.015s] INFO:colcon.colcon_core.shell:Creating package script '/home/user/exchange/workspace/install/pal_sea_arm_controller_configuration/share/pal_sea_arm_controller_configuration/package.sh'
[1.016s] INFO:colcon.colcon_core.shell:Creating package script '/home/user/exchange/workspace/install/pal_sea_arm_controller_configuration/share/pal_sea_arm_controller_configuration/package.bash'
[1.016s] INFO:colcon.colcon_core.shell:Creating package script '/home/user/exchange/workspace/install/pal_sea_arm_controller_configuration/share/pal_sea_arm_controller_configuration/package.zsh'
[1.016s] Level 1:colcon.colcon_core.environment:create_file_with_runtime_dependencies(/home/user/exchange/workspace/install/pal_sea_arm_controller_configuration/share/colcon-core/packages/pal_sea_arm_controller_configuration)
[1.016s] Level 1:colcon.colcon_core.environment:create_environment_scripts_only(pal_pro_gripper)
[1.017s] Level 1:colcon.colcon_core.environment:checking '/home/user/exchange/workspace/install/pal_pro_gripper' for CMake module files
[1.017s] DEBUG:colcon.colcon_core.event_handler.log_command:Invoked command in '/home/user/exchange/workspace/build/pal_pro_gripper' returned '0': AMENT_PREFIX_PATH=/home/user/exchange/workspace/install/pal_pro_gripper_wrapper:/home/user/exchange/workspace/install/tiago_manipulation_tasks:/home/user/exchange/workspace/install/pick_task:/home/user/exchange/workspace/install/tiago_pro_simulation:/home/user/exchange/workspace/install/tiago_pro_robot:/home/user/exchange/workspace/install/tiago_pro_navigation:/home/user/exchange/workspace/install/tiago_pro_gazebo:/home/user/exchange/workspace/install/tiago_pro_rgbd_sensors:/home/user/exchange/workspace/install/tiago_pro_mujoco:/home/user/exchange/workspace/install/tiago_pro_moveit_config:/home/user/exchange/workspace/install/tiago_pro_laser_sensors:/home/user/exchange/workspace/install/tiago_pro_description:/home/user/exchange/workspace/install/tiago_pro_bringup:/home/user/exchange/workspace/install/tiago_pro_controller_configuration:/home/user/exchange/workspace/install/tiago_pro_2dnav:/home/user/exchange/workspace/install/pal_sea_arm_moveit_config:/home/user/exchange/workspace/install/pal_sea_arm:/home/user/exchange/workspace/install/pal_sea_arm_bringup:/home/user/exchange/workspace/install/pal_sea_arm_description:/home/user/exchange/workspace/install/pal_sea_arm_controller_configuration:/home/user/exchange/workspace/install/pal_pro_gripper_simulation:/home/user/exchange/workspace/install/pal_pro_gripper_bringup:/home/user/exchange/workspace/install/pal_pro_gripper:/home/user/exchange/workspace/install/pal_pro_gripper_controller_configuration:/home/user/exchange/workspace/install/pal_pro_gripper_description:/home/user/exchange/workspace/install/pal_gazebo_worlds:/opt/ros/humble CMAKE_PREFIX_PATH=/home/user/exchange/workspace/install/pal_pro_gripper_controller_configuration:/home/user/exchange/workspace/install/pal_pro_gripper_description:/home/user/exchange/workspace/install/tiago_manipulation_tasks:/home/user/exchange/workspace/install/tiago_pro_simulation:/home/user/exchange/workspace/install/tiago_pro_robot:/home/user/exchange/workspace/install/tiago_pro_navigation:/home/user/exchange/workspace/install/tiago_pro_gazebo:/home/user/exchange/workspace/install/tiago_pro_rgbd_sensors:/home/user/exchange/workspace/install/tiago_pro_mujoco:/home/user/exchange/workspace/install/tiago_pro_moveit_config:/home/user/exchange/workspace/install/tiago_pro_laser_sensors:/home/user/exchange/workspace/install/tiago_pro_description:/home/user/exchange/workspace/install/tiago_pro_bringup:/home/user/exchange/workspace/install/tiago_pro_controller_configuration:/home/user/exchange/workspace/install/tiago_pro_2dnav:/home/user/exchange/workspace/install/pal_sea_arm_moveit_config:/home/user/exchange/workspace/install/pal_sea_arm:/home/user/exchange/workspace/install/pal_sea_arm_bringup:/home/user/exchange/workspace/install/pal_sea_arm_description:/home/user/exchange/workspace/install/pal_sea_arm_controller_configuration:/home/user/exchange/workspace/install/pal_pro_gripper_simulation:/home/user/exchange/workspace/install/pal_pro_gripper_bringup:/home/user/exchange/workspace/install/pal_pro_gripper:/home/user/exchange/workspace/install/pal_gazebo_worlds:/home/user/exchange/workspace/install/pick_task:/home/user/exchange/workspace/install/pal_pro_gripper_wrapper:/opt/ros/humble PYTHONPATH=/home/user/exchange/workspace/install/pal_pro_gripper_wrapper/lib/python3.10/site-packages:/home/user/exchange/workspace/install/pick_task/lib/python3.10/site-packages:/home/user/exchange/workspace/install/tiago_pro_description/local/lib/python3.10/dist-packages:/home/user/exchange/workspace/install/pal_sea_arm_description/local/lib/python3.10/dist-packages:/home/user/exchange/workspace/install/pal_pro_gripper_description/local/lib/python3.10/dist-packages:/opt/ros/humble/lib/python3.10/site-packages:/opt/ros/humble/local/lib/python3.10/dist-packages /usr/bin/cmake --install /home/user/exchange/workspace/build/pal_pro_gripper
[1.017s] Level 1:colcon.colcon_core.environment:checking '/home/user/exchange/workspace/install/pal_pro_gripper' for CMake config files
[1.018s] Level 1:colcon.colcon_core.shell:create_environment_hook('pal_pro_gripper', 'cmake_prefix_path')
[1.018s] INFO:colcon.colcon_core.shell:Creating environment hook '/home/user/exchange/workspace/install/pal_pro_gripper/share/pal_pro_gripper/hook/cmake_prefix_path.ps1'
[1.018s] INFO:colcon.colcon_core.shell:Creating environment descriptor '/home/user/exchange/workspace/install/pal_pro_gripper/share/pal_pro_gripper/hook/cmake_prefix_path.dsv'
[1.018s] INFO:colcon.colcon_core.shell:Creating environment hook '/home/user/exchange/workspace/install/pal_pro_gripper/share/pal_pro_gripper/hook/cmake_prefix_path.sh'
[1.019s] Level 1:colcon.colcon_core.environment:checking '/home/user/exchange/workspace/install/pal_pro_gripper/bin'
[1.019s] Level 1:colcon.colcon_core.environment:checking '/home/user/exchange/workspace/install/pal_pro_gripper/lib/pkgconfig/pal_pro_gripper.pc'
[1.019s] Level 1:colcon.colcon_core.environment:checking '/home/user/exchange/workspace/install/pal_pro_gripper/lib/python3.10/site-packages'
[1.019s] Level 1:colcon.colcon_core.environment:checking '/home/user/exchange/workspace/install/pal_pro_gripper/bin'
[1.019s] INFO:colcon.colcon_core.shell:Creating package script '/home/user/exchange/workspace/install/pal_pro_gripper/share/pal_pro_gripper/package.ps1'
[1.020s] INFO:colcon.colcon_core.shell:Creating package descriptor '/home/user/exchange/workspace/install/pal_pro_gripper/share/pal_pro_gripper/package.dsv'
[1.020s] INFO:colcon.colcon_core.shell:Creating package script '/home/user/exchange/workspace/install/pal_pro_gripper/share/pal_pro_gripper/package.sh'
[1.020s] INFO:colcon.colcon_core.shell:Creating package script '/home/user/exchange/workspace/install/pal_pro_gripper/share/pal_pro_gripper/package.bash'
[1.021s] INFO:colcon.colcon_core.shell:Creating package script '/home/user/exchange/workspace/install/pal_pro_gripper/share/pal_pro_gripper/package.zsh'
[1.021s] Level 1:colcon.colcon_core.environment:create_file_with_runtime_dependencies(/home/user/exchange/workspace/install/pal_pro_gripper/share/colcon-core/packages/pal_pro_gripper)
[1.021s] Level 1:colcon.colcon_core.environment:create_environment_scripts_only(pal_pro_gripper)
[1.022s] Level 1:colcon.colcon_core.environment:checking '/home/user/exchange/workspace/install/pal_pro_gripper' for CMake module files
[1.022s] Level 1:colcon.colcon_core.environment:checking '/home/user/exchange/workspace/install/pal_pro_gripper' for CMake config files
[1.022s] Level 1:colcon.colcon_core.shell:create_environment_hook('pal_pro_gripper', 'cmake_prefix_path')
[1.022s] INFO:colcon.colcon_core.shell:Creating environment hook '/home/user/exchange/workspace/install/pal_pro_gripper/share/pal_pro_gripper/hook/cmake_prefix_path.ps1'
[1.022s] INFO:colcon.colcon_core.shell:Creating environment descriptor '/home/user/exchange/workspace/install/pal_pro_gripper/share/pal_pro_gripper/hook/cmake_prefix_path.dsv'
[1.023s] INFO:colcon.colcon_core.shell:Creating environment hook '/home/user/exchange/workspace/install/pal_pro_gripper/share/pal_pro_gripper/hook/cmake_prefix_path.sh'
[1.023s] Level 1:colcon.colcon_core.environment:checking '/home/user/exchange/workspace/install/pal_pro_gripper/bin'
[1.023s] Level 1:colcon.colcon_core.environment:checking '/home/user/exchange/workspace/install/pal_pro_gripper/lib/pkgconfig/pal_pro_gripper.pc'
[1.023s] Level 1:colcon.colcon_core.environment:checking '/home/user/exchange/workspace/install/pal_pro_gripper/lib/python3.10/site-packages'
[1.023s] Level 1:colcon.colcon_core.environment:checking '/home/user/exchange/workspace/install/pal_pro_gripper/bin'
[1.024s] INFO:colcon.colcon_core.shell:Creating package script '/home/user/exchange/workspace/install/pal_pro_gripper/share/pal_pro_gripper/package.ps1'
[1.024s] INFO:colcon.colcon_core.shell:Creating package descriptor '/home/user/exchange/workspace/install/pal_pro_gripper/share/pal_pro_gripper/package.dsv'
[1.024s] INFO:colcon.colcon_core.shell:Creating package script '/home/user/exchange/workspace/install/pal_pro_gripper/share/pal_pro_gripper/package.sh'
[1.024s] INFO:colcon.colcon_core.shell:Creating package script '/home/user/exchange/workspace/install/pal_pro_gripper/share/pal_pro_gripper/package.bash'
[1.025s] INFO:colcon.colcon_core.shell:Creating package script '/home/user/exchange/workspace/install/pal_pro_gripper/share/pal_pro_gripper/package.zsh'
[1.025s] Level 1:colcon.colcon_core.environment:create_file_with_runtime_dependencies(/home/user/exchange/workspace/install/pal_pro_gripper/share/colcon-core/packages/pal_pro_gripper)
[1.025s] INFO:colcon.colcon_ros.task.ament_cmake.build:Building ROS package in '/home/user/exchange/workspace/src/pal_sea_arm/pal_sea_arm_description' with build type 'ament_cmake'
[1.025s] INFO:colcon.colcon_cmake.task.cmake.build:Building CMake package in '/home/user/exchange/workspace/src/pal_sea_arm/pal_sea_arm_description'
[1.025s] INFO:colcon.colcon_core.shell:Skip shell extension 'powershell' for command environment: Not usable outside of PowerShell
[1.026s] DEBUG:colcon.colcon_core.shell:Skip shell extension 'dsv' for command environment
[1.029s] INFO:colcon.colcon_ros.task.ament_cmake.build:Building ROS package in '/home/user/exchange/workspace/src/tiago_pro_robot/tiago_pro_controller_configuration' with build type 'ament_cmake'
[1.029s] INFO:colcon.colcon_cmake.task.cmake.build:Building CMake package in '/home/user/exchange/workspace/src/tiago_pro_robot/tiago_pro_controller_configuration'
[1.030s] INFO:colcon.colcon_core.shell:Skip shell extension 'powershell' for command environment: Not usable outside of PowerShell
[1.030s] DEBUG:colcon.colcon_core.shell:Skip shell extension 'dsv' for command environment
[1.034s] Level 1:colcon.colcon_core.environment:create_environment_scripts_only(pal_pro_gripper_bringup)
[1.035s] Level 1:colcon.colcon_core.environment:checking '/home/user/exchange/workspace/install/pal_pro_gripper_bringup' for CMake module files
[1.035s] DEBUG:colcon.colcon_core.event_handler.log_command:Invoked command in '/home/user/exchange/workspace/build/pal_pro_gripper_bringup' returned '0': AMENT_PREFIX_PATH=/home/user/exchange/workspace/install/pal_pro_gripper_wrapper:/home/user/exchange/workspace/install/tiago_manipulation_tasks:/home/user/exchange/workspace/install/pick_task:/home/user/exchange/workspace/install/tiago_pro_simulation:/home/user/exchange/workspace/install/tiago_pro_robot:/home/user/exchange/workspace/install/tiago_pro_navigation:/home/user/exchange/workspace/install/tiago_pro_gazebo:/home/user/exchange/workspace/install/tiago_pro_rgbd_sensors:/home/user/exchange/workspace/install/tiago_pro_mujoco:/home/user/exchange/workspace/install/tiago_pro_moveit_config:/home/user/exchange/workspace/install/tiago_pro_laser_sensors:/home/user/exchange/workspace/install/tiago_pro_description:/home/user/exchange/workspace/install/tiago_pro_bringup:/home/user/exchange/workspace/install/tiago_pro_controller_configuration:/home/user/exchange/workspace/install/tiago_pro_2dnav:/home/user/exchange/workspace/install/pal_sea_arm_moveit_config:/home/user/exchange/workspace/install/pal_sea_arm:/home/user/exchange/workspace/install/pal_sea_arm_bringup:/home/user/exchange/workspace/install/pal_sea_arm_description:/home/user/exchange/workspace/install/pal_sea_arm_controller_configuration:/home/user/exchange/workspace/install/pal_pro_gripper_simulation:/home/user/exchange/workspace/install/pal_pro_gripper_bringup:/home/user/exchange/workspace/install/pal_pro_gripper:/home/user/exchange/workspace/install/pal_pro_gripper_controller_configuration:/home/user/exchange/workspace/install/pal_pro_gripper_description:/home/user/exchange/workspace/install/pal_gazebo_worlds:/opt/ros/humble CMAKE_PREFIX_PATH=/home/user/exchange/workspace/install/pal_pro_gripper_controller_configuration:/home/user/exchange/workspace/install/pal_pro_gripper_description:/home/user/exchange/workspace/install/tiago_manipulation_tasks:/home/user/exchange/workspace/install/tiago_pro_simulation:/home/user/exchange/workspace/install/tiago_pro_robot:/home/user/exchange/workspace/install/tiago_pro_navigation:/home/user/exchange/workspace/install/tiago_pro_gazebo:/home/user/exchange/workspace/install/tiago_pro_rgbd_sensors:/home/user/exchange/workspace/install/tiago_pro_mujoco:/home/user/exchange/workspace/install/tiago_pro_moveit_config:/home/user/exchange/workspace/install/tiago_pro_laser_sensors:/home/user/exchange/workspace/install/tiago_pro_description:/home/user/exchange/workspace/install/tiago_pro_bringup:/home/user/exchange/workspace/install/tiago_pro_controller_configuration:/home/user/exchange/workspace/install/tiago_pro_2dnav:/home/user/exchange/workspace/install/pal_sea_arm_moveit_config:/home/user/exchange/workspace/install/pal_sea_arm:/home/user/exchange/workspace/install/pal_sea_arm_bringup:/home/user/exchange/workspace/install/pal_sea_arm_description:/home/user/exchange/workspace/install/pal_sea_arm_controller_configuration:/home/user/exchange/workspace/install/pal_pro_gripper_simulation:/home/user/exchange/workspace/install/pal_pro_gripper_bringup:/home/user/exchange/workspace/install/pal_pro_gripper:/home/user/exchange/workspace/install/pal_gazebo_worlds:/home/user/exchange/workspace/install/pick_task:/home/user/exchange/workspace/install/pal_pro_gripper_wrapper:/opt/ros/humble PYTHONPATH=/home/user/exchange/workspace/install/pal_pro_gripper_wrapper/lib/python3.10/site-packages:/home/user/exchange/workspace/install/pick_task/lib/python3.10/site-packages:/home/user/exchange/workspace/install/tiago_pro_description/local/lib/python3.10/dist-packages:/home/user/exchange/workspace/install/pal_sea_arm_description/local/lib/python3.10/dist-packages:/home/user/exchange/workspace/install/pal_pro_gripper_description/local/lib/python3.10/dist-packages:/opt/ros/humble/lib/python3.10/site-packages:/opt/ros/humble/local/lib/python3.10/dist-packages /usr/bin/cmake --install /home/user/exchange/workspace/build/pal_pro_gripper_bringup
[1.035s] Level 1:colcon.colcon_core.environment:checking '/home/user/exchange/workspace/install/pal_pro_gripper_bringup' for CMake config files
[1.035s] Level 1:colcon.colcon_core.shell:create_environment_hook('pal_pro_gripper_bringup', 'cmake_prefix_path')
[1.035s] INFO:colcon.colcon_core.shell:Creating environment hook '/home/user/exchange/workspace/install/pal_pro_gripper_bringup/share/pal_pro_gripper_bringup/hook/cmake_prefix_path.ps1'
[1.036s] INFO:colcon.colcon_core.shell:Creating environment descriptor '/home/user/exchange/workspace/install/pal_pro_gripper_bringup/share/pal_pro_gripper_bringup/hook/cmake_prefix_path.dsv'
[1.036s] INFO:colcon.colcon_core.shell:Creating environment hook '/home/user/exchange/workspace/install/pal_pro_gripper_bringup/share/pal_pro_gripper_bringup/hook/cmake_prefix_path.sh'
[1.036s] Level 1:colcon.colcon_core.environment:checking '/home/user/exchange/workspace/install/pal_pro_gripper_bringup/bin'
[1.036s] Level 1:colcon.colcon_core.environment:checking '/home/user/exchange/workspace/install/pal_pro_gripper_bringup/lib/pkgconfig/pal_pro_gripper_bringup.pc'
[1.037s] Level 1:colcon.colcon_core.environment:checking '/home/user/exchange/workspace/install/pal_pro_gripper_bringup/lib/python3.10/site-packages'
[1.037s] Level 1:colcon.colcon_core.environment:checking '/home/user/exchange/workspace/install/pal_pro_gripper_bringup/bin'
[1.037s] INFO:colcon.colcon_core.shell:Creating package script '/home/user/exchange/workspace/install/pal_pro_gripper_bringup/share/pal_pro_gripper_bringup/package.ps1'
[1.037s] INFO:colcon.colcon_core.shell:Creating package descriptor '/home/user/exchange/workspace/install/pal_pro_gripper_bringup/share/pal_pro_gripper_bringup/package.dsv'
[1.038s] INFO:colcon.colcon_core.shell:Creating package script '/home/user/exchange/workspace/install/pal_pro_gripper_bringup/share/pal_pro_gripper_bringup/package.sh'
[1.038s] INFO:colcon.colcon_core.shell:Creating package script '/home/user/exchange/workspace/install/pal_pro_gripper_bringup/share/pal_pro_gripper_bringup/package.bash'
[1.038s] INFO:colcon.colcon_core.shell:Creating package script '/home/user/exchange/workspace/install/pal_pro_gripper_bringup/share/pal_pro_gripper_bringup/package.zsh'
[1.038s] Level 1:colcon.colcon_core.environment:create_file_with_runtime_dependencies(/home/user/exchange/workspace/install/pal_pro_gripper_bringup/share/colcon-core/packages/pal_pro_gripper_bringup)
[1.039s] Level 1:colcon.colcon_core.environment:create_environment_scripts_only(pal_pro_gripper_bringup)
[1.039s] Level 1:colcon.colcon_core.environment:checking '/home/user/exchange/workspace/install/pal_pro_gripper_bringup' for CMake module files
[1.039s] Level 1:colcon.colcon_core.environment:checking '/home/user/exchange/workspace/install/pal_pro_gripper_bringup' for CMake config files
[1.039s] Level 1:colcon.colcon_core.shell:create_environment_hook('pal_pro_gripper_bringup', 'cmake_prefix_path')
[1.039s] INFO:colcon.colcon_core.shell:Creating environment hook '/home/user/exchange/workspace/install/pal_pro_gripper_bringup/share/pal_pro_gripper_bringup/hook/cmake_prefix_path.ps1'
[1.040s] INFO:colcon.colcon_core.shell:Creating environment descriptor '/home/user/exchange/workspace/install/pal_pro_gripper_bringup/share/pal_pro_gripper_bringup/hook/cmake_prefix_path.dsv'
[1.040s] INFO:colcon.colcon_core.shell:Creating environment hook '/home/user/exchange/workspace/install/pal_pro_gripper_bringup/share/pal_pro_gripper_bringup/hook/cmake_prefix_path.sh'
[1.040s] Level 1:colcon.colcon_core.environment:checking '/home/user/exchange/workspace/install/pal_pro_gripper_bringup/bin'
[1.040s] Level 1:colcon.colcon_core.environment:checking '/home/user/exchange/workspace/install/pal_pro_gripper_bringup/lib/pkgconfig/pal_pro_gripper_bringup.pc'
[1.040s] Level 1:colcon.colcon_core.environment:checking '/home/user/exchange/workspace/install/pal_pro_gripper_bringup/lib/python3.10/site-packages'
[1.041s] Level 1:colcon.colcon_core.environment:checking '/home/user/exchange/workspace/install/pal_pro_gripper_bringup/bin'
[1.041s] INFO:colcon.colcon_core.shell:Creating package script '/home/user/exchange/workspace/install/pal_pro_gripper_bringup/share/pal_pro_gripper_bringup/package.ps1'
[1.041s] INFO:colcon.colcon_core.shell:Creating package descriptor '/home/user/exchange/workspace/install/pal_pro_gripper_bringup/share/pal_pro_gripper_bringup/package.dsv'
[1.041s] INFO:colcon.colcon_core.shell:Creating package script '/home/user/exchange/workspace/install/pal_pro_gripper_bringup/share/pal_pro_gripper_bringup/package.sh'
[1.042s] INFO:colcon.colcon_core.shell:Creating package script '/home/user/exchange/workspace/install/pal_pro_gripper_bringup/share/pal_pro_gripper_bringup/package.bash'
[1.042s] INFO:colcon.colcon_core.shell:Creating package script '/home/user/exchange/workspace/install/pal_pro_gripper_bringup/share/pal_pro_gripper_bringup/package.zsh'
[1.042s] Level 1:colcon.colcon_core.environment:create_file_with_runtime_dependencies(/home/user/exchange/workspace/install/pal_pro_gripper_bringup/share/colcon-core/packages/pal_pro_gripper_bringup)
[1.042s] Level 1:colcon.colcon_core.environment:create_environment_scripts_only(pal_pro_gripper_simulation)
[1.042s] Level 1:colcon.colcon_core.environment:checking '/home/user/exchange/workspace/install/pal_pro_gripper_simulation' for CMake module files
[1.043s] DEBUG:colcon.colcon_core.event_handler.log_command:Invoked command in '/home/user/exchange/workspace/build/pal_pro_gripper_simulation' returned '0': AMENT_PREFIX_PATH=/home/user/exchange/workspace/install/pal_pro_gripper_wrapper:/home/user/exchange/workspace/install/tiago_manipulation_tasks:/home/user/exchange/workspace/install/pick_task:/home/user/exchange/workspace/install/tiago_pro_simulation:/home/user/exchange/workspace/install/tiago_pro_robot:/home/user/exchange/workspace/install/tiago_pro_navigation:/home/user/exchange/workspace/install/tiago_pro_gazebo:/home/user/exchange/workspace/install/tiago_pro_rgbd_sensors:/home/user/exchange/workspace/install/tiago_pro_mujoco:/home/user/exchange/workspace/install/tiago_pro_moveit_config:/home/user/exchange/workspace/install/tiago_pro_laser_sensors:/home/user/exchange/workspace/install/tiago_pro_description:/home/user/exchange/workspace/install/tiago_pro_bringup:/home/user/exchange/workspace/install/tiago_pro_controller_configuration:/home/user/exchange/workspace/install/tiago_pro_2dnav:/home/user/exchange/workspace/install/pal_sea_arm_moveit_config:/home/user/exchange/workspace/install/pal_sea_arm:/home/user/exchange/workspace/install/pal_sea_arm_bringup:/home/user/exchange/workspace/install/pal_sea_arm_description:/home/user/exchange/workspace/install/pal_sea_arm_controller_configuration:/home/user/exchange/workspace/install/pal_pro_gripper_simulation:/home/user/exchange/workspace/install/pal_pro_gripper_bringup:/home/user/exchange/workspace/install/pal_pro_gripper:/home/user/exchange/workspace/install/pal_pro_gripper_controller_configuration:/home/user/exchange/workspace/install/pal_pro_gripper_description:/home/user/exchange/workspace/install/pal_gazebo_worlds:/opt/ros/humble CMAKE_PREFIX_PATH=/home/user/exchange/workspace/install/pal_pro_gripper_controller_configuration:/home/user/exchange/workspace/install/pal_pro_gripper_description:/home/user/exchange/workspace/install/pal_gazebo_worlds:/home/user/exchange/workspace/install/tiago_manipulation_tasks:/home/user/exchange/workspace/install/tiago_pro_simulation:/home/user/exchange/workspace/install/tiago_pro_robot:/home/user/exchange/workspace/install/tiago_pro_navigation:/home/user/exchange/workspace/install/tiago_pro_gazebo:/home/user/exchange/workspace/install/tiago_pro_rgbd_sensors:/home/user/exchange/workspace/install/tiago_pro_mujoco:/home/user/exchange/workspace/install/tiago_pro_moveit_config:/home/user/exchange/workspace/install/tiago_pro_laser_sensors:/home/user/exchange/workspace/install/tiago_pro_description:/home/user/exchange/workspace/install/tiago_pro_bringup:/home/user/exchange/workspace/install/tiago_pro_controller_configuration:/home/user/exchange/workspace/install/tiago_pro_2dnav:/home/user/exchange/workspace/install/pal_sea_arm_moveit_config:/home/user/exchange/workspace/install/pal_sea_arm:/home/user/exchange/workspace/install/pal_sea_arm_bringup:/home/user/exchange/workspace/install/pal_sea_arm_description:/home/user/exchange/workspace/install/pal_sea_arm_controller_configuration:/home/user/exchange/workspace/install/pal_pro_gripper_simulation:/home/user/exchange/workspace/install/pal_pro_gripper_bringup:/home/user/exchange/workspace/install/pal_pro_gripper:/home/user/exchange/workspace/install/pick_task:/home/user/exchange/workspace/install/pal_pro_gripper_wrapper:/opt/ros/humble PYTHONPATH=/home/user/exchange/workspace/install/pal_pro_gripper_wrapper/lib/python3.10/site-packages:/home/user/exchange/workspace/install/pick_task/lib/python3.10/site-packages:/home/user/exchange/workspace/install/tiago_pro_description/local/lib/python3.10/dist-packages:/home/user/exchange/workspace/install/pal_sea_arm_description/local/lib/python3.10/dist-packages:/home/user/exchange/workspace/install/pal_pro_gripper_description/local/lib/python3.10/dist-packages:/opt/ros/humble/lib/python3.10/site-packages:/opt/ros/humble/local/lib/python3.10/dist-packages /usr/bin/cmake --install /home/user/exchange/workspace/build/pal_pro_gripper_simulation
[1.043s] Level 1:colcon.colcon_core.environment:checking '/home/user/exchange/workspace/install/pal_pro_gripper_simulation' for CMake config files
[1.043s] Level 1:colcon.colcon_core.shell:create_environment_hook('pal_pro_gripper_simulation', 'cmake_prefix_path')
[1.043s] INFO:colcon.colcon_core.shell:Creating environment hook '/home/user/exchange/workspace/install/pal_pro_gripper_simulation/share/pal_pro_gripper_simulation/hook/cmake_prefix_path.ps1'
[1.044s] INFO:colcon.colcon_core.shell:Creating environment descriptor '/home/user/exchange/workspace/install/pal_pro_gripper_simulation/share/pal_pro_gripper_simulation/hook/cmake_prefix_path.dsv'
[1.044s] INFO:colcon.colcon_core.shell:Creating environment hook '/home/user/exchange/workspace/install/pal_pro_gripper_simulation/share/pal_pro_gripper_simulation/hook/cmake_prefix_path.sh'
[1.044s] Level 1:colcon.colcon_core.environment:checking '/home/user/exchange/workspace/install/pal_pro_gripper_simulation/bin'
[1.044s] Level 1:colcon.colcon_core.environment:checking '/home/user/exchange/workspace/install/pal_pro_gripper_simulation/lib/pkgconfig/pal_pro_gripper_simulation.pc'
[1.044s] Level 1:colcon.colcon_core.environment:checking '/home/user/exchange/workspace/install/pal_pro_gripper_simulation/lib/python3.10/site-packages'
[1.045s] Level 1:colcon.colcon_core.environment:checking '/home/user/exchange/workspace/install/pal_pro_gripper_simulation/bin'
[1.045s] INFO:colcon.colcon_core.shell:Creating package script '/home/user/exchange/workspace/install/pal_pro_gripper_simulation/share/pal_pro_gripper_simulation/package.ps1'
[1.045s] INFO:colcon.colcon_core.shell:Creating package descriptor '/home/user/exchange/workspace/install/pal_pro_gripper_simulation/share/pal_pro_gripper_simulation/package.dsv'
[1.045s] INFO:colcon.colcon_core.shell:Creating package script '/home/user/exchange/workspace/install/pal_pro_gripper_simulation/share/pal_pro_gripper_simulation/package.sh'
[1.046s] INFO:colcon.colcon_core.shell:Creating package script '/home/user/exchange/workspace/install/pal_pro_gripper_simulation/share/pal_pro_gripper_simulation/package.bash'
[1.046s] INFO:colcon.colcon_core.shell:Creating package script '/home/user/exchange/workspace/install/pal_pro_gripper_simulation/share/pal_pro_gripper_simulation/package.zsh'
[1.046s] Level 1:colcon.colcon_core.environment:create_file_with_runtime_dependencies(/home/user/exchange/workspace/install/pal_pro_gripper_simulation/share/colcon-core/packages/pal_pro_gripper_simulation)
[1.047s] Level 1:colcon.colcon_core.environment:create_environment_scripts_only(pal_pro_gripper_simulation)
[1.047s] Level 1:colcon.colcon_core.environment:checking '/home/user/exchange/workspace/install/pal_pro_gripper_simulation' for CMake module files
[1.047s] Level 1:colcon.colcon_core.environment:checking '/home/user/exchange/workspace/install/pal_pro_gripper_simulation' for CMake config files
[1.047s] Level 1:colcon.colcon_core.shell:create_environment_hook('pal_pro_gripper_simulation', 'cmake_prefix_path')
[1.047s] INFO:colcon.colcon_core.shell:Creating environment hook '/home/user/exchange/workspace/install/pal_pro_gripper_simulation/share/pal_pro_gripper_simulation/hook/cmake_prefix_path.ps1'
[1.048s] INFO:colcon.colcon_core.shell:Creating environment descriptor '/home/user/exchange/workspace/install/pal_pro_gripper_simulation/share/pal_pro_gripper_simulation/hook/cmake_prefix_path.dsv'
[1.048s] INFO:colcon.colcon_core.shell:Creating environment hook '/home/user/exchange/workspace/install/pal_pro_gripper_simulation/share/pal_pro_gripper_simulation/hook/cmake_prefix_path.sh'
[1.048s] Level 1:colcon.colcon_core.environment:checking '/home/user/exchange/workspace/install/pal_pro_gripper_simulation/bin'
[1.048s] Level 1:colcon.colcon_core.environment:checking '/home/user/exchange/workspace/install/pal_pro_gripper_simulation/lib/pkgconfig/pal_pro_gripper_simulation.pc'
[1.048s] Level 1:colcon.colcon_core.environment:checking '/home/user/exchange/workspace/install/pal_pro_gripper_simulation/lib/python3.10/site-packages'
[1.049s] Level 1:colcon.colcon_core.environment:checking '/home/user/exchange/workspace/install/pal_pro_gripper_simulation/bin'
[1.049s] INFO:colcon.colcon_core.shell:Creating package script '/home/user/exchange/workspace/install/pal_pro_gripper_simulation/share/pal_pro_gripper_simulation/package.ps1'
[1.049s] INFO:colcon.colcon_core.shell:Creating package descriptor '/home/user/exchange/workspace/install/pal_pro_gripper_simulation/share/pal_pro_gripper_simulation/package.dsv'
[1.050s] INFO:colcon.colcon_core.shell:Creating package script '/home/user/exchange/workspace/install/pal_pro_gripper_simulation/share/pal_pro_gripper_simulation/package.sh'
[1.050s] INFO:colcon.colcon_core.shell:Creating package script '/home/user/exchange/workspace/install/pal_pro_gripper_simulation/share/pal_pro_gripper_simulation/package.bash'
[1.050s] INFO:colcon.colcon_core.shell:Creating package script '/home/user/exchange/workspace/install/pal_pro_gripper_simulation/share/pal_pro_gripper_simulation/package.zsh'
[1.050s] Level 1:colcon.colcon_core.environment:create_file_with_runtime_dependencies(/home/user/exchange/workspace/install/pal_pro_gripper_simulation/share/colcon-core/packages/pal_pro_gripper_simulation)
[1.053s] DEBUG:colcon.colcon_core.event_handler.log_command:Invoking command in '/home/user/exchange/workspace/build/pal_sea_arm_description': AMENT_PREFIX_PATH=/home/user/exchange/workspace/install/pal_pro_gripper_wrapper:/home/user/exchange/workspace/install/tiago_manipulation_tasks:/home/user/exchange/workspace/install/pick_task:/home/user/exchange/workspace/install/tiago_pro_simulation:/home/user/exchange/workspace/install/tiago_pro_robot:/home/user/exchange/workspace/install/tiago_pro_navigation:/home/user/exchange/workspace/install/tiago_pro_gazebo:/home/user/exchange/workspace/install/tiago_pro_rgbd_sensors:/home/user/exchange/workspace/install/tiago_pro_mujoco:/home/user/exchange/workspace/install/tiago_pro_moveit_config:/home/user/exchange/workspace/install/tiago_pro_laser_sensors:/home/user/exchange/workspace/install/tiago_pro_description:/home/user/exchange/workspace/install/tiago_pro_bringup:/home/user/exchange/workspace/install/tiago_pro_controller_configuration:/home/user/exchange/workspace/install/tiago_pro_2dnav:/home/user/exchange/workspace/install/pal_sea_arm_moveit_config:/home/user/exchange/workspace/install/pal_sea_arm:/home/user/exchange/workspace/install/pal_sea_arm_bringup:/home/user/exchange/workspace/install/pal_sea_arm_description:/home/user/exchange/workspace/install/pal_sea_arm_controller_configuration:/home/user/exchange/workspace/install/pal_pro_gripper_simulation:/home/user/exchange/workspace/install/pal_pro_gripper_bringup:/home/user/exchange/workspace/install/pal_pro_gripper:/home/user/exchange/workspace/install/pal_pro_gripper_controller_configuration:/home/user/exchange/workspace/install/pal_pro_gripper_description:/home/user/exchange/workspace/install/pal_gazebo_worlds:/opt/ros/humble CMAKE_PREFIX_PATH=/home/user/exchange/workspace/install/pal_sea_arm_controller_configuration:/home/user/exchange/workspace/install/pal_pro_gripper_controller_configuration:/home/user/exchange/workspace/install/pal_pro_gripper_description:/home/user/exchange/workspace/install/tiago_manipulation_tasks:/home/user/exchange/workspace/install/tiago_pro_simulation:/home/user/exchange/workspace/install/tiago_pro_robot:/home/user/exchange/workspace/install/tiago_pro_navigation:/home/user/exchange/workspace/install/tiago_pro_gazebo:/home/user/exchange/workspace/install/tiago_pro_rgbd_sensors:/home/user/exchange/workspace/install/tiago_pro_mujoco:/home/user/exchange/workspace/install/tiago_pro_moveit_config:/home/user/exchange/workspace/install/tiago_pro_laser_sensors:/home/user/exchange/workspace/install/tiago_pro_description:/home/user/exchange/workspace/install/tiago_pro_bringup:/home/user/exchange/workspace/install/tiago_pro_controller_configuration:/home/user/exchange/workspace/install/tiago_pro_2dnav:/home/user/exchange/workspace/install/pal_sea_arm_moveit_config:/home/user/exchange/workspace/install/pal_sea_arm:/home/user/exchange/workspace/install/pal_sea_arm_bringup:/home/user/exchange/workspace/install/pal_sea_arm_description:/home/user/exchange/workspace/install/pal_pro_gripper_simulation:/home/user/exchange/workspace/install/pal_pro_gripper_bringup:/home/user/exchange/workspace/install/pal_pro_gripper:/home/user/exchange/workspace/install/pal_gazebo_worlds:/home/user/exchange/workspace/install/pick_task:/home/user/exchange/workspace/install/pal_pro_gripper_wrapper:/opt/ros/humble PYTHONPATH=/home/user/exchange/workspace/install/pal_pro_gripper_wrapper/lib/python3.10/site-packages:/home/user/exchange/workspace/install/pick_task/lib/python3.10/site-packages:/home/user/exchange/workspace/install/tiago_pro_description/local/lib/python3.10/dist-packages:/home/user/exchange/workspace/install/pal_sea_arm_description/local/lib/python3.10/dist-packages:/home/user/exchange/workspace/install/pal_pro_gripper_description/local/lib/python3.10/dist-packages:/opt/ros/humble/lib/python3.10/site-packages:/opt/ros/humble/local/lib/python3.10/dist-packages /usr/bin/cmake --build /home/user/exchange/workspace/build/pal_sea_arm_description -- -j12 -l12
[1.056s] DEBUG:colcon.colcon_core.event_handler.log_command:Invoking command in '/home/user/exchange/workspace/build/tiago_pro_controller_configuration': AMENT_PREFIX_PATH=/home/user/exchange/workspace/install/pal_pro_gripper_wrapper:/home/user/exchange/workspace/install/tiago_manipulation_tasks:/home/user/exchange/workspace/install/pick_task:/home/user/exchange/workspace/install/tiago_pro_simulation:/home/user/exchange/workspace/install/tiago_pro_robot:/home/user/exchange/workspace/install/tiago_pro_navigation:/home/user/exchange/workspace/install/tiago_pro_gazebo:/home/user/exchange/workspace/install/tiago_pro_rgbd_sensors:/home/user/exchange/workspace/install/tiago_pro_mujoco:/home/user/exchange/workspace/install/tiago_pro_moveit_config:/home/user/exchange/workspace/install/tiago_pro_laser_sensors:/home/user/exchange/workspace/install/tiago_pro_description:/home/user/exchange/workspace/install/tiago_pro_bringup:/home/user/exchange/workspace/install/tiago_pro_controller_configuration:/home/user/exchange/workspace/install/tiago_pro_2dnav:/home/user/exchange/workspace/install/pal_sea_arm_moveit_config:/home/user/exchange/workspace/install/pal_sea_arm:/home/user/exchange/workspace/install/pal_sea_arm_bringup:/home/user/exchange/workspace/install/pal_sea_arm_description:/home/user/exchange/workspace/install/pal_sea_arm_controller_configuration:/home/user/exchange/workspace/install/pal_pro_gripper_simulation:/home/user/exchange/workspace/install/pal_pro_gripper_bringup:/home/user/exchange/workspace/install/pal_pro_gripper:/home/user/exchange/workspace/install/pal_pro_gripper_controller_configuration:/home/user/exchange/workspace/install/pal_pro_gripper_description:/home/user/exchange/workspace/install/pal_gazebo_worlds:/opt/ros/humble CMAKE_PREFIX_PATH=/home/user/exchange/workspace/install/pal_sea_arm_controller_configuration:/home/user/exchange/workspace/install/pal_pro_gripper_controller_configuration:/home/user/exchange/workspace/install/tiago_manipulation_tasks:/home/user/exchange/workspace/install/tiago_pro_simulation:/home/user/exchange/workspace/install/tiago_pro_robot:/home/user/exchange/workspace/install/tiago_pro_navigation:/home/user/exchange/workspace/install/tiago_pro_gazebo:/home/user/exchange/workspace/install/tiago_pro_rgbd_sensors:/home/user/exchange/workspace/install/tiago_pro_mujoco:/home/user/exchange/workspace/install/tiago_pro_moveit_config:/home/user/exchange/workspace/install/tiago_pro_laser_sensors:/home/user/exchange/workspace/install/tiago_pro_description:/home/user/exchange/workspace/install/tiago_pro_bringup:/home/user/exchange/workspace/install/tiago_pro_controller_configuration:/home/user/exchange/workspace/install/tiago_pro_2dnav:/home/user/exchange/workspace/install/pal_sea_arm_moveit_config:/home/user/exchange/workspace/install/pal_sea_arm:/home/user/exchange/workspace/install/pal_sea_arm_bringup:/home/user/exchange/workspace/install/pal_sea_arm_description:/home/user/exchange/workspace/install/pal_pro_gripper_simulation:/home/user/exchange/workspace/install/pal_pro_gripper_bringup:/home/user/exchange/workspace/install/pal_pro_gripper:/home/user/exchange/workspace/install/pal_pro_gripper_description:/home/user/exchange/workspace/install/pal_gazebo_worlds:/home/user/exchange/workspace/install/pick_task:/home/user/exchange/workspace/install/pal_pro_gripper_wrapper:/opt/ros/humble PYTHONPATH=/home/user/exchange/workspace/install/pal_pro_gripper_wrapper/lib/python3.10/site-packages:/home/user/exchange/workspace/install/pick_task/lib/python3.10/site-packages:/home/user/exchange/workspace/install/tiago_pro_description/local/lib/python3.10/dist-packages:/home/user/exchange/workspace/install/pal_sea_arm_description/local/lib/python3.10/dist-packages:/home/user/exchange/workspace/install/pal_pro_gripper_description/local/lib/python3.10/dist-packages:/opt/ros/humble/lib/python3.10/site-packages:/opt/ros/humble/local/lib/python3.10/dist-packages /usr/bin/cmake --build /home/user/exchange/workspace/build/tiago_pro_controller_configuration -- -j12 -l12
[1.084s] DEBUG:colcon.colcon_core.event_handler.log_command:Invoked command in '/home/user/exchange/workspace/build/tiago_pro_controller_configuration' returned '0': AMENT_PREFIX_PATH=/home/user/exchange/workspace/install/pal_pro_gripper_wrapper:/home/user/exchange/workspace/install/tiago_manipulation_tasks:/home/user/exchange/workspace/install/pick_task:/home/user/exchange/workspace/install/tiago_pro_simulation:/home/user/exchange/workspace/install/tiago_pro_robot:/home/user/exchange/workspace/install/tiago_pro_navigation:/home/user/exchange/workspace/install/tiago_pro_gazebo:/home/user/exchange/workspace/install/tiago_pro_rgbd_sensors:/home/user/exchange/workspace/install/tiago_pro_mujoco:/home/user/exchange/workspace/install/tiago_pro_moveit_config:/home/user/exchange/workspace/install/tiago_pro_laser_sensors:/home/user/exchange/workspace/install/tiago_pro_description:/home/user/exchange/workspace/install/tiago_pro_bringup:/home/user/exchange/workspace/install/tiago_pro_controller_configuration:/home/user/exchange/workspace/install/tiago_pro_2dnav:/home/user/exchange/workspace/install/pal_sea_arm_moveit_config:/home/user/exchange/workspace/install/pal_sea_arm:/home/user/exchange/workspace/install/pal_sea_arm_bringup:/home/user/exchange/workspace/install/pal_sea_arm_description:/home/user/exchange/workspace/install/pal_sea_arm_controller_configuration:/home/user/exchange/workspace/install/pal_pro_gripper_simulation:/home/user/exchange/workspace/install/pal_pro_gripper_bringup:/home/user/exchange/workspace/install/pal_pro_gripper:/home/user/exchange/workspace/install/pal_pro_gripper_controller_configuration:/home/user/exchange/workspace/install/pal_pro_gripper_description:/home/user/exchange/workspace/install/pal_gazebo_worlds:/opt/ros/humble CMAKE_PREFIX_PATH=/home/user/exchange/workspace/install/pal_sea_arm_controller_configuration:/home/user/exchange/workspace/install/pal_pro_gripper_controller_configuration:/home/user/exchange/workspace/install/tiago_manipulation_tasks:/home/user/exchange/workspace/install/tiago_pro_simulation:/home/user/exchange/workspace/install/tiago_pro_robot:/home/user/exchange/workspace/install/tiago_pro_navigation:/home/user/exchange/workspace/install/tiago_pro_gazebo:/home/user/exchange/workspace/install/tiago_pro_rgbd_sensors:/home/user/exchange/workspace/install/tiago_pro_mujoco:/home/user/exchange/workspace/install/tiago_pro_moveit_config:/home/user/exchange/workspace/install/tiago_pro_laser_sensors:/home/user/exchange/workspace/install/tiago_pro_description:/home/user/exchange/workspace/install/tiago_pro_bringup:/home/user/exchange/workspace/install/tiago_pro_controller_configuration:/home/user/exchange/workspace/install/tiago_pro_2dnav:/home/user/exchange/workspace/install/pal_sea_arm_moveit_config:/home/user/exchange/workspace/install/pal_sea_arm:/home/user/exchange/workspace/install/pal_sea_arm_bringup:/home/user/exchange/workspace/install/pal_sea_arm_description:/home/user/exchange/workspace/install/pal_pro_gripper_simulation:/home/user/exchange/workspace/install/pal_pro_gripper_bringup:/home/user/exchange/workspace/install/pal_pro_gripper:/home/user/exchange/workspace/install/pal_pro_gripper_description:/home/user/exchange/workspace/install/pal_gazebo_worlds:/home/user/exchange/workspace/install/pick_task:/home/user/exchange/workspace/install/pal_pro_gripper_wrapper:/opt/ros/humble PYTHONPATH=/home/user/exchange/workspace/install/pal_pro_gripper_wrapper/lib/python3.10/site-packages:/home/user/exchange/workspace/install/pick_task/lib/python3.10/site-packages:/home/user/exchange/workspace/install/tiago_pro_description/local/lib/python3.10/dist-packages:/home/user/exchange/workspace/install/pal_sea_arm_description/local/lib/python3.10/dist-packages:/home/user/exchange/workspace/install/pal_pro_gripper_description/local/lib/python3.10/dist-packages:/opt/ros/humble/lib/python3.10/site-packages:/opt/ros/humble/local/lib/python3.10/dist-packages /usr/bin/cmake --build /home/user/exchange/workspace/build/tiago_pro_controller_configuration -- -j12 -l12
[1.085s] DEBUG:colcon.colcon_core.event_handler.log_command:Invoking command in '/home/user/exchange/workspace/build/tiago_pro_controller_configuration': AMENT_PREFIX_PATH=/home/user/exchange/workspace/install/pal_pro_gripper_wrapper:/home/user/exchange/workspace/install/tiago_manipulation_tasks:/home/user/exchange/workspace/install/pick_task:/home/user/exchange/workspace/install/tiago_pro_simulation:/home/user/exchange/workspace/install/tiago_pro_robot:/home/user/exchange/workspace/install/tiago_pro_navigation:/home/user/exchange/workspace/install/tiago_pro_gazebo:/home/user/exchange/workspace/install/tiago_pro_rgbd_sensors:/home/user/exchange/workspace/install/tiago_pro_mujoco:/home/user/exchange/workspace/install/tiago_pro_moveit_config:/home/user/exchange/workspace/install/tiago_pro_laser_sensors:/home/user/exchange/workspace/install/tiago_pro_description:/home/user/exchange/workspace/install/tiago_pro_bringup:/home/user/exchange/workspace/install/tiago_pro_controller_configuration:/home/user/exchange/workspace/install/tiago_pro_2dnav:/home/user/exchange/workspace/install/pal_sea_arm_moveit_config:/home/user/exchange/workspace/install/pal_sea_arm:/home/user/exchange/workspace/install/pal_sea_arm_bringup:/home/user/exchange/workspace/install/pal_sea_arm_description:/home/user/exchange/workspace/install/pal_sea_arm_controller_configuration:/home/user/exchange/workspace/install/pal_pro_gripper_simulation:/home/user/exchange/workspace/install/pal_pro_gripper_bringup:/home/user/exchange/workspace/install/pal_pro_gripper:/home/user/exchange/workspace/install/pal_pro_gripper_controller_configuration:/home/user/exchange/workspace/install/pal_pro_gripper_description:/home/user/exchange/workspace/install/pal_gazebo_worlds:/opt/ros/humble CMAKE_PREFIX_PATH=/home/user/exchange/workspace/install/pal_sea_arm_controller_configuration:/home/user/exchange/workspace/install/pal_pro_gripper_controller_configuration:/home/user/exchange/workspace/install/tiago_manipulation_tasks:/home/user/exchange/workspace/install/tiago_pro_simulation:/home/user/exchange/workspace/install/tiago_pro_robot:/home/user/exchange/workspace/install/tiago_pro_navigation:/home/user/exchange/workspace/install/tiago_pro_gazebo:/home/user/exchange/workspace/install/tiago_pro_rgbd_sensors:/home/user/exchange/workspace/install/tiago_pro_mujoco:/home/user/exchange/workspace/install/tiago_pro_moveit_config:/home/user/exchange/workspace/install/tiago_pro_laser_sensors:/home/user/exchange/workspace/install/tiago_pro_description:/home/user/exchange/workspace/install/tiago_pro_bringup:/home/user/exchange/workspace/install/tiago_pro_controller_configuration:/home/user/exchange/workspace/install/tiago_pro_2dnav:/home/user/exchange/workspace/install/pal_sea_arm_moveit_config:/home/user/exchange/workspace/install/pal_sea_arm:/home/user/exchange/workspace/install/pal_sea_arm_bringup:/home/user/exchange/workspace/install/pal_sea_arm_description:/home/user/exchange/workspace/install/pal_pro_gripper_simulation:/home/user/exchange/workspace/install/pal_pro_gripper_bringup:/home/user/exchange/workspace/install/pal_pro_gripper:/home/user/exchange/workspace/install/pal_pro_gripper_description:/home/user/exchange/workspace/install/pal_gazebo_worlds:/home/user/exchange/workspace/install/pick_task:/home/user/exchange/workspace/install/pal_pro_gripper_wrapper:/opt/ros/humble PYTHONPATH=/home/user/exchange/workspace/install/pal_pro_gripper_wrapper/lib/python3.10/site-packages:/home/user/exchange/workspace/install/pick_task/lib/python3.10/site-packages:/home/user/exchange/workspace/install/tiago_pro_description/local/lib/python3.10/dist-packages:/home/user/exchange/workspace/install/pal_sea_arm_description/local/lib/python3.10/dist-packages:/home/user/exchange/workspace/install/pal_pro_gripper_description/local/lib/python3.10/dist-packages:/opt/ros/humble/lib/python3.10/site-packages:/opt/ros/humble/local/lib/python3.10/dist-packages /usr/bin/cmake --install /home/user/exchange/workspace/build/tiago_pro_controller_configuration
[1.094s] Level 1:colcon.colcon_core.environment:create_environment_scripts_only(tiago_pro_controller_configuration)
[1.094s] Level 1:colcon.colcon_core.environment:checking '/home/user/exchange/workspace/install/tiago_pro_controller_configuration' for CMake module files
[1.095s] Level 1:colcon.colcon_core.environment:checking '/home/user/exchange/workspace/install/tiago_pro_controller_configuration' for CMake config files
[1.096s] Level 1:colcon.colcon_core.shell:create_environment_hook('tiago_pro_controller_configuration', 'cmake_prefix_path')
[1.096s] INFO:colcon.colcon_core.shell:Creating environment hook '/home/user/exchange/workspace/install/tiago_pro_controller_configuration/share/tiago_pro_controller_configuration/hook/cmake_prefix_path.ps1'
[1.097s] INFO:colcon.colcon_core.shell:Creating environment descriptor '/home/user/exchange/workspace/install/tiago_pro_controller_configuration/share/tiago_pro_controller_configuration/hook/cmake_prefix_path.dsv'
[1.098s] INFO:colcon.colcon_core.shell:Creating environment hook '/home/user/exchange/workspace/install/tiago_pro_controller_configuration/share/tiago_pro_controller_configuration/hook/cmake_prefix_path.sh'
[1.099s] Level 1:colcon.colcon_core.environment:checking '/home/user/exchange/workspace/install/tiago_pro_controller_configuration/bin'
[1.099s] Level 1:colcon.colcon_core.environment:checking '/home/user/exchange/workspace/install/tiago_pro_controller_configuration/lib/pkgconfig/tiago_pro_controller_configuration.pc'
[1.100s] Level 1:colcon.colcon_core.environment:checking '/home/user/exchange/workspace/install/tiago_pro_controller_configuration/lib/python3.10/site-packages'
[1.100s] Level 1:colcon.colcon_core.environment:checking '/home/user/exchange/workspace/install/tiago_pro_controller_configuration/bin'
[1.100s] INFO:colcon.colcon_core.shell:Creating package script '/home/user/exchange/workspace/install/tiago_pro_controller_configuration/share/tiago_pro_controller_configuration/package.ps1'
[1.101s] INFO:colcon.colcon_core.shell:Creating package descriptor '/home/user/exchange/workspace/install/tiago_pro_controller_configuration/share/tiago_pro_controller_configuration/package.dsv'
[1.101s] INFO:colcon.colcon_core.shell:Creating package script '/home/user/exchange/workspace/install/tiago_pro_controller_configuration/share/tiago_pro_controller_configuration/package.sh'
[1.101s] INFO:colcon.colcon_core.shell:Creating package script '/home/user/exchange/workspace/install/tiago_pro_controller_configuration/share/tiago_pro_controller_configuration/package.bash'
[1.102s] INFO:colcon.colcon_core.shell:Creating package script '/home/user/exchange/workspace/install/tiago_pro_controller_configuration/share/tiago_pro_controller_configuration/package.zsh'
[1.103s] Level 1:colcon.colcon_core.environment:create_file_with_runtime_dependencies(/home/user/exchange/workspace/install/tiago_pro_controller_configuration/share/colcon-core/packages/tiago_pro_controller_configuration)
[1.103s] Level 1:colcon.colcon_core.environment:create_environment_scripts_only(tiago_pro_controller_configuration)
[1.104s] Level 1:colcon.colcon_core.environment:checking '/home/user/exchange/workspace/install/tiago_pro_controller_configuration' for CMake module files
[1.104s] Level 1:colcon.colcon_core.environment:checking '/home/user/exchange/workspace/install/tiago_pro_controller_configuration' for CMake config files
[1.104s] Level 1:colcon.colcon_core.shell:create_environment_hook('tiago_pro_controller_configuration', 'cmake_prefix_path')
[1.104s] INFO:colcon.colcon_core.shell:Creating environment hook '/home/user/exchange/workspace/install/tiago_pro_controller_configuration/share/tiago_pro_controller_configuration/hook/cmake_prefix_path.ps1'
[1.105s] INFO:colcon.colcon_core.shell:Creating environment descriptor '/home/user/exchange/workspace/install/tiago_pro_controller_configuration/share/tiago_pro_controller_configuration/hook/cmake_prefix_path.dsv'
[1.105s] DEBUG:colcon.colcon_core.event_handler.log_command:Invoked command in '/home/user/exchange/workspace/build/tiago_pro_controller_configuration' returned '0': AMENT_PREFIX_PATH=/home/user/exchange/workspace/install/pal_pro_gripper_wrapper:/home/user/exchange/workspace/install/tiago_manipulation_tasks:/home/user/exchange/workspace/install/pick_task:/home/user/exchange/workspace/install/tiago_pro_simulation:/home/user/exchange/workspace/install/tiago_pro_robot:/home/user/exchange/workspace/install/tiago_pro_navigation:/home/user/exchange/workspace/install/tiago_pro_gazebo:/home/user/exchange/workspace/install/tiago_pro_rgbd_sensors:/home/user/exchange/workspace/install/tiago_pro_mujoco:/home/user/exchange/workspace/install/tiago_pro_moveit_config:/home/user/exchange/workspace/install/tiago_pro_laser_sensors:/home/user/exchange/workspace/install/tiago_pro_description:/home/user/exchange/workspace/install/tiago_pro_bringup:/home/user/exchange/workspace/install/tiago_pro_controller_configuration:/home/user/exchange/workspace/install/tiago_pro_2dnav:/home/user/exchange/workspace/install/pal_sea_arm_moveit_config:/home/user/exchange/workspace/install/pal_sea_arm:/home/user/exchange/workspace/install/pal_sea_arm_bringup:/home/user/exchange/workspace/install/pal_sea_arm_description:/home/user/exchange/workspace/install/pal_sea_arm_controller_configuration:/home/user/exchange/workspace/install/pal_pro_gripper_simulation:/home/user/exchange/workspace/install/pal_pro_gripper_bringup:/home/user/exchange/workspace/install/pal_pro_gripper:/home/user/exchange/workspace/install/pal_pro_gripper_controller_configuration:/home/user/exchange/workspace/install/pal_pro_gripper_description:/home/user/exchange/workspace/install/pal_gazebo_worlds:/opt/ros/humble CMAKE_PREFIX_PATH=/home/user/exchange/workspace/install/pal_sea_arm_controller_configuration:/home/user/exchange/workspace/install/pal_pro_gripper_controller_configuration:/home/user/exchange/workspace/install/tiago_manipulation_tasks:/home/user/exchange/workspace/install/tiago_pro_simulation:/home/user/exchange/workspace/install/tiago_pro_robot:/home/user/exchange/workspace/install/tiago_pro_navigation:/home/user/exchange/workspace/install/tiago_pro_gazebo:/home/user/exchange/workspace/install/tiago_pro_rgbd_sensors:/home/user/exchange/workspace/install/tiago_pro_mujoco:/home/user/exchange/workspace/install/tiago_pro_moveit_config:/home/user/exchange/workspace/install/tiago_pro_laser_sensors:/home/user/exchange/workspace/install/tiago_pro_description:/home/user/exchange/workspace/install/tiago_pro_bringup:/home/user/exchange/workspace/install/tiago_pro_controller_configuration:/home/user/exchange/workspace/install/tiago_pro_2dnav:/home/user/exchange/workspace/install/pal_sea_arm_moveit_config:/home/user/exchange/workspace/install/pal_sea_arm:/home/user/exchange/workspace/install/pal_sea_arm_bringup:/home/user/exchange/workspace/install/pal_sea_arm_description:/home/user/exchange/workspace/install/pal_pro_gripper_simulation:/home/user/exchange/workspace/install/pal_pro_gripper_bringup:/home/user/exchange/workspace/install/pal_pro_gripper:/home/user/exchange/workspace/install/pal_pro_gripper_description:/home/user/exchange/workspace/install/pal_gazebo_worlds:/home/user/exchange/workspace/install/pick_task:/home/user/exchange/workspace/install/pal_pro_gripper_wrapper:/opt/ros/humble PYTHONPATH=/home/user/exchange/workspace/install/pal_pro_gripper_wrapper/lib/python3.10/site-packages:/home/user/exchange/workspace/install/pick_task/lib/python3.10/site-packages:/home/user/exchange/workspace/install/tiago_pro_description/local/lib/python3.10/dist-packages:/home/user/exchange/workspace/install/pal_sea_arm_description/local/lib/python3.10/dist-packages:/home/user/exchange/workspace/install/pal_pro_gripper_description/local/lib/python3.10/dist-packages:/opt/ros/humble/lib/python3.10/site-packages:/opt/ros/humble/local/lib/python3.10/dist-packages /usr/bin/cmake --install /home/user/exchange/workspace/build/tiago_pro_controller_configuration
[1.105s] INFO:colcon.colcon_core.shell:Creating environment hook '/home/user/exchange/workspace/install/tiago_pro_controller_configuration/share/tiago_pro_controller_configuration/hook/cmake_prefix_path.sh'
[1.106s] Level 1:colcon.colcon_core.environment:checking '/home/user/exchange/workspace/install/tiago_pro_controller_configuration/bin'
[1.106s] Level 1:colcon.colcon_core.environment:checking '/home/user/exchange/workspace/install/tiago_pro_controller_configuration/lib/pkgconfig/tiago_pro_controller_configuration.pc'
[1.107s] Level 1:colcon.colcon_core.environment:checking '/home/user/exchange/workspace/install/tiago_pro_controller_configuration/lib/python3.10/site-packages'
[1.107s] Level 1:colcon.colcon_core.environment:checking '/home/user/exchange/workspace/install/tiago_pro_controller_configuration/bin'
[1.107s] INFO:colcon.colcon_core.shell:Creating package script '/home/user/exchange/workspace/install/tiago_pro_controller_configuration/share/tiago_pro_controller_configuration/package.ps1'
[1.108s] INFO:colcon.colcon_core.shell:Creating package descriptor '/home/user/exchange/workspace/install/tiago_pro_controller_configuration/share/tiago_pro_controller_configuration/package.dsv'
[1.108s] INFO:colcon.colcon_core.shell:Creating package script '/home/user/exchange/workspace/install/tiago_pro_controller_configuration/share/tiago_pro_controller_configuration/package.sh'
[1.108s] INFO:colcon.colcon_core.shell:Creating package script '/home/user/exchange/workspace/install/tiago_pro_controller_configuration/share/tiago_pro_controller_configuration/package.bash'
[1.109s] INFO:colcon.colcon_core.shell:Creating package script '/home/user/exchange/workspace/install/tiago_pro_controller_configuration/share/tiago_pro_controller_configuration/package.zsh'
[1.109s] Level 1:colcon.colcon_core.environment:create_file_with_runtime_dependencies(/home/user/exchange/workspace/install/tiago_pro_controller_configuration/share/colcon-core/packages/tiago_pro_controller_configuration)
[1.109s] INFO:colcon.colcon_ros.task.ament_cmake.build:Building ROS package in '/home/user/exchange/workspace/src/tiago_pro_robot/tiago_pro_bringup' with build type 'ament_cmake'
[1.109s] INFO:colcon.colcon_cmake.task.cmake.build:Building CMake package in '/home/user/exchange/workspace/src/tiago_pro_robot/tiago_pro_bringup'
[1.110s] INFO:colcon.colcon_core.shell:Skip shell extension 'powershell' for command environment: Not usable outside of PowerShell
[1.110s] DEBUG:colcon.colcon_core.shell:Skip shell extension 'dsv' for command environment
[1.121s] DEBUG:colcon.colcon_core.event_handler.log_command:Invoking command in '/home/user/exchange/workspace/build/tiago_pro_bringup': AMENT_PREFIX_PATH=/home/user/exchange/workspace/install/pal_pro_gripper_wrapper:/home/user/exchange/workspace/install/tiago_manipulation_tasks:/home/user/exchange/workspace/install/pick_task:/home/user/exchange/workspace/install/tiago_pro_simulation:/home/user/exchange/workspace/install/tiago_pro_robot:/home/user/exchange/workspace/install/tiago_pro_navigation:/home/user/exchange/workspace/install/tiago_pro_gazebo:/home/user/exchange/workspace/install/tiago_pro_rgbd_sensors:/home/user/exchange/workspace/install/tiago_pro_mujoco:/home/user/exchange/workspace/install/tiago_pro_moveit_config:/home/user/exchange/workspace/install/tiago_pro_laser_sensors:/home/user/exchange/workspace/install/tiago_pro_description:/home/user/exchange/workspace/install/tiago_pro_bringup:/home/user/exchange/workspace/install/tiago_pro_controller_configuration:/home/user/exchange/workspace/install/tiago_pro_2dnav:/home/user/exchange/workspace/install/pal_sea_arm_moveit_config:/home/user/exchange/workspace/install/pal_sea_arm:/home/user/exchange/workspace/install/pal_sea_arm_bringup:/home/user/exchange/workspace/install/pal_sea_arm_description:/home/user/exchange/workspace/install/pal_sea_arm_controller_configuration:/home/user/exchange/workspace/install/pal_pro_gripper_simulation:/home/user/exchange/workspace/install/pal_pro_gripper_bringup:/home/user/exchange/workspace/install/pal_pro_gripper:/home/user/exchange/workspace/install/pal_pro_gripper_controller_configuration:/home/user/exchange/workspace/install/pal_pro_gripper_description:/home/user/exchange/workspace/install/pal_gazebo_worlds:/opt/ros/humble CMAKE_PREFIX_PATH=/home/user/exchange/workspace/install/tiago_pro_controller_configuration:/home/user/exchange/workspace/install/pal_sea_arm_controller_configuration:/home/user/exchange/workspace/install/pal_pro_gripper_controller_configuration:/home/user/exchange/workspace/install/tiago_manipulation_tasks:/home/user/exchange/workspace/install/tiago_pro_simulation:/home/user/exchange/workspace/install/tiago_pro_robot:/home/user/exchange/workspace/install/tiago_pro_navigation:/home/user/exchange/workspace/install/tiago_pro_gazebo:/home/user/exchange/workspace/install/tiago_pro_rgbd_sensors:/home/user/exchange/workspace/install/tiago_pro_mujoco:/home/user/exchange/workspace/install/tiago_pro_moveit_config:/home/user/exchange/workspace/install/tiago_pro_laser_sensors:/home/user/exchange/workspace/install/tiago_pro_description:/home/user/exchange/workspace/install/tiago_pro_bringup:/home/user/exchange/workspace/install/tiago_pro_2dnav:/home/user/exchange/workspace/install/pal_sea_arm_moveit_config:/home/user/exchange/workspace/install/pal_sea_arm:/home/user/exchange/workspace/install/pal_sea_arm_bringup:/home/user/exchange/workspace/install/pal_sea_arm_description:/home/user/exchange/workspace/install/pal_pro_gripper_simulation:/home/user/exchange/workspace/install/pal_pro_gripper_bringup:/home/user/exchange/workspace/install/pal_pro_gripper:/home/user/exchange/workspace/install/pal_pro_gripper_description:/home/user/exchange/workspace/install/pal_gazebo_worlds:/home/user/exchange/workspace/install/pick_task:/home/user/exchange/workspace/install/pal_pro_gripper_wrapper:/opt/ros/humble PYTHONPATH=/home/user/exchange/workspace/install/pal_pro_gripper_wrapper/lib/python3.10/site-packages:/home/user/exchange/workspace/install/pick_task/lib/python3.10/site-packages:/home/user/exchange/workspace/install/tiago_pro_description/local/lib/python3.10/dist-packages:/home/user/exchange/workspace/install/pal_sea_arm_description/local/lib/python3.10/dist-packages:/home/user/exchange/workspace/install/pal_pro_gripper_description/local/lib/python3.10/dist-packages:/opt/ros/humble/lib/python3.10/site-packages:/opt/ros/humble/local/lib/python3.10/dist-packages /usr/bin/cmake --build /home/user/exchange/workspace/build/tiago_pro_bringup -- -j12 -l12
[1.173s] DEBUG:colcon.colcon_core.event_handler.log_command:Invoked command in '/home/user/exchange/workspace/build/tiago_pro_bringup' returned '0': AMENT_PREFIX_PATH=/home/user/exchange/workspace/install/pal_pro_gripper_wrapper:/home/user/exchange/workspace/install/tiago_manipulation_tasks:/home/user/exchange/workspace/install/pick_task:/home/user/exchange/workspace/install/tiago_pro_simulation:/home/user/exchange/workspace/install/tiago_pro_robot:/home/user/exchange/workspace/install/tiago_pro_navigation:/home/user/exchange/workspace/install/tiago_pro_gazebo:/home/user/exchange/workspace/install/tiago_pro_rgbd_sensors:/home/user/exchange/workspace/install/tiago_pro_mujoco:/home/user/exchange/workspace/install/tiago_pro_moveit_config:/home/user/exchange/workspace/install/tiago_pro_laser_sensors:/home/user/exchange/workspace/install/tiago_pro_description:/home/user/exchange/workspace/install/tiago_pro_bringup:/home/user/exchange/workspace/install/tiago_pro_controller_configuration:/home/user/exchange/workspace/install/tiago_pro_2dnav:/home/user/exchange/workspace/install/pal_sea_arm_moveit_config:/home/user/exchange/workspace/install/pal_sea_arm:/home/user/exchange/workspace/install/pal_sea_arm_bringup:/home/user/exchange/workspace/install/pal_sea_arm_description:/home/user/exchange/workspace/install/pal_sea_arm_controller_configuration:/home/user/exchange/workspace/install/pal_pro_gripper_simulation:/home/user/exchange/workspace/install/pal_pro_gripper_bringup:/home/user/exchange/workspace/install/pal_pro_gripper:/home/user/exchange/workspace/install/pal_pro_gripper_controller_configuration:/home/user/exchange/workspace/install/pal_pro_gripper_description:/home/user/exchange/workspace/install/pal_gazebo_worlds:/opt/ros/humble CMAKE_PREFIX_PATH=/home/user/exchange/workspace/install/tiago_pro_controller_configuration:/home/user/exchange/workspace/install/pal_sea_arm_controller_configuration:/home/user/exchange/workspace/install/pal_pro_gripper_controller_configuration:/home/user/exchange/workspace/install/tiago_manipulation_tasks:/home/user/exchange/workspace/install/tiago_pro_simulation:/home/user/exchange/workspace/install/tiago_pro_robot:/home/user/exchange/workspace/install/tiago_pro_navigation:/home/user/exchange/workspace/install/tiago_pro_gazebo:/home/user/exchange/workspace/install/tiago_pro_rgbd_sensors:/home/user/exchange/workspace/install/tiago_pro_mujoco:/home/user/exchange/workspace/install/tiago_pro_moveit_config:/home/user/exchange/workspace/install/tiago_pro_laser_sensors:/home/user/exchange/workspace/install/tiago_pro_description:/home/user/exchange/workspace/install/tiago_pro_bringup:/home/user/exchange/workspace/install/tiago_pro_2dnav:/home/user/exchange/workspace/install/pal_sea_arm_moveit_config:/home/user/exchange/workspace/install/pal_sea_arm:/home/user/exchange/workspace/install/pal_sea_arm_bringup:/home/user/exchange/workspace/install/pal_sea_arm_description:/home/user/exchange/workspace/install/pal_pro_gripper_simulation:/home/user/exchange/workspace/install/pal_pro_gripper_bringup:/home/user/exchange/workspace/install/pal_pro_gripper:/home/user/exchange/workspace/install/pal_pro_gripper_description:/home/user/exchange/workspace/install/pal_gazebo_worlds:/home/user/exchange/workspace/install/pick_task:/home/user/exchange/workspace/install/pal_pro_gripper_wrapper:/opt/ros/humble PYTHONPATH=/home/user/exchange/workspace/install/pal_pro_gripper_wrapper/lib/python3.10/site-packages:/home/user/exchange/workspace/install/pick_task/lib/python3.10/site-packages:/home/user/exchange/workspace/install/tiago_pro_description/local/lib/python3.10/dist-packages:/home/user/exchange/workspace/install/pal_sea_arm_description/local/lib/python3.10/dist-packages:/home/user/exchange/workspace/install/pal_pro_gripper_description/local/lib/python3.10/dist-packages:/opt/ros/humble/lib/python3.10/site-packages:/opt/ros/humble/local/lib/python3.10/dist-packages /usr/bin/cmake --build /home/user/exchange/workspace/build/tiago_pro_bringup -- -j12 -l12
[1.173s] DEBUG:colcon.colcon_core.event_handler.log_command:Invoking command in '/home/user/exchange/workspace/build/tiago_pro_bringup': AMENT_PREFIX_PATH=/home/user/exchange/workspace/install/pal_pro_gripper_wrapper:/home/user/exchange/workspace/install/tiago_manipulation_tasks:/home/user/exchange/workspace/install/pick_task:/home/user/exchange/workspace/install/tiago_pro_simulation:/home/user/exchange/workspace/install/tiago_pro_robot:/home/user/exchange/workspace/install/tiago_pro_navigation:/home/user/exchange/workspace/install/tiago_pro_gazebo:/home/user/exchange/workspace/install/tiago_pro_rgbd_sensors:/home/user/exchange/workspace/install/tiago_pro_mujoco:/home/user/exchange/workspace/install/tiago_pro_moveit_config:/home/user/exchange/workspace/install/tiago_pro_laser_sensors:/home/user/exchange/workspace/install/tiago_pro_description:/home/user/exchange/workspace/install/tiago_pro_bringup:/home/user/exchange/workspace/install/tiago_pro_controller_configuration:/home/user/exchange/workspace/install/tiago_pro_2dnav:/home/user/exchange/workspace/install/pal_sea_arm_moveit_config:/home/user/exchange/workspace/install/pal_sea_arm:/home/user/exchange/workspace/install/pal_sea_arm_bringup:/home/user/exchange/workspace/install/pal_sea_arm_description:/home/user/exchange/workspace/install/pal_sea_arm_controller_configuration:/home/user/exchange/workspace/install/pal_pro_gripper_simulation:/home/user/exchange/workspace/install/pal_pro_gripper_bringup:/home/user/exchange/workspace/install/pal_pro_gripper:/home/user/exchange/workspace/install/pal_pro_gripper_controller_configuration:/home/user/exchange/workspace/install/pal_pro_gripper_description:/home/user/exchange/workspace/install/pal_gazebo_worlds:/opt/ros/humble CMAKE_PREFIX_PATH=/home/user/exchange/workspace/install/tiago_pro_controller_configuration:/home/user/exchange/workspace/install/pal_sea_arm_controller_configuration:/home/user/exchange/workspace/install/pal_pro_gripper_controller_configuration:/home/user/exchange/workspace/install/tiago_manipulation_tasks:/home/user/exchange/workspace/install/tiago_pro_simulation:/home/user/exchange/workspace/install/tiago_pro_robot:/home/user/exchange/workspace/install/tiago_pro_navigation:/home/user/exchange/workspace/install/tiago_pro_gazebo:/home/user/exchange/workspace/install/tiago_pro_rgbd_sensors:/home/user/exchange/workspace/install/tiago_pro_mujoco:/home/user/exchange/workspace/install/tiago_pro_moveit_config:/home/user/exchange/workspace/install/tiago_pro_laser_sensors:/home/user/exchange/workspace/install/tiago_pro_description:/home/user/exchange/workspace/install/tiago_pro_bringup:/home/user/exchange/workspace/install/tiago_pro_2dnav:/home/user/exchange/workspace/install/pal_sea_arm_moveit_config:/home/user/exchange/workspace/install/pal_sea_arm:/home/user/exchange/workspace/install/pal_sea_arm_bringup:/home/user/exchange/workspace/install/pal_sea_arm_description:/home/user/exchange/workspace/install/pal_pro_gripper_simulation:/home/user/exchange/workspace/install/pal_pro_gripper_bringup:/home/user/exchange/workspace/install/pal_pro_gripper:/home/user/exchange/workspace/install/pal_pro_gripper_description:/home/user/exchange/workspace/install/pal_gazebo_worlds:/home/user/exchange/workspace/install/pick_task:/home/user/exchange/workspace/install/pal_pro_gripper_wrapper:/opt/ros/humble PYTHONPATH=/home/user/exchange/workspace/install/pal_pro_gripper_wrapper/lib/python3.10/site-packages:/home/user/exchange/workspace/install/pick_task/lib/python3.10/site-packages:/home/user/exchange/workspace/install/tiago_pro_description/local/lib/python3.10/dist-packages:/home/user/exchange/workspace/install/pal_sea_arm_description/local/lib/python3.10/dist-packages:/home/user/exchange/workspace/install/pal_pro_gripper_description/local/lib/python3.10/dist-packages:/opt/ros/humble/lib/python3.10/site-packages:/opt/ros/humble/local/lib/python3.10/dist-packages /usr/bin/cmake --install /home/user/exchange/workspace/build/tiago_pro_bringup
[1.183s] Level 1:colcon.colcon_core.environment:create_environment_scripts_only(tiago_pro_bringup)
[1.184s] Level 1:colcon.colcon_core.environment:checking '/home/user/exchange/workspace/install/tiago_pro_bringup' for CMake module files
[1.185s] Level 1:colcon.colcon_core.environment:checking '/home/user/exchange/workspace/install/tiago_pro_bringup' for CMake config files
[1.189s] Level 1:colcon.colcon_core.shell:create_environment_hook('tiago_pro_bringup', 'cmake_prefix_path')
[1.190s] INFO:colcon.colcon_core.shell:Creating environment hook '/home/user/exchange/workspace/install/tiago_pro_bringup/share/tiago_pro_bringup/hook/cmake_prefix_path.ps1'
[1.190s] INFO:colcon.colcon_core.shell:Creating environment descriptor '/home/user/exchange/workspace/install/tiago_pro_bringup/share/tiago_pro_bringup/hook/cmake_prefix_path.dsv'
[1.191s] INFO:colcon.colcon_core.shell:Creating environment hook '/home/user/exchange/workspace/install/tiago_pro_bringup/share/tiago_pro_bringup/hook/cmake_prefix_path.sh'
[1.191s] Level 1:colcon.colcon_core.environment:checking '/home/user/exchange/workspace/install/tiago_pro_bringup/lib'
[1.191s] Level 1:colcon.colcon_core.environment:checking '/home/user/exchange/workspace/install/tiago_pro_bringup/bin'
[1.191s] Level 1:colcon.colcon_core.environment:checking '/home/user/exchange/workspace/install/tiago_pro_bringup/lib/pkgconfig/tiago_pro_bringup.pc'
[1.192s] Level 1:colcon.colcon_core.environment:checking '/home/user/exchange/workspace/install/tiago_pro_bringup/lib/python3.10/site-packages'
[1.192s] Level 1:colcon.colcon_core.environment:checking '/home/user/exchange/workspace/install/tiago_pro_bringup/bin'
[1.192s] INFO:colcon.colcon_core.shell:Creating package script '/home/user/exchange/workspace/install/tiago_pro_bringup/share/tiago_pro_bringup/package.ps1'
[1.193s] DEBUG:colcon.colcon_core.event_handler.log_command:Invoked command in '/home/user/exchange/workspace/build/tiago_pro_bringup' returned '0': AMENT_PREFIX_PATH=/home/user/exchange/workspace/install/pal_pro_gripper_wrapper:/home/user/exchange/workspace/install/tiago_manipulation_tasks:/home/user/exchange/workspace/install/pick_task:/home/user/exchange/workspace/install/tiago_pro_simulation:/home/user/exchange/workspace/install/tiago_pro_robot:/home/user/exchange/workspace/install/tiago_pro_navigation:/home/user/exchange/workspace/install/tiago_pro_gazebo:/home/user/exchange/workspace/install/tiago_pro_rgbd_sensors:/home/user/exchange/workspace/install/tiago_pro_mujoco:/home/user/exchange/workspace/install/tiago_pro_moveit_config:/home/user/exchange/workspace/install/tiago_pro_laser_sensors:/home/user/exchange/workspace/install/tiago_pro_description:/home/user/exchange/workspace/install/tiago_pro_bringup:/home/user/exchange/workspace/install/tiago_pro_controller_configuration:/home/user/exchange/workspace/install/tiago_pro_2dnav:/home/user/exchange/workspace/install/pal_sea_arm_moveit_config:/home/user/exchange/workspace/install/pal_sea_arm:/home/user/exchange/workspace/install/pal_sea_arm_bringup:/home/user/exchange/workspace/install/pal_sea_arm_description:/home/user/exchange/workspace/install/pal_sea_arm_controller_configuration:/home/user/exchange/workspace/install/pal_pro_gripper_simulation:/home/user/exchange/workspace/install/pal_pro_gripper_bringup:/home/user/exchange/workspace/install/pal_pro_gripper:/home/user/exchange/workspace/install/pal_pro_gripper_controller_configuration:/home/user/exchange/workspace/install/pal_pro_gripper_description:/home/user/exchange/workspace/install/pal_gazebo_worlds:/opt/ros/humble CMAKE_PREFIX_PATH=/home/user/exchange/workspace/install/tiago_pro_controller_configuration:/home/user/exchange/workspace/install/pal_sea_arm_controller_configuration:/home/user/exchange/workspace/install/pal_pro_gripper_controller_configuration:/home/user/exchange/workspace/install/tiago_manipulation_tasks:/home/user/exchange/workspace/install/tiago_pro_simulation:/home/user/exchange/workspace/install/tiago_pro_robot:/home/user/exchange/workspace/install/tiago_pro_navigation:/home/user/exchange/workspace/install/tiago_pro_gazebo:/home/user/exchange/workspace/install/tiago_pro_rgbd_sensors:/home/user/exchange/workspace/install/tiago_pro_mujoco:/home/user/exchange/workspace/install/tiago_pro_moveit_config:/home/user/exchange/workspace/install/tiago_pro_laser_sensors:/home/user/exchange/workspace/install/tiago_pro_description:/home/user/exchange/workspace/install/tiago_pro_bringup:/home/user/exchange/workspace/install/tiago_pro_2dnav:/home/user/exchange/workspace/install/pal_sea_arm_moveit_config:/home/user/exchange/workspace/install/pal_sea_arm:/home/user/exchange/workspace/install/pal_sea_arm_bringup:/home/user/exchange/workspace/install/pal_sea_arm_description:/home/user/exchange/workspace/install/pal_pro_gripper_simulation:/home/user/exchange/workspace/install/pal_pro_gripper_bringup:/home/user/exchange/workspace/install/pal_pro_gripper:/home/user/exchange/workspace/install/pal_pro_gripper_description:/home/user/exchange/workspace/install/pal_gazebo_worlds:/home/user/exchange/workspace/install/pick_task:/home/user/exchange/workspace/install/pal_pro_gripper_wrapper:/opt/ros/humble PYTHONPATH=/home/user/exchange/workspace/install/pal_pro_gripper_wrapper/lib/python3.10/site-packages:/home/user/exchange/workspace/install/pick_task/lib/python3.10/site-packages:/home/user/exchange/workspace/install/tiago_pro_description/local/lib/python3.10/dist-packages:/home/user/exchange/workspace/install/pal_sea_arm_description/local/lib/python3.10/dist-packages:/home/user/exchange/workspace/install/pal_pro_gripper_description/local/lib/python3.10/dist-packages:/opt/ros/humble/lib/python3.10/site-packages:/opt/ros/humble/local/lib/python3.10/dist-packages /usr/bin/cmake --install /home/user/exchange/workspace/build/tiago_pro_bringup
[1.193s] INFO:colcon.colcon_core.shell:Creating package descriptor '/home/user/exchange/workspace/install/tiago_pro_bringup/share/tiago_pro_bringup/package.dsv'
[1.194s] INFO:colcon.colcon_core.shell:Creating package script '/home/user/exchange/workspace/install/tiago_pro_bringup/share/tiago_pro_bringup/package.sh'
[1.194s] INFO:colcon.colcon_core.shell:Creating package script '/home/user/exchange/workspace/install/tiago_pro_bringup/share/tiago_pro_bringup/package.bash'
[1.194s] INFO:colcon.colcon_core.shell:Creating package script '/home/user/exchange/workspace/install/tiago_pro_bringup/share/tiago_pro_bringup/package.zsh'
[1.194s] Level 1:colcon.colcon_core.environment:create_file_with_runtime_dependencies(/home/user/exchange/workspace/install/tiago_pro_bringup/share/colcon-core/packages/tiago_pro_bringup)
[1.195s] Level 1:colcon.colcon_core.environment:create_environment_scripts_only(tiago_pro_bringup)
[1.195s] Level 1:colcon.colcon_core.environment:checking '/home/user/exchange/workspace/install/tiago_pro_bringup' for CMake module files
[1.196s] Level 1:colcon.colcon_core.environment:checking '/home/user/exchange/workspace/install/tiago_pro_bringup' for CMake config files
[1.196s] Level 1:colcon.colcon_core.shell:create_environment_hook('tiago_pro_bringup', 'cmake_prefix_path')
[1.196s] INFO:colcon.colcon_core.shell:Creating environment hook '/home/user/exchange/workspace/install/tiago_pro_bringup/share/tiago_pro_bringup/hook/cmake_prefix_path.ps1'
[1.197s] INFO:colcon.colcon_core.shell:Creating environment descriptor '/home/user/exchange/workspace/install/tiago_pro_bringup/share/tiago_pro_bringup/hook/cmake_prefix_path.dsv'
[1.197s] INFO:colcon.colcon_core.shell:Creating environment hook '/home/user/exchange/workspace/install/tiago_pro_bringup/share/tiago_pro_bringup/hook/cmake_prefix_path.sh'
[1.198s] Level 1:colcon.colcon_core.environment:checking '/home/user/exchange/workspace/install/tiago_pro_bringup/lib'
[1.198s] Level 1:colcon.colcon_core.environment:checking '/home/user/exchange/workspace/install/tiago_pro_bringup/bin'
[1.198s] Level 1:colcon.colcon_core.environment:checking '/home/user/exchange/workspace/install/tiago_pro_bringup/lib/pkgconfig/tiago_pro_bringup.pc'
[1.198s] Level 1:colcon.colcon_core.environment:checking '/home/user/exchange/workspace/install/tiago_pro_bringup/lib/python3.10/site-packages'
[1.198s] Level 1:colcon.colcon_core.environment:checking '/home/user/exchange/workspace/install/tiago_pro_bringup/bin'
[1.199s] INFO:colcon.colcon_core.shell:Creating package script '/home/user/exchange/workspace/install/tiago_pro_bringup/share/tiago_pro_bringup/package.ps1'
[1.199s] INFO:colcon.colcon_core.shell:Creating package descriptor '/home/user/exchange/workspace/install/tiago_pro_bringup/share/tiago_pro_bringup/package.dsv'
[1.200s] INFO:colcon.colcon_core.shell:Creating package script '/home/user/exchange/workspace/install/tiago_pro_bringup/share/tiago_pro_bringup/package.sh'
[1.200s] INFO:colcon.colcon_core.shell:Creating package script '/home/user/exchange/workspace/install/tiago_pro_bringup/share/tiago_pro_bringup/package.bash'
[1.201s] INFO:colcon.colcon_core.shell:Creating package script '/home/user/exchange/workspace/install/tiago_pro_bringup/share/tiago_pro_bringup/package.zsh'
[1.201s] Level 1:colcon.colcon_core.environment:create_file_with_runtime_dependencies(/home/user/exchange/workspace/install/tiago_pro_bringup/share/colcon-core/packages/tiago_pro_bringup)
[1.312s] DEBUG:colcon.colcon_core.event_handler.log_command:Invoked command in '/home/user/exchange/workspace/build/pal_sea_arm_description' returned '0': AMENT_PREFIX_PATH=/home/user/exchange/workspace/install/pal_pro_gripper_wrapper:/home/user/exchange/workspace/install/tiago_manipulation_tasks:/home/user/exchange/workspace/install/pick_task:/home/user/exchange/workspace/install/tiago_pro_simulation:/home/user/exchange/workspace/install/tiago_pro_robot:/home/user/exchange/workspace/install/tiago_pro_navigation:/home/user/exchange/workspace/install/tiago_pro_gazebo:/home/user/exchange/workspace/install/tiago_pro_rgbd_sensors:/home/user/exchange/workspace/install/tiago_pro_mujoco:/home/user/exchange/workspace/install/tiago_pro_moveit_config:/home/user/exchange/workspace/install/tiago_pro_laser_sensors:/home/user/exchange/workspace/install/tiago_pro_description:/home/user/exchange/workspace/install/tiago_pro_bringup:/home/user/exchange/workspace/install/tiago_pro_controller_configuration:/home/user/exchange/workspace/install/tiago_pro_2dnav:/home/user/exchange/workspace/install/pal_sea_arm_moveit_config:/home/user/exchange/workspace/install/pal_sea_arm:/home/user/exchange/workspace/install/pal_sea_arm_bringup:/home/user/exchange/workspace/install/pal_sea_arm_description:/home/user/exchange/workspace/install/pal_sea_arm_controller_configuration:/home/user/exchange/workspace/install/pal_pro_gripper_simulation:/home/user/exchange/workspace/install/pal_pro_gripper_bringup:/home/user/exchange/workspace/install/pal_pro_gripper:/home/user/exchange/workspace/install/pal_pro_gripper_controller_configuration:/home/user/exchange/workspace/install/pal_pro_gripper_description:/home/user/exchange/workspace/install/pal_gazebo_worlds:/opt/ros/humble CMAKE_PREFIX_PATH=/home/user/exchange/workspace/install/pal_sea_arm_controller_configuration:/home/user/exchange/workspace/install/pal_pro_gripper_controller_configuration:/home/user/exchange/workspace/install/pal_pro_gripper_description:/home/user/exchange/workspace/install/tiago_manipulation_tasks:/home/user/exchange/workspace/install/tiago_pro_simulation:/home/user/exchange/workspace/install/tiago_pro_robot:/home/user/exchange/workspace/install/tiago_pro_navigation:/home/user/exchange/workspace/install/tiago_pro_gazebo:/home/user/exchange/workspace/install/tiago_pro_rgbd_sensors:/home/user/exchange/workspace/install/tiago_pro_mujoco:/home/user/exchange/workspace/install/tiago_pro_moveit_config:/home/user/exchange/workspace/install/tiago_pro_laser_sensors:/home/user/exchange/workspace/install/tiago_pro_description:/home/user/exchange/workspace/install/tiago_pro_bringup:/home/user/exchange/workspace/install/tiago_pro_controller_configuration:/home/user/exchange/workspace/install/tiago_pro_2dnav:/home/user/exchange/workspace/install/pal_sea_arm_moveit_config:/home/user/exchange/workspace/install/pal_sea_arm:/home/user/exchange/workspace/install/pal_sea_arm_bringup:/home/user/exchange/workspace/install/pal_sea_arm_description:/home/user/exchange/workspace/install/pal_pro_gripper_simulation:/home/user/exchange/workspace/install/pal_pro_gripper_bringup:/home/user/exchange/workspace/install/pal_pro_gripper:/home/user/exchange/workspace/install/pal_gazebo_worlds:/home/user/exchange/workspace/install/pick_task:/home/user/exchange/workspace/install/pal_pro_gripper_wrapper:/opt/ros/humble PYTHONPATH=/home/user/exchange/workspace/install/pal_pro_gripper_wrapper/lib/python3.10/site-packages:/home/user/exchange/workspace/install/pick_task/lib/python3.10/site-packages:/home/user/exchange/workspace/install/tiago_pro_description/local/lib/python3.10/dist-packages:/home/user/exchange/workspace/install/pal_sea_arm_description/local/lib/python3.10/dist-packages:/home/user/exchange/workspace/install/pal_pro_gripper_description/local/lib/python3.10/dist-packages:/opt/ros/humble/lib/python3.10/site-packages:/opt/ros/humble/local/lib/python3.10/dist-packages /usr/bin/cmake --build /home/user/exchange/workspace/build/pal_sea_arm_description -- -j12 -l12
[1.313s] DEBUG:colcon.colcon_core.event_handler.log_command:Invoking command in '/home/user/exchange/workspace/build/pal_sea_arm_description': AMENT_PREFIX_PATH=/home/user/exchange/workspace/install/pal_pro_gripper_wrapper:/home/user/exchange/workspace/install/tiago_manipulation_tasks:/home/user/exchange/workspace/install/pick_task:/home/user/exchange/workspace/install/tiago_pro_simulation:/home/user/exchange/workspace/install/tiago_pro_robot:/home/user/exchange/workspace/install/tiago_pro_navigation:/home/user/exchange/workspace/install/tiago_pro_gazebo:/home/user/exchange/workspace/install/tiago_pro_rgbd_sensors:/home/user/exchange/workspace/install/tiago_pro_mujoco:/home/user/exchange/workspace/install/tiago_pro_moveit_config:/home/user/exchange/workspace/install/tiago_pro_laser_sensors:/home/user/exchange/workspace/install/tiago_pro_description:/home/user/exchange/workspace/install/tiago_pro_bringup:/home/user/exchange/workspace/install/tiago_pro_controller_configuration:/home/user/exchange/workspace/install/tiago_pro_2dnav:/home/user/exchange/workspace/install/pal_sea_arm_moveit_config:/home/user/exchange/workspace/install/pal_sea_arm:/home/user/exchange/workspace/install/pal_sea_arm_bringup:/home/user/exchange/workspace/install/pal_sea_arm_description:/home/user/exchange/workspace/install/pal_sea_arm_controller_configuration:/home/user/exchange/workspace/install/pal_pro_gripper_simulation:/home/user/exchange/workspace/install/pal_pro_gripper_bringup:/home/user/exchange/workspace/install/pal_pro_gripper:/home/user/exchange/workspace/install/pal_pro_gripper_controller_configuration:/home/user/exchange/workspace/install/pal_pro_gripper_description:/home/user/exchange/workspace/install/pal_gazebo_worlds:/opt/ros/humble CMAKE_PREFIX_PATH=/home/user/exchange/workspace/install/pal_sea_arm_controller_configuration:/home/user/exchange/workspace/install/pal_pro_gripper_controller_configuration:/home/user/exchange/workspace/install/pal_pro_gripper_description:/home/user/exchange/workspace/install/tiago_manipulation_tasks:/home/user/exchange/workspace/install/tiago_pro_simulation:/home/user/exchange/workspace/install/tiago_pro_robot:/home/user/exchange/workspace/install/tiago_pro_navigation:/home/user/exchange/workspace/install/tiago_pro_gazebo:/home/user/exchange/workspace/install/tiago_pro_rgbd_sensors:/home/user/exchange/workspace/install/tiago_pro_mujoco:/home/user/exchange/workspace/install/tiago_pro_moveit_config:/home/user/exchange/workspace/install/tiago_pro_laser_sensors:/home/user/exchange/workspace/install/tiago_pro_description:/home/user/exchange/workspace/install/tiago_pro_bringup:/home/user/exchange/workspace/install/tiago_pro_controller_configuration:/home/user/exchange/workspace/install/tiago_pro_2dnav:/home/user/exchange/workspace/install/pal_sea_arm_moveit_config:/home/user/exchange/workspace/install/pal_sea_arm:/home/user/exchange/workspace/install/pal_sea_arm_bringup:/home/user/exchange/workspace/install/pal_sea_arm_description:/home/user/exchange/workspace/install/pal_pro_gripper_simulation:/home/user/exchange/workspace/install/pal_pro_gripper_bringup:/home/user/exchange/workspace/install/pal_pro_gripper:/home/user/exchange/workspace/install/pal_gazebo_worlds:/home/user/exchange/workspace/install/pick_task:/home/user/exchange/workspace/install/pal_pro_gripper_wrapper:/opt/ros/humble PYTHONPATH=/home/user/exchange/workspace/install/pal_pro_gripper_wrapper/lib/python3.10/site-packages:/home/user/exchange/workspace/install/pick_task/lib/python3.10/site-packages:/home/user/exchange/workspace/install/tiago_pro_description/local/lib/python3.10/dist-packages:/home/user/exchange/workspace/install/pal_sea_arm_description/local/lib/python3.10/dist-packages:/home/user/exchange/workspace/install/pal_pro_gripper_description/local/lib/python3.10/dist-packages:/opt/ros/humble/lib/python3.10/site-packages:/opt/ros/humble/local/lib/python3.10/dist-packages /usr/bin/cmake --install /home/user/exchange/workspace/build/pal_sea_arm_description
[1.350s] Level 1:colcon.colcon_core.environment:create_environment_scripts_only(pal_sea_arm_description)
[1.350s] Level 1:colcon.colcon_core.environment:checking '/home/user/exchange/workspace/install/pal_sea_arm_description' for CMake module files
[1.352s] Level 1:colcon.colcon_core.environment:checking '/home/user/exchange/workspace/install/pal_sea_arm_description' for CMake config files
[1.357s] DEBUG:colcon.colcon_core.event_handler.log_command:Invoked command in '/home/user/exchange/workspace/build/pal_sea_arm_description' returned '0': AMENT_PREFIX_PATH=/home/user/exchange/workspace/install/pal_pro_gripper_wrapper:/home/user/exchange/workspace/install/tiago_manipulation_tasks:/home/user/exchange/workspace/install/pick_task:/home/user/exchange/workspace/install/tiago_pro_simulation:/home/user/exchange/workspace/install/tiago_pro_robot:/home/user/exchange/workspace/install/tiago_pro_navigation:/home/user/exchange/workspace/install/tiago_pro_gazebo:/home/user/exchange/workspace/install/tiago_pro_rgbd_sensors:/home/user/exchange/workspace/install/tiago_pro_mujoco:/home/user/exchange/workspace/install/tiago_pro_moveit_config:/home/user/exchange/workspace/install/tiago_pro_laser_sensors:/home/user/exchange/workspace/install/tiago_pro_description:/home/user/exchange/workspace/install/tiago_pro_bringup:/home/user/exchange/workspace/install/tiago_pro_controller_configuration:/home/user/exchange/workspace/install/tiago_pro_2dnav:/home/user/exchange/workspace/install/pal_sea_arm_moveit_config:/home/user/exchange/workspace/install/pal_sea_arm:/home/user/exchange/workspace/install/pal_sea_arm_bringup:/home/user/exchange/workspace/install/pal_sea_arm_description:/home/user/exchange/workspace/install/pal_sea_arm_controller_configuration:/home/user/exchange/workspace/install/pal_pro_gripper_simulation:/home/user/exchange/workspace/install/pal_pro_gripper_bringup:/home/user/exchange/workspace/install/pal_pro_gripper:/home/user/exchange/workspace/install/pal_pro_gripper_controller_configuration:/home/user/exchange/workspace/install/pal_pro_gripper_description:/home/user/exchange/workspace/install/pal_gazebo_worlds:/opt/ros/humble CMAKE_PREFIX_PATH=/home/user/exchange/workspace/install/pal_sea_arm_controller_configuration:/home/user/exchange/workspace/install/pal_pro_gripper_controller_configuration:/home/user/exchange/workspace/install/pal_pro_gripper_description:/home/user/exchange/workspace/install/tiago_manipulation_tasks:/home/user/exchange/workspace/install/tiago_pro_simulation:/home/user/exchange/workspace/install/tiago_pro_robot:/home/user/exchange/workspace/install/tiago_pro_navigation:/home/user/exchange/workspace/install/tiago_pro_gazebo:/home/user/exchange/workspace/install/tiago_pro_rgbd_sensors:/home/user/exchange/workspace/install/tiago_pro_mujoco:/home/user/exchange/workspace/install/tiago_pro_moveit_config:/home/user/exchange/workspace/install/tiago_pro_laser_sensors:/home/user/exchange/workspace/install/tiago_pro_description:/home/user/exchange/workspace/install/tiago_pro_bringup:/home/user/exchange/workspace/install/tiago_pro_controller_configuration:/home/user/exchange/workspace/install/tiago_pro_2dnav:/home/user/exchange/workspace/install/pal_sea_arm_moveit_config:/home/user/exchange/workspace/install/pal_sea_arm:/home/user/exchange/workspace/install/pal_sea_arm_bringup:/home/user/exchange/workspace/install/pal_sea_arm_description:/home/user/exchange/workspace/install/pal_pro_gripper_simulation:/home/user/exchange/workspace/install/pal_pro_gripper_bringup:/home/user/exchange/workspace/install/pal_pro_gripper:/home/user/exchange/workspace/install/pal_gazebo_worlds:/home/user/exchange/workspace/install/pick_task:/home/user/exchange/workspace/install/pal_pro_gripper_wrapper:/opt/ros/humble PYTHONPATH=/home/user/exchange/workspace/install/pal_pro_gripper_wrapper/lib/python3.10/site-packages:/home/user/exchange/workspace/install/pick_task/lib/python3.10/site-packages:/home/user/exchange/workspace/install/tiago_pro_description/local/lib/python3.10/dist-packages:/home/user/exchange/workspace/install/pal_sea_arm_description/local/lib/python3.10/dist-packages:/home/user/exchange/workspace/install/pal_pro_gripper_description/local/lib/python3.10/dist-packages:/opt/ros/humble/lib/python3.10/site-packages:/opt/ros/humble/local/lib/python3.10/dist-packages /usr/bin/cmake --install /home/user/exchange/workspace/build/pal_sea_arm_description
[1.357s] Level 1:colcon.colcon_core.shell:create_environment_hook('pal_sea_arm_description', 'cmake_prefix_path')
[1.358s] INFO:colcon.colcon_core.shell:Creating environment hook '/home/user/exchange/workspace/install/pal_sea_arm_description/share/pal_sea_arm_description/hook/cmake_prefix_path.ps1'
[1.358s] INFO:colcon.colcon_core.shell:Creating environment descriptor '/home/user/exchange/workspace/install/pal_sea_arm_description/share/pal_sea_arm_description/hook/cmake_prefix_path.dsv'
[1.359s] INFO:colcon.colcon_core.shell:Creating environment hook '/home/user/exchange/workspace/install/pal_sea_arm_description/share/pal_sea_arm_description/hook/cmake_prefix_path.sh'
[1.359s] Level 1:colcon.colcon_core.environment:checking '/home/user/exchange/workspace/install/pal_sea_arm_description/bin'
[1.359s] Level 1:colcon.colcon_core.environment:checking '/home/user/exchange/workspace/install/pal_sea_arm_description/lib/pkgconfig/pal_sea_arm_description.pc'
[1.359s] Level 1:colcon.colcon_core.environment:checking '/home/user/exchange/workspace/install/pal_sea_arm_description/lib/python3.10/site-packages'
[1.360s] Level 1:colcon.colcon_core.environment:checking '/home/user/exchange/workspace/install/pal_sea_arm_description/bin'
[1.360s] INFO:colcon.colcon_core.shell:Creating package script '/home/user/exchange/workspace/install/pal_sea_arm_description/share/pal_sea_arm_description/package.ps1'
[1.360s] INFO:colcon.colcon_core.shell:Creating package descriptor '/home/user/exchange/workspace/install/pal_sea_arm_description/share/pal_sea_arm_description/package.dsv'
[1.361s] INFO:colcon.colcon_core.shell:Creating package script '/home/user/exchange/workspace/install/pal_sea_arm_description/share/pal_sea_arm_description/package.sh'
[1.361s] INFO:colcon.colcon_core.shell:Creating package script '/home/user/exchange/workspace/install/pal_sea_arm_description/share/pal_sea_arm_description/package.bash'
[1.361s] INFO:colcon.colcon_core.shell:Creating package script '/home/user/exchange/workspace/install/pal_sea_arm_description/share/pal_sea_arm_description/package.zsh'
[1.361s] Level 1:colcon.colcon_core.environment:create_file_with_runtime_dependencies(/home/user/exchange/workspace/install/pal_sea_arm_description/share/colcon-core/packages/pal_sea_arm_description)
[1.362s] Level 1:colcon.colcon_core.environment:create_environment_scripts_only(pal_sea_arm_description)
[1.362s] Level 1:colcon.colcon_core.environment:checking '/home/user/exchange/workspace/install/pal_sea_arm_description' for CMake module files
[1.362s] Level 1:colcon.colcon_core.environment:checking '/home/user/exchange/workspace/install/pal_sea_arm_description' for CMake config files
[1.363s] Level 1:colcon.colcon_core.shell:create_environment_hook('pal_sea_arm_description', 'cmake_prefix_path')
[1.363s] INFO:colcon.colcon_core.shell:Creating environment hook '/home/user/exchange/workspace/install/pal_sea_arm_description/share/pal_sea_arm_description/hook/cmake_prefix_path.ps1'
[1.364s] INFO:colcon.colcon_core.shell:Creating environment descriptor '/home/user/exchange/workspace/install/pal_sea_arm_description/share/pal_sea_arm_description/hook/cmake_prefix_path.dsv'
[1.364s] INFO:colcon.colcon_core.shell:Creating environment hook '/home/user/exchange/workspace/install/pal_sea_arm_description/share/pal_sea_arm_description/hook/cmake_prefix_path.sh'
[1.365s] Level 1:colcon.colcon_core.environment:checking '/home/user/exchange/workspace/install/pal_sea_arm_description/bin'
[1.365s] Level 1:colcon.colcon_core.environment:checking '/home/user/exchange/workspace/install/pal_sea_arm_description/lib/pkgconfig/pal_sea_arm_description.pc'
[1.365s] Level 1:colcon.colcon_core.environment:checking '/home/user/exchange/workspace/install/pal_sea_arm_description/lib/python3.10/site-packages'
[1.366s] Level 1:colcon.colcon_core.environment:checking '/home/user/exchange/workspace/install/pal_sea_arm_description/bin'
[1.366s] INFO:colcon.colcon_core.shell:Creating package script '/home/user/exchange/workspace/install/pal_sea_arm_description/share/pal_sea_arm_description/package.ps1'
[1.366s] INFO:colcon.colcon_core.shell:Creating package descriptor '/home/user/exchange/workspace/install/pal_sea_arm_description/share/pal_sea_arm_description/package.dsv'
[1.367s] INFO:colcon.colcon_core.shell:Creating package script '/home/user/exchange/workspace/install/pal_sea_arm_description/share/pal_sea_arm_description/package.sh'
[1.367s] INFO:colcon.colcon_core.shell:Creating package script '/home/user/exchange/workspace/install/pal_sea_arm_description/share/pal_sea_arm_description/package.bash'
[1.367s] INFO:colcon.colcon_core.shell:Creating package script '/home/user/exchange/workspace/install/pal_sea_arm_description/share/pal_sea_arm_description/package.zsh'
[1.367s] Level 1:colcon.colcon_core.environment:create_file_with_runtime_dependencies(/home/user/exchange/workspace/install/pal_sea_arm_description/share/colcon-core/packages/pal_sea_arm_description)
[1.368s] INFO:colcon.colcon_ros.task.ament_cmake.build:Building ROS package in '/home/user/exchange/workspace/src/tiago_pro_robot/tiago_pro_description' with build type 'ament_cmake'
[1.368s] INFO:colcon.colcon_cmake.task.cmake.build:Building CMake package in '/home/user/exchange/workspace/src/tiago_pro_robot/tiago_pro_description'
[1.368s] INFO:colcon.colcon_core.shell:Skip shell extension 'powershell' for command environment: Not usable outside of PowerShell
[1.368s] DEBUG:colcon.colcon_core.shell:Skip shell extension 'dsv' for command environment
[1.374s] INFO:colcon.colcon_ros.task.ament_cmake.build:Building ROS package in '/home/user/exchange/workspace/src/pal_sea_arm_moveit_config' with build type 'ament_cmake'
[1.374s] INFO:colcon.colcon_cmake.task.cmake.build:Building CMake package in '/home/user/exchange/workspace/src/pal_sea_arm_moveit_config'
[1.374s] INFO:colcon.colcon_core.shell:Skip shell extension 'powershell' for command environment: Not usable outside of PowerShell
[1.374s] DEBUG:colcon.colcon_core.shell:Skip shell extension 'dsv' for command environment
[1.379s] INFO:colcon.colcon_ros.task.ament_cmake.build:Building ROS package in '/home/user/exchange/workspace/src/pal_sea_arm/pal_sea_arm_bringup' with build type 'ament_cmake'
[1.379s] INFO:colcon.colcon_cmake.task.cmake.build:Building CMake package in '/home/user/exchange/workspace/src/pal_sea_arm/pal_sea_arm_bringup'
[1.380s] INFO:colcon.colcon_core.shell:Skip shell extension 'powershell' for command environment: Not usable outside of PowerShell
[1.380s] DEBUG:colcon.colcon_core.shell:Skip shell extension 'dsv' for command environment
[1.388s] DEBUG:colcon.colcon_core.event_handler.log_command:Invoking command in '/home/user/exchange/workspace/build/tiago_pro_description': AMENT_PREFIX_PATH=/home/user/exchange/workspace/install/pal_pro_gripper_wrapper:/home/user/exchange/workspace/install/tiago_manipulation_tasks:/home/user/exchange/workspace/install/pick_task:/home/user/exchange/workspace/install/tiago_pro_simulation:/home/user/exchange/workspace/install/tiago_pro_robot:/home/user/exchange/workspace/install/tiago_pro_navigation:/home/user/exchange/workspace/install/tiago_pro_gazebo:/home/user/exchange/workspace/install/tiago_pro_rgbd_sensors:/home/user/exchange/workspace/install/tiago_pro_mujoco:/home/user/exchange/workspace/install/tiago_pro_moveit_config:/home/user/exchange/workspace/install/tiago_pro_laser_sensors:/home/user/exchange/workspace/install/tiago_pro_description:/home/user/exchange/workspace/install/tiago_pro_bringup:/home/user/exchange/workspace/install/tiago_pro_controller_configuration:/home/user/exchange/workspace/install/tiago_pro_2dnav:/home/user/exchange/workspace/install/pal_sea_arm_moveit_config:/home/user/exchange/workspace/install/pal_sea_arm:/home/user/exchange/workspace/install/pal_sea_arm_bringup:/home/user/exchange/workspace/install/pal_sea_arm_description:/home/user/exchange/workspace/install/pal_sea_arm_controller_configuration:/home/user/exchange/workspace/install/pal_pro_gripper_simulation:/home/user/exchange/workspace/install/pal_pro_gripper_bringup:/home/user/exchange/workspace/install/pal_pro_gripper:/home/user/exchange/workspace/install/pal_pro_gripper_controller_configuration:/home/user/exchange/workspace/install/pal_pro_gripper_description:/home/user/exchange/workspace/install/pal_gazebo_worlds:/opt/ros/humble CMAKE_PREFIX_PATH=/home/user/exchange/workspace/install/pal_sea_arm_description:/home/user/exchange/workspace/install/pal_sea_arm_controller_configuration:/home/user/exchange/workspace/install/pal_pro_gripper_controller_configuration:/home/user/exchange/workspace/install/pal_pro_gripper_description:/home/user/exchange/workspace/install/tiago_manipulation_tasks:/home/user/exchange/workspace/install/tiago_pro_simulation:/home/user/exchange/workspace/install/tiago_pro_robot:/home/user/exchange/workspace/install/tiago_pro_navigation:/home/user/exchange/workspace/install/tiago_pro_gazebo:/home/user/exchange/workspace/install/tiago_pro_rgbd_sensors:/home/user/exchange/workspace/install/tiago_pro_mujoco:/home/user/exchange/workspace/install/tiago_pro_moveit_config:/home/user/exchange/workspace/install/tiago_pro_laser_sensors:/home/user/exchange/workspace/install/tiago_pro_description:/home/user/exchange/workspace/install/tiago_pro_bringup:/home/user/exchange/workspace/install/tiago_pro_controller_configuration:/home/user/exchange/workspace/install/tiago_pro_2dnav:/home/user/exchange/workspace/install/pal_sea_arm_moveit_config:/home/user/exchange/workspace/install/pal_sea_arm:/home/user/exchange/workspace/install/pal_sea_arm_bringup:/home/user/exchange/workspace/install/pal_pro_gripper_simulation:/home/user/exchange/workspace/install/pal_pro_gripper_bringup:/home/user/exchange/workspace/install/pal_pro_gripper:/home/user/exchange/workspace/install/pal_gazebo_worlds:/home/user/exchange/workspace/install/pick_task:/home/user/exchange/workspace/install/pal_pro_gripper_wrapper:/opt/ros/humble PYTHONPATH=/home/user/exchange/workspace/install/pal_pro_gripper_wrapper/lib/python3.10/site-packages:/home/user/exchange/workspace/install/pick_task/lib/python3.10/site-packages:/home/user/exchange/workspace/install/tiago_pro_description/local/lib/python3.10/dist-packages:/home/user/exchange/workspace/install/pal_sea_arm_description/local/lib/python3.10/dist-packages:/home/user/exchange/workspace/install/pal_pro_gripper_description/local/lib/python3.10/dist-packages:/opt/ros/humble/lib/python3.10/site-packages:/opt/ros/humble/local/lib/python3.10/dist-packages /usr/bin/cmake --build /home/user/exchange/workspace/build/tiago_pro_description -- -j12 -l12
[1.391s] DEBUG:colcon.colcon_core.event_handler.log_command:Invoking command in '/home/user/exchange/workspace/build/pal_sea_arm_moveit_config': AMENT_PREFIX_PATH=/home/user/exchange/workspace/install/pal_pro_gripper_wrapper:/home/user/exchange/workspace/install/tiago_manipulation_tasks:/home/user/exchange/workspace/install/pick_task:/home/user/exchange/workspace/install/tiago_pro_simulation:/home/user/exchange/workspace/install/tiago_pro_robot:/home/user/exchange/workspace/install/tiago_pro_navigation:/home/user/exchange/workspace/install/tiago_pro_gazebo:/home/user/exchange/workspace/install/tiago_pro_rgbd_sensors:/home/user/exchange/workspace/install/tiago_pro_mujoco:/home/user/exchange/workspace/install/tiago_pro_moveit_config:/home/user/exchange/workspace/install/tiago_pro_laser_sensors:/home/user/exchange/workspace/install/tiago_pro_description:/home/user/exchange/workspace/install/tiago_pro_bringup:/home/user/exchange/workspace/install/tiago_pro_controller_configuration:/home/user/exchange/workspace/install/tiago_pro_2dnav:/home/user/exchange/workspace/install/pal_sea_arm_moveit_config:/home/user/exchange/workspace/install/pal_sea_arm:/home/user/exchange/workspace/install/pal_sea_arm_bringup:/home/user/exchange/workspace/install/pal_sea_arm_description:/home/user/exchange/workspace/install/pal_sea_arm_controller_configuration:/home/user/exchange/workspace/install/pal_pro_gripper_simulation:/home/user/exchange/workspace/install/pal_pro_gripper_bringup:/home/user/exchange/workspace/install/pal_pro_gripper:/home/user/exchange/workspace/install/pal_pro_gripper_controller_configuration:/home/user/exchange/workspace/install/pal_pro_gripper_description:/home/user/exchange/workspace/install/pal_gazebo_worlds:/opt/ros/humble CMAKE_PREFIX_PATH=/home/user/exchange/workspace/install/pal_sea_arm_description:/home/user/exchange/workspace/install/pal_sea_arm_controller_configuration:/home/user/exchange/workspace/install/pal_pro_gripper_controller_configuration:/home/user/exchange/workspace/install/pal_pro_gripper_description:/home/user/exchange/workspace/install/tiago_manipulation_tasks:/home/user/exchange/workspace/install/tiago_pro_simulation:/home/user/exchange/workspace/install/tiago_pro_robot:/home/user/exchange/workspace/install/tiago_pro_navigation:/home/user/exchange/workspace/install/tiago_pro_gazebo:/home/user/exchange/workspace/install/tiago_pro_rgbd_sensors:/home/user/exchange/workspace/install/tiago_pro_mujoco:/home/user/exchange/workspace/install/tiago_pro_moveit_config:/home/user/exchange/workspace/install/tiago_pro_laser_sensors:/home/user/exchange/workspace/install/tiago_pro_description:/home/user/exchange/workspace/install/tiago_pro_bringup:/home/user/exchange/workspace/install/tiago_pro_controller_configuration:/home/user/exchange/workspace/install/tiago_pro_2dnav:/home/user/exchange/workspace/install/pal_sea_arm_moveit_config:/home/user/exchange/workspace/install/pal_sea_arm:/home/user/exchange/workspace/install/pal_sea_arm_bringup:/home/user/exchange/workspace/install/pal_pro_gripper_simulation:/home/user/exchange/workspace/install/pal_pro_gripper_bringup:/home/user/exchange/workspace/install/pal_pro_gripper:/home/user/exchange/workspace/install/pal_gazebo_worlds:/home/user/exchange/workspace/install/pick_task:/home/user/exchange/workspace/install/pal_pro_gripper_wrapper:/opt/ros/humble PYTHONPATH=/home/user/exchange/workspace/install/pal_pro_gripper_wrapper/lib/python3.10/site-packages:/home/user/exchange/workspace/install/pick_task/lib/python3.10/site-packages:/home/user/exchange/workspace/install/tiago_pro_description/local/lib/python3.10/dist-packages:/home/user/exchange/workspace/install/pal_sea_arm_description/local/lib/python3.10/dist-packages:/home/user/exchange/workspace/install/pal_pro_gripper_description/local/lib/python3.10/dist-packages:/opt/ros/humble/lib/python3.10/site-packages:/opt/ros/humble/local/lib/python3.10/dist-packages /usr/bin/cmake --build /home/user/exchange/workspace/build/pal_sea_arm_moveit_config -- -j12 -l12
[1.392s] DEBUG:colcon.colcon_core.event_handler.log_command:Invoking command in '/home/user/exchange/workspace/build/pal_sea_arm_bringup': AMENT_PREFIX_PATH=/home/user/exchange/workspace/install/pal_pro_gripper_wrapper:/home/user/exchange/workspace/install/tiago_manipulation_tasks:/home/user/exchange/workspace/install/pick_task:/home/user/exchange/workspace/install/tiago_pro_simulation:/home/user/exchange/workspace/install/tiago_pro_robot:/home/user/exchange/workspace/install/tiago_pro_navigation:/home/user/exchange/workspace/install/tiago_pro_gazebo:/home/user/exchange/workspace/install/tiago_pro_rgbd_sensors:/home/user/exchange/workspace/install/tiago_pro_mujoco:/home/user/exchange/workspace/install/tiago_pro_moveit_config:/home/user/exchange/workspace/install/tiago_pro_laser_sensors:/home/user/exchange/workspace/install/tiago_pro_description:/home/user/exchange/workspace/install/tiago_pro_bringup:/home/user/exchange/workspace/install/tiago_pro_controller_configuration:/home/user/exchange/workspace/install/tiago_pro_2dnav:/home/user/exchange/workspace/install/pal_sea_arm_moveit_config:/home/user/exchange/workspace/install/pal_sea_arm:/home/user/exchange/workspace/install/pal_sea_arm_bringup:/home/user/exchange/workspace/install/pal_sea_arm_description:/home/user/exchange/workspace/install/pal_sea_arm_controller_configuration:/home/user/exchange/workspace/install/pal_pro_gripper_simulation:/home/user/exchange/workspace/install/pal_pro_gripper_bringup:/home/user/exchange/workspace/install/pal_pro_gripper:/home/user/exchange/workspace/install/pal_pro_gripper_controller_configuration:/home/user/exchange/workspace/install/pal_pro_gripper_description:/home/user/exchange/workspace/install/pal_gazebo_worlds:/opt/ros/humble CMAKE_PREFIX_PATH=/home/user/exchange/workspace/install/pal_sea_arm_description:/home/user/exchange/workspace/install/pal_sea_arm_controller_configuration:/home/user/exchange/workspace/install/pal_pro_gripper_controller_configuration:/home/user/exchange/workspace/install/pal_pro_gripper_description:/home/user/exchange/workspace/install/tiago_manipulation_tasks:/home/user/exchange/workspace/install/tiago_pro_simulation:/home/user/exchange/workspace/install/tiago_pro_robot:/home/user/exchange/workspace/install/tiago_pro_navigation:/home/user/exchange/workspace/install/tiago_pro_gazebo:/home/user/exchange/workspace/install/tiago_pro_rgbd_sensors:/home/user/exchange/workspace/install/tiago_pro_mujoco:/home/user/exchange/workspace/install/tiago_pro_moveit_config:/home/user/exchange/workspace/install/tiago_pro_laser_sensors:/home/user/exchange/workspace/install/tiago_pro_description:/home/user/exchange/workspace/install/tiago_pro_bringup:/home/user/exchange/workspace/install/tiago_pro_controller_configuration:/home/user/exchange/workspace/install/tiago_pro_2dnav:/home/user/exchange/workspace/install/pal_sea_arm_moveit_config:/home/user/exchange/workspace/install/pal_sea_arm:/home/user/exchange/workspace/install/pal_sea_arm_bringup:/home/user/exchange/workspace/install/pal_pro_gripper_simulation:/home/user/exchange/workspace/install/pal_pro_gripper_bringup:/home/user/exchange/workspace/install/pal_pro_gripper:/home/user/exchange/workspace/install/pal_gazebo_worlds:/home/user/exchange/workspace/install/pick_task:/home/user/exchange/workspace/install/pal_pro_gripper_wrapper:/opt/ros/humble PYTHONPATH=/home/user/exchange/workspace/install/pal_pro_gripper_wrapper/lib/python3.10/site-packages:/home/user/exchange/workspace/install/pick_task/lib/python3.10/site-packages:/home/user/exchange/workspace/install/tiago_pro_description/local/lib/python3.10/dist-packages:/home/user/exchange/workspace/install/pal_sea_arm_description/local/lib/python3.10/dist-packages:/home/user/exchange/workspace/install/pal_pro_gripper_description/local/lib/python3.10/dist-packages:/opt/ros/humble/lib/python3.10/site-packages:/opt/ros/humble/local/lib/python3.10/dist-packages /usr/bin/cmake --build /home/user/exchange/workspace/build/pal_sea_arm_bringup -- -j12 -l12
[1.418s] DEBUG:colcon.colcon_core.event_handler.log_command:Invoked command in '/home/user/exchange/workspace/build/pal_sea_arm_moveit_config' returned '0': AMENT_PREFIX_PATH=/home/user/exchange/workspace/install/pal_pro_gripper_wrapper:/home/user/exchange/workspace/install/tiago_manipulation_tasks:/home/user/exchange/workspace/install/pick_task:/home/user/exchange/workspace/install/tiago_pro_simulation:/home/user/exchange/workspace/install/tiago_pro_robot:/home/user/exchange/workspace/install/tiago_pro_navigation:/home/user/exchange/workspace/install/tiago_pro_gazebo:/home/user/exchange/workspace/install/tiago_pro_rgbd_sensors:/home/user/exchange/workspace/install/tiago_pro_mujoco:/home/user/exchange/workspace/install/tiago_pro_moveit_config:/home/user/exchange/workspace/install/tiago_pro_laser_sensors:/home/user/exchange/workspace/install/tiago_pro_description:/home/user/exchange/workspace/install/tiago_pro_bringup:/home/user/exchange/workspace/install/tiago_pro_controller_configuration:/home/user/exchange/workspace/install/tiago_pro_2dnav:/home/user/exchange/workspace/install/pal_sea_arm_moveit_config:/home/user/exchange/workspace/install/pal_sea_arm:/home/user/exchange/workspace/install/pal_sea_arm_bringup:/home/user/exchange/workspace/install/pal_sea_arm_description:/home/user/exchange/workspace/install/pal_sea_arm_controller_configuration:/home/user/exchange/workspace/install/pal_pro_gripper_simulation:/home/user/exchange/workspace/install/pal_pro_gripper_bringup:/home/user/exchange/workspace/install/pal_pro_gripper:/home/user/exchange/workspace/install/pal_pro_gripper_controller_configuration:/home/user/exchange/workspace/install/pal_pro_gripper_description:/home/user/exchange/workspace/install/pal_gazebo_worlds:/opt/ros/humble CMAKE_PREFIX_PATH=/home/user/exchange/workspace/install/pal_sea_arm_description:/home/user/exchange/workspace/install/pal_sea_arm_controller_configuration:/home/user/exchange/workspace/install/pal_pro_gripper_controller_configuration:/home/user/exchange/workspace/install/pal_pro_gripper_description:/home/user/exchange/workspace/install/tiago_manipulation_tasks:/home/user/exchange/workspace/install/tiago_pro_simulation:/home/user/exchange/workspace/install/tiago_pro_robot:/home/user/exchange/workspace/install/tiago_pro_navigation:/home/user/exchange/workspace/install/tiago_pro_gazebo:/home/user/exchange/workspace/install/tiago_pro_rgbd_sensors:/home/user/exchange/workspace/install/tiago_pro_mujoco:/home/user/exchange/workspace/install/tiago_pro_moveit_config:/home/user/exchange/workspace/install/tiago_pro_laser_sensors:/home/user/exchange/workspace/install/tiago_pro_description:/home/user/exchange/workspace/install/tiago_pro_bringup:/home/user/exchange/workspace/install/tiago_pro_controller_configuration:/home/user/exchange/workspace/install/tiago_pro_2dnav:/home/user/exchange/workspace/install/pal_sea_arm_moveit_config:/home/user/exchange/workspace/install/pal_sea_arm:/home/user/exchange/workspace/install/pal_sea_arm_bringup:/home/user/exchange/workspace/install/pal_pro_gripper_simulation:/home/user/exchange/workspace/install/pal_pro_gripper_bringup:/home/user/exchange/workspace/install/pal_pro_gripper:/home/user/exchange/workspace/install/pal_gazebo_worlds:/home/user/exchange/workspace/install/pick_task:/home/user/exchange/workspace/install/pal_pro_gripper_wrapper:/opt/ros/humble PYTHONPATH=/home/user/exchange/workspace/install/pal_pro_gripper_wrapper/lib/python3.10/site-packages:/home/user/exchange/workspace/install/pick_task/lib/python3.10/site-packages:/home/user/exchange/workspace/install/tiago_pro_description/local/lib/python3.10/dist-packages:/home/user/exchange/workspace/install/pal_sea_arm_description/local/lib/python3.10/dist-packages:/home/user/exchange/workspace/install/pal_pro_gripper_description/local/lib/python3.10/dist-packages:/opt/ros/humble/lib/python3.10/site-packages:/opt/ros/humble/local/lib/python3.10/dist-packages /usr/bin/cmake --build /home/user/exchange/workspace/build/pal_sea_arm_moveit_config -- -j12 -l12
[1.419s] DEBUG:colcon.colcon_core.event_handler.log_command:Invoking command in '/home/user/exchange/workspace/build/pal_sea_arm_moveit_config': AMENT_PREFIX_PATH=/home/user/exchange/workspace/install/pal_pro_gripper_wrapper:/home/user/exchange/workspace/install/tiago_manipulation_tasks:/home/user/exchange/workspace/install/pick_task:/home/user/exchange/workspace/install/tiago_pro_simulation:/home/user/exchange/workspace/install/tiago_pro_robot:/home/user/exchange/workspace/install/tiago_pro_navigation:/home/user/exchange/workspace/install/tiago_pro_gazebo:/home/user/exchange/workspace/install/tiago_pro_rgbd_sensors:/home/user/exchange/workspace/install/tiago_pro_mujoco:/home/user/exchange/workspace/install/tiago_pro_moveit_config:/home/user/exchange/workspace/install/tiago_pro_laser_sensors:/home/user/exchange/workspace/install/tiago_pro_description:/home/user/exchange/workspace/install/tiago_pro_bringup:/home/user/exchange/workspace/install/tiago_pro_controller_configuration:/home/user/exchange/workspace/install/tiago_pro_2dnav:/home/user/exchange/workspace/install/pal_sea_arm_moveit_config:/home/user/exchange/workspace/install/pal_sea_arm:/home/user/exchange/workspace/install/pal_sea_arm_bringup:/home/user/exchange/workspace/install/pal_sea_arm_description:/home/user/exchange/workspace/install/pal_sea_arm_controller_configuration:/home/user/exchange/workspace/install/pal_pro_gripper_simulation:/home/user/exchange/workspace/install/pal_pro_gripper_bringup:/home/user/exchange/workspace/install/pal_pro_gripper:/home/user/exchange/workspace/install/pal_pro_gripper_controller_configuration:/home/user/exchange/workspace/install/pal_pro_gripper_description:/home/user/exchange/workspace/install/pal_gazebo_worlds:/opt/ros/humble CMAKE_PREFIX_PATH=/home/user/exchange/workspace/install/pal_sea_arm_description:/home/user/exchange/workspace/install/pal_sea_arm_controller_configuration:/home/user/exchange/workspace/install/pal_pro_gripper_controller_configuration:/home/user/exchange/workspace/install/pal_pro_gripper_description:/home/user/exchange/workspace/install/tiago_manipulation_tasks:/home/user/exchange/workspace/install/tiago_pro_simulation:/home/user/exchange/workspace/install/tiago_pro_robot:/home/user/exchange/workspace/install/tiago_pro_navigation:/home/user/exchange/workspace/install/tiago_pro_gazebo:/home/user/exchange/workspace/install/tiago_pro_rgbd_sensors:/home/user/exchange/workspace/install/tiago_pro_mujoco:/home/user/exchange/workspace/install/tiago_pro_moveit_config:/home/user/exchange/workspace/install/tiago_pro_laser_sensors:/home/user/exchange/workspace/install/tiago_pro_description:/home/user/exchange/workspace/install/tiago_pro_bringup:/home/user/exchange/workspace/install/tiago_pro_controller_configuration:/home/user/exchange/workspace/install/tiago_pro_2dnav:/home/user/exchange/workspace/install/pal_sea_arm_moveit_config:/home/user/exchange/workspace/install/pal_sea_arm:/home/user/exchange/workspace/install/pal_sea_arm_bringup:/home/user/exchange/workspace/install/pal_pro_gripper_simulation:/home/user/exchange/workspace/install/pal_pro_gripper_bringup:/home/user/exchange/workspace/install/pal_pro_gripper:/home/user/exchange/workspace/install/pal_gazebo_worlds:/home/user/exchange/workspace/install/pick_task:/home/user/exchange/workspace/install/pal_pro_gripper_wrapper:/opt/ros/humble PYTHONPATH=/home/user/exchange/workspace/install/pal_pro_gripper_wrapper/lib/python3.10/site-packages:/home/user/exchange/workspace/install/pick_task/lib/python3.10/site-packages:/home/user/exchange/workspace/install/tiago_pro_description/local/lib/python3.10/dist-packages:/home/user/exchange/workspace/install/pal_sea_arm_description/local/lib/python3.10/dist-packages:/home/user/exchange/workspace/install/pal_pro_gripper_description/local/lib/python3.10/dist-packages:/opt/ros/humble/lib/python3.10/site-packages:/opt/ros/humble/local/lib/python3.10/dist-packages /usr/bin/cmake --install /home/user/exchange/workspace/build/pal_sea_arm_moveit_config
[1.426s] DEBUG:colcon.colcon_core.event_handler.log_command:Invoked command in '/home/user/exchange/workspace/build/pal_sea_arm_bringup' returned '0': AMENT_PREFIX_PATH=/home/user/exchange/workspace/install/pal_pro_gripper_wrapper:/home/user/exchange/workspace/install/tiago_manipulation_tasks:/home/user/exchange/workspace/install/pick_task:/home/user/exchange/workspace/install/tiago_pro_simulation:/home/user/exchange/workspace/install/tiago_pro_robot:/home/user/exchange/workspace/install/tiago_pro_navigation:/home/user/exchange/workspace/install/tiago_pro_gazebo:/home/user/exchange/workspace/install/tiago_pro_rgbd_sensors:/home/user/exchange/workspace/install/tiago_pro_mujoco:/home/user/exchange/workspace/install/tiago_pro_moveit_config:/home/user/exchange/workspace/install/tiago_pro_laser_sensors:/home/user/exchange/workspace/install/tiago_pro_description:/home/user/exchange/workspace/install/tiago_pro_bringup:/home/user/exchange/workspace/install/tiago_pro_controller_configuration:/home/user/exchange/workspace/install/tiago_pro_2dnav:/home/user/exchange/workspace/install/pal_sea_arm_moveit_config:/home/user/exchange/workspace/install/pal_sea_arm:/home/user/exchange/workspace/install/pal_sea_arm_bringup:/home/user/exchange/workspace/install/pal_sea_arm_description:/home/user/exchange/workspace/install/pal_sea_arm_controller_configuration:/home/user/exchange/workspace/install/pal_pro_gripper_simulation:/home/user/exchange/workspace/install/pal_pro_gripper_bringup:/home/user/exchange/workspace/install/pal_pro_gripper:/home/user/exchange/workspace/install/pal_pro_gripper_controller_configuration:/home/user/exchange/workspace/install/pal_pro_gripper_description:/home/user/exchange/workspace/install/pal_gazebo_worlds:/opt/ros/humble CMAKE_PREFIX_PATH=/home/user/exchange/workspace/install/pal_sea_arm_description:/home/user/exchange/workspace/install/pal_sea_arm_controller_configuration:/home/user/exchange/workspace/install/pal_pro_gripper_controller_configuration:/home/user/exchange/workspace/install/pal_pro_gripper_description:/home/user/exchange/workspace/install/tiago_manipulation_tasks:/home/user/exchange/workspace/install/tiago_pro_simulation:/home/user/exchange/workspace/install/tiago_pro_robot:/home/user/exchange/workspace/install/tiago_pro_navigation:/home/user/exchange/workspace/install/tiago_pro_gazebo:/home/user/exchange/workspace/install/tiago_pro_rgbd_sensors:/home/user/exchange/workspace/install/tiago_pro_mujoco:/home/user/exchange/workspace/install/tiago_pro_moveit_config:/home/user/exchange/workspace/install/tiago_pro_laser_sensors:/home/user/exchange/workspace/install/tiago_pro_description:/home/user/exchange/workspace/install/tiago_pro_bringup:/home/user/exchange/workspace/install/tiago_pro_controller_configuration:/home/user/exchange/workspace/install/tiago_pro_2dnav:/home/user/exchange/workspace/install/pal_sea_arm_moveit_config:/home/user/exchange/workspace/install/pal_sea_arm:/home/user/exchange/workspace/install/pal_sea_arm_bringup:/home/user/exchange/workspace/install/pal_pro_gripper_simulation:/home/user/exchange/workspace/install/pal_pro_gripper_bringup:/home/user/exchange/workspace/install/pal_pro_gripper:/home/user/exchange/workspace/install/pal_gazebo_worlds:/home/user/exchange/workspace/install/pick_task:/home/user/exchange/workspace/install/pal_pro_gripper_wrapper:/opt/ros/humble PYTHONPATH=/home/user/exchange/workspace/install/pal_pro_gripper_wrapper/lib/python3.10/site-packages:/home/user/exchange/workspace/install/pick_task/lib/python3.10/site-packages:/home/user/exchange/workspace/install/tiago_pro_description/local/lib/python3.10/dist-packages:/home/user/exchange/workspace/install/pal_sea_arm_description/local/lib/python3.10/dist-packages:/home/user/exchange/workspace/install/pal_pro_gripper_description/local/lib/python3.10/dist-packages:/opt/ros/humble/lib/python3.10/site-packages:/opt/ros/humble/local/lib/python3.10/dist-packages /usr/bin/cmake --build /home/user/exchange/workspace/build/pal_sea_arm_bringup -- -j12 -l12
[1.428s] DEBUG:colcon.colcon_core.event_handler.log_command:Invoking command in '/home/user/exchange/workspace/build/pal_sea_arm_bringup': AMENT_PREFIX_PATH=/home/user/exchange/workspace/install/pal_pro_gripper_wrapper:/home/user/exchange/workspace/install/tiago_manipulation_tasks:/home/user/exchange/workspace/install/pick_task:/home/user/exchange/workspace/install/tiago_pro_simulation:/home/user/exchange/workspace/install/tiago_pro_robot:/home/user/exchange/workspace/install/tiago_pro_navigation:/home/user/exchange/workspace/install/tiago_pro_gazebo:/home/user/exchange/workspace/install/tiago_pro_rgbd_sensors:/home/user/exchange/workspace/install/tiago_pro_mujoco:/home/user/exchange/workspace/install/tiago_pro_moveit_config:/home/user/exchange/workspace/install/tiago_pro_laser_sensors:/home/user/exchange/workspace/install/tiago_pro_description:/home/user/exchange/workspace/install/tiago_pro_bringup:/home/user/exchange/workspace/install/tiago_pro_controller_configuration:/home/user/exchange/workspace/install/tiago_pro_2dnav:/home/user/exchange/workspace/install/pal_sea_arm_moveit_config:/home/user/exchange/workspace/install/pal_sea_arm:/home/user/exchange/workspace/install/pal_sea_arm_bringup:/home/user/exchange/workspace/install/pal_sea_arm_description:/home/user/exchange/workspace/install/pal_sea_arm_controller_configuration:/home/user/exchange/workspace/install/pal_pro_gripper_simulation:/home/user/exchange/workspace/install/pal_pro_gripper_bringup:/home/user/exchange/workspace/install/pal_pro_gripper:/home/user/exchange/workspace/install/pal_pro_gripper_controller_configuration:/home/user/exchange/workspace/install/pal_pro_gripper_description:/home/user/exchange/workspace/install/pal_gazebo_worlds:/opt/ros/humble CMAKE_PREFIX_PATH=/home/user/exchange/workspace/install/pal_sea_arm_description:/home/user/exchange/workspace/install/pal_sea_arm_controller_configuration:/home/user/exchange/workspace/install/pal_pro_gripper_controller_configuration:/home/user/exchange/workspace/install/pal_pro_gripper_description:/home/user/exchange/workspace/install/tiago_manipulation_tasks:/home/user/exchange/workspace/install/tiago_pro_simulation:/home/user/exchange/workspace/install/tiago_pro_robot:/home/user/exchange/workspace/install/tiago_pro_navigation:/home/user/exchange/workspace/install/tiago_pro_gazebo:/home/user/exchange/workspace/install/tiago_pro_rgbd_sensors:/home/user/exchange/workspace/install/tiago_pro_mujoco:/home/user/exchange/workspace/install/tiago_pro_moveit_config:/home/user/exchange/workspace/install/tiago_pro_laser_sensors:/home/user/exchange/workspace/install/tiago_pro_description:/home/user/exchange/workspace/install/tiago_pro_bringup:/home/user/exchange/workspace/install/tiago_pro_controller_configuration:/home/user/exchange/workspace/install/tiago_pro_2dnav:/home/user/exchange/workspace/install/pal_sea_arm_moveit_config:/home/user/exchange/workspace/install/pal_sea_arm:/home/user/exchange/workspace/install/pal_sea_arm_bringup:/home/user/exchange/workspace/install/pal_pro_gripper_simulation:/home/user/exchange/workspace/install/pal_pro_gripper_bringup:/home/user/exchange/workspace/install/pal_pro_gripper:/home/user/exchange/workspace/install/pal_gazebo_worlds:/home/user/exchange/workspace/install/pick_task:/home/user/exchange/workspace/install/pal_pro_gripper_wrapper:/opt/ros/humble PYTHONPATH=/home/user/exchange/workspace/install/pal_pro_gripper_wrapper/lib/python3.10/site-packages:/home/user/exchange/workspace/install/pick_task/lib/python3.10/site-packages:/home/user/exchange/workspace/install/tiago_pro_description/local/lib/python3.10/dist-packages:/home/user/exchange/workspace/install/pal_sea_arm_description/local/lib/python3.10/dist-packages:/home/user/exchange/workspace/install/pal_pro_gripper_description/local/lib/python3.10/dist-packages:/opt/ros/humble/lib/python3.10/site-packages:/opt/ros/humble/local/lib/python3.10/dist-packages /usr/bin/cmake --install /home/user/exchange/workspace/build/pal_sea_arm_bringup
[1.434s] Level 1:colcon.colcon_core.environment:create_environment_scripts_only(pal_sea_arm_moveit_config)
[1.435s] Level 1:colcon.colcon_core.environment:checking '/home/user/exchange/workspace/install/pal_sea_arm_moveit_config' for CMake module files
[1.435s] DEBUG:colcon.colcon_core.event_handler.log_command:Invoked command in '/home/user/exchange/workspace/build/pal_sea_arm_moveit_config' returned '0': AMENT_PREFIX_PATH=/home/user/exchange/workspace/install/pal_pro_gripper_wrapper:/home/user/exchange/workspace/install/tiago_manipulation_tasks:/home/user/exchange/workspace/install/pick_task:/home/user/exchange/workspace/install/tiago_pro_simulation:/home/user/exchange/workspace/install/tiago_pro_robot:/home/user/exchange/workspace/install/tiago_pro_navigation:/home/user/exchange/workspace/install/tiago_pro_gazebo:/home/user/exchange/workspace/install/tiago_pro_rgbd_sensors:/home/user/exchange/workspace/install/tiago_pro_mujoco:/home/user/exchange/workspace/install/tiago_pro_moveit_config:/home/user/exchange/workspace/install/tiago_pro_laser_sensors:/home/user/exchange/workspace/install/tiago_pro_description:/home/user/exchange/workspace/install/tiago_pro_bringup:/home/user/exchange/workspace/install/tiago_pro_controller_configuration:/home/user/exchange/workspace/install/tiago_pro_2dnav:/home/user/exchange/workspace/install/pal_sea_arm_moveit_config:/home/user/exchange/workspace/install/pal_sea_arm:/home/user/exchange/workspace/install/pal_sea_arm_bringup:/home/user/exchange/workspace/install/pal_sea_arm_description:/home/user/exchange/workspace/install/pal_sea_arm_controller_configuration:/home/user/exchange/workspace/install/pal_pro_gripper_simulation:/home/user/exchange/workspace/install/pal_pro_gripper_bringup:/home/user/exchange/workspace/install/pal_pro_gripper:/home/user/exchange/workspace/install/pal_pro_gripper_controller_configuration:/home/user/exchange/workspace/install/pal_pro_gripper_description:/home/user/exchange/workspace/install/pal_gazebo_worlds:/opt/ros/humble CMAKE_PREFIX_PATH=/home/user/exchange/workspace/install/pal_sea_arm_description:/home/user/exchange/workspace/install/pal_sea_arm_controller_configuration:/home/user/exchange/workspace/install/pal_pro_gripper_controller_configuration:/home/user/exchange/workspace/install/pal_pro_gripper_description:/home/user/exchange/workspace/install/tiago_manipulation_tasks:/home/user/exchange/workspace/install/tiago_pro_simulation:/home/user/exchange/workspace/install/tiago_pro_robot:/home/user/exchange/workspace/install/tiago_pro_navigation:/home/user/exchange/workspace/install/tiago_pro_gazebo:/home/user/exchange/workspace/install/tiago_pro_rgbd_sensors:/home/user/exchange/workspace/install/tiago_pro_mujoco:/home/user/exchange/workspace/install/tiago_pro_moveit_config:/home/user/exchange/workspace/install/tiago_pro_laser_sensors:/home/user/exchange/workspace/install/tiago_pro_description:/home/user/exchange/workspace/install/tiago_pro_bringup:/home/user/exchange/workspace/install/tiago_pro_controller_configuration:/home/user/exchange/workspace/install/tiago_pro_2dnav:/home/user/exchange/workspace/install/pal_sea_arm_moveit_config:/home/user/exchange/workspace/install/pal_sea_arm:/home/user/exchange/workspace/install/pal_sea_arm_bringup:/home/user/exchange/workspace/install/pal_pro_gripper_simulation:/home/user/exchange/workspace/install/pal_pro_gripper_bringup:/home/user/exchange/workspace/install/pal_pro_gripper:/home/user/exchange/workspace/install/pal_gazebo_worlds:/home/user/exchange/workspace/install/pick_task:/home/user/exchange/workspace/install/pal_pro_gripper_wrapper:/opt/ros/humble PYTHONPATH=/home/user/exchange/workspace/install/pal_pro_gripper_wrapper/lib/python3.10/site-packages:/home/user/exchange/workspace/install/pick_task/lib/python3.10/site-packages:/home/user/exchange/workspace/install/tiago_pro_description/local/lib/python3.10/dist-packages:/home/user/exchange/workspace/install/pal_sea_arm_description/local/lib/python3.10/dist-packages:/home/user/exchange/workspace/install/pal_pro_gripper_description/local/lib/python3.10/dist-packages:/opt/ros/humble/lib/python3.10/site-packages:/opt/ros/humble/local/lib/python3.10/dist-packages /usr/bin/cmake --install /home/user/exchange/workspace/build/pal_sea_arm_moveit_config
[1.436s] Level 1:colcon.colcon_core.environment:checking '/home/user/exchange/workspace/install/pal_sea_arm_moveit_config' for CMake config files
[1.436s] Level 1:colcon.colcon_core.shell:create_environment_hook('pal_sea_arm_moveit_config', 'cmake_prefix_path')
[1.436s] INFO:colcon.colcon_core.shell:Creating environment hook '/home/user/exchange/workspace/install/pal_sea_arm_moveit_config/share/pal_sea_arm_moveit_config/hook/cmake_prefix_path.ps1'
[1.438s] INFO:colcon.colcon_core.shell:Creating environment descriptor '/home/user/exchange/workspace/install/pal_sea_arm_moveit_config/share/pal_sea_arm_moveit_config/hook/cmake_prefix_path.dsv'
[1.438s] INFO:colcon.colcon_core.shell:Creating environment hook '/home/user/exchange/workspace/install/pal_sea_arm_moveit_config/share/pal_sea_arm_moveit_config/hook/cmake_prefix_path.sh'
[1.439s] Level 1:colcon.colcon_core.environment:checking '/home/user/exchange/workspace/install/pal_sea_arm_moveit_config/bin'
[1.439s] Level 1:colcon.colcon_core.environment:checking '/home/user/exchange/workspace/install/pal_sea_arm_moveit_config/lib/pkgconfig/pal_sea_arm_moveit_config.pc'
[1.439s] Level 1:colcon.colcon_core.environment:checking '/home/user/exchange/workspace/install/pal_sea_arm_moveit_config/lib/python3.10/site-packages'
[1.440s] Level 1:colcon.colcon_core.environment:checking '/home/user/exchange/workspace/install/pal_sea_arm_moveit_config/bin'
[1.440s] INFO:colcon.colcon_core.shell:Creating package script '/home/user/exchange/workspace/install/pal_sea_arm_moveit_config/share/pal_sea_arm_moveit_config/package.ps1'
[1.440s] INFO:colcon.colcon_core.shell:Creating package descriptor '/home/user/exchange/workspace/install/pal_sea_arm_moveit_config/share/pal_sea_arm_moveit_config/package.dsv'
[1.441s] INFO:colcon.colcon_core.shell:Creating package script '/home/user/exchange/workspace/install/pal_sea_arm_moveit_config/share/pal_sea_arm_moveit_config/package.sh'
[1.441s] INFO:colcon.colcon_core.shell:Creating package script '/home/user/exchange/workspace/install/pal_sea_arm_moveit_config/share/pal_sea_arm_moveit_config/package.bash'
[1.442s] INFO:colcon.colcon_core.shell:Creating package script '/home/user/exchange/workspace/install/pal_sea_arm_moveit_config/share/pal_sea_arm_moveit_config/package.zsh'
[1.442s] Level 1:colcon.colcon_core.environment:create_file_with_runtime_dependencies(/home/user/exchange/workspace/install/pal_sea_arm_moveit_config/share/colcon-core/packages/pal_sea_arm_moveit_config)
[1.443s] Level 1:colcon.colcon_core.environment:create_environment_scripts_only(pal_sea_arm_moveit_config)
[1.443s] Level 1:colcon.colcon_core.environment:checking '/home/user/exchange/workspace/install/pal_sea_arm_moveit_config' for CMake module files
[1.443s] Level 1:colcon.colcon_core.environment:checking '/home/user/exchange/workspace/install/pal_sea_arm_moveit_config' for CMake config files
[1.444s] Level 1:colcon.colcon_core.shell:create_environment_hook('pal_sea_arm_moveit_config', 'cmake_prefix_path')
[1.444s] INFO:colcon.colcon_core.shell:Creating environment hook '/home/user/exchange/workspace/install/pal_sea_arm_moveit_config/share/pal_sea_arm_moveit_config/hook/cmake_prefix_path.ps1'
[1.444s] INFO:colcon.colcon_core.shell:Creating environment descriptor '/home/user/exchange/workspace/install/pal_sea_arm_moveit_config/share/pal_sea_arm_moveit_config/hook/cmake_prefix_path.dsv'
[1.445s] INFO:colcon.colcon_core.shell:Creating environment hook '/home/user/exchange/workspace/install/pal_sea_arm_moveit_config/share/pal_sea_arm_moveit_config/hook/cmake_prefix_path.sh'
[1.445s] Level 1:colcon.colcon_core.environment:checking '/home/user/exchange/workspace/install/pal_sea_arm_moveit_config/bin'
[1.445s] Level 1:colcon.colcon_core.environment:checking '/home/user/exchange/workspace/install/pal_sea_arm_moveit_config/lib/pkgconfig/pal_sea_arm_moveit_config.pc'
[1.445s] Level 1:colcon.colcon_core.environment:checking '/home/user/exchange/workspace/install/pal_sea_arm_moveit_config/lib/python3.10/site-packages'
[1.446s] Level 1:colcon.colcon_core.environment:checking '/home/user/exchange/workspace/install/pal_sea_arm_moveit_config/bin'
[1.446s] INFO:colcon.colcon_core.shell:Creating package script '/home/user/exchange/workspace/install/pal_sea_arm_moveit_config/share/pal_sea_arm_moveit_config/package.ps1'
[1.447s] INFO:colcon.colcon_core.shell:Creating package descriptor '/home/user/exchange/workspace/install/pal_sea_arm_moveit_config/share/pal_sea_arm_moveit_config/package.dsv'
[1.447s] INFO:colcon.colcon_core.shell:Creating package script '/home/user/exchange/workspace/install/pal_sea_arm_moveit_config/share/pal_sea_arm_moveit_config/package.sh'
[1.448s] INFO:colcon.colcon_core.shell:Creating package script '/home/user/exchange/workspace/install/pal_sea_arm_moveit_config/share/pal_sea_arm_moveit_config/package.bash'
[1.448s] INFO:colcon.colcon_core.shell:Creating package script '/home/user/exchange/workspace/install/pal_sea_arm_moveit_config/share/pal_sea_arm_moveit_config/package.zsh'
[1.448s] Level 1:colcon.colcon_core.environment:create_file_with_runtime_dependencies(/home/user/exchange/workspace/install/pal_sea_arm_moveit_config/share/colcon-core/packages/pal_sea_arm_moveit_config)
[1.449s] Level 1:colcon.colcon_core.environment:create_environment_scripts_only(pal_sea_arm_bringup)
[1.449s] Level 1:colcon.colcon_core.environment:checking '/home/user/exchange/workspace/install/pal_sea_arm_bringup' for CMake module files
[1.450s] DEBUG:colcon.colcon_core.event_handler.log_command:Invoked command in '/home/user/exchange/workspace/build/pal_sea_arm_bringup' returned '0': AMENT_PREFIX_PATH=/home/user/exchange/workspace/install/pal_pro_gripper_wrapper:/home/user/exchange/workspace/install/tiago_manipulation_tasks:/home/user/exchange/workspace/install/pick_task:/home/user/exchange/workspace/install/tiago_pro_simulation:/home/user/exchange/workspace/install/tiago_pro_robot:/home/user/exchange/workspace/install/tiago_pro_navigation:/home/user/exchange/workspace/install/tiago_pro_gazebo:/home/user/exchange/workspace/install/tiago_pro_rgbd_sensors:/home/user/exchange/workspace/install/tiago_pro_mujoco:/home/user/exchange/workspace/install/tiago_pro_moveit_config:/home/user/exchange/workspace/install/tiago_pro_laser_sensors:/home/user/exchange/workspace/install/tiago_pro_description:/home/user/exchange/workspace/install/tiago_pro_bringup:/home/user/exchange/workspace/install/tiago_pro_controller_configuration:/home/user/exchange/workspace/install/tiago_pro_2dnav:/home/user/exchange/workspace/install/pal_sea_arm_moveit_config:/home/user/exchange/workspace/install/pal_sea_arm:/home/user/exchange/workspace/install/pal_sea_arm_bringup:/home/user/exchange/workspace/install/pal_sea_arm_description:/home/user/exchange/workspace/install/pal_sea_arm_controller_configuration:/home/user/exchange/workspace/install/pal_pro_gripper_simulation:/home/user/exchange/workspace/install/pal_pro_gripper_bringup:/home/user/exchange/workspace/install/pal_pro_gripper:/home/user/exchange/workspace/install/pal_pro_gripper_controller_configuration:/home/user/exchange/workspace/install/pal_pro_gripper_description:/home/user/exchange/workspace/install/pal_gazebo_worlds:/opt/ros/humble CMAKE_PREFIX_PATH=/home/user/exchange/workspace/install/pal_sea_arm_description:/home/user/exchange/workspace/install/pal_sea_arm_controller_configuration:/home/user/exchange/workspace/install/pal_pro_gripper_controller_configuration:/home/user/exchange/workspace/install/pal_pro_gripper_description:/home/user/exchange/workspace/install/tiago_manipulation_tasks:/home/user/exchange/workspace/install/tiago_pro_simulation:/home/user/exchange/workspace/install/tiago_pro_robot:/home/user/exchange/workspace/install/tiago_pro_navigation:/home/user/exchange/workspace/install/tiago_pro_gazebo:/home/user/exchange/workspace/install/tiago_pro_rgbd_sensors:/home/user/exchange/workspace/install/tiago_pro_mujoco:/home/user/exchange/workspace/install/tiago_pro_moveit_config:/home/user/exchange/workspace/install/tiago_pro_laser_sensors:/home/user/exchange/workspace/install/tiago_pro_description:/home/user/exchange/workspace/install/tiago_pro_bringup:/home/user/exchange/workspace/install/tiago_pro_controller_configuration:/home/user/exchange/workspace/install/tiago_pro_2dnav:/home/user/exchange/workspace/install/pal_sea_arm_moveit_config:/home/user/exchange/workspace/install/pal_sea_arm:/home/user/exchange/workspace/install/pal_sea_arm_bringup:/home/user/exchange/workspace/install/pal_pro_gripper_simulation:/home/user/exchange/workspace/install/pal_pro_gripper_bringup:/home/user/exchange/workspace/install/pal_pro_gripper:/home/user/exchange/workspace/install/pal_gazebo_worlds:/home/user/exchange/workspace/install/pick_task:/home/user/exchange/workspace/install/pal_pro_gripper_wrapper:/opt/ros/humble PYTHONPATH=/home/user/exchange/workspace/install/pal_pro_gripper_wrapper/lib/python3.10/site-packages:/home/user/exchange/workspace/install/pick_task/lib/python3.10/site-packages:/home/user/exchange/workspace/install/tiago_pro_description/local/lib/python3.10/dist-packages:/home/user/exchange/workspace/install/pal_sea_arm_description/local/lib/python3.10/dist-packages:/home/user/exchange/workspace/install/pal_pro_gripper_description/local/lib/python3.10/dist-packages:/opt/ros/humble/lib/python3.10/site-packages:/opt/ros/humble/local/lib/python3.10/dist-packages /usr/bin/cmake --install /home/user/exchange/workspace/build/pal_sea_arm_bringup
[1.450s] Level 1:colcon.colcon_core.environment:checking '/home/user/exchange/workspace/install/pal_sea_arm_bringup' for CMake config files
[1.451s] Level 1:colcon.colcon_core.shell:create_environment_hook('pal_sea_arm_bringup', 'cmake_prefix_path')
[1.451s] INFO:colcon.colcon_core.shell:Creating environment hook '/home/user/exchange/workspace/install/pal_sea_arm_bringup/share/pal_sea_arm_bringup/hook/cmake_prefix_path.ps1'
[1.451s] INFO:colcon.colcon_core.shell:Creating environment descriptor '/home/user/exchange/workspace/install/pal_sea_arm_bringup/share/pal_sea_arm_bringup/hook/cmake_prefix_path.dsv'
[1.451s] INFO:colcon.colcon_core.shell:Creating environment hook '/home/user/exchange/workspace/install/pal_sea_arm_bringup/share/pal_sea_arm_bringup/hook/cmake_prefix_path.sh'
[1.452s] Level 1:colcon.colcon_core.environment:checking '/home/user/exchange/workspace/install/pal_sea_arm_bringup/lib'
[1.452s] Level 1:colcon.colcon_core.environment:checking '/home/user/exchange/workspace/install/pal_sea_arm_bringup/bin'
[1.452s] Level 1:colcon.colcon_core.environment:checking '/home/user/exchange/workspace/install/pal_sea_arm_bringup/lib/pkgconfig/pal_sea_arm_bringup.pc'
[1.452s] Level 1:colcon.colcon_core.environment:checking '/home/user/exchange/workspace/install/pal_sea_arm_bringup/lib/python3.10/site-packages'
[1.453s] Level 1:colcon.colcon_core.environment:checking '/home/user/exchange/workspace/install/pal_sea_arm_bringup/bin'
[1.453s] INFO:colcon.colcon_core.shell:Creating package script '/home/user/exchange/workspace/install/pal_sea_arm_bringup/share/pal_sea_arm_bringup/package.ps1'
[1.453s] INFO:colcon.colcon_core.shell:Creating package descriptor '/home/user/exchange/workspace/install/pal_sea_arm_bringup/share/pal_sea_arm_bringup/package.dsv'
[1.454s] INFO:colcon.colcon_core.shell:Creating package script '/home/user/exchange/workspace/install/pal_sea_arm_bringup/share/pal_sea_arm_bringup/package.sh'
[1.454s] INFO:colcon.colcon_core.shell:Creating package script '/home/user/exchange/workspace/install/pal_sea_arm_bringup/share/pal_sea_arm_bringup/package.bash'
[1.454s] INFO:colcon.colcon_core.shell:Creating package script '/home/user/exchange/workspace/install/pal_sea_arm_bringup/share/pal_sea_arm_bringup/package.zsh'
[1.455s] Level 1:colcon.colcon_core.environment:create_file_with_runtime_dependencies(/home/user/exchange/workspace/install/pal_sea_arm_bringup/share/colcon-core/packages/pal_sea_arm_bringup)
[1.455s] Level 1:colcon.colcon_core.environment:create_environment_scripts_only(pal_sea_arm_bringup)
[1.455s] Level 1:colcon.colcon_core.environment:checking '/home/user/exchange/workspace/install/pal_sea_arm_bringup' for CMake module files
[1.455s] Level 1:colcon.colcon_core.environment:checking '/home/user/exchange/workspace/install/pal_sea_arm_bringup' for CMake config files
[1.456s] Level 1:colcon.colcon_core.shell:create_environment_hook('pal_sea_arm_bringup', 'cmake_prefix_path')
[1.456s] INFO:colcon.colcon_core.shell:Creating environment hook '/home/user/exchange/workspace/install/pal_sea_arm_bringup/share/pal_sea_arm_bringup/hook/cmake_prefix_path.ps1'
[1.456s] INFO:colcon.colcon_core.shell:Creating environment descriptor '/home/user/exchange/workspace/install/pal_sea_arm_bringup/share/pal_sea_arm_bringup/hook/cmake_prefix_path.dsv'
[1.456s] INFO:colcon.colcon_core.shell:Creating environment hook '/home/user/exchange/workspace/install/pal_sea_arm_bringup/share/pal_sea_arm_bringup/hook/cmake_prefix_path.sh'
[1.457s] Level 1:colcon.colcon_core.environment:checking '/home/user/exchange/workspace/install/pal_sea_arm_bringup/lib'
[1.457s] Level 1:colcon.colcon_core.environment:checking '/home/user/exchange/workspace/install/pal_sea_arm_bringup/bin'
[1.457s] Level 1:colcon.colcon_core.environment:checking '/home/user/exchange/workspace/install/pal_sea_arm_bringup/lib/pkgconfig/pal_sea_arm_bringup.pc'
[1.457s] Level 1:colcon.colcon_core.environment:checking '/home/user/exchange/workspace/install/pal_sea_arm_bringup/lib/python3.10/site-packages'
[1.457s] Level 1:colcon.colcon_core.environment:checking '/home/user/exchange/workspace/install/pal_sea_arm_bringup/bin'
[1.458s] INFO:colcon.colcon_core.shell:Creating package script '/home/user/exchange/workspace/install/pal_sea_arm_bringup/share/pal_sea_arm_bringup/package.ps1'
[1.458s] INFO:colcon.colcon_core.shell:Creating package descriptor '/home/user/exchange/workspace/install/pal_sea_arm_bringup/share/pal_sea_arm_bringup/package.dsv'
[1.458s] INFO:colcon.colcon_core.shell:Creating package script '/home/user/exchange/workspace/install/pal_sea_arm_bringup/share/pal_sea_arm_bringup/package.sh'
[1.459s] INFO:colcon.colcon_core.shell:Creating package script '/home/user/exchange/workspace/install/pal_sea_arm_bringup/share/pal_sea_arm_bringup/package.bash'
[1.459s] INFO:colcon.colcon_core.shell:Creating package script '/home/user/exchange/workspace/install/pal_sea_arm_bringup/share/pal_sea_arm_bringup/package.zsh'
[1.459s] Level 1:colcon.colcon_core.environment:create_file_with_runtime_dependencies(/home/user/exchange/workspace/install/pal_sea_arm_bringup/share/colcon-core/packages/pal_sea_arm_bringup)
[1.460s] INFO:colcon.colcon_ros.task.ament_cmake.build:Building ROS package in '/home/user/exchange/workspace/src/pal_sea_arm/pal_sea_arm' with build type 'ament_cmake'
[1.460s] INFO:colcon.colcon_cmake.task.cmake.build:Building CMake package in '/home/user/exchange/workspace/src/pal_sea_arm/pal_sea_arm'
[1.460s] INFO:colcon.colcon_core.shell:Skip shell extension 'powershell' for command environment: Not usable outside of PowerShell
[1.460s] DEBUG:colcon.colcon_core.shell:Skip shell extension 'dsv' for command environment
[1.473s] DEBUG:colcon.colcon_core.event_handler.log_command:Invoking command in '/home/user/exchange/workspace/build/pal_sea_arm': AMENT_PREFIX_PATH=/home/user/exchange/workspace/install/pal_pro_gripper_wrapper:/home/user/exchange/workspace/install/tiago_manipulation_tasks:/home/user/exchange/workspace/install/pick_task:/home/user/exchange/workspace/install/tiago_pro_simulation:/home/user/exchange/workspace/install/tiago_pro_robot:/home/user/exchange/workspace/install/tiago_pro_navigation:/home/user/exchange/workspace/install/tiago_pro_gazebo:/home/user/exchange/workspace/install/tiago_pro_rgbd_sensors:/home/user/exchange/workspace/install/tiago_pro_mujoco:/home/user/exchange/workspace/install/tiago_pro_moveit_config:/home/user/exchange/workspace/install/tiago_pro_laser_sensors:/home/user/exchange/workspace/install/tiago_pro_description:/home/user/exchange/workspace/install/tiago_pro_bringup:/home/user/exchange/workspace/install/tiago_pro_controller_configuration:/home/user/exchange/workspace/install/tiago_pro_2dnav:/home/user/exchange/workspace/install/pal_sea_arm_moveit_config:/home/user/exchange/workspace/install/pal_sea_arm:/home/user/exchange/workspace/install/pal_sea_arm_bringup:/home/user/exchange/workspace/install/pal_sea_arm_description:/home/user/exchange/workspace/install/pal_sea_arm_controller_configuration:/home/user/exchange/workspace/install/pal_pro_gripper_simulation:/home/user/exchange/workspace/install/pal_pro_gripper_bringup:/home/user/exchange/workspace/install/pal_pro_gripper:/home/user/exchange/workspace/install/pal_pro_gripper_controller_configuration:/home/user/exchange/workspace/install/pal_pro_gripper_description:/home/user/exchange/workspace/install/pal_gazebo_worlds:/opt/ros/humble CMAKE_PREFIX_PATH=/home/user/exchange/workspace/install/pal_sea_arm_bringup:/home/user/exchange/workspace/install/pal_sea_arm_description:/home/user/exchange/workspace/install/pal_sea_arm_controller_configuration:/home/user/exchange/workspace/install/pal_pro_gripper_controller_configuration:/home/user/exchange/workspace/install/pal_pro_gripper_description:/home/user/exchange/workspace/install/tiago_manipulation_tasks:/home/user/exchange/workspace/install/tiago_pro_simulation:/home/user/exchange/workspace/install/tiago_pro_robot:/home/user/exchange/workspace/install/tiago_pro_navigation:/home/user/exchange/workspace/install/tiago_pro_gazebo:/home/user/exchange/workspace/install/tiago_pro_rgbd_sensors:/home/user/exchange/workspace/install/tiago_pro_mujoco:/home/user/exchange/workspace/install/tiago_pro_moveit_config:/home/user/exchange/workspace/install/tiago_pro_laser_sensors:/home/user/exchange/workspace/install/tiago_pro_description:/home/user/exchange/workspace/install/tiago_pro_bringup:/home/user/exchange/workspace/install/tiago_pro_controller_configuration:/home/user/exchange/workspace/install/tiago_pro_2dnav:/home/user/exchange/workspace/install/pal_sea_arm_moveit_config:/home/user/exchange/workspace/install/pal_sea_arm:/home/user/exchange/workspace/install/pal_pro_gripper_simulation:/home/user/exchange/workspace/install/pal_pro_gripper_bringup:/home/user/exchange/workspace/install/pal_pro_gripper:/home/user/exchange/workspace/install/pal_gazebo_worlds:/home/user/exchange/workspace/install/pick_task:/home/user/exchange/workspace/install/pal_pro_gripper_wrapper:/opt/ros/humble PYTHONPATH=/home/user/exchange/workspace/install/pal_pro_gripper_wrapper/lib/python3.10/site-packages:/home/user/exchange/workspace/install/pick_task/lib/python3.10/site-packages:/home/user/exchange/workspace/install/tiago_pro_description/local/lib/python3.10/dist-packages:/home/user/exchange/workspace/install/pal_sea_arm_description/local/lib/python3.10/dist-packages:/home/user/exchange/workspace/install/pal_pro_gripper_description/local/lib/python3.10/dist-packages:/opt/ros/humble/lib/python3.10/site-packages:/opt/ros/humble/local/lib/python3.10/dist-packages /usr/bin/cmake --build /home/user/exchange/workspace/build/pal_sea_arm -- -j12 -l12
[1.502s] DEBUG:colcon.colcon_core.event_handler.log_command:Invoked command in '/home/user/exchange/workspace/build/pal_sea_arm' returned '0': AMENT_PREFIX_PATH=/home/user/exchange/workspace/install/pal_pro_gripper_wrapper:/home/user/exchange/workspace/install/tiago_manipulation_tasks:/home/user/exchange/workspace/install/pick_task:/home/user/exchange/workspace/install/tiago_pro_simulation:/home/user/exchange/workspace/install/tiago_pro_robot:/home/user/exchange/workspace/install/tiago_pro_navigation:/home/user/exchange/workspace/install/tiago_pro_gazebo:/home/user/exchange/workspace/install/tiago_pro_rgbd_sensors:/home/user/exchange/workspace/install/tiago_pro_mujoco:/home/user/exchange/workspace/install/tiago_pro_moveit_config:/home/user/exchange/workspace/install/tiago_pro_laser_sensors:/home/user/exchange/workspace/install/tiago_pro_description:/home/user/exchange/workspace/install/tiago_pro_bringup:/home/user/exchange/workspace/install/tiago_pro_controller_configuration:/home/user/exchange/workspace/install/tiago_pro_2dnav:/home/user/exchange/workspace/install/pal_sea_arm_moveit_config:/home/user/exchange/workspace/install/pal_sea_arm:/home/user/exchange/workspace/install/pal_sea_arm_bringup:/home/user/exchange/workspace/install/pal_sea_arm_description:/home/user/exchange/workspace/install/pal_sea_arm_controller_configuration:/home/user/exchange/workspace/install/pal_pro_gripper_simulation:/home/user/exchange/workspace/install/pal_pro_gripper_bringup:/home/user/exchange/workspace/install/pal_pro_gripper:/home/user/exchange/workspace/install/pal_pro_gripper_controller_configuration:/home/user/exchange/workspace/install/pal_pro_gripper_description:/home/user/exchange/workspace/install/pal_gazebo_worlds:/opt/ros/humble CMAKE_PREFIX_PATH=/home/user/exchange/workspace/install/pal_sea_arm_bringup:/home/user/exchange/workspace/install/pal_sea_arm_description:/home/user/exchange/workspace/install/pal_sea_arm_controller_configuration:/home/user/exchange/workspace/install/pal_pro_gripper_controller_configuration:/home/user/exchange/workspace/install/pal_pro_gripper_description:/home/user/exchange/workspace/install/tiago_manipulation_tasks:/home/user/exchange/workspace/install/tiago_pro_simulation:/home/user/exchange/workspace/install/tiago_pro_robot:/home/user/exchange/workspace/install/tiago_pro_navigation:/home/user/exchange/workspace/install/tiago_pro_gazebo:/home/user/exchange/workspace/install/tiago_pro_rgbd_sensors:/home/user/exchange/workspace/install/tiago_pro_mujoco:/home/user/exchange/workspace/install/tiago_pro_moveit_config:/home/user/exchange/workspace/install/tiago_pro_laser_sensors:/home/user/exchange/workspace/install/tiago_pro_description:/home/user/exchange/workspace/install/tiago_pro_bringup:/home/user/exchange/workspace/install/tiago_pro_controller_configuration:/home/user/exchange/workspace/install/tiago_pro_2dnav:/home/user/exchange/workspace/install/pal_sea_arm_moveit_config:/home/user/exchange/workspace/install/pal_sea_arm:/home/user/exchange/workspace/install/pal_pro_gripper_simulation:/home/user/exchange/workspace/install/pal_pro_gripper_bringup:/home/user/exchange/workspace/install/pal_pro_gripper:/home/user/exchange/workspace/install/pal_gazebo_worlds:/home/user/exchange/workspace/install/pick_task:/home/user/exchange/workspace/install/pal_pro_gripper_wrapper:/opt/ros/humble PYTHONPATH=/home/user/exchange/workspace/install/pal_pro_gripper_wrapper/lib/python3.10/site-packages:/home/user/exchange/workspace/install/pick_task/lib/python3.10/site-packages:/home/user/exchange/workspace/install/tiago_pro_description/local/lib/python3.10/dist-packages:/home/user/exchange/workspace/install/pal_sea_arm_description/local/lib/python3.10/dist-packages:/home/user/exchange/workspace/install/pal_pro_gripper_description/local/lib/python3.10/dist-packages:/opt/ros/humble/lib/python3.10/site-packages:/opt/ros/humble/local/lib/python3.10/dist-packages /usr/bin/cmake --build /home/user/exchange/workspace/build/pal_sea_arm -- -j12 -l12
[1.503s] DEBUG:colcon.colcon_core.event_handler.log_command:Invoking command in '/home/user/exchange/workspace/build/pal_sea_arm': AMENT_PREFIX_PATH=/home/user/exchange/workspace/install/pal_pro_gripper_wrapper:/home/user/exchange/workspace/install/tiago_manipulation_tasks:/home/user/exchange/workspace/install/pick_task:/home/user/exchange/workspace/install/tiago_pro_simulation:/home/user/exchange/workspace/install/tiago_pro_robot:/home/user/exchange/workspace/install/tiago_pro_navigation:/home/user/exchange/workspace/install/tiago_pro_gazebo:/home/user/exchange/workspace/install/tiago_pro_rgbd_sensors:/home/user/exchange/workspace/install/tiago_pro_mujoco:/home/user/exchange/workspace/install/tiago_pro_moveit_config:/home/user/exchange/workspace/install/tiago_pro_laser_sensors:/home/user/exchange/workspace/install/tiago_pro_description:/home/user/exchange/workspace/install/tiago_pro_bringup:/home/user/exchange/workspace/install/tiago_pro_controller_configuration:/home/user/exchange/workspace/install/tiago_pro_2dnav:/home/user/exchange/workspace/install/pal_sea_arm_moveit_config:/home/user/exchange/workspace/install/pal_sea_arm:/home/user/exchange/workspace/install/pal_sea_arm_bringup:/home/user/exchange/workspace/install/pal_sea_arm_description:/home/user/exchange/workspace/install/pal_sea_arm_controller_configuration:/home/user/exchange/workspace/install/pal_pro_gripper_simulation:/home/user/exchange/workspace/install/pal_pro_gripper_bringup:/home/user/exchange/workspace/install/pal_pro_gripper:/home/user/exchange/workspace/install/pal_pro_gripper_controller_configuration:/home/user/exchange/workspace/install/pal_pro_gripper_description:/home/user/exchange/workspace/install/pal_gazebo_worlds:/opt/ros/humble CMAKE_PREFIX_PATH=/home/user/exchange/workspace/install/pal_sea_arm_bringup:/home/user/exchange/workspace/install/pal_sea_arm_description:/home/user/exchange/workspace/install/pal_sea_arm_controller_configuration:/home/user/exchange/workspace/install/pal_pro_gripper_controller_configuration:/home/user/exchange/workspace/install/pal_pro_gripper_description:/home/user/exchange/workspace/install/tiago_manipulation_tasks:/home/user/exchange/workspace/install/tiago_pro_simulation:/home/user/exchange/workspace/install/tiago_pro_robot:/home/user/exchange/workspace/install/tiago_pro_navigation:/home/user/exchange/workspace/install/tiago_pro_gazebo:/home/user/exchange/workspace/install/tiago_pro_rgbd_sensors:/home/user/exchange/workspace/install/tiago_pro_mujoco:/home/user/exchange/workspace/install/tiago_pro_moveit_config:/home/user/exchange/workspace/install/tiago_pro_laser_sensors:/home/user/exchange/workspace/install/tiago_pro_description:/home/user/exchange/workspace/install/tiago_pro_bringup:/home/user/exchange/workspace/install/tiago_pro_controller_configuration:/home/user/exchange/workspace/install/tiago_pro_2dnav:/home/user/exchange/workspace/install/pal_sea_arm_moveit_config:/home/user/exchange/workspace/install/pal_sea_arm:/home/user/exchange/workspace/install/pal_pro_gripper_simulation:/home/user/exchange/workspace/install/pal_pro_gripper_bringup:/home/user/exchange/workspace/install/pal_pro_gripper:/home/user/exchange/workspace/install/pal_gazebo_worlds:/home/user/exchange/workspace/install/pick_task:/home/user/exchange/workspace/install/pal_pro_gripper_wrapper:/opt/ros/humble PYTHONPATH=/home/user/exchange/workspace/install/pal_pro_gripper_wrapper/lib/python3.10/site-packages:/home/user/exchange/workspace/install/pick_task/lib/python3.10/site-packages:/home/user/exchange/workspace/install/tiago_pro_description/local/lib/python3.10/dist-packages:/home/user/exchange/workspace/install/pal_sea_arm_description/local/lib/python3.10/dist-packages:/home/user/exchange/workspace/install/pal_pro_gripper_description/local/lib/python3.10/dist-packages:/opt/ros/humble/lib/python3.10/site-packages:/opt/ros/humble/local/lib/python3.10/dist-packages /usr/bin/cmake --install /home/user/exchange/workspace/build/pal_sea_arm
[1.509s] Level 1:colcon.colcon_core.environment:create_environment_scripts_only(pal_sea_arm)
[1.510s] Level 1:colcon.colcon_core.environment:checking '/home/user/exchange/workspace/install/pal_sea_arm' for CMake module files
[1.510s] DEBUG:colcon.colcon_core.event_handler.log_command:Invoked command in '/home/user/exchange/workspace/build/pal_sea_arm' returned '0': AMENT_PREFIX_PATH=/home/user/exchange/workspace/install/pal_pro_gripper_wrapper:/home/user/exchange/workspace/install/tiago_manipulation_tasks:/home/user/exchange/workspace/install/pick_task:/home/user/exchange/workspace/install/tiago_pro_simulation:/home/user/exchange/workspace/install/tiago_pro_robot:/home/user/exchange/workspace/install/tiago_pro_navigation:/home/user/exchange/workspace/install/tiago_pro_gazebo:/home/user/exchange/workspace/install/tiago_pro_rgbd_sensors:/home/user/exchange/workspace/install/tiago_pro_mujoco:/home/user/exchange/workspace/install/tiago_pro_moveit_config:/home/user/exchange/workspace/install/tiago_pro_laser_sensors:/home/user/exchange/workspace/install/tiago_pro_description:/home/user/exchange/workspace/install/tiago_pro_bringup:/home/user/exchange/workspace/install/tiago_pro_controller_configuration:/home/user/exchange/workspace/install/tiago_pro_2dnav:/home/user/exchange/workspace/install/pal_sea_arm_moveit_config:/home/user/exchange/workspace/install/pal_sea_arm:/home/user/exchange/workspace/install/pal_sea_arm_bringup:/home/user/exchange/workspace/install/pal_sea_arm_description:/home/user/exchange/workspace/install/pal_sea_arm_controller_configuration:/home/user/exchange/workspace/install/pal_pro_gripper_simulation:/home/user/exchange/workspace/install/pal_pro_gripper_bringup:/home/user/exchange/workspace/install/pal_pro_gripper:/home/user/exchange/workspace/install/pal_pro_gripper_controller_configuration:/home/user/exchange/workspace/install/pal_pro_gripper_description:/home/user/exchange/workspace/install/pal_gazebo_worlds:/opt/ros/humble CMAKE_PREFIX_PATH=/home/user/exchange/workspace/install/pal_sea_arm_bringup:/home/user/exchange/workspace/install/pal_sea_arm_description:/home/user/exchange/workspace/install/pal_sea_arm_controller_configuration:/home/user/exchange/workspace/install/pal_pro_gripper_controller_configuration:/home/user/exchange/workspace/install/pal_pro_gripper_description:/home/user/exchange/workspace/install/tiago_manipulation_tasks:/home/user/exchange/workspace/install/tiago_pro_simulation:/home/user/exchange/workspace/install/tiago_pro_robot:/home/user/exchange/workspace/install/tiago_pro_navigation:/home/user/exchange/workspace/install/tiago_pro_gazebo:/home/user/exchange/workspace/install/tiago_pro_rgbd_sensors:/home/user/exchange/workspace/install/tiago_pro_mujoco:/home/user/exchange/workspace/install/tiago_pro_moveit_config:/home/user/exchange/workspace/install/tiago_pro_laser_sensors:/home/user/exchange/workspace/install/tiago_pro_description:/home/user/exchange/workspace/install/tiago_pro_bringup:/home/user/exchange/workspace/install/tiago_pro_controller_configuration:/home/user/exchange/workspace/install/tiago_pro_2dnav:/home/user/exchange/workspace/install/pal_sea_arm_moveit_config:/home/user/exchange/workspace/install/pal_sea_arm:/home/user/exchange/workspace/install/pal_pro_gripper_simulation:/home/user/exchange/workspace/install/pal_pro_gripper_bringup:/home/user/exchange/workspace/install/pal_pro_gripper:/home/user/exchange/workspace/install/pal_gazebo_worlds:/home/user/exchange/workspace/install/pick_task:/home/user/exchange/workspace/install/pal_pro_gripper_wrapper:/opt/ros/humble PYTHONPATH=/home/user/exchange/workspace/install/pal_pro_gripper_wrapper/lib/python3.10/site-packages:/home/user/exchange/workspace/install/pick_task/lib/python3.10/site-packages:/home/user/exchange/workspace/install/tiago_pro_description/local/lib/python3.10/dist-packages:/home/user/exchange/workspace/install/pal_sea_arm_description/local/lib/python3.10/dist-packages:/home/user/exchange/workspace/install/pal_pro_gripper_description/local/lib/python3.10/dist-packages:/opt/ros/humble/lib/python3.10/site-packages:/opt/ros/humble/local/lib/python3.10/dist-packages /usr/bin/cmake --install /home/user/exchange/workspace/build/pal_sea_arm
[1.510s] Level 1:colcon.colcon_core.environment:checking '/home/user/exchange/workspace/install/pal_sea_arm' for CMake config files
[1.511s] Level 1:colcon.colcon_core.shell:create_environment_hook('pal_sea_arm', 'cmake_prefix_path')
[1.511s] INFO:colcon.colcon_core.shell:Creating environment hook '/home/user/exchange/workspace/install/pal_sea_arm/share/pal_sea_arm/hook/cmake_prefix_path.ps1'
[1.511s] INFO:colcon.colcon_core.shell:Creating environment descriptor '/home/user/exchange/workspace/install/pal_sea_arm/share/pal_sea_arm/hook/cmake_prefix_path.dsv'
[1.512s] INFO:colcon.colcon_core.shell:Creating environment hook '/home/user/exchange/workspace/install/pal_sea_arm/share/pal_sea_arm/hook/cmake_prefix_path.sh'
[1.512s] Level 1:colcon.colcon_core.environment:checking '/home/user/exchange/workspace/install/pal_sea_arm/bin'
[1.512s] Level 1:colcon.colcon_core.environment:checking '/home/user/exchange/workspace/install/pal_sea_arm/lib/pkgconfig/pal_sea_arm.pc'
[1.513s] Level 1:colcon.colcon_core.environment:checking '/home/user/exchange/workspace/install/pal_sea_arm/lib/python3.10/site-packages'
[1.513s] Level 1:colcon.colcon_core.environment:checking '/home/user/exchange/workspace/install/pal_sea_arm/bin'
[1.513s] INFO:colcon.colcon_core.shell:Creating package script '/home/user/exchange/workspace/install/pal_sea_arm/share/pal_sea_arm/package.ps1'
[1.514s] INFO:colcon.colcon_core.shell:Creating package descriptor '/home/user/exchange/workspace/install/pal_sea_arm/share/pal_sea_arm/package.dsv'
[1.514s] INFO:colcon.colcon_core.shell:Creating package script '/home/user/exchange/workspace/install/pal_sea_arm/share/pal_sea_arm/package.sh'
[1.514s] INFO:colcon.colcon_core.shell:Creating package script '/home/user/exchange/workspace/install/pal_sea_arm/share/pal_sea_arm/package.bash'
[1.515s] INFO:colcon.colcon_core.shell:Creating package script '/home/user/exchange/workspace/install/pal_sea_arm/share/pal_sea_arm/package.zsh'
[1.515s] Level 1:colcon.colcon_core.environment:create_file_with_runtime_dependencies(/home/user/exchange/workspace/install/pal_sea_arm/share/colcon-core/packages/pal_sea_arm)
[1.515s] Level 1:colcon.colcon_core.environment:create_environment_scripts_only(pal_sea_arm)
[1.516s] Level 1:colcon.colcon_core.environment:checking '/home/user/exchange/workspace/install/pal_sea_arm' for CMake module files
[1.516s] Level 1:colcon.colcon_core.environment:checking '/home/user/exchange/workspace/install/pal_sea_arm' for CMake config files
[1.516s] Level 1:colcon.colcon_core.shell:create_environment_hook('pal_sea_arm', 'cmake_prefix_path')
[1.516s] INFO:colcon.colcon_core.shell:Creating environment hook '/home/user/exchange/workspace/install/pal_sea_arm/share/pal_sea_arm/hook/cmake_prefix_path.ps1'
[1.516s] INFO:colcon.colcon_core.shell:Creating environment descriptor '/home/user/exchange/workspace/install/pal_sea_arm/share/pal_sea_arm/hook/cmake_prefix_path.dsv'
[1.517s] INFO:colcon.colcon_core.shell:Creating environment hook '/home/user/exchange/workspace/install/pal_sea_arm/share/pal_sea_arm/hook/cmake_prefix_path.sh'
[1.517s] Level 1:colcon.colcon_core.environment:checking '/home/user/exchange/workspace/install/pal_sea_arm/bin'
[1.517s] Level 1:colcon.colcon_core.environment:checking '/home/user/exchange/workspace/install/pal_sea_arm/lib/pkgconfig/pal_sea_arm.pc'
[1.517s] Level 1:colcon.colcon_core.environment:checking '/home/user/exchange/workspace/install/pal_sea_arm/lib/python3.10/site-packages'
[1.517s] Level 1:colcon.colcon_core.environment:checking '/home/user/exchange/workspace/install/pal_sea_arm/bin'
[1.518s] INFO:colcon.colcon_core.shell:Creating package script '/home/user/exchange/workspace/install/pal_sea_arm/share/pal_sea_arm/package.ps1'
[1.518s] INFO:colcon.colcon_core.shell:Creating package descriptor '/home/user/exchange/workspace/install/pal_sea_arm/share/pal_sea_arm/package.dsv'
[1.518s] INFO:colcon.colcon_core.shell:Creating package script '/home/user/exchange/workspace/install/pal_sea_arm/share/pal_sea_arm/package.sh'
[1.519s] INFO:colcon.colcon_core.shell:Creating package script '/home/user/exchange/workspace/install/pal_sea_arm/share/pal_sea_arm/package.bash'
[1.519s] INFO:colcon.colcon_core.shell:Creating package script '/home/user/exchange/workspace/install/pal_sea_arm/share/pal_sea_arm/package.zsh'
[1.519s] Level 1:colcon.colcon_core.environment:create_file_with_runtime_dependencies(/home/user/exchange/workspace/install/pal_sea_arm/share/colcon-core/packages/pal_sea_arm)
[1.651s] DEBUG:colcon.colcon_core.event_handler.log_command:Invoked command in '/home/user/exchange/workspace/build/tiago_pro_description' returned '0': AMENT_PREFIX_PATH=/home/user/exchange/workspace/install/pal_pro_gripper_wrapper:/home/user/exchange/workspace/install/tiago_manipulation_tasks:/home/user/exchange/workspace/install/pick_task:/home/user/exchange/workspace/install/tiago_pro_simulation:/home/user/exchange/workspace/install/tiago_pro_robot:/home/user/exchange/workspace/install/tiago_pro_navigation:/home/user/exchange/workspace/install/tiago_pro_gazebo:/home/user/exchange/workspace/install/tiago_pro_rgbd_sensors:/home/user/exchange/workspace/install/tiago_pro_mujoco:/home/user/exchange/workspace/install/tiago_pro_moveit_config:/home/user/exchange/workspace/install/tiago_pro_laser_sensors:/home/user/exchange/workspace/install/tiago_pro_description:/home/user/exchange/workspace/install/tiago_pro_bringup:/home/user/exchange/workspace/install/tiago_pro_controller_configuration:/home/user/exchange/workspace/install/tiago_pro_2dnav:/home/user/exchange/workspace/install/pal_sea_arm_moveit_config:/home/user/exchange/workspace/install/pal_sea_arm:/home/user/exchange/workspace/install/pal_sea_arm_bringup:/home/user/exchange/workspace/install/pal_sea_arm_description:/home/user/exchange/workspace/install/pal_sea_arm_controller_configuration:/home/user/exchange/workspace/install/pal_pro_gripper_simulation:/home/user/exchange/workspace/install/pal_pro_gripper_bringup:/home/user/exchange/workspace/install/pal_pro_gripper:/home/user/exchange/workspace/install/pal_pro_gripper_controller_configuration:/home/user/exchange/workspace/install/pal_pro_gripper_description:/home/user/exchange/workspace/install/pal_gazebo_worlds:/opt/ros/humble CMAKE_PREFIX_PATH=/home/user/exchange/workspace/install/pal_sea_arm_description:/home/user/exchange/workspace/install/pal_sea_arm_controller_configuration:/home/user/exchange/workspace/install/pal_pro_gripper_controller_configuration:/home/user/exchange/workspace/install/pal_pro_gripper_description:/home/user/exchange/workspace/install/tiago_manipulation_tasks:/home/user/exchange/workspace/install/tiago_pro_simulation:/home/user/exchange/workspace/install/tiago_pro_robot:/home/user/exchange/workspace/install/tiago_pro_navigation:/home/user/exchange/workspace/install/tiago_pro_gazebo:/home/user/exchange/workspace/install/tiago_pro_rgbd_sensors:/home/user/exchange/workspace/install/tiago_pro_mujoco:/home/user/exchange/workspace/install/tiago_pro_moveit_config:/home/user/exchange/workspace/install/tiago_pro_laser_sensors:/home/user/exchange/workspace/install/tiago_pro_description:/home/user/exchange/workspace/install/tiago_pro_bringup:/home/user/exchange/workspace/install/tiago_pro_controller_configuration:/home/user/exchange/workspace/install/tiago_pro_2dnav:/home/user/exchange/workspace/install/pal_sea_arm_moveit_config:/home/user/exchange/workspace/install/pal_sea_arm:/home/user/exchange/workspace/install/pal_sea_arm_bringup:/home/user/exchange/workspace/install/pal_pro_gripper_simulation:/home/user/exchange/workspace/install/pal_pro_gripper_bringup:/home/user/exchange/workspace/install/pal_pro_gripper:/home/user/exchange/workspace/install/pal_gazebo_worlds:/home/user/exchange/workspace/install/pick_task:/home/user/exchange/workspace/install/pal_pro_gripper_wrapper:/opt/ros/humble PYTHONPATH=/home/user/exchange/workspace/install/pal_pro_gripper_wrapper/lib/python3.10/site-packages:/home/user/exchange/workspace/install/pick_task/lib/python3.10/site-packages:/home/user/exchange/workspace/install/tiago_pro_description/local/lib/python3.10/dist-packages:/home/user/exchange/workspace/install/pal_sea_arm_description/local/lib/python3.10/dist-packages:/home/user/exchange/workspace/install/pal_pro_gripper_description/local/lib/python3.10/dist-packages:/opt/ros/humble/lib/python3.10/site-packages:/opt/ros/humble/local/lib/python3.10/dist-packages /usr/bin/cmake --build /home/user/exchange/workspace/build/tiago_pro_description -- -j12 -l12
[1.653s] DEBUG:colcon.colcon_core.event_handler.log_command:Invoking command in '/home/user/exchange/workspace/build/tiago_pro_description': AMENT_PREFIX_PATH=/home/user/exchange/workspace/install/pal_pro_gripper_wrapper:/home/user/exchange/workspace/install/tiago_manipulation_tasks:/home/user/exchange/workspace/install/pick_task:/home/user/exchange/workspace/install/tiago_pro_simulation:/home/user/exchange/workspace/install/tiago_pro_robot:/home/user/exchange/workspace/install/tiago_pro_navigation:/home/user/exchange/workspace/install/tiago_pro_gazebo:/home/user/exchange/workspace/install/tiago_pro_rgbd_sensors:/home/user/exchange/workspace/install/tiago_pro_mujoco:/home/user/exchange/workspace/install/tiago_pro_moveit_config:/home/user/exchange/workspace/install/tiago_pro_laser_sensors:/home/user/exchange/workspace/install/tiago_pro_description:/home/user/exchange/workspace/install/tiago_pro_bringup:/home/user/exchange/workspace/install/tiago_pro_controller_configuration:/home/user/exchange/workspace/install/tiago_pro_2dnav:/home/user/exchange/workspace/install/pal_sea_arm_moveit_config:/home/user/exchange/workspace/install/pal_sea_arm:/home/user/exchange/workspace/install/pal_sea_arm_bringup:/home/user/exchange/workspace/install/pal_sea_arm_description:/home/user/exchange/workspace/install/pal_sea_arm_controller_configuration:/home/user/exchange/workspace/install/pal_pro_gripper_simulation:/home/user/exchange/workspace/install/pal_pro_gripper_bringup:/home/user/exchange/workspace/install/pal_pro_gripper:/home/user/exchange/workspace/install/pal_pro_gripper_controller_configuration:/home/user/exchange/workspace/install/pal_pro_gripper_description:/home/user/exchange/workspace/install/pal_gazebo_worlds:/opt/ros/humble CMAKE_PREFIX_PATH=/home/user/exchange/workspace/install/pal_sea_arm_description:/home/user/exchange/workspace/install/pal_sea_arm_controller_configuration:/home/user/exchange/workspace/install/pal_pro_gripper_controller_configuration:/home/user/exchange/workspace/install/pal_pro_gripper_description:/home/user/exchange/workspace/install/tiago_manipulation_tasks:/home/user/exchange/workspace/install/tiago_pro_simulation:/home/user/exchange/workspace/install/tiago_pro_robot:/home/user/exchange/workspace/install/tiago_pro_navigation:/home/user/exchange/workspace/install/tiago_pro_gazebo:/home/user/exchange/workspace/install/tiago_pro_rgbd_sensors:/home/user/exchange/workspace/install/tiago_pro_mujoco:/home/user/exchange/workspace/install/tiago_pro_moveit_config:/home/user/exchange/workspace/install/tiago_pro_laser_sensors:/home/user/exchange/workspace/install/tiago_pro_description:/home/user/exchange/workspace/install/tiago_pro_bringup:/home/user/exchange/workspace/install/tiago_pro_controller_configuration:/home/user/exchange/workspace/install/tiago_pro_2dnav:/home/user/exchange/workspace/install/pal_sea_arm_moveit_config:/home/user/exchange/workspace/install/pal_sea_arm:/home/user/exchange/workspace/install/pal_sea_arm_bringup:/home/user/exchange/workspace/install/pal_pro_gripper_simulation:/home/user/exchange/workspace/install/pal_pro_gripper_bringup:/home/user/exchange/workspace/install/pal_pro_gripper:/home/user/exchange/workspace/install/pal_gazebo_worlds:/home/user/exchange/workspace/install/pick_task:/home/user/exchange/workspace/install/pal_pro_gripper_wrapper:/opt/ros/humble PYTHONPATH=/home/user/exchange/workspace/install/pal_pro_gripper_wrapper/lib/python3.10/site-packages:/home/user/exchange/workspace/install/pick_task/lib/python3.10/site-packages:/home/user/exchange/workspace/install/tiago_pro_description/local/lib/python3.10/dist-packages:/home/user/exchange/workspace/install/pal_sea_arm_description/local/lib/python3.10/dist-packages:/home/user/exchange/workspace/install/pal_pro_gripper_description/local/lib/python3.10/dist-packages:/opt/ros/humble/lib/python3.10/site-packages:/opt/ros/humble/local/lib/python3.10/dist-packages /usr/bin/cmake --install /home/user/exchange/workspace/build/tiago_pro_description
[1.700s] Level 1:colcon.colcon_core.environment:create_environment_scripts_only(tiago_pro_description)
[1.700s] Level 1:colcon.colcon_core.environment:checking '/home/user/exchange/workspace/install/tiago_pro_description' for CMake module files
[1.701s] DEBUG:colcon.colcon_core.event_handler.log_command:Invoked command in '/home/user/exchange/workspace/build/tiago_pro_description' returned '0': AMENT_PREFIX_PATH=/home/user/exchange/workspace/install/pal_pro_gripper_wrapper:/home/user/exchange/workspace/install/tiago_manipulation_tasks:/home/user/exchange/workspace/install/pick_task:/home/user/exchange/workspace/install/tiago_pro_simulation:/home/user/exchange/workspace/install/tiago_pro_robot:/home/user/exchange/workspace/install/tiago_pro_navigation:/home/user/exchange/workspace/install/tiago_pro_gazebo:/home/user/exchange/workspace/install/tiago_pro_rgbd_sensors:/home/user/exchange/workspace/install/tiago_pro_mujoco:/home/user/exchange/workspace/install/tiago_pro_moveit_config:/home/user/exchange/workspace/install/tiago_pro_laser_sensors:/home/user/exchange/workspace/install/tiago_pro_description:/home/user/exchange/workspace/install/tiago_pro_bringup:/home/user/exchange/workspace/install/tiago_pro_controller_configuration:/home/user/exchange/workspace/install/tiago_pro_2dnav:/home/user/exchange/workspace/install/pal_sea_arm_moveit_config:/home/user/exchange/workspace/install/pal_sea_arm:/home/user/exchange/workspace/install/pal_sea_arm_bringup:/home/user/exchange/workspace/install/pal_sea_arm_description:/home/user/exchange/workspace/install/pal_sea_arm_controller_configuration:/home/user/exchange/workspace/install/pal_pro_gripper_simulation:/home/user/exchange/workspace/install/pal_pro_gripper_bringup:/home/user/exchange/workspace/install/pal_pro_gripper:/home/user/exchange/workspace/install/pal_pro_gripper_controller_configuration:/home/user/exchange/workspace/install/pal_pro_gripper_description:/home/user/exchange/workspace/install/pal_gazebo_worlds:/opt/ros/humble CMAKE_PREFIX_PATH=/home/user/exchange/workspace/install/pal_sea_arm_description:/home/user/exchange/workspace/install/pal_sea_arm_controller_configuration:/home/user/exchange/workspace/install/pal_pro_gripper_controller_configuration:/home/user/exchange/workspace/install/pal_pro_gripper_description:/home/user/exchange/workspace/install/tiago_manipulation_tasks:/home/user/exchange/workspace/install/tiago_pro_simulation:/home/user/exchange/workspace/install/tiago_pro_robot:/home/user/exchange/workspace/install/tiago_pro_navigation:/home/user/exchange/workspace/install/tiago_pro_gazebo:/home/user/exchange/workspace/install/tiago_pro_rgbd_sensors:/home/user/exchange/workspace/install/tiago_pro_mujoco:/home/user/exchange/workspace/install/tiago_pro_moveit_config:/home/user/exchange/workspace/install/tiago_pro_laser_sensors:/home/user/exchange/workspace/install/tiago_pro_description:/home/user/exchange/workspace/install/tiago_pro_bringup:/home/user/exchange/workspace/install/tiago_pro_controller_configuration:/home/user/exchange/workspace/install/tiago_pro_2dnav:/home/user/exchange/workspace/install/pal_sea_arm_moveit_config:/home/user/exchange/workspace/install/pal_sea_arm:/home/user/exchange/workspace/install/pal_sea_arm_bringup:/home/user/exchange/workspace/install/pal_pro_gripper_simulation:/home/user/exchange/workspace/install/pal_pro_gripper_bringup:/home/user/exchange/workspace/install/pal_pro_gripper:/home/user/exchange/workspace/install/pal_gazebo_worlds:/home/user/exchange/workspace/install/pick_task:/home/user/exchange/workspace/install/pal_pro_gripper_wrapper:/opt/ros/humble PYTHONPATH=/home/user/exchange/workspace/install/pal_pro_gripper_wrapper/lib/python3.10/site-packages:/home/user/exchange/workspace/install/pick_task/lib/python3.10/site-packages:/home/user/exchange/workspace/install/tiago_pro_description/local/lib/python3.10/dist-packages:/home/user/exchange/workspace/install/pal_sea_arm_description/local/lib/python3.10/dist-packages:/home/user/exchange/workspace/install/pal_pro_gripper_description/local/lib/python3.10/dist-packages:/opt/ros/humble/lib/python3.10/site-packages:/opt/ros/humble/local/lib/python3.10/dist-packages /usr/bin/cmake --install /home/user/exchange/workspace/build/tiago_pro_description
[1.701s] Level 1:colcon.colcon_core.environment:checking '/home/user/exchange/workspace/install/tiago_pro_description' for CMake config files
[1.702s] Level 1:colcon.colcon_core.shell:create_environment_hook('tiago_pro_description', 'cmake_prefix_path')
[1.702s] INFO:colcon.colcon_core.shell:Creating environment hook '/home/user/exchange/workspace/install/tiago_pro_description/share/tiago_pro_description/hook/cmake_prefix_path.ps1'
[1.702s] INFO:colcon.colcon_core.shell:Creating environment descriptor '/home/user/exchange/workspace/install/tiago_pro_description/share/tiago_pro_description/hook/cmake_prefix_path.dsv'
[1.703s] INFO:colcon.colcon_core.shell:Creating environment hook '/home/user/exchange/workspace/install/tiago_pro_description/share/tiago_pro_description/hook/cmake_prefix_path.sh'
[1.703s] Level 1:colcon.colcon_core.environment:checking '/home/user/exchange/workspace/install/tiago_pro_description/bin'
[1.703s] Level 1:colcon.colcon_core.environment:checking '/home/user/exchange/workspace/install/tiago_pro_description/lib/pkgconfig/tiago_pro_description.pc'
[1.704s] Level 1:colcon.colcon_core.environment:checking '/home/user/exchange/workspace/install/tiago_pro_description/lib/python3.10/site-packages'
[1.704s] Level 1:colcon.colcon_core.environment:checking '/home/user/exchange/workspace/install/tiago_pro_description/bin'
[1.704s] INFO:colcon.colcon_core.shell:Creating package script '/home/user/exchange/workspace/install/tiago_pro_description/share/tiago_pro_description/package.ps1'
[1.705s] INFO:colcon.colcon_core.shell:Creating package descriptor '/home/user/exchange/workspace/install/tiago_pro_description/share/tiago_pro_description/package.dsv'
[1.705s] INFO:colcon.colcon_core.shell:Creating package script '/home/user/exchange/workspace/install/tiago_pro_description/share/tiago_pro_description/package.sh'
[1.706s] INFO:colcon.colcon_core.shell:Creating package script '/home/user/exchange/workspace/install/tiago_pro_description/share/tiago_pro_description/package.bash'
[1.706s] INFO:colcon.colcon_core.shell:Creating package script '/home/user/exchange/workspace/install/tiago_pro_description/share/tiago_pro_description/package.zsh'
[1.706s] Level 1:colcon.colcon_core.environment:create_file_with_runtime_dependencies(/home/user/exchange/workspace/install/tiago_pro_description/share/colcon-core/packages/tiago_pro_description)
[1.707s] Level 1:colcon.colcon_core.environment:create_environment_scripts_only(tiago_pro_description)
[1.707s] Level 1:colcon.colcon_core.environment:checking '/home/user/exchange/workspace/install/tiago_pro_description' for CMake module files
[1.707s] Level 1:colcon.colcon_core.environment:checking '/home/user/exchange/workspace/install/tiago_pro_description' for CMake config files
[1.708s] Level 1:colcon.colcon_core.shell:create_environment_hook('tiago_pro_description', 'cmake_prefix_path')
[1.708s] INFO:colcon.colcon_core.shell:Creating environment hook '/home/user/exchange/workspace/install/tiago_pro_description/share/tiago_pro_description/hook/cmake_prefix_path.ps1'
[1.708s] INFO:colcon.colcon_core.shell:Creating environment descriptor '/home/user/exchange/workspace/install/tiago_pro_description/share/tiago_pro_description/hook/cmake_prefix_path.dsv'
[1.708s] INFO:colcon.colcon_core.shell:Creating environment hook '/home/user/exchange/workspace/install/tiago_pro_description/share/tiago_pro_description/hook/cmake_prefix_path.sh'
[1.709s] Level 1:colcon.colcon_core.environment:checking '/home/user/exchange/workspace/install/tiago_pro_description/bin'
[1.709s] Level 1:colcon.colcon_core.environment:checking '/home/user/exchange/workspace/install/tiago_pro_description/lib/pkgconfig/tiago_pro_description.pc'
[1.709s] Level 1:colcon.colcon_core.environment:checking '/home/user/exchange/workspace/install/tiago_pro_description/lib/python3.10/site-packages'
[1.709s] Level 1:colcon.colcon_core.environment:checking '/home/user/exchange/workspace/install/tiago_pro_description/bin'
[1.709s] INFO:colcon.colcon_core.shell:Creating package script '/home/user/exchange/workspace/install/tiago_pro_description/share/tiago_pro_description/package.ps1'
[1.710s] INFO:colcon.colcon_core.shell:Creating package descriptor '/home/user/exchange/workspace/install/tiago_pro_description/share/tiago_pro_description/package.dsv'
[1.710s] INFO:colcon.colcon_core.shell:Creating package script '/home/user/exchange/workspace/install/tiago_pro_description/share/tiago_pro_description/package.sh'
[1.710s] INFO:colcon.colcon_core.shell:Creating package script '/home/user/exchange/workspace/install/tiago_pro_description/share/tiago_pro_description/package.bash'
[1.711s] INFO:colcon.colcon_core.shell:Creating package script '/home/user/exchange/workspace/install/tiago_pro_description/share/tiago_pro_description/package.zsh'
[1.711s] Level 1:colcon.colcon_core.environment:create_file_with_runtime_dependencies(/home/user/exchange/workspace/install/tiago_pro_description/share/colcon-core/packages/tiago_pro_description)
[1.711s] INFO:colcon.colcon_ros.task.ament_cmake.build:Building ROS package in '/home/user/exchange/workspace/src/tiago_pro_moveit_config' with build type 'ament_cmake'
[1.711s] INFO:colcon.colcon_cmake.task.cmake.build:Building CMake package in '/home/user/exchange/workspace/src/tiago_pro_moveit_config'
[1.712s] INFO:colcon.colcon_core.shell:Skip shell extension 'powershell' for command environment: Not usable outside of PowerShell
[1.712s] DEBUG:colcon.colcon_core.shell:Skip shell extension 'dsv' for command environment
[1.715s] INFO:colcon.colcon_ros.task.ament_cmake.build:Building ROS package in '/home/user/exchange/workspace/src/tiago_pro_robot/tiago_pro_robot' with build type 'ament_cmake'
[1.716s] INFO:colcon.colcon_cmake.task.cmake.build:Building CMake package in '/home/user/exchange/workspace/src/tiago_pro_robot/tiago_pro_robot'
[1.716s] INFO:colcon.colcon_core.shell:Skip shell extension 'powershell' for command environment: Not usable outside of PowerShell
[1.716s] DEBUG:colcon.colcon_core.shell:Skip shell extension 'dsv' for command environment
[1.723s] DEBUG:colcon.colcon_core.event_handler.log_command:Invoking command in '/home/user/exchange/workspace/build/tiago_pro_moveit_config': AMENT_PREFIX_PATH=/home/user/exchange/workspace/install/pal_pro_gripper_wrapper:/home/user/exchange/workspace/install/tiago_manipulation_tasks:/home/user/exchange/workspace/install/pick_task:/home/user/exchange/workspace/install/tiago_pro_simulation:/home/user/exchange/workspace/install/tiago_pro_robot:/home/user/exchange/workspace/install/tiago_pro_navigation:/home/user/exchange/workspace/install/tiago_pro_gazebo:/home/user/exchange/workspace/install/tiago_pro_rgbd_sensors:/home/user/exchange/workspace/install/tiago_pro_mujoco:/home/user/exchange/workspace/install/tiago_pro_moveit_config:/home/user/exchange/workspace/install/tiago_pro_laser_sensors:/home/user/exchange/workspace/install/tiago_pro_description:/home/user/exchange/workspace/install/tiago_pro_bringup:/home/user/exchange/workspace/install/tiago_pro_controller_configuration:/home/user/exchange/workspace/install/tiago_pro_2dnav:/home/user/exchange/workspace/install/pal_sea_arm_moveit_config:/home/user/exchange/workspace/install/pal_sea_arm:/home/user/exchange/workspace/install/pal_sea_arm_bringup:/home/user/exchange/workspace/install/pal_sea_arm_description:/home/user/exchange/workspace/install/pal_sea_arm_controller_configuration:/home/user/exchange/workspace/install/pal_pro_gripper_simulation:/home/user/exchange/workspace/install/pal_pro_gripper_bringup:/home/user/exchange/workspace/install/pal_pro_gripper:/home/user/exchange/workspace/install/pal_pro_gripper_controller_configuration:/home/user/exchange/workspace/install/pal_pro_gripper_description:/home/user/exchange/workspace/install/pal_gazebo_worlds:/opt/ros/humble CMAKE_PREFIX_PATH=/home/user/exchange/workspace/install/tiago_pro_description:/home/user/exchange/workspace/install/pal_sea_arm_moveit_config:/home/user/exchange/workspace/install/pal_sea_arm_description:/home/user/exchange/workspace/install/pal_sea_arm_controller_configuration:/home/user/exchange/workspace/install/pal_pro_gripper_controller_configuration:/home/user/exchange/workspace/install/pal_pro_gripper_description:/home/user/exchange/workspace/install/tiago_manipulation_tasks:/home/user/exchange/workspace/install/tiago_pro_simulation:/home/user/exchange/workspace/install/tiago_pro_robot:/home/user/exchange/workspace/install/tiago_pro_navigation:/home/user/exchange/workspace/install/tiago_pro_gazebo:/home/user/exchange/workspace/install/tiago_pro_rgbd_sensors:/home/user/exchange/workspace/install/tiago_pro_mujoco:/home/user/exchange/workspace/install/tiago_pro_moveit_config:/home/user/exchange/workspace/install/tiago_pro_laser_sensors:/home/user/exchange/workspace/install/tiago_pro_bringup:/home/user/exchange/workspace/install/tiago_pro_controller_configuration:/home/user/exchange/workspace/install/tiago_pro_2dnav:/home/user/exchange/workspace/install/pal_sea_arm:/home/user/exchange/workspace/install/pal_sea_arm_bringup:/home/user/exchange/workspace/install/pal_pro_gripper_simulation:/home/user/exchange/workspace/install/pal_pro_gripper_bringup:/home/user/exchange/workspace/install/pal_pro_gripper:/home/user/exchange/workspace/install/pal_gazebo_worlds:/home/user/exchange/workspace/install/pick_task:/home/user/exchange/workspace/install/pal_pro_gripper_wrapper:/opt/ros/humble PYTHONPATH=/home/user/exchange/workspace/install/pal_pro_gripper_wrapper/lib/python3.10/site-packages:/home/user/exchange/workspace/install/pick_task/lib/python3.10/site-packages:/home/user/exchange/workspace/install/tiago_pro_description/local/lib/python3.10/dist-packages:/home/user/exchange/workspace/install/pal_sea_arm_description/local/lib/python3.10/dist-packages:/home/user/exchange/workspace/install/pal_pro_gripper_description/local/lib/python3.10/dist-packages:/opt/ros/humble/lib/python3.10/site-packages:/opt/ros/humble/local/lib/python3.10/dist-packages /usr/bin/cmake --build /home/user/exchange/workspace/build/tiago_pro_moveit_config -- -j12 -l12
[1.729s] DEBUG:colcon.colcon_core.event_handler.log_command:Invoking command in '/home/user/exchange/workspace/build/tiago_pro_robot': AMENT_PREFIX_PATH=/home/user/exchange/workspace/install/pal_pro_gripper_wrapper:/home/user/exchange/workspace/install/tiago_manipulation_tasks:/home/user/exchange/workspace/install/pick_task:/home/user/exchange/workspace/install/tiago_pro_simulation:/home/user/exchange/workspace/install/tiago_pro_robot:/home/user/exchange/workspace/install/tiago_pro_navigation:/home/user/exchange/workspace/install/tiago_pro_gazebo:/home/user/exchange/workspace/install/tiago_pro_rgbd_sensors:/home/user/exchange/workspace/install/tiago_pro_mujoco:/home/user/exchange/workspace/install/tiago_pro_moveit_config:/home/user/exchange/workspace/install/tiago_pro_laser_sensors:/home/user/exchange/workspace/install/tiago_pro_description:/home/user/exchange/workspace/install/tiago_pro_bringup:/home/user/exchange/workspace/install/tiago_pro_controller_configuration:/home/user/exchange/workspace/install/tiago_pro_2dnav:/home/user/exchange/workspace/install/pal_sea_arm_moveit_config:/home/user/exchange/workspace/install/pal_sea_arm:/home/user/exchange/workspace/install/pal_sea_arm_bringup:/home/user/exchange/workspace/install/pal_sea_arm_description:/home/user/exchange/workspace/install/pal_sea_arm_controller_configuration:/home/user/exchange/workspace/install/pal_pro_gripper_simulation:/home/user/exchange/workspace/install/pal_pro_gripper_bringup:/home/user/exchange/workspace/install/pal_pro_gripper:/home/user/exchange/workspace/install/pal_pro_gripper_controller_configuration:/home/user/exchange/workspace/install/pal_pro_gripper_description:/home/user/exchange/workspace/install/pal_gazebo_worlds:/opt/ros/humble CMAKE_PREFIX_PATH=/home/user/exchange/workspace/install/tiago_pro_description:/home/user/exchange/workspace/install/tiago_pro_bringup:/home/user/exchange/workspace/install/tiago_pro_controller_configuration:/home/user/exchange/workspace/install/pal_sea_arm_description:/home/user/exchange/workspace/install/pal_sea_arm_controller_configuration:/home/user/exchange/workspace/install/pal_pro_gripper_controller_configuration:/home/user/exchange/workspace/install/pal_pro_gripper_description:/home/user/exchange/workspace/install/tiago_manipulation_tasks:/home/user/exchange/workspace/install/tiago_pro_simulation:/home/user/exchange/workspace/install/tiago_pro_robot:/home/user/exchange/workspace/install/tiago_pro_navigation:/home/user/exchange/workspace/install/tiago_pro_gazebo:/home/user/exchange/workspace/install/tiago_pro_rgbd_sensors:/home/user/exchange/workspace/install/tiago_pro_mujoco:/home/user/exchange/workspace/install/tiago_pro_moveit_config:/home/user/exchange/workspace/install/tiago_pro_laser_sensors:/home/user/exchange/workspace/install/tiago_pro_2dnav:/home/user/exchange/workspace/install/pal_sea_arm_moveit_config:/home/user/exchange/workspace/install/pal_sea_arm:/home/user/exchange/workspace/install/pal_sea_arm_bringup:/home/user/exchange/workspace/install/pal_pro_gripper_simulation:/home/user/exchange/workspace/install/pal_pro_gripper_bringup:/home/user/exchange/workspace/install/pal_pro_gripper:/home/user/exchange/workspace/install/pal_gazebo_worlds:/home/user/exchange/workspace/install/pick_task:/home/user/exchange/workspace/install/pal_pro_gripper_wrapper:/opt/ros/humble PYTHONPATH=/home/user/exchange/workspace/install/pal_pro_gripper_wrapper/lib/python3.10/site-packages:/home/user/exchange/workspace/install/pick_task/lib/python3.10/site-packages:/home/user/exchange/workspace/install/tiago_pro_description/local/lib/python3.10/dist-packages:/home/user/exchange/workspace/install/pal_sea_arm_description/local/lib/python3.10/dist-packages:/home/user/exchange/workspace/install/pal_pro_gripper_description/local/lib/python3.10/dist-packages:/opt/ros/humble/lib/python3.10/site-packages:/opt/ros/humble/local/lib/python3.10/dist-packages /usr/bin/cmake --build /home/user/exchange/workspace/build/tiago_pro_robot -- -j12 -l12
[1.750s] DEBUG:colcon.colcon_core.event_handler.log_command:Invoked command in '/home/user/exchange/workspace/build/tiago_pro_moveit_config' returned '0': AMENT_PREFIX_PATH=/home/user/exchange/workspace/install/pal_pro_gripper_wrapper:/home/user/exchange/workspace/install/tiago_manipulation_tasks:/home/user/exchange/workspace/install/pick_task:/home/user/exchange/workspace/install/tiago_pro_simulation:/home/user/exchange/workspace/install/tiago_pro_robot:/home/user/exchange/workspace/install/tiago_pro_navigation:/home/user/exchange/workspace/install/tiago_pro_gazebo:/home/user/exchange/workspace/install/tiago_pro_rgbd_sensors:/home/user/exchange/workspace/install/tiago_pro_mujoco:/home/user/exchange/workspace/install/tiago_pro_moveit_config:/home/user/exchange/workspace/install/tiago_pro_laser_sensors:/home/user/exchange/workspace/install/tiago_pro_description:/home/user/exchange/workspace/install/tiago_pro_bringup:/home/user/exchange/workspace/install/tiago_pro_controller_configuration:/home/user/exchange/workspace/install/tiago_pro_2dnav:/home/user/exchange/workspace/install/pal_sea_arm_moveit_config:/home/user/exchange/workspace/install/pal_sea_arm:/home/user/exchange/workspace/install/pal_sea_arm_bringup:/home/user/exchange/workspace/install/pal_sea_arm_description:/home/user/exchange/workspace/install/pal_sea_arm_controller_configuration:/home/user/exchange/workspace/install/pal_pro_gripper_simulation:/home/user/exchange/workspace/install/pal_pro_gripper_bringup:/home/user/exchange/workspace/install/pal_pro_gripper:/home/user/exchange/workspace/install/pal_pro_gripper_controller_configuration:/home/user/exchange/workspace/install/pal_pro_gripper_description:/home/user/exchange/workspace/install/pal_gazebo_worlds:/opt/ros/humble CMAKE_PREFIX_PATH=/home/user/exchange/workspace/install/tiago_pro_description:/home/user/exchange/workspace/install/pal_sea_arm_moveit_config:/home/user/exchange/workspace/install/pal_sea_arm_description:/home/user/exchange/workspace/install/pal_sea_arm_controller_configuration:/home/user/exchange/workspace/install/pal_pro_gripper_controller_configuration:/home/user/exchange/workspace/install/pal_pro_gripper_description:/home/user/exchange/workspace/install/tiago_manipulation_tasks:/home/user/exchange/workspace/install/tiago_pro_simulation:/home/user/exchange/workspace/install/tiago_pro_robot:/home/user/exchange/workspace/install/tiago_pro_navigation:/home/user/exchange/workspace/install/tiago_pro_gazebo:/home/user/exchange/workspace/install/tiago_pro_rgbd_sensors:/home/user/exchange/workspace/install/tiago_pro_mujoco:/home/user/exchange/workspace/install/tiago_pro_moveit_config:/home/user/exchange/workspace/install/tiago_pro_laser_sensors:/home/user/exchange/workspace/install/tiago_pro_bringup:/home/user/exchange/workspace/install/tiago_pro_controller_configuration:/home/user/exchange/workspace/install/tiago_pro_2dnav:/home/user/exchange/workspace/install/pal_sea_arm:/home/user/exchange/workspace/install/pal_sea_arm_bringup:/home/user/exchange/workspace/install/pal_pro_gripper_simulation:/home/user/exchange/workspace/install/pal_pro_gripper_bringup:/home/user/exchange/workspace/install/pal_pro_gripper:/home/user/exchange/workspace/install/pal_gazebo_worlds:/home/user/exchange/workspace/install/pick_task:/home/user/exchange/workspace/install/pal_pro_gripper_wrapper:/opt/ros/humble PYTHONPATH=/home/user/exchange/workspace/install/pal_pro_gripper_wrapper/lib/python3.10/site-packages:/home/user/exchange/workspace/install/pick_task/lib/python3.10/site-packages:/home/user/exchange/workspace/install/tiago_pro_description/local/lib/python3.10/dist-packages:/home/user/exchange/workspace/install/pal_sea_arm_description/local/lib/python3.10/dist-packages:/home/user/exchange/workspace/install/pal_pro_gripper_description/local/lib/python3.10/dist-packages:/opt/ros/humble/lib/python3.10/site-packages:/opt/ros/humble/local/lib/python3.10/dist-packages /usr/bin/cmake --build /home/user/exchange/workspace/build/tiago_pro_moveit_config -- -j12 -l12
[1.752s] DEBUG:colcon.colcon_core.event_handler.log_command:Invoking command in '/home/user/exchange/workspace/build/tiago_pro_moveit_config': AMENT_PREFIX_PATH=/home/user/exchange/workspace/install/pal_pro_gripper_wrapper:/home/user/exchange/workspace/install/tiago_manipulation_tasks:/home/user/exchange/workspace/install/pick_task:/home/user/exchange/workspace/install/tiago_pro_simulation:/home/user/exchange/workspace/install/tiago_pro_robot:/home/user/exchange/workspace/install/tiago_pro_navigation:/home/user/exchange/workspace/install/tiago_pro_gazebo:/home/user/exchange/workspace/install/tiago_pro_rgbd_sensors:/home/user/exchange/workspace/install/tiago_pro_mujoco:/home/user/exchange/workspace/install/tiago_pro_moveit_config:/home/user/exchange/workspace/install/tiago_pro_laser_sensors:/home/user/exchange/workspace/install/tiago_pro_description:/home/user/exchange/workspace/install/tiago_pro_bringup:/home/user/exchange/workspace/install/tiago_pro_controller_configuration:/home/user/exchange/workspace/install/tiago_pro_2dnav:/home/user/exchange/workspace/install/pal_sea_arm_moveit_config:/home/user/exchange/workspace/install/pal_sea_arm:/home/user/exchange/workspace/install/pal_sea_arm_bringup:/home/user/exchange/workspace/install/pal_sea_arm_description:/home/user/exchange/workspace/install/pal_sea_arm_controller_configuration:/home/user/exchange/workspace/install/pal_pro_gripper_simulation:/home/user/exchange/workspace/install/pal_pro_gripper_bringup:/home/user/exchange/workspace/install/pal_pro_gripper:/home/user/exchange/workspace/install/pal_pro_gripper_controller_configuration:/home/user/exchange/workspace/install/pal_pro_gripper_description:/home/user/exchange/workspace/install/pal_gazebo_worlds:/opt/ros/humble CMAKE_PREFIX_PATH=/home/user/exchange/workspace/install/tiago_pro_description:/home/user/exchange/workspace/install/pal_sea_arm_moveit_config:/home/user/exchange/workspace/install/pal_sea_arm_description:/home/user/exchange/workspace/install/pal_sea_arm_controller_configuration:/home/user/exchange/workspace/install/pal_pro_gripper_controller_configuration:/home/user/exchange/workspace/install/pal_pro_gripper_description:/home/user/exchange/workspace/install/tiago_manipulation_tasks:/home/user/exchange/workspace/install/tiago_pro_simulation:/home/user/exchange/workspace/install/tiago_pro_robot:/home/user/exchange/workspace/install/tiago_pro_navigation:/home/user/exchange/workspace/install/tiago_pro_gazebo:/home/user/exchange/workspace/install/tiago_pro_rgbd_sensors:/home/user/exchange/workspace/install/tiago_pro_mujoco:/home/user/exchange/workspace/install/tiago_pro_moveit_config:/home/user/exchange/workspace/install/tiago_pro_laser_sensors:/home/user/exchange/workspace/install/tiago_pro_bringup:/home/user/exchange/workspace/install/tiago_pro_controller_configuration:/home/user/exchange/workspace/install/tiago_pro_2dnav:/home/user/exchange/workspace/install/pal_sea_arm:/home/user/exchange/workspace/install/pal_sea_arm_bringup:/home/user/exchange/workspace/install/pal_pro_gripper_simulation:/home/user/exchange/workspace/install/pal_pro_gripper_bringup:/home/user/exchange/workspace/install/pal_pro_gripper:/home/user/exchange/workspace/install/pal_gazebo_worlds:/home/user/exchange/workspace/install/pick_task:/home/user/exchange/workspace/install/pal_pro_gripper_wrapper:/opt/ros/humble PYTHONPATH=/home/user/exchange/workspace/install/pal_pro_gripper_wrapper/lib/python3.10/site-packages:/home/user/exchange/workspace/install/pick_task/lib/python3.10/site-packages:/home/user/exchange/workspace/install/tiago_pro_description/local/lib/python3.10/dist-packages:/home/user/exchange/workspace/install/pal_sea_arm_description/local/lib/python3.10/dist-packages:/home/user/exchange/workspace/install/pal_pro_gripper_description/local/lib/python3.10/dist-packages:/opt/ros/humble/lib/python3.10/site-packages:/opt/ros/humble/local/lib/python3.10/dist-packages /usr/bin/cmake --install /home/user/exchange/workspace/build/tiago_pro_moveit_config
[1.757s] DEBUG:colcon.colcon_core.event_handler.log_command:Invoked command in '/home/user/exchange/workspace/build/tiago_pro_robot' returned '0': AMENT_PREFIX_PATH=/home/user/exchange/workspace/install/pal_pro_gripper_wrapper:/home/user/exchange/workspace/install/tiago_manipulation_tasks:/home/user/exchange/workspace/install/pick_task:/home/user/exchange/workspace/install/tiago_pro_simulation:/home/user/exchange/workspace/install/tiago_pro_robot:/home/user/exchange/workspace/install/tiago_pro_navigation:/home/user/exchange/workspace/install/tiago_pro_gazebo:/home/user/exchange/workspace/install/tiago_pro_rgbd_sensors:/home/user/exchange/workspace/install/tiago_pro_mujoco:/home/user/exchange/workspace/install/tiago_pro_moveit_config:/home/user/exchange/workspace/install/tiago_pro_laser_sensors:/home/user/exchange/workspace/install/tiago_pro_description:/home/user/exchange/workspace/install/tiago_pro_bringup:/home/user/exchange/workspace/install/tiago_pro_controller_configuration:/home/user/exchange/workspace/install/tiago_pro_2dnav:/home/user/exchange/workspace/install/pal_sea_arm_moveit_config:/home/user/exchange/workspace/install/pal_sea_arm:/home/user/exchange/workspace/install/pal_sea_arm_bringup:/home/user/exchange/workspace/install/pal_sea_arm_description:/home/user/exchange/workspace/install/pal_sea_arm_controller_configuration:/home/user/exchange/workspace/install/pal_pro_gripper_simulation:/home/user/exchange/workspace/install/pal_pro_gripper_bringup:/home/user/exchange/workspace/install/pal_pro_gripper:/home/user/exchange/workspace/install/pal_pro_gripper_controller_configuration:/home/user/exchange/workspace/install/pal_pro_gripper_description:/home/user/exchange/workspace/install/pal_gazebo_worlds:/opt/ros/humble CMAKE_PREFIX_PATH=/home/user/exchange/workspace/install/tiago_pro_description:/home/user/exchange/workspace/install/tiago_pro_bringup:/home/user/exchange/workspace/install/tiago_pro_controller_configuration:/home/user/exchange/workspace/install/pal_sea_arm_description:/home/user/exchange/workspace/install/pal_sea_arm_controller_configuration:/home/user/exchange/workspace/install/pal_pro_gripper_controller_configuration:/home/user/exchange/workspace/install/pal_pro_gripper_description:/home/user/exchange/workspace/install/tiago_manipulation_tasks:/home/user/exchange/workspace/install/tiago_pro_simulation:/home/user/exchange/workspace/install/tiago_pro_robot:/home/user/exchange/workspace/install/tiago_pro_navigation:/home/user/exchange/workspace/install/tiago_pro_gazebo:/home/user/exchange/workspace/install/tiago_pro_rgbd_sensors:/home/user/exchange/workspace/install/tiago_pro_mujoco:/home/user/exchange/workspace/install/tiago_pro_moveit_config:/home/user/exchange/workspace/install/tiago_pro_laser_sensors:/home/user/exchange/workspace/install/tiago_pro_2dnav:/home/user/exchange/workspace/install/pal_sea_arm_moveit_config:/home/user/exchange/workspace/install/pal_sea_arm:/home/user/exchange/workspace/install/pal_sea_arm_bringup:/home/user/exchange/workspace/install/pal_pro_gripper_simulation:/home/user/exchange/workspace/install/pal_pro_gripper_bringup:/home/user/exchange/workspace/install/pal_pro_gripper:/home/user/exchange/workspace/install/pal_gazebo_worlds:/home/user/exchange/workspace/install/pick_task:/home/user/exchange/workspace/install/pal_pro_gripper_wrapper:/opt/ros/humble PYTHONPATH=/home/user/exchange/workspace/install/pal_pro_gripper_wrapper/lib/python3.10/site-packages:/home/user/exchange/workspace/install/pick_task/lib/python3.10/site-packages:/home/user/exchange/workspace/install/tiago_pro_description/local/lib/python3.10/dist-packages:/home/user/exchange/workspace/install/pal_sea_arm_description/local/lib/python3.10/dist-packages:/home/user/exchange/workspace/install/pal_pro_gripper_description/local/lib/python3.10/dist-packages:/opt/ros/humble/lib/python3.10/site-packages:/opt/ros/humble/local/lib/python3.10/dist-packages /usr/bin/cmake --build /home/user/exchange/workspace/build/tiago_pro_robot -- -j12 -l12
[1.762s] DEBUG:colcon.colcon_core.event_handler.log_command:Invoking command in '/home/user/exchange/workspace/build/tiago_pro_robot': AMENT_PREFIX_PATH=/home/user/exchange/workspace/install/pal_pro_gripper_wrapper:/home/user/exchange/workspace/install/tiago_manipulation_tasks:/home/user/exchange/workspace/install/pick_task:/home/user/exchange/workspace/install/tiago_pro_simulation:/home/user/exchange/workspace/install/tiago_pro_robot:/home/user/exchange/workspace/install/tiago_pro_navigation:/home/user/exchange/workspace/install/tiago_pro_gazebo:/home/user/exchange/workspace/install/tiago_pro_rgbd_sensors:/home/user/exchange/workspace/install/tiago_pro_mujoco:/home/user/exchange/workspace/install/tiago_pro_moveit_config:/home/user/exchange/workspace/install/tiago_pro_laser_sensors:/home/user/exchange/workspace/install/tiago_pro_description:/home/user/exchange/workspace/install/tiago_pro_bringup:/home/user/exchange/workspace/install/tiago_pro_controller_configuration:/home/user/exchange/workspace/install/tiago_pro_2dnav:/home/user/exchange/workspace/install/pal_sea_arm_moveit_config:/home/user/exchange/workspace/install/pal_sea_arm:/home/user/exchange/workspace/install/pal_sea_arm_bringup:/home/user/exchange/workspace/install/pal_sea_arm_description:/home/user/exchange/workspace/install/pal_sea_arm_controller_configuration:/home/user/exchange/workspace/install/pal_pro_gripper_simulation:/home/user/exchange/workspace/install/pal_pro_gripper_bringup:/home/user/exchange/workspace/install/pal_pro_gripper:/home/user/exchange/workspace/install/pal_pro_gripper_controller_configuration:/home/user/exchange/workspace/install/pal_pro_gripper_description:/home/user/exchange/workspace/install/pal_gazebo_worlds:/opt/ros/humble CMAKE_PREFIX_PATH=/home/user/exchange/workspace/install/tiago_pro_description:/home/user/exchange/workspace/install/tiago_pro_bringup:/home/user/exchange/workspace/install/tiago_pro_controller_configuration:/home/user/exchange/workspace/install/pal_sea_arm_description:/home/user/exchange/workspace/install/pal_sea_arm_controller_configuration:/home/user/exchange/workspace/install/pal_pro_gripper_controller_configuration:/home/user/exchange/workspace/install/pal_pro_gripper_description:/home/user/exchange/workspace/install/tiago_manipulation_tasks:/home/user/exchange/workspace/install/tiago_pro_simulation:/home/user/exchange/workspace/install/tiago_pro_robot:/home/user/exchange/workspace/install/tiago_pro_navigation:/home/user/exchange/workspace/install/tiago_pro_gazebo:/home/user/exchange/workspace/install/tiago_pro_rgbd_sensors:/home/user/exchange/workspace/install/tiago_pro_mujoco:/home/user/exchange/workspace/install/tiago_pro_moveit_config:/home/user/exchange/workspace/install/tiago_pro_laser_sensors:/home/user/exchange/workspace/install/tiago_pro_2dnav:/home/user/exchange/workspace/install/pal_sea_arm_moveit_config:/home/user/exchange/workspace/install/pal_sea_arm:/home/user/exchange/workspace/install/pal_sea_arm_bringup:/home/user/exchange/workspace/install/pal_pro_gripper_simulation:/home/user/exchange/workspace/install/pal_pro_gripper_bringup:/home/user/exchange/workspace/install/pal_pro_gripper:/home/user/exchange/workspace/install/pal_gazebo_worlds:/home/user/exchange/workspace/install/pick_task:/home/user/exchange/workspace/install/pal_pro_gripper_wrapper:/opt/ros/humble PYTHONPATH=/home/user/exchange/workspace/install/pal_pro_gripper_wrapper/lib/python3.10/site-packages:/home/user/exchange/workspace/install/pick_task/lib/python3.10/site-packages:/home/user/exchange/workspace/install/tiago_pro_description/local/lib/python3.10/dist-packages:/home/user/exchange/workspace/install/pal_sea_arm_description/local/lib/python3.10/dist-packages:/home/user/exchange/workspace/install/pal_pro_gripper_description/local/lib/python3.10/dist-packages:/opt/ros/humble/lib/python3.10/site-packages:/opt/ros/humble/local/lib/python3.10/dist-packages /usr/bin/cmake --install /home/user/exchange/workspace/build/tiago_pro_robot
[1.763s] Level 1:colcon.colcon_core.environment:create_environment_scripts_only(tiago_pro_moveit_config)
[1.763s] Level 1:colcon.colcon_core.environment:checking '/home/user/exchange/workspace/install/tiago_pro_moveit_config' for CMake module files
[1.764s] Level 1:colcon.colcon_core.environment:checking '/home/user/exchange/workspace/install/tiago_pro_moveit_config' for CMake config files
[1.766s] Level 1:colcon.colcon_core.shell:create_environment_hook('tiago_pro_moveit_config', 'cmake_prefix_path')
[1.766s] INFO:colcon.colcon_core.shell:Creating environment hook '/home/user/exchange/workspace/install/tiago_pro_moveit_config/share/tiago_pro_moveit_config/hook/cmake_prefix_path.ps1'
[1.767s] INFO:colcon.colcon_core.shell:Creating environment descriptor '/home/user/exchange/workspace/install/tiago_pro_moveit_config/share/tiago_pro_moveit_config/hook/cmake_prefix_path.dsv'
[1.768s] INFO:colcon.colcon_core.shell:Creating environment hook '/home/user/exchange/workspace/install/tiago_pro_moveit_config/share/tiago_pro_moveit_config/hook/cmake_prefix_path.sh'
[1.769s] Level 1:colcon.colcon_core.environment:checking '/home/user/exchange/workspace/install/tiago_pro_moveit_config/lib'
[1.769s] Level 1:colcon.colcon_core.environment:checking '/home/user/exchange/workspace/install/tiago_pro_moveit_config/bin'
[1.769s] Level 1:colcon.colcon_core.environment:checking '/home/user/exchange/workspace/install/tiago_pro_moveit_config/lib/pkgconfig/tiago_pro_moveit_config.pc'
[1.769s] Level 1:colcon.colcon_core.environment:checking '/home/user/exchange/workspace/install/tiago_pro_moveit_config/lib/python3.10/site-packages'
[1.769s] Level 1:colcon.colcon_core.environment:checking '/home/user/exchange/workspace/install/tiago_pro_moveit_config/bin'
[1.770s] INFO:colcon.colcon_core.shell:Creating package script '/home/user/exchange/workspace/install/tiago_pro_moveit_config/share/tiago_pro_moveit_config/package.ps1'
[1.771s] INFO:colcon.colcon_core.shell:Creating package descriptor '/home/user/exchange/workspace/install/tiago_pro_moveit_config/share/tiago_pro_moveit_config/package.dsv'
[1.772s] INFO:colcon.colcon_core.shell:Creating package script '/home/user/exchange/workspace/install/tiago_pro_moveit_config/share/tiago_pro_moveit_config/package.sh'
[1.773s] INFO:colcon.colcon_core.shell:Creating package script '/home/user/exchange/workspace/install/tiago_pro_moveit_config/share/tiago_pro_moveit_config/package.bash'
[1.773s] INFO:colcon.colcon_core.shell:Creating package script '/home/user/exchange/workspace/install/tiago_pro_moveit_config/share/tiago_pro_moveit_config/package.zsh'
[1.774s] Level 1:colcon.colcon_core.environment:create_file_with_runtime_dependencies(/home/user/exchange/workspace/install/tiago_pro_moveit_config/share/colcon-core/packages/tiago_pro_moveit_config)
[1.774s] Level 1:colcon.colcon_core.environment:create_environment_scripts_only(tiago_pro_moveit_config)
[1.774s] Level 1:colcon.colcon_core.environment:checking '/home/user/exchange/workspace/install/tiago_pro_moveit_config' for CMake module files
[1.775s] Level 1:colcon.colcon_core.environment:checking '/home/user/exchange/workspace/install/tiago_pro_moveit_config' for CMake config files
[1.775s] Level 1:colcon.colcon_core.shell:create_environment_hook('tiago_pro_moveit_config', 'cmake_prefix_path')
[1.775s] INFO:colcon.colcon_core.shell:Creating environment hook '/home/user/exchange/workspace/install/tiago_pro_moveit_config/share/tiago_pro_moveit_config/hook/cmake_prefix_path.ps1'
[1.775s] INFO:colcon.colcon_core.shell:Creating environment descriptor '/home/user/exchange/workspace/install/tiago_pro_moveit_config/share/tiago_pro_moveit_config/hook/cmake_prefix_path.dsv'
[1.775s] INFO:colcon.colcon_core.shell:Creating environment hook '/home/user/exchange/workspace/install/tiago_pro_moveit_config/share/tiago_pro_moveit_config/hook/cmake_prefix_path.sh'
[1.776s] Level 1:colcon.colcon_core.environment:checking '/home/user/exchange/workspace/install/tiago_pro_moveit_config/lib'
[1.776s] Level 1:colcon.colcon_core.environment:checking '/home/user/exchange/workspace/install/tiago_pro_moveit_config/bin'
[1.776s] Level 1:colcon.colcon_core.environment:checking '/home/user/exchange/workspace/install/tiago_pro_moveit_config/lib/pkgconfig/tiago_pro_moveit_config.pc'
[1.776s] Level 1:colcon.colcon_core.environment:checking '/home/user/exchange/workspace/install/tiago_pro_moveit_config/lib/python3.10/site-packages'
[1.776s] Level 1:colcon.colcon_core.environment:checking '/home/user/exchange/workspace/install/tiago_pro_moveit_config/bin'
[1.777s] INFO:colcon.colcon_core.shell:Creating package script '/home/user/exchange/workspace/install/tiago_pro_moveit_config/share/tiago_pro_moveit_config/package.ps1'
[1.777s] INFO:colcon.colcon_core.shell:Creating package descriptor '/home/user/exchange/workspace/install/tiago_pro_moveit_config/share/tiago_pro_moveit_config/package.dsv'
[1.777s] INFO:colcon.colcon_core.shell:Creating package script '/home/user/exchange/workspace/install/tiago_pro_moveit_config/share/tiago_pro_moveit_config/package.sh'
[1.778s] INFO:colcon.colcon_core.shell:Creating package script '/home/user/exchange/workspace/install/tiago_pro_moveit_config/share/tiago_pro_moveit_config/package.bash'
[1.778s] INFO:colcon.colcon_core.shell:Creating package script '/home/user/exchange/workspace/install/tiago_pro_moveit_config/share/tiago_pro_moveit_config/package.zsh'
[1.778s] Level 1:colcon.colcon_core.environment:create_file_with_runtime_dependencies(/home/user/exchange/workspace/install/tiago_pro_moveit_config/share/colcon-core/packages/tiago_pro_moveit_config)
[1.779s] INFO:colcon.colcon_ros.task.ament_cmake.build:Building ROS package in '/home/user/exchange/workspace/src/tiago_pro_simulation/tiago_pro_gazebo' with build type 'ament_cmake'
[1.779s] INFO:colcon.colcon_cmake.task.cmake.build:Building CMake package in '/home/user/exchange/workspace/src/tiago_pro_simulation/tiago_pro_gazebo'
[1.779s] INFO:colcon.colcon_core.shell:Skip shell extension 'powershell' for command environment: Not usable outside of PowerShell
[1.779s] DEBUG:colcon.colcon_core.shell:Skip shell extension 'dsv' for command environment
[1.782s] DEBUG:colcon.colcon_core.event_handler.log_command:Invoked command in '/home/user/exchange/workspace/build/tiago_pro_moveit_config' returned '0': AMENT_PREFIX_PATH=/home/user/exchange/workspace/install/pal_pro_gripper_wrapper:/home/user/exchange/workspace/install/tiago_manipulation_tasks:/home/user/exchange/workspace/install/pick_task:/home/user/exchange/workspace/install/tiago_pro_simulation:/home/user/exchange/workspace/install/tiago_pro_robot:/home/user/exchange/workspace/install/tiago_pro_navigation:/home/user/exchange/workspace/install/tiago_pro_gazebo:/home/user/exchange/workspace/install/tiago_pro_rgbd_sensors:/home/user/exchange/workspace/install/tiago_pro_mujoco:/home/user/exchange/workspace/install/tiago_pro_moveit_config:/home/user/exchange/workspace/install/tiago_pro_laser_sensors:/home/user/exchange/workspace/install/tiago_pro_description:/home/user/exchange/workspace/install/tiago_pro_bringup:/home/user/exchange/workspace/install/tiago_pro_controller_configuration:/home/user/exchange/workspace/install/tiago_pro_2dnav:/home/user/exchange/workspace/install/pal_sea_arm_moveit_config:/home/user/exchange/workspace/install/pal_sea_arm:/home/user/exchange/workspace/install/pal_sea_arm_bringup:/home/user/exchange/workspace/install/pal_sea_arm_description:/home/user/exchange/workspace/install/pal_sea_arm_controller_configuration:/home/user/exchange/workspace/install/pal_pro_gripper_simulation:/home/user/exchange/workspace/install/pal_pro_gripper_bringup:/home/user/exchange/workspace/install/pal_pro_gripper:/home/user/exchange/workspace/install/pal_pro_gripper_controller_configuration:/home/user/exchange/workspace/install/pal_pro_gripper_description:/home/user/exchange/workspace/install/pal_gazebo_worlds:/opt/ros/humble CMAKE_PREFIX_PATH=/home/user/exchange/workspace/install/tiago_pro_description:/home/user/exchange/workspace/install/pal_sea_arm_moveit_config:/home/user/exchange/workspace/install/pal_sea_arm_description:/home/user/exchange/workspace/install/pal_sea_arm_controller_configuration:/home/user/exchange/workspace/install/pal_pro_gripper_controller_configuration:/home/user/exchange/workspace/install/pal_pro_gripper_description:/home/user/exchange/workspace/install/tiago_manipulation_tasks:/home/user/exchange/workspace/install/tiago_pro_simulation:/home/user/exchange/workspace/install/tiago_pro_robot:/home/user/exchange/workspace/install/tiago_pro_navigation:/home/user/exchange/workspace/install/tiago_pro_gazebo:/home/user/exchange/workspace/install/tiago_pro_rgbd_sensors:/home/user/exchange/workspace/install/tiago_pro_mujoco:/home/user/exchange/workspace/install/tiago_pro_moveit_config:/home/user/exchange/workspace/install/tiago_pro_laser_sensors:/home/user/exchange/workspace/install/tiago_pro_bringup:/home/user/exchange/workspace/install/tiago_pro_controller_configuration:/home/user/exchange/workspace/install/tiago_pro_2dnav:/home/user/exchange/workspace/install/pal_sea_arm:/home/user/exchange/workspace/install/pal_sea_arm_bringup:/home/user/exchange/workspace/install/pal_pro_gripper_simulation:/home/user/exchange/workspace/install/pal_pro_gripper_bringup:/home/user/exchange/workspace/install/pal_pro_gripper:/home/user/exchange/workspace/install/pal_gazebo_worlds:/home/user/exchange/workspace/install/pick_task:/home/user/exchange/workspace/install/pal_pro_gripper_wrapper:/opt/ros/humble PYTHONPATH=/home/user/exchange/workspace/install/pal_pro_gripper_wrapper/lib/python3.10/site-packages:/home/user/exchange/workspace/install/pick_task/lib/python3.10/site-packages:/home/user/exchange/workspace/install/tiago_pro_description/local/lib/python3.10/dist-packages:/home/user/exchange/workspace/install/pal_sea_arm_description/local/lib/python3.10/dist-packages:/home/user/exchange/workspace/install/pal_pro_gripper_description/local/lib/python3.10/dist-packages:/opt/ros/humble/lib/python3.10/site-packages:/opt/ros/humble/local/lib/python3.10/dist-packages /usr/bin/cmake --install /home/user/exchange/workspace/build/tiago_pro_moveit_config
[1.785s] INFO:colcon.colcon_ros.task.ament_cmake.build:Building ROS package in '/home/user/exchange/workspace/src/tiago_pro_simulation/tiago_pro_mujoco' with build type 'ament_cmake'
[1.785s] INFO:colcon.colcon_cmake.task.cmake.build:Building CMake package in '/home/user/exchange/workspace/src/tiago_pro_simulation/tiago_pro_mujoco'
[1.785s] INFO:colcon.colcon_core.shell:Skip shell extension 'powershell' for command environment: Not usable outside of PowerShell
[1.785s] DEBUG:colcon.colcon_core.shell:Skip shell extension 'dsv' for command environment
[1.790s] Level 1:colcon.colcon_core.environment:create_environment_scripts_only(tiago_pro_robot)
[1.791s] Level 1:colcon.colcon_core.environment:checking '/home/user/exchange/workspace/install/tiago_pro_robot' for CMake module files
[1.791s] DEBUG:colcon.colcon_core.event_handler.log_command:Invoked command in '/home/user/exchange/workspace/build/tiago_pro_robot' returned '0': AMENT_PREFIX_PATH=/home/user/exchange/workspace/install/pal_pro_gripper_wrapper:/home/user/exchange/workspace/install/tiago_manipulation_tasks:/home/user/exchange/workspace/install/pick_task:/home/user/exchange/workspace/install/tiago_pro_simulation:/home/user/exchange/workspace/install/tiago_pro_robot:/home/user/exchange/workspace/install/tiago_pro_navigation:/home/user/exchange/workspace/install/tiago_pro_gazebo:/home/user/exchange/workspace/install/tiago_pro_rgbd_sensors:/home/user/exchange/workspace/install/tiago_pro_mujoco:/home/user/exchange/workspace/install/tiago_pro_moveit_config:/home/user/exchange/workspace/install/tiago_pro_laser_sensors:/home/user/exchange/workspace/install/tiago_pro_description:/home/user/exchange/workspace/install/tiago_pro_bringup:/home/user/exchange/workspace/install/tiago_pro_controller_configuration:/home/user/exchange/workspace/install/tiago_pro_2dnav:/home/user/exchange/workspace/install/pal_sea_arm_moveit_config:/home/user/exchange/workspace/install/pal_sea_arm:/home/user/exchange/workspace/install/pal_sea_arm_bringup:/home/user/exchange/workspace/install/pal_sea_arm_description:/home/user/exchange/workspace/install/pal_sea_arm_controller_configuration:/home/user/exchange/workspace/install/pal_pro_gripper_simulation:/home/user/exchange/workspace/install/pal_pro_gripper_bringup:/home/user/exchange/workspace/install/pal_pro_gripper:/home/user/exchange/workspace/install/pal_pro_gripper_controller_configuration:/home/user/exchange/workspace/install/pal_pro_gripper_description:/home/user/exchange/workspace/install/pal_gazebo_worlds:/opt/ros/humble CMAKE_PREFIX_PATH=/home/user/exchange/workspace/install/tiago_pro_description:/home/user/exchange/workspace/install/tiago_pro_bringup:/home/user/exchange/workspace/install/tiago_pro_controller_configuration:/home/user/exchange/workspace/install/pal_sea_arm_description:/home/user/exchange/workspace/install/pal_sea_arm_controller_configuration:/home/user/exchange/workspace/install/pal_pro_gripper_controller_configuration:/home/user/exchange/workspace/install/pal_pro_gripper_description:/home/user/exchange/workspace/install/tiago_manipulation_tasks:/home/user/exchange/workspace/install/tiago_pro_simulation:/home/user/exchange/workspace/install/tiago_pro_robot:/home/user/exchange/workspace/install/tiago_pro_navigation:/home/user/exchange/workspace/install/tiago_pro_gazebo:/home/user/exchange/workspace/install/tiago_pro_rgbd_sensors:/home/user/exchange/workspace/install/tiago_pro_mujoco:/home/user/exchange/workspace/install/tiago_pro_moveit_config:/home/user/exchange/workspace/install/tiago_pro_laser_sensors:/home/user/exchange/workspace/install/tiago_pro_2dnav:/home/user/exchange/workspace/install/pal_sea_arm_moveit_config:/home/user/exchange/workspace/install/pal_sea_arm:/home/user/exchange/workspace/install/pal_sea_arm_bringup:/home/user/exchange/workspace/install/pal_pro_gripper_simulation:/home/user/exchange/workspace/install/pal_pro_gripper_bringup:/home/user/exchange/workspace/install/pal_pro_gripper:/home/user/exchange/workspace/install/pal_gazebo_worlds:/home/user/exchange/workspace/install/pick_task:/home/user/exchange/workspace/install/pal_pro_gripper_wrapper:/opt/ros/humble PYTHONPATH=/home/user/exchange/workspace/install/pal_pro_gripper_wrapper/lib/python3.10/site-packages:/home/user/exchange/workspace/install/pick_task/lib/python3.10/site-packages:/home/user/exchange/workspace/install/tiago_pro_description/local/lib/python3.10/dist-packages:/home/user/exchange/workspace/install/pal_sea_arm_description/local/lib/python3.10/dist-packages:/home/user/exchange/workspace/install/pal_pro_gripper_description/local/lib/python3.10/dist-packages:/opt/ros/humble/lib/python3.10/site-packages:/opt/ros/humble/local/lib/python3.10/dist-packages /usr/bin/cmake --install /home/user/exchange/workspace/build/tiago_pro_robot
[1.791s] Level 1:colcon.colcon_core.environment:checking '/home/user/exchange/workspace/install/tiago_pro_robot' for CMake config files
[1.791s] Level 1:colcon.colcon_core.shell:create_environment_hook('tiago_pro_robot', 'cmake_prefix_path')
[1.792s] INFO:colcon.colcon_core.shell:Creating environment hook '/home/user/exchange/workspace/install/tiago_pro_robot/share/tiago_pro_robot/hook/cmake_prefix_path.ps1'
[1.792s] INFO:colcon.colcon_core.shell:Creating environment descriptor '/home/user/exchange/workspace/install/tiago_pro_robot/share/tiago_pro_robot/hook/cmake_prefix_path.dsv'
[1.792s] INFO:colcon.colcon_core.shell:Creating environment hook '/home/user/exchange/workspace/install/tiago_pro_robot/share/tiago_pro_robot/hook/cmake_prefix_path.sh'
[1.793s] Level 1:colcon.colcon_core.environment:checking '/home/user/exchange/workspace/install/tiago_pro_robot/bin'
[1.793s] Level 1:colcon.colcon_core.environment:checking '/home/user/exchange/workspace/install/tiago_pro_robot/lib/pkgconfig/tiago_pro_robot.pc'
[1.793s] Level 1:colcon.colcon_core.environment:checking '/home/user/exchange/workspace/install/tiago_pro_robot/lib/python3.10/site-packages'
[1.793s] Level 1:colcon.colcon_core.environment:checking '/home/user/exchange/workspace/install/tiago_pro_robot/bin'
[1.794s] INFO:colcon.colcon_core.shell:Creating package script '/home/user/exchange/workspace/install/tiago_pro_robot/share/tiago_pro_robot/package.ps1'
[1.794s] INFO:colcon.colcon_core.shell:Creating package descriptor '/home/user/exchange/workspace/install/tiago_pro_robot/share/tiago_pro_robot/package.dsv'
[1.794s] INFO:colcon.colcon_core.shell:Creating package script '/home/user/exchange/workspace/install/tiago_pro_robot/share/tiago_pro_robot/package.sh'
[1.795s] INFO:colcon.colcon_core.shell:Creating package script '/home/user/exchange/workspace/install/tiago_pro_robot/share/tiago_pro_robot/package.bash'
[1.795s] INFO:colcon.colcon_core.shell:Creating package script '/home/user/exchange/workspace/install/tiago_pro_robot/share/tiago_pro_robot/package.zsh'
[1.795s] Level 1:colcon.colcon_core.environment:create_file_with_runtime_dependencies(/home/user/exchange/workspace/install/tiago_pro_robot/share/colcon-core/packages/tiago_pro_robot)
[1.796s] Level 1:colcon.colcon_core.environment:create_environment_scripts_only(tiago_pro_robot)
[1.796s] Level 1:colcon.colcon_core.environment:checking '/home/user/exchange/workspace/install/tiago_pro_robot' for CMake module files
[1.796s] Level 1:colcon.colcon_core.environment:checking '/home/user/exchange/workspace/install/tiago_pro_robot' for CMake config files
[1.797s] Level 1:colcon.colcon_core.shell:create_environment_hook('tiago_pro_robot', 'cmake_prefix_path')
[1.797s] INFO:colcon.colcon_core.shell:Creating environment hook '/home/user/exchange/workspace/install/tiago_pro_robot/share/tiago_pro_robot/hook/cmake_prefix_path.ps1'
[1.797s] INFO:colcon.colcon_core.shell:Creating environment descriptor '/home/user/exchange/workspace/install/tiago_pro_robot/share/tiago_pro_robot/hook/cmake_prefix_path.dsv'
[1.797s] INFO:colcon.colcon_core.shell:Creating environment hook '/home/user/exchange/workspace/install/tiago_pro_robot/share/tiago_pro_robot/hook/cmake_prefix_path.sh'
[1.798s] Level 1:colcon.colcon_core.environment:checking '/home/user/exchange/workspace/install/tiago_pro_robot/bin'
[1.798s] Level 1:colcon.colcon_core.environment:checking '/home/user/exchange/workspace/install/tiago_pro_robot/lib/pkgconfig/tiago_pro_robot.pc'
[1.798s] Level 1:colcon.colcon_core.environment:checking '/home/user/exchange/workspace/install/tiago_pro_robot/lib/python3.10/site-packages'
[1.799s] Level 1:colcon.colcon_core.environment:checking '/home/user/exchange/workspace/install/tiago_pro_robot/bin'
[1.799s] INFO:colcon.colcon_core.shell:Creating package script '/home/user/exchange/workspace/install/tiago_pro_robot/share/tiago_pro_robot/package.ps1'
[1.799s] INFO:colcon.colcon_core.shell:Creating package descriptor '/home/user/exchange/workspace/install/tiago_pro_robot/share/tiago_pro_robot/package.dsv'
[1.800s] INFO:colcon.colcon_core.shell:Creating package script '/home/user/exchange/workspace/install/tiago_pro_robot/share/tiago_pro_robot/package.sh'
[1.800s] INFO:colcon.colcon_core.shell:Creating package script '/home/user/exchange/workspace/install/tiago_pro_robot/share/tiago_pro_robot/package.bash'
[1.800s] INFO:colcon.colcon_core.shell:Creating package script '/home/user/exchange/workspace/install/tiago_pro_robot/share/tiago_pro_robot/package.zsh'
[1.801s] Level 1:colcon.colcon_core.environment:create_file_with_runtime_dependencies(/home/user/exchange/workspace/install/tiago_pro_robot/share/colcon-core/packages/tiago_pro_robot)
[1.804s] DEBUG:colcon.colcon_core.event_handler.log_command:Invoking command in '/home/user/exchange/workspace/build/tiago_pro_gazebo': AMENT_PREFIX_PATH=/home/user/exchange/workspace/install/pal_pro_gripper_wrapper:/home/user/exchange/workspace/install/tiago_manipulation_tasks:/home/user/exchange/workspace/install/pick_task:/home/user/exchange/workspace/install/tiago_pro_simulation:/home/user/exchange/workspace/install/tiago_pro_robot:/home/user/exchange/workspace/install/tiago_pro_navigation:/home/user/exchange/workspace/install/tiago_pro_gazebo:/home/user/exchange/workspace/install/tiago_pro_rgbd_sensors:/home/user/exchange/workspace/install/tiago_pro_mujoco:/home/user/exchange/workspace/install/tiago_pro_moveit_config:/home/user/exchange/workspace/install/tiago_pro_laser_sensors:/home/user/exchange/workspace/install/tiago_pro_description:/home/user/exchange/workspace/install/tiago_pro_bringup:/home/user/exchange/workspace/install/tiago_pro_controller_configuration:/home/user/exchange/workspace/install/tiago_pro_2dnav:/home/user/exchange/workspace/install/pal_sea_arm_moveit_config:/home/user/exchange/workspace/install/pal_sea_arm:/home/user/exchange/workspace/install/pal_sea_arm_bringup:/home/user/exchange/workspace/install/pal_sea_arm_description:/home/user/exchange/workspace/install/pal_sea_arm_controller_configuration:/home/user/exchange/workspace/install/pal_pro_gripper_simulation:/home/user/exchange/workspace/install/pal_pro_gripper_bringup:/home/user/exchange/workspace/install/pal_pro_gripper:/home/user/exchange/workspace/install/pal_pro_gripper_controller_configuration:/home/user/exchange/workspace/install/pal_pro_gripper_description:/home/user/exchange/workspace/install/pal_gazebo_worlds:/opt/ros/humble CMAKE_PREFIX_PATH=/home/user/exchange/workspace/install/tiago_pro_moveit_config:/home/user/exchange/workspace/install/tiago_pro_description:/home/user/exchange/workspace/install/tiago_pro_bringup:/home/user/exchange/workspace/install/pal_sea_arm_moveit_config:/home/user/exchange/workspace/install/tiago_pro_controller_configuration:/home/user/exchange/workspace/install/pal_sea_arm_description:/home/user/exchange/workspace/install/pal_sea_arm_controller_configuration:/home/user/exchange/workspace/install/pal_pro_gripper_controller_configuration:/home/user/exchange/workspace/install/tiago_pro_rgbd_sensors:/home/user/exchange/workspace/install/tiago_pro_laser_sensors:/home/user/exchange/workspace/install/tiago_pro_2dnav:/home/user/exchange/workspace/install/pal_pro_gripper_description:/home/user/exchange/workspace/install/pal_gazebo_worlds:/home/user/exchange/workspace/install/tiago_manipulation_tasks:/home/user/exchange/workspace/install/tiago_pro_simulation:/home/user/exchange/workspace/install/tiago_pro_robot:/home/user/exchange/workspace/install/tiago_pro_navigation:/home/user/exchange/workspace/install/tiago_pro_gazebo:/home/user/exchange/workspace/install/tiago_pro_mujoco:/home/user/exchange/workspace/install/pal_sea_arm:/home/user/exchange/workspace/install/pal_sea_arm_bringup:/home/user/exchange/workspace/install/pal_pro_gripper_simulation:/home/user/exchange/workspace/install/pal_pro_gripper_bringup:/home/user/exchange/workspace/install/pal_pro_gripper:/home/user/exchange/workspace/install/pick_task:/home/user/exchange/workspace/install/pal_pro_gripper_wrapper:/opt/ros/humble PYTHONPATH=/home/user/exchange/workspace/install/pal_pro_gripper_wrapper/lib/python3.10/site-packages:/home/user/exchange/workspace/install/pick_task/lib/python3.10/site-packages:/home/user/exchange/workspace/install/tiago_pro_description/local/lib/python3.10/dist-packages:/home/user/exchange/workspace/install/pal_sea_arm_description/local/lib/python3.10/dist-packages:/home/user/exchange/workspace/install/pal_pro_gripper_description/local/lib/python3.10/dist-packages:/opt/ros/humble/lib/python3.10/site-packages:/opt/ros/humble/local/lib/python3.10/dist-packages /usr/bin/cmake --build /home/user/exchange/workspace/build/tiago_pro_gazebo -- -j12 -l12
[1.806s] DEBUG:colcon.colcon_core.event_handler.log_command:Invoking command in '/home/user/exchange/workspace/build/tiago_pro_mujoco': AMENT_PREFIX_PATH=/home/user/exchange/workspace/install/pal_pro_gripper_wrapper:/home/user/exchange/workspace/install/tiago_manipulation_tasks:/home/user/exchange/workspace/install/pick_task:/home/user/exchange/workspace/install/tiago_pro_simulation:/home/user/exchange/workspace/install/tiago_pro_robot:/home/user/exchange/workspace/install/tiago_pro_navigation:/home/user/exchange/workspace/install/tiago_pro_gazebo:/home/user/exchange/workspace/install/tiago_pro_rgbd_sensors:/home/user/exchange/workspace/install/tiago_pro_mujoco:/home/user/exchange/workspace/install/tiago_pro_moveit_config:/home/user/exchange/workspace/install/tiago_pro_laser_sensors:/home/user/exchange/workspace/install/tiago_pro_description:/home/user/exchange/workspace/install/tiago_pro_bringup:/home/user/exchange/workspace/install/tiago_pro_controller_configuration:/home/user/exchange/workspace/install/tiago_pro_2dnav:/home/user/exchange/workspace/install/pal_sea_arm_moveit_config:/home/user/exchange/workspace/install/pal_sea_arm:/home/user/exchange/workspace/install/pal_sea_arm_bringup:/home/user/exchange/workspace/install/pal_sea_arm_description:/home/user/exchange/workspace/install/pal_sea_arm_controller_configuration:/home/user/exchange/workspace/install/pal_pro_gripper_simulation:/home/user/exchange/workspace/install/pal_pro_gripper_bringup:/home/user/exchange/workspace/install/pal_pro_gripper:/home/user/exchange/workspace/install/pal_pro_gripper_controller_configuration:/home/user/exchange/workspace/install/pal_pro_gripper_description:/home/user/exchange/workspace/install/pal_gazebo_worlds:/opt/ros/humble CMAKE_PREFIX_PATH=/home/user/exchange/workspace/install/tiago_pro_moveit_config:/home/user/exchange/workspace/install/tiago_pro_description:/home/user/exchange/workspace/install/tiago_pro_bringup:/home/user/exchange/workspace/install/pal_sea_arm_moveit_config:/home/user/exchange/workspace/install/tiago_pro_controller_configuration:/home/user/exchange/workspace/install/pal_sea_arm_description:/home/user/exchange/workspace/install/pal_sea_arm_controller_configuration:/home/user/exchange/workspace/install/pal_pro_gripper_controller_configuration:/home/user/exchange/workspace/install/tiago_pro_laser_sensors:/home/user/exchange/workspace/install/pal_pro_gripper_description:/home/user/exchange/workspace/install/tiago_manipulation_tasks:/home/user/exchange/workspace/install/tiago_pro_simulation:/home/user/exchange/workspace/install/tiago_pro_robot:/home/user/exchange/workspace/install/tiago_pro_navigation:/home/user/exchange/workspace/install/tiago_pro_gazebo:/home/user/exchange/workspace/install/tiago_pro_rgbd_sensors:/home/user/exchange/workspace/install/tiago_pro_mujoco:/home/user/exchange/workspace/install/tiago_pro_2dnav:/home/user/exchange/workspace/install/pal_sea_arm:/home/user/exchange/workspace/install/pal_sea_arm_bringup:/home/user/exchange/workspace/install/pal_pro_gripper_simulation:/home/user/exchange/workspace/install/pal_pro_gripper_bringup:/home/user/exchange/workspace/install/pal_pro_gripper:/home/user/exchange/workspace/install/pal_gazebo_worlds:/home/user/exchange/workspace/install/pick_task:/home/user/exchange/workspace/install/pal_pro_gripper_wrapper:/opt/ros/humble PYTHONPATH=/home/user/exchange/workspace/install/pal_pro_gripper_wrapper/lib/python3.10/site-packages:/home/user/exchange/workspace/install/pick_task/lib/python3.10/site-packages:/home/user/exchange/workspace/install/tiago_pro_description/local/lib/python3.10/dist-packages:/home/user/exchange/workspace/install/pal_sea_arm_description/local/lib/python3.10/dist-packages:/home/user/exchange/workspace/install/pal_pro_gripper_description/local/lib/python3.10/dist-packages:/opt/ros/humble/lib/python3.10/site-packages:/opt/ros/humble/local/lib/python3.10/dist-packages /usr/bin/cmake --build /home/user/exchange/workspace/build/tiago_pro_mujoco -- -j12 -l12
[1.831s] DEBUG:colcon.colcon_core.event_handler.log_command:Invoked command in '/home/user/exchange/workspace/build/tiago_pro_gazebo' returned '0': AMENT_PREFIX_PATH=/home/user/exchange/workspace/install/pal_pro_gripper_wrapper:/home/user/exchange/workspace/install/tiago_manipulation_tasks:/home/user/exchange/workspace/install/pick_task:/home/user/exchange/workspace/install/tiago_pro_simulation:/home/user/exchange/workspace/install/tiago_pro_robot:/home/user/exchange/workspace/install/tiago_pro_navigation:/home/user/exchange/workspace/install/tiago_pro_gazebo:/home/user/exchange/workspace/install/tiago_pro_rgbd_sensors:/home/user/exchange/workspace/install/tiago_pro_mujoco:/home/user/exchange/workspace/install/tiago_pro_moveit_config:/home/user/exchange/workspace/install/tiago_pro_laser_sensors:/home/user/exchange/workspace/install/tiago_pro_description:/home/user/exchange/workspace/install/tiago_pro_bringup:/home/user/exchange/workspace/install/tiago_pro_controller_configuration:/home/user/exchange/workspace/install/tiago_pro_2dnav:/home/user/exchange/workspace/install/pal_sea_arm_moveit_config:/home/user/exchange/workspace/install/pal_sea_arm:/home/user/exchange/workspace/install/pal_sea_arm_bringup:/home/user/exchange/workspace/install/pal_sea_arm_description:/home/user/exchange/workspace/install/pal_sea_arm_controller_configuration:/home/user/exchange/workspace/install/pal_pro_gripper_simulation:/home/user/exchange/workspace/install/pal_pro_gripper_bringup:/home/user/exchange/workspace/install/pal_pro_gripper:/home/user/exchange/workspace/install/pal_pro_gripper_controller_configuration:/home/user/exchange/workspace/install/pal_pro_gripper_description:/home/user/exchange/workspace/install/pal_gazebo_worlds:/opt/ros/humble CMAKE_PREFIX_PATH=/home/user/exchange/workspace/install/tiago_pro_moveit_config:/home/user/exchange/workspace/install/tiago_pro_description:/home/user/exchange/workspace/install/tiago_pro_bringup:/home/user/exchange/workspace/install/pal_sea_arm_moveit_config:/home/user/exchange/workspace/install/tiago_pro_controller_configuration:/home/user/exchange/workspace/install/pal_sea_arm_description:/home/user/exchange/workspace/install/pal_sea_arm_controller_configuration:/home/user/exchange/workspace/install/pal_pro_gripper_controller_configuration:/home/user/exchange/workspace/install/tiago_pro_rgbd_sensors:/home/user/exchange/workspace/install/tiago_pro_laser_sensors:/home/user/exchange/workspace/install/tiago_pro_2dnav:/home/user/exchange/workspace/install/pal_pro_gripper_description:/home/user/exchange/workspace/install/pal_gazebo_worlds:/home/user/exchange/workspace/install/tiago_manipulation_tasks:/home/user/exchange/workspace/install/tiago_pro_simulation:/home/user/exchange/workspace/install/tiago_pro_robot:/home/user/exchange/workspace/install/tiago_pro_navigation:/home/user/exchange/workspace/install/tiago_pro_gazebo:/home/user/exchange/workspace/install/tiago_pro_mujoco:/home/user/exchange/workspace/install/pal_sea_arm:/home/user/exchange/workspace/install/pal_sea_arm_bringup:/home/user/exchange/workspace/install/pal_pro_gripper_simulation:/home/user/exchange/workspace/install/pal_pro_gripper_bringup:/home/user/exchange/workspace/install/pal_pro_gripper:/home/user/exchange/workspace/install/pick_task:/home/user/exchange/workspace/install/pal_pro_gripper_wrapper:/opt/ros/humble PYTHONPATH=/home/user/exchange/workspace/install/pal_pro_gripper_wrapper/lib/python3.10/site-packages:/home/user/exchange/workspace/install/pick_task/lib/python3.10/site-packages:/home/user/exchange/workspace/install/tiago_pro_description/local/lib/python3.10/dist-packages:/home/user/exchange/workspace/install/pal_sea_arm_description/local/lib/python3.10/dist-packages:/home/user/exchange/workspace/install/pal_pro_gripper_description/local/lib/python3.10/dist-packages:/opt/ros/humble/lib/python3.10/site-packages:/opt/ros/humble/local/lib/python3.10/dist-packages /usr/bin/cmake --build /home/user/exchange/workspace/build/tiago_pro_gazebo -- -j12 -l12
[1.833s] DEBUG:colcon.colcon_core.event_handler.log_command:Invoking command in '/home/user/exchange/workspace/build/tiago_pro_gazebo': AMENT_PREFIX_PATH=/home/user/exchange/workspace/install/pal_pro_gripper_wrapper:/home/user/exchange/workspace/install/tiago_manipulation_tasks:/home/user/exchange/workspace/install/pick_task:/home/user/exchange/workspace/install/tiago_pro_simulation:/home/user/exchange/workspace/install/tiago_pro_robot:/home/user/exchange/workspace/install/tiago_pro_navigation:/home/user/exchange/workspace/install/tiago_pro_gazebo:/home/user/exchange/workspace/install/tiago_pro_rgbd_sensors:/home/user/exchange/workspace/install/tiago_pro_mujoco:/home/user/exchange/workspace/install/tiago_pro_moveit_config:/home/user/exchange/workspace/install/tiago_pro_laser_sensors:/home/user/exchange/workspace/install/tiago_pro_description:/home/user/exchange/workspace/install/tiago_pro_bringup:/home/user/exchange/workspace/install/tiago_pro_controller_configuration:/home/user/exchange/workspace/install/tiago_pro_2dnav:/home/user/exchange/workspace/install/pal_sea_arm_moveit_config:/home/user/exchange/workspace/install/pal_sea_arm:/home/user/exchange/workspace/install/pal_sea_arm_bringup:/home/user/exchange/workspace/install/pal_sea_arm_description:/home/user/exchange/workspace/install/pal_sea_arm_controller_configuration:/home/user/exchange/workspace/install/pal_pro_gripper_simulation:/home/user/exchange/workspace/install/pal_pro_gripper_bringup:/home/user/exchange/workspace/install/pal_pro_gripper:/home/user/exchange/workspace/install/pal_pro_gripper_controller_configuration:/home/user/exchange/workspace/install/pal_pro_gripper_description:/home/user/exchange/workspace/install/pal_gazebo_worlds:/opt/ros/humble CMAKE_PREFIX_PATH=/home/user/exchange/workspace/install/tiago_pro_moveit_config:/home/user/exchange/workspace/install/tiago_pro_description:/home/user/exchange/workspace/install/tiago_pro_bringup:/home/user/exchange/workspace/install/pal_sea_arm_moveit_config:/home/user/exchange/workspace/install/tiago_pro_controller_configuration:/home/user/exchange/workspace/install/pal_sea_arm_description:/home/user/exchange/workspace/install/pal_sea_arm_controller_configuration:/home/user/exchange/workspace/install/pal_pro_gripper_controller_configuration:/home/user/exchange/workspace/install/tiago_pro_rgbd_sensors:/home/user/exchange/workspace/install/tiago_pro_laser_sensors:/home/user/exchange/workspace/install/tiago_pro_2dnav:/home/user/exchange/workspace/install/pal_pro_gripper_description:/home/user/exchange/workspace/install/pal_gazebo_worlds:/home/user/exchange/workspace/install/tiago_manipulation_tasks:/home/user/exchange/workspace/install/tiago_pro_simulation:/home/user/exchange/workspace/install/tiago_pro_robot:/home/user/exchange/workspace/install/tiago_pro_navigation:/home/user/exchange/workspace/install/tiago_pro_gazebo:/home/user/exchange/workspace/install/tiago_pro_mujoco:/home/user/exchange/workspace/install/pal_sea_arm:/home/user/exchange/workspace/install/pal_sea_arm_bringup:/home/user/exchange/workspace/install/pal_pro_gripper_simulation:/home/user/exchange/workspace/install/pal_pro_gripper_bringup:/home/user/exchange/workspace/install/pal_pro_gripper:/home/user/exchange/workspace/install/pick_task:/home/user/exchange/workspace/install/pal_pro_gripper_wrapper:/opt/ros/humble PYTHONPATH=/home/user/exchange/workspace/install/pal_pro_gripper_wrapper/lib/python3.10/site-packages:/home/user/exchange/workspace/install/pick_task/lib/python3.10/site-packages:/home/user/exchange/workspace/install/tiago_pro_description/local/lib/python3.10/dist-packages:/home/user/exchange/workspace/install/pal_sea_arm_description/local/lib/python3.10/dist-packages:/home/user/exchange/workspace/install/pal_pro_gripper_description/local/lib/python3.10/dist-packages:/opt/ros/humble/lib/python3.10/site-packages:/opt/ros/humble/local/lib/python3.10/dist-packages /usr/bin/cmake --install /home/user/exchange/workspace/build/tiago_pro_gazebo
[1.834s] DEBUG:colcon.colcon_core.event_handler.log_command:Invoked command in '/home/user/exchange/workspace/build/tiago_pro_mujoco' returned '0': AMENT_PREFIX_PATH=/home/user/exchange/workspace/install/pal_pro_gripper_wrapper:/home/user/exchange/workspace/install/tiago_manipulation_tasks:/home/user/exchange/workspace/install/pick_task:/home/user/exchange/workspace/install/tiago_pro_simulation:/home/user/exchange/workspace/install/tiago_pro_robot:/home/user/exchange/workspace/install/tiago_pro_navigation:/home/user/exchange/workspace/install/tiago_pro_gazebo:/home/user/exchange/workspace/install/tiago_pro_rgbd_sensors:/home/user/exchange/workspace/install/tiago_pro_mujoco:/home/user/exchange/workspace/install/tiago_pro_moveit_config:/home/user/exchange/workspace/install/tiago_pro_laser_sensors:/home/user/exchange/workspace/install/tiago_pro_description:/home/user/exchange/workspace/install/tiago_pro_bringup:/home/user/exchange/workspace/install/tiago_pro_controller_configuration:/home/user/exchange/workspace/install/tiago_pro_2dnav:/home/user/exchange/workspace/install/pal_sea_arm_moveit_config:/home/user/exchange/workspace/install/pal_sea_arm:/home/user/exchange/workspace/install/pal_sea_arm_bringup:/home/user/exchange/workspace/install/pal_sea_arm_description:/home/user/exchange/workspace/install/pal_sea_arm_controller_configuration:/home/user/exchange/workspace/install/pal_pro_gripper_simulation:/home/user/exchange/workspace/install/pal_pro_gripper_bringup:/home/user/exchange/workspace/install/pal_pro_gripper:/home/user/exchange/workspace/install/pal_pro_gripper_controller_configuration:/home/user/exchange/workspace/install/pal_pro_gripper_description:/home/user/exchange/workspace/install/pal_gazebo_worlds:/opt/ros/humble CMAKE_PREFIX_PATH=/home/user/exchange/workspace/install/tiago_pro_moveit_config:/home/user/exchange/workspace/install/tiago_pro_description:/home/user/exchange/workspace/install/tiago_pro_bringup:/home/user/exchange/workspace/install/pal_sea_arm_moveit_config:/home/user/exchange/workspace/install/tiago_pro_controller_configuration:/home/user/exchange/workspace/install/pal_sea_arm_description:/home/user/exchange/workspace/install/pal_sea_arm_controller_configuration:/home/user/exchange/workspace/install/pal_pro_gripper_controller_configuration:/home/user/exchange/workspace/install/tiago_pro_laser_sensors:/home/user/exchange/workspace/install/pal_pro_gripper_description:/home/user/exchange/workspace/install/tiago_manipulation_tasks:/home/user/exchange/workspace/install/tiago_pro_simulation:/home/user/exchange/workspace/install/tiago_pro_robot:/home/user/exchange/workspace/install/tiago_pro_navigation:/home/user/exchange/workspace/install/tiago_pro_gazebo:/home/user/exchange/workspace/install/tiago_pro_rgbd_sensors:/home/user/exchange/workspace/install/tiago_pro_mujoco:/home/user/exchange/workspace/install/tiago_pro_2dnav:/home/user/exchange/workspace/install/pal_sea_arm:/home/user/exchange/workspace/install/pal_sea_arm_bringup:/home/user/exchange/workspace/install/pal_pro_gripper_simulation:/home/user/exchange/workspace/install/pal_pro_gripper_bringup:/home/user/exchange/workspace/install/pal_pro_gripper:/home/user/exchange/workspace/install/pal_gazebo_worlds:/home/user/exchange/workspace/install/pick_task:/home/user/exchange/workspace/install/pal_pro_gripper_wrapper:/opt/ros/humble PYTHONPATH=/home/user/exchange/workspace/install/pal_pro_gripper_wrapper/lib/python3.10/site-packages:/home/user/exchange/workspace/install/pick_task/lib/python3.10/site-packages:/home/user/exchange/workspace/install/tiago_pro_description/local/lib/python3.10/dist-packages:/home/user/exchange/workspace/install/pal_sea_arm_description/local/lib/python3.10/dist-packages:/home/user/exchange/workspace/install/pal_pro_gripper_description/local/lib/python3.10/dist-packages:/opt/ros/humble/lib/python3.10/site-packages:/opt/ros/humble/local/lib/python3.10/dist-packages /usr/bin/cmake --build /home/user/exchange/workspace/build/tiago_pro_mujoco -- -j12 -l12
[1.836s] DEBUG:colcon.colcon_core.event_handler.log_command:Invoking command in '/home/user/exchange/workspace/build/tiago_pro_mujoco': AMENT_PREFIX_PATH=/home/user/exchange/workspace/install/pal_pro_gripper_wrapper:/home/user/exchange/workspace/install/tiago_manipulation_tasks:/home/user/exchange/workspace/install/pick_task:/home/user/exchange/workspace/install/tiago_pro_simulation:/home/user/exchange/workspace/install/tiago_pro_robot:/home/user/exchange/workspace/install/tiago_pro_navigation:/home/user/exchange/workspace/install/tiago_pro_gazebo:/home/user/exchange/workspace/install/tiago_pro_rgbd_sensors:/home/user/exchange/workspace/install/tiago_pro_mujoco:/home/user/exchange/workspace/install/tiago_pro_moveit_config:/home/user/exchange/workspace/install/tiago_pro_laser_sensors:/home/user/exchange/workspace/install/tiago_pro_description:/home/user/exchange/workspace/install/tiago_pro_bringup:/home/user/exchange/workspace/install/tiago_pro_controller_configuration:/home/user/exchange/workspace/install/tiago_pro_2dnav:/home/user/exchange/workspace/install/pal_sea_arm_moveit_config:/home/user/exchange/workspace/install/pal_sea_arm:/home/user/exchange/workspace/install/pal_sea_arm_bringup:/home/user/exchange/workspace/install/pal_sea_arm_description:/home/user/exchange/workspace/install/pal_sea_arm_controller_configuration:/home/user/exchange/workspace/install/pal_pro_gripper_simulation:/home/user/exchange/workspace/install/pal_pro_gripper_bringup:/home/user/exchange/workspace/install/pal_pro_gripper:/home/user/exchange/workspace/install/pal_pro_gripper_controller_configuration:/home/user/exchange/workspace/install/pal_pro_gripper_description:/home/user/exchange/workspace/install/pal_gazebo_worlds:/opt/ros/humble CMAKE_PREFIX_PATH=/home/user/exchange/workspace/install/tiago_pro_moveit_config:/home/user/exchange/workspace/install/tiago_pro_description:/home/user/exchange/workspace/install/tiago_pro_bringup:/home/user/exchange/workspace/install/pal_sea_arm_moveit_config:/home/user/exchange/workspace/install/tiago_pro_controller_configuration:/home/user/exchange/workspace/install/pal_sea_arm_description:/home/user/exchange/workspace/install/pal_sea_arm_controller_configuration:/home/user/exchange/workspace/install/pal_pro_gripper_controller_configuration:/home/user/exchange/workspace/install/tiago_pro_laser_sensors:/home/user/exchange/workspace/install/pal_pro_gripper_description:/home/user/exchange/workspace/install/tiago_manipulation_tasks:/home/user/exchange/workspace/install/tiago_pro_simulation:/home/user/exchange/workspace/install/tiago_pro_robot:/home/user/exchange/workspace/install/tiago_pro_navigation:/home/user/exchange/workspace/install/tiago_pro_gazebo:/home/user/exchange/workspace/install/tiago_pro_rgbd_sensors:/home/user/exchange/workspace/install/tiago_pro_mujoco:/home/user/exchange/workspace/install/tiago_pro_2dnav:/home/user/exchange/workspace/install/pal_sea_arm:/home/user/exchange/workspace/install/pal_sea_arm_bringup:/home/user/exchange/workspace/install/pal_pro_gripper_simulation:/home/user/exchange/workspace/install/pal_pro_gripper_bringup:/home/user/exchange/workspace/install/pal_pro_gripper:/home/user/exchange/workspace/install/pal_gazebo_worlds:/home/user/exchange/workspace/install/pick_task:/home/user/exchange/workspace/install/pal_pro_gripper_wrapper:/opt/ros/humble PYTHONPATH=/home/user/exchange/workspace/install/pal_pro_gripper_wrapper/lib/python3.10/site-packages:/home/user/exchange/workspace/install/pick_task/lib/python3.10/site-packages:/home/user/exchange/workspace/install/tiago_pro_description/local/lib/python3.10/dist-packages:/home/user/exchange/workspace/install/pal_sea_arm_description/local/lib/python3.10/dist-packages:/home/user/exchange/workspace/install/pal_pro_gripper_description/local/lib/python3.10/dist-packages:/opt/ros/humble/lib/python3.10/site-packages:/opt/ros/humble/local/lib/python3.10/dist-packages /usr/bin/cmake --install /home/user/exchange/workspace/build/tiago_pro_mujoco
[1.841s] Level 1:colcon.colcon_core.environment:create_environment_scripts_only(tiago_pro_gazebo)
[1.841s] Level 1:colcon.colcon_core.environment:checking '/home/user/exchange/workspace/install/tiago_pro_gazebo' for CMake module files
[1.842s] DEBUG:colcon.colcon_core.event_handler.log_command:Invoked command in '/home/user/exchange/workspace/build/tiago_pro_gazebo' returned '0': AMENT_PREFIX_PATH=/home/user/exchange/workspace/install/pal_pro_gripper_wrapper:/home/user/exchange/workspace/install/tiago_manipulation_tasks:/home/user/exchange/workspace/install/pick_task:/home/user/exchange/workspace/install/tiago_pro_simulation:/home/user/exchange/workspace/install/tiago_pro_robot:/home/user/exchange/workspace/install/tiago_pro_navigation:/home/user/exchange/workspace/install/tiago_pro_gazebo:/home/user/exchange/workspace/install/tiago_pro_rgbd_sensors:/home/user/exchange/workspace/install/tiago_pro_mujoco:/home/user/exchange/workspace/install/tiago_pro_moveit_config:/home/user/exchange/workspace/install/tiago_pro_laser_sensors:/home/user/exchange/workspace/install/tiago_pro_description:/home/user/exchange/workspace/install/tiago_pro_bringup:/home/user/exchange/workspace/install/tiago_pro_controller_configuration:/home/user/exchange/workspace/install/tiago_pro_2dnav:/home/user/exchange/workspace/install/pal_sea_arm_moveit_config:/home/user/exchange/workspace/install/pal_sea_arm:/home/user/exchange/workspace/install/pal_sea_arm_bringup:/home/user/exchange/workspace/install/pal_sea_arm_description:/home/user/exchange/workspace/install/pal_sea_arm_controller_configuration:/home/user/exchange/workspace/install/pal_pro_gripper_simulation:/home/user/exchange/workspace/install/pal_pro_gripper_bringup:/home/user/exchange/workspace/install/pal_pro_gripper:/home/user/exchange/workspace/install/pal_pro_gripper_controller_configuration:/home/user/exchange/workspace/install/pal_pro_gripper_description:/home/user/exchange/workspace/install/pal_gazebo_worlds:/opt/ros/humble CMAKE_PREFIX_PATH=/home/user/exchange/workspace/install/tiago_pro_moveit_config:/home/user/exchange/workspace/install/tiago_pro_description:/home/user/exchange/workspace/install/tiago_pro_bringup:/home/user/exchange/workspace/install/pal_sea_arm_moveit_config:/home/user/exchange/workspace/install/tiago_pro_controller_configuration:/home/user/exchange/workspace/install/pal_sea_arm_description:/home/user/exchange/workspace/install/pal_sea_arm_controller_configuration:/home/user/exchange/workspace/install/pal_pro_gripper_controller_configuration:/home/user/exchange/workspace/install/tiago_pro_rgbd_sensors:/home/user/exchange/workspace/install/tiago_pro_laser_sensors:/home/user/exchange/workspace/install/tiago_pro_2dnav:/home/user/exchange/workspace/install/pal_pro_gripper_description:/home/user/exchange/workspace/install/pal_gazebo_worlds:/home/user/exchange/workspace/install/tiago_manipulation_tasks:/home/user/exchange/workspace/install/tiago_pro_simulation:/home/user/exchange/workspace/install/tiago_pro_robot:/home/user/exchange/workspace/install/tiago_pro_navigation:/home/user/exchange/workspace/install/tiago_pro_gazebo:/home/user/exchange/workspace/install/tiago_pro_mujoco:/home/user/exchange/workspace/install/pal_sea_arm:/home/user/exchange/workspace/install/pal_sea_arm_bringup:/home/user/exchange/workspace/install/pal_pro_gripper_simulation:/home/user/exchange/workspace/install/pal_pro_gripper_bringup:/home/user/exchange/workspace/install/pal_pro_gripper:/home/user/exchange/workspace/install/pick_task:/home/user/exchange/workspace/install/pal_pro_gripper_wrapper:/opt/ros/humble PYTHONPATH=/home/user/exchange/workspace/install/pal_pro_gripper_wrapper/lib/python3.10/site-packages:/home/user/exchange/workspace/install/pick_task/lib/python3.10/site-packages:/home/user/exchange/workspace/install/tiago_pro_description/local/lib/python3.10/dist-packages:/home/user/exchange/workspace/install/pal_sea_arm_description/local/lib/python3.10/dist-packages:/home/user/exchange/workspace/install/pal_pro_gripper_description/local/lib/python3.10/dist-packages:/opt/ros/humble/lib/python3.10/site-packages:/opt/ros/humble/local/lib/python3.10/dist-packages /usr/bin/cmake --install /home/user/exchange/workspace/build/tiago_pro_gazebo
[1.842s] Level 1:colcon.colcon_core.environment:checking '/home/user/exchange/workspace/install/tiago_pro_gazebo' for CMake config files
[1.842s] Level 1:colcon.colcon_core.shell:create_environment_hook('tiago_pro_gazebo', 'cmake_prefix_path')
[1.843s] INFO:colcon.colcon_core.shell:Creating environment hook '/home/user/exchange/workspace/install/tiago_pro_gazebo/share/tiago_pro_gazebo/hook/cmake_prefix_path.ps1'
[1.843s] INFO:colcon.colcon_core.shell:Creating environment descriptor '/home/user/exchange/workspace/install/tiago_pro_gazebo/share/tiago_pro_gazebo/hook/cmake_prefix_path.dsv'
[1.844s] INFO:colcon.colcon_core.shell:Creating environment hook '/home/user/exchange/workspace/install/tiago_pro_gazebo/share/tiago_pro_gazebo/hook/cmake_prefix_path.sh'
[1.845s] Level 1:colcon.colcon_core.environment:checking '/home/user/exchange/workspace/install/tiago_pro_gazebo/lib'
[1.845s] Level 1:colcon.colcon_core.environment:checking '/home/user/exchange/workspace/install/tiago_pro_gazebo/bin'
[1.845s] Level 1:colcon.colcon_core.environment:checking '/home/user/exchange/workspace/install/tiago_pro_gazebo/lib/pkgconfig/tiago_pro_gazebo.pc'
[1.845s] Level 1:colcon.colcon_core.environment:checking '/home/user/exchange/workspace/install/tiago_pro_gazebo/lib/python3.10/site-packages'
[1.845s] Level 1:colcon.colcon_core.environment:checking '/home/user/exchange/workspace/install/tiago_pro_gazebo/bin'
[1.845s] INFO:colcon.colcon_core.shell:Creating package script '/home/user/exchange/workspace/install/tiago_pro_gazebo/share/tiago_pro_gazebo/package.ps1'
[1.846s] INFO:colcon.colcon_core.shell:Creating package descriptor '/home/user/exchange/workspace/install/tiago_pro_gazebo/share/tiago_pro_gazebo/package.dsv'
[1.846s] INFO:colcon.colcon_core.shell:Creating package script '/home/user/exchange/workspace/install/tiago_pro_gazebo/share/tiago_pro_gazebo/package.sh'
[1.846s] INFO:colcon.colcon_core.shell:Creating package script '/home/user/exchange/workspace/install/tiago_pro_gazebo/share/tiago_pro_gazebo/package.bash'
[1.847s] INFO:colcon.colcon_core.shell:Creating package script '/home/user/exchange/workspace/install/tiago_pro_gazebo/share/tiago_pro_gazebo/package.zsh'
[1.847s] Level 1:colcon.colcon_core.environment:create_file_with_runtime_dependencies(/home/user/exchange/workspace/install/tiago_pro_gazebo/share/colcon-core/packages/tiago_pro_gazebo)
[1.847s] Level 1:colcon.colcon_core.environment:create_environment_scripts_only(tiago_pro_gazebo)
[1.847s] Level 1:colcon.colcon_core.environment:checking '/home/user/exchange/workspace/install/tiago_pro_gazebo' for CMake module files
[1.848s] Level 1:colcon.colcon_core.environment:checking '/home/user/exchange/workspace/install/tiago_pro_gazebo' for CMake config files
[1.848s] Level 1:colcon.colcon_core.shell:create_environment_hook('tiago_pro_gazebo', 'cmake_prefix_path')
[1.848s] INFO:colcon.colcon_core.shell:Creating environment hook '/home/user/exchange/workspace/install/tiago_pro_gazebo/share/tiago_pro_gazebo/hook/cmake_prefix_path.ps1'
[1.849s] INFO:colcon.colcon_core.shell:Creating environment descriptor '/home/user/exchange/workspace/install/tiago_pro_gazebo/share/tiago_pro_gazebo/hook/cmake_prefix_path.dsv'
[1.849s] INFO:colcon.colcon_core.shell:Creating environment hook '/home/user/exchange/workspace/install/tiago_pro_gazebo/share/tiago_pro_gazebo/hook/cmake_prefix_path.sh'
[1.849s] Level 1:colcon.colcon_core.environment:checking '/home/user/exchange/workspace/install/tiago_pro_gazebo/lib'
[1.849s] Level 1:colcon.colcon_core.environment:checking '/home/user/exchange/workspace/install/tiago_pro_gazebo/bin'
[1.849s] Level 1:colcon.colcon_core.environment:checking '/home/user/exchange/workspace/install/tiago_pro_gazebo/lib/pkgconfig/tiago_pro_gazebo.pc'
[1.850s] Level 1:colcon.colcon_core.environment:checking '/home/user/exchange/workspace/install/tiago_pro_gazebo/lib/python3.10/site-packages'
[1.850s] Level 1:colcon.colcon_core.environment:checking '/home/user/exchange/workspace/install/tiago_pro_gazebo/bin'
[1.850s] INFO:colcon.colcon_core.shell:Creating package script '/home/user/exchange/workspace/install/tiago_pro_gazebo/share/tiago_pro_gazebo/package.ps1'
[1.850s] INFO:colcon.colcon_core.shell:Creating package descriptor '/home/user/exchange/workspace/install/tiago_pro_gazebo/share/tiago_pro_gazebo/package.dsv'
[1.851s] INFO:colcon.colcon_core.shell:Creating package script '/home/user/exchange/workspace/install/tiago_pro_gazebo/share/tiago_pro_gazebo/package.sh'
[1.851s] INFO:colcon.colcon_core.shell:Creating package script '/home/user/exchange/workspace/install/tiago_pro_gazebo/share/tiago_pro_gazebo/package.bash'
[1.851s] INFO:colcon.colcon_core.shell:Creating package script '/home/user/exchange/workspace/install/tiago_pro_gazebo/share/tiago_pro_gazebo/package.zsh'
[1.851s] Level 1:colcon.colcon_core.environment:create_file_with_runtime_dependencies(/home/user/exchange/workspace/install/tiago_pro_gazebo/share/colcon-core/packages/tiago_pro_gazebo)
[1.852s] Level 1:colcon.colcon_core.environment:create_environment_scripts_only(tiago_pro_mujoco)
[1.852s] Level 1:colcon.colcon_core.environment:checking '/home/user/exchange/workspace/install/tiago_pro_mujoco' for CMake module files
[1.853s] DEBUG:colcon.colcon_core.event_handler.log_command:Invoked command in '/home/user/exchange/workspace/build/tiago_pro_mujoco' returned '0': AMENT_PREFIX_PATH=/home/user/exchange/workspace/install/pal_pro_gripper_wrapper:/home/user/exchange/workspace/install/tiago_manipulation_tasks:/home/user/exchange/workspace/install/pick_task:/home/user/exchange/workspace/install/tiago_pro_simulation:/home/user/exchange/workspace/install/tiago_pro_robot:/home/user/exchange/workspace/install/tiago_pro_navigation:/home/user/exchange/workspace/install/tiago_pro_gazebo:/home/user/exchange/workspace/install/tiago_pro_rgbd_sensors:/home/user/exchange/workspace/install/tiago_pro_mujoco:/home/user/exchange/workspace/install/tiago_pro_moveit_config:/home/user/exchange/workspace/install/tiago_pro_laser_sensors:/home/user/exchange/workspace/install/tiago_pro_description:/home/user/exchange/workspace/install/tiago_pro_bringup:/home/user/exchange/workspace/install/tiago_pro_controller_configuration:/home/user/exchange/workspace/install/tiago_pro_2dnav:/home/user/exchange/workspace/install/pal_sea_arm_moveit_config:/home/user/exchange/workspace/install/pal_sea_arm:/home/user/exchange/workspace/install/pal_sea_arm_bringup:/home/user/exchange/workspace/install/pal_sea_arm_description:/home/user/exchange/workspace/install/pal_sea_arm_controller_configuration:/home/user/exchange/workspace/install/pal_pro_gripper_simulation:/home/user/exchange/workspace/install/pal_pro_gripper_bringup:/home/user/exchange/workspace/install/pal_pro_gripper:/home/user/exchange/workspace/install/pal_pro_gripper_controller_configuration:/home/user/exchange/workspace/install/pal_pro_gripper_description:/home/user/exchange/workspace/install/pal_gazebo_worlds:/opt/ros/humble CMAKE_PREFIX_PATH=/home/user/exchange/workspace/install/tiago_pro_moveit_config:/home/user/exchange/workspace/install/tiago_pro_description:/home/user/exchange/workspace/install/tiago_pro_bringup:/home/user/exchange/workspace/install/pal_sea_arm_moveit_config:/home/user/exchange/workspace/install/tiago_pro_controller_configuration:/home/user/exchange/workspace/install/pal_sea_arm_description:/home/user/exchange/workspace/install/pal_sea_arm_controller_configuration:/home/user/exchange/workspace/install/pal_pro_gripper_controller_configuration:/home/user/exchange/workspace/install/tiago_pro_laser_sensors:/home/user/exchange/workspace/install/pal_pro_gripper_description:/home/user/exchange/workspace/install/tiago_manipulation_tasks:/home/user/exchange/workspace/install/tiago_pro_simulation:/home/user/exchange/workspace/install/tiago_pro_robot:/home/user/exchange/workspace/install/tiago_pro_navigation:/home/user/exchange/workspace/install/tiago_pro_gazebo:/home/user/exchange/workspace/install/tiago_pro_rgbd_sensors:/home/user/exchange/workspace/install/tiago_pro_mujoco:/home/user/exchange/workspace/install/tiago_pro_2dnav:/home/user/exchange/workspace/install/pal_sea_arm:/home/user/exchange/workspace/install/pal_sea_arm_bringup:/home/user/exchange/workspace/install/pal_pro_gripper_simulation:/home/user/exchange/workspace/install/pal_pro_gripper_bringup:/home/user/exchange/workspace/install/pal_pro_gripper:/home/user/exchange/workspace/install/pal_gazebo_worlds:/home/user/exchange/workspace/install/pick_task:/home/user/exchange/workspace/install/pal_pro_gripper_wrapper:/opt/ros/humble PYTHONPATH=/home/user/exchange/workspace/install/pal_pro_gripper_wrapper/lib/python3.10/site-packages:/home/user/exchange/workspace/install/pick_task/lib/python3.10/site-packages:/home/user/exchange/workspace/install/tiago_pro_description/local/lib/python3.10/dist-packages:/home/user/exchange/workspace/install/pal_sea_arm_description/local/lib/python3.10/dist-packages:/home/user/exchange/workspace/install/pal_pro_gripper_description/local/lib/python3.10/dist-packages:/opt/ros/humble/lib/python3.10/site-packages:/opt/ros/humble/local/lib/python3.10/dist-packages /usr/bin/cmake --install /home/user/exchange/workspace/build/tiago_pro_mujoco
[1.853s] Level 1:colcon.colcon_core.environment:checking '/home/user/exchange/workspace/install/tiago_pro_mujoco' for CMake config files
[1.853s] Level 1:colcon.colcon_core.shell:create_environment_hook('tiago_pro_mujoco', 'cmake_prefix_path')
[1.854s] INFO:colcon.colcon_core.shell:Creating environment hook '/home/user/exchange/workspace/install/tiago_pro_mujoco/share/tiago_pro_mujoco/hook/cmake_prefix_path.ps1'
[1.854s] INFO:colcon.colcon_core.shell:Creating environment descriptor '/home/user/exchange/workspace/install/tiago_pro_mujoco/share/tiago_pro_mujoco/hook/cmake_prefix_path.dsv'
[1.854s] INFO:colcon.colcon_core.shell:Creating environment hook '/home/user/exchange/workspace/install/tiago_pro_mujoco/share/tiago_pro_mujoco/hook/cmake_prefix_path.sh'
[1.855s] Level 1:colcon.colcon_core.environment:checking '/home/user/exchange/workspace/install/tiago_pro_mujoco/bin'
[1.855s] Level 1:colcon.colcon_core.environment:checking '/home/user/exchange/workspace/install/tiago_pro_mujoco/lib/pkgconfig/tiago_pro_mujoco.pc'
[1.855s] Level 1:colcon.colcon_core.environment:checking '/home/user/exchange/workspace/install/tiago_pro_mujoco/lib/python3.10/site-packages'
[1.855s] Level 1:colcon.colcon_core.environment:checking '/home/user/exchange/workspace/install/tiago_pro_mujoco/bin'
[1.856s] INFO:colcon.colcon_core.shell:Creating package script '/home/user/exchange/workspace/install/tiago_pro_mujoco/share/tiago_pro_mujoco/package.ps1'
[1.856s] INFO:colcon.colcon_core.shell:Creating package descriptor '/home/user/exchange/workspace/install/tiago_pro_mujoco/share/tiago_pro_mujoco/package.dsv'
[1.856s] INFO:colcon.colcon_core.shell:Creating package script '/home/user/exchange/workspace/install/tiago_pro_mujoco/share/tiago_pro_mujoco/package.sh'
[1.856s] INFO:colcon.colcon_core.shell:Creating package script '/home/user/exchange/workspace/install/tiago_pro_mujoco/share/tiago_pro_mujoco/package.bash'
[1.856s] INFO:colcon.colcon_core.shell:Creating package script '/home/user/exchange/workspace/install/tiago_pro_mujoco/share/tiago_pro_mujoco/package.zsh'
[1.857s] Level 1:colcon.colcon_core.environment:create_file_with_runtime_dependencies(/home/user/exchange/workspace/install/tiago_pro_mujoco/share/colcon-core/packages/tiago_pro_mujoco)
[1.857s] Level 1:colcon.colcon_core.environment:create_environment_scripts_only(tiago_pro_mujoco)
[1.857s] Level 1:colcon.colcon_core.environment:checking '/home/user/exchange/workspace/install/tiago_pro_mujoco' for CMake module files
[1.857s] Level 1:colcon.colcon_core.environment:checking '/home/user/exchange/workspace/install/tiago_pro_mujoco' for CMake config files
[1.858s] Level 1:colcon.colcon_core.shell:create_environment_hook('tiago_pro_mujoco', 'cmake_prefix_path')
[1.858s] INFO:colcon.colcon_core.shell:Creating environment hook '/home/user/exchange/workspace/install/tiago_pro_mujoco/share/tiago_pro_mujoco/hook/cmake_prefix_path.ps1'
[1.858s] INFO:colcon.colcon_core.shell:Creating environment descriptor '/home/user/exchange/workspace/install/tiago_pro_mujoco/share/tiago_pro_mujoco/hook/cmake_prefix_path.dsv'
[1.858s] INFO:colcon.colcon_core.shell:Creating environment hook '/home/user/exchange/workspace/install/tiago_pro_mujoco/share/tiago_pro_mujoco/hook/cmake_prefix_path.sh'
[1.859s] Level 1:colcon.colcon_core.environment:checking '/home/user/exchange/workspace/install/tiago_pro_mujoco/bin'
[1.859s] Level 1:colcon.colcon_core.environment:checking '/home/user/exchange/workspace/install/tiago_pro_mujoco/lib/pkgconfig/tiago_pro_mujoco.pc'
[1.859s] Level 1:colcon.colcon_core.environment:checking '/home/user/exchange/workspace/install/tiago_pro_mujoco/lib/python3.10/site-packages'
[1.859s] Level 1:colcon.colcon_core.environment:checking '/home/user/exchange/workspace/install/tiago_pro_mujoco/bin'
[1.859s] INFO:colcon.colcon_core.shell:Creating package script '/home/user/exchange/workspace/install/tiago_pro_mujoco/share/tiago_pro_mujoco/package.ps1'
[1.860s] INFO:colcon.colcon_core.shell:Creating package descriptor '/home/user/exchange/workspace/install/tiago_pro_mujoco/share/tiago_pro_mujoco/package.dsv'
[1.860s] INFO:colcon.colcon_core.shell:Creating package script '/home/user/exchange/workspace/install/tiago_pro_mujoco/share/tiago_pro_mujoco/package.sh'
[1.860s] INFO:colcon.colcon_core.shell:Creating package script '/home/user/exchange/workspace/install/tiago_pro_mujoco/share/tiago_pro_mujoco/package.bash'
[1.860s] INFO:colcon.colcon_core.shell:Creating package script '/home/user/exchange/workspace/install/tiago_pro_mujoco/share/tiago_pro_mujoco/package.zsh'
[1.861s] Level 1:colcon.colcon_core.environment:create_file_with_runtime_dependencies(/home/user/exchange/workspace/install/tiago_pro_mujoco/share/colcon-core/packages/tiago_pro_mujoco)
[1.861s] INFO:colcon.colcon_ros.task.ament_cmake.build:Building ROS package in '/home/user/exchange/workspace/src/tiago_pro_simulation/tiago_pro_simulation' with build type 'ament_cmake'
[1.861s] INFO:colcon.colcon_cmake.task.cmake.build:Building CMake package in '/home/user/exchange/workspace/src/tiago_pro_simulation/tiago_pro_simulation'
[1.861s] INFO:colcon.colcon_core.shell:Skip shell extension 'powershell' for command environment: Not usable outside of PowerShell
[1.861s] DEBUG:colcon.colcon_core.shell:Skip shell extension 'dsv' for command environment
[1.879s] DEBUG:colcon.colcon_core.event_handler.log_command:Invoking command in '/home/user/exchange/workspace/build/tiago_pro_simulation': AMENT_PREFIX_PATH=/home/user/exchange/workspace/install/pal_pro_gripper_wrapper:/home/user/exchange/workspace/install/tiago_manipulation_tasks:/home/user/exchange/workspace/install/pick_task:/home/user/exchange/workspace/install/tiago_pro_simulation:/home/user/exchange/workspace/install/tiago_pro_robot:/home/user/exchange/workspace/install/tiago_pro_navigation:/home/user/exchange/workspace/install/tiago_pro_gazebo:/home/user/exchange/workspace/install/tiago_pro_rgbd_sensors:/home/user/exchange/workspace/install/tiago_pro_mujoco:/home/user/exchange/workspace/install/tiago_pro_moveit_config:/home/user/exchange/workspace/install/tiago_pro_laser_sensors:/home/user/exchange/workspace/install/tiago_pro_description:/home/user/exchange/workspace/install/tiago_pro_bringup:/home/user/exchange/workspace/install/tiago_pro_controller_configuration:/home/user/exchange/workspace/install/tiago_pro_2dnav:/home/user/exchange/workspace/install/pal_sea_arm_moveit_config:/home/user/exchange/workspace/install/pal_sea_arm:/home/user/exchange/workspace/install/pal_sea_arm_bringup:/home/user/exchange/workspace/install/pal_sea_arm_description:/home/user/exchange/workspace/install/pal_sea_arm_controller_configuration:/home/user/exchange/workspace/install/pal_pro_gripper_simulation:/home/user/exchange/workspace/install/pal_pro_gripper_bringup:/home/user/exchange/workspace/install/pal_pro_gripper:/home/user/exchange/workspace/install/pal_pro_gripper_controller_configuration:/home/user/exchange/workspace/install/pal_pro_gripper_description:/home/user/exchange/workspace/install/pal_gazebo_worlds:/opt/ros/humble CMAKE_PREFIX_PATH=/home/user/exchange/workspace/install/tiago_pro_mujoco:/home/user/exchange/workspace/install/tiago_pro_gazebo:/home/user/exchange/workspace/install/tiago_pro_moveit_config:/home/user/exchange/workspace/install/tiago_pro_description:/home/user/exchange/workspace/install/tiago_pro_bringup:/home/user/exchange/workspace/install/pal_sea_arm_moveit_config:/home/user/exchange/workspace/install/tiago_pro_controller_configuration:/home/user/exchange/workspace/install/pal_sea_arm_description:/home/user/exchange/workspace/install/pal_sea_arm_controller_configuration:/home/user/exchange/workspace/install/pal_pro_gripper_controller_configuration:/home/user/exchange/workspace/install/tiago_pro_rgbd_sensors:/home/user/exchange/workspace/install/tiago_pro_laser_sensors:/home/user/exchange/workspace/install/tiago_pro_2dnav:/home/user/exchange/workspace/install/pal_pro_gripper_description:/home/user/exchange/workspace/install/pal_gazebo_worlds:/home/user/exchange/workspace/install/tiago_manipulation_tasks:/home/user/exchange/workspace/install/tiago_pro_simulation:/home/user/exchange/workspace/install/tiago_pro_robot:/home/user/exchange/workspace/install/tiago_pro_navigation:/home/user/exchange/workspace/install/pal_sea_arm:/home/user/exchange/workspace/install/pal_sea_arm_bringup:/home/user/exchange/workspace/install/pal_pro_gripper_simulation:/home/user/exchange/workspace/install/pal_pro_gripper_bringup:/home/user/exchange/workspace/install/pal_pro_gripper:/home/user/exchange/workspace/install/pick_task:/home/user/exchange/workspace/install/pal_pro_gripper_wrapper:/opt/ros/humble PYTHONPATH=/home/user/exchange/workspace/install/pal_pro_gripper_wrapper/lib/python3.10/site-packages:/home/user/exchange/workspace/install/pick_task/lib/python3.10/site-packages:/home/user/exchange/workspace/install/tiago_pro_description/local/lib/python3.10/dist-packages:/home/user/exchange/workspace/install/pal_sea_arm_description/local/lib/python3.10/dist-packages:/home/user/exchange/workspace/install/pal_pro_gripper_description/local/lib/python3.10/dist-packages:/opt/ros/humble/lib/python3.10/site-packages:/opt/ros/humble/local/lib/python3.10/dist-packages /usr/bin/cmake --build /home/user/exchange/workspace/build/tiago_pro_simulation -- -j12 -l12
[1.906s] DEBUG:colcon.colcon_core.event_handler.log_command:Invoked command in '/home/user/exchange/workspace/build/tiago_pro_simulation' returned '0': AMENT_PREFIX_PATH=/home/user/exchange/workspace/install/pal_pro_gripper_wrapper:/home/user/exchange/workspace/install/tiago_manipulation_tasks:/home/user/exchange/workspace/install/pick_task:/home/user/exchange/workspace/install/tiago_pro_simulation:/home/user/exchange/workspace/install/tiago_pro_robot:/home/user/exchange/workspace/install/tiago_pro_navigation:/home/user/exchange/workspace/install/tiago_pro_gazebo:/home/user/exchange/workspace/install/tiago_pro_rgbd_sensors:/home/user/exchange/workspace/install/tiago_pro_mujoco:/home/user/exchange/workspace/install/tiago_pro_moveit_config:/home/user/exchange/workspace/install/tiago_pro_laser_sensors:/home/user/exchange/workspace/install/tiago_pro_description:/home/user/exchange/workspace/install/tiago_pro_bringup:/home/user/exchange/workspace/install/tiago_pro_controller_configuration:/home/user/exchange/workspace/install/tiago_pro_2dnav:/home/user/exchange/workspace/install/pal_sea_arm_moveit_config:/home/user/exchange/workspace/install/pal_sea_arm:/home/user/exchange/workspace/install/pal_sea_arm_bringup:/home/user/exchange/workspace/install/pal_sea_arm_description:/home/user/exchange/workspace/install/pal_sea_arm_controller_configuration:/home/user/exchange/workspace/install/pal_pro_gripper_simulation:/home/user/exchange/workspace/install/pal_pro_gripper_bringup:/home/user/exchange/workspace/install/pal_pro_gripper:/home/user/exchange/workspace/install/pal_pro_gripper_controller_configuration:/home/user/exchange/workspace/install/pal_pro_gripper_description:/home/user/exchange/workspace/install/pal_gazebo_worlds:/opt/ros/humble CMAKE_PREFIX_PATH=/home/user/exchange/workspace/install/tiago_pro_mujoco:/home/user/exchange/workspace/install/tiago_pro_gazebo:/home/user/exchange/workspace/install/tiago_pro_moveit_config:/home/user/exchange/workspace/install/tiago_pro_description:/home/user/exchange/workspace/install/tiago_pro_bringup:/home/user/exchange/workspace/install/pal_sea_arm_moveit_config:/home/user/exchange/workspace/install/tiago_pro_controller_configuration:/home/user/exchange/workspace/install/pal_sea_arm_description:/home/user/exchange/workspace/install/pal_sea_arm_controller_configuration:/home/user/exchange/workspace/install/pal_pro_gripper_controller_configuration:/home/user/exchange/workspace/install/tiago_pro_rgbd_sensors:/home/user/exchange/workspace/install/tiago_pro_laser_sensors:/home/user/exchange/workspace/install/tiago_pro_2dnav:/home/user/exchange/workspace/install/pal_pro_gripper_description:/home/user/exchange/workspace/install/pal_gazebo_worlds:/home/user/exchange/workspace/install/tiago_manipulation_tasks:/home/user/exchange/workspace/install/tiago_pro_simulation:/home/user/exchange/workspace/install/tiago_pro_robot:/home/user/exchange/workspace/install/tiago_pro_navigation:/home/user/exchange/workspace/install/pal_sea_arm:/home/user/exchange/workspace/install/pal_sea_arm_bringup:/home/user/exchange/workspace/install/pal_pro_gripper_simulation:/home/user/exchange/workspace/install/pal_pro_gripper_bringup:/home/user/exchange/workspace/install/pal_pro_gripper:/home/user/exchange/workspace/install/pick_task:/home/user/exchange/workspace/install/pal_pro_gripper_wrapper:/opt/ros/humble PYTHONPATH=/home/user/exchange/workspace/install/pal_pro_gripper_wrapper/lib/python3.10/site-packages:/home/user/exchange/workspace/install/pick_task/lib/python3.10/site-packages:/home/user/exchange/workspace/install/tiago_pro_description/local/lib/python3.10/dist-packages:/home/user/exchange/workspace/install/pal_sea_arm_description/local/lib/python3.10/dist-packages:/home/user/exchange/workspace/install/pal_pro_gripper_description/local/lib/python3.10/dist-packages:/opt/ros/humble/lib/python3.10/site-packages:/opt/ros/humble/local/lib/python3.10/dist-packages /usr/bin/cmake --build /home/user/exchange/workspace/build/tiago_pro_simulation -- -j12 -l12
[1.907s] DEBUG:colcon.colcon_core.event_handler.log_command:Invoking command in '/home/user/exchange/workspace/build/tiago_pro_simulation': AMENT_PREFIX_PATH=/home/user/exchange/workspace/install/pal_pro_gripper_wrapper:/home/user/exchange/workspace/install/tiago_manipulation_tasks:/home/user/exchange/workspace/install/pick_task:/home/user/exchange/workspace/install/tiago_pro_simulation:/home/user/exchange/workspace/install/tiago_pro_robot:/home/user/exchange/workspace/install/tiago_pro_navigation:/home/user/exchange/workspace/install/tiago_pro_gazebo:/home/user/exchange/workspace/install/tiago_pro_rgbd_sensors:/home/user/exchange/workspace/install/tiago_pro_mujoco:/home/user/exchange/workspace/install/tiago_pro_moveit_config:/home/user/exchange/workspace/install/tiago_pro_laser_sensors:/home/user/exchange/workspace/install/tiago_pro_description:/home/user/exchange/workspace/install/tiago_pro_bringup:/home/user/exchange/workspace/install/tiago_pro_controller_configuration:/home/user/exchange/workspace/install/tiago_pro_2dnav:/home/user/exchange/workspace/install/pal_sea_arm_moveit_config:/home/user/exchange/workspace/install/pal_sea_arm:/home/user/exchange/workspace/install/pal_sea_arm_bringup:/home/user/exchange/workspace/install/pal_sea_arm_description:/home/user/exchange/workspace/install/pal_sea_arm_controller_configuration:/home/user/exchange/workspace/install/pal_pro_gripper_simulation:/home/user/exchange/workspace/install/pal_pro_gripper_bringup:/home/user/exchange/workspace/install/pal_pro_gripper:/home/user/exchange/workspace/install/pal_pro_gripper_controller_configuration:/home/user/exchange/workspace/install/pal_pro_gripper_description:/home/user/exchange/workspace/install/pal_gazebo_worlds:/opt/ros/humble CMAKE_PREFIX_PATH=/home/user/exchange/workspace/install/tiago_pro_mujoco:/home/user/exchange/workspace/install/tiago_pro_gazebo:/home/user/exchange/workspace/install/tiago_pro_moveit_config:/home/user/exchange/workspace/install/tiago_pro_description:/home/user/exchange/workspace/install/tiago_pro_bringup:/home/user/exchange/workspace/install/pal_sea_arm_moveit_config:/home/user/exchange/workspace/install/tiago_pro_controller_configuration:/home/user/exchange/workspace/install/pal_sea_arm_description:/home/user/exchange/workspace/install/pal_sea_arm_controller_configuration:/home/user/exchange/workspace/install/pal_pro_gripper_controller_configuration:/home/user/exchange/workspace/install/tiago_pro_rgbd_sensors:/home/user/exchange/workspace/install/tiago_pro_laser_sensors:/home/user/exchange/workspace/install/tiago_pro_2dnav:/home/user/exchange/workspace/install/pal_pro_gripper_description:/home/user/exchange/workspace/install/pal_gazebo_worlds:/home/user/exchange/workspace/install/tiago_manipulation_tasks:/home/user/exchange/workspace/install/tiago_pro_simulation:/home/user/exchange/workspace/install/tiago_pro_robot:/home/user/exchange/workspace/install/tiago_pro_navigation:/home/user/exchange/workspace/install/pal_sea_arm:/home/user/exchange/workspace/install/pal_sea_arm_bringup:/home/user/exchange/workspace/install/pal_pro_gripper_simulation:/home/user/exchange/workspace/install/pal_pro_gripper_bringup:/home/user/exchange/workspace/install/pal_pro_gripper:/home/user/exchange/workspace/install/pick_task:/home/user/exchange/workspace/install/pal_pro_gripper_wrapper:/opt/ros/humble PYTHONPATH=/home/user/exchange/workspace/install/pal_pro_gripper_wrapper/lib/python3.10/site-packages:/home/user/exchange/workspace/install/pick_task/lib/python3.10/site-packages:/home/user/exchange/workspace/install/tiago_pro_description/local/lib/python3.10/dist-packages:/home/user/exchange/workspace/install/pal_sea_arm_description/local/lib/python3.10/dist-packages:/home/user/exchange/workspace/install/pal_pro_gripper_description/local/lib/python3.10/dist-packages:/opt/ros/humble/lib/python3.10/site-packages:/opt/ros/humble/local/lib/python3.10/dist-packages /usr/bin/cmake --install /home/user/exchange/workspace/build/tiago_pro_simulation
[1.914s] Level 1:colcon.colcon_core.environment:create_environment_scripts_only(tiago_pro_simulation)
[1.914s] Level 1:colcon.colcon_core.environment:checking '/home/user/exchange/workspace/install/tiago_pro_simulation' for CMake module files
[1.915s] DEBUG:colcon.colcon_core.event_handler.log_command:Invoked command in '/home/user/exchange/workspace/build/tiago_pro_simulation' returned '0': AMENT_PREFIX_PATH=/home/user/exchange/workspace/install/pal_pro_gripper_wrapper:/home/user/exchange/workspace/install/tiago_manipulation_tasks:/home/user/exchange/workspace/install/pick_task:/home/user/exchange/workspace/install/tiago_pro_simulation:/home/user/exchange/workspace/install/tiago_pro_robot:/home/user/exchange/workspace/install/tiago_pro_navigation:/home/user/exchange/workspace/install/tiago_pro_gazebo:/home/user/exchange/workspace/install/tiago_pro_rgbd_sensors:/home/user/exchange/workspace/install/tiago_pro_mujoco:/home/user/exchange/workspace/install/tiago_pro_moveit_config:/home/user/exchange/workspace/install/tiago_pro_laser_sensors:/home/user/exchange/workspace/install/tiago_pro_description:/home/user/exchange/workspace/install/tiago_pro_bringup:/home/user/exchange/workspace/install/tiago_pro_controller_configuration:/home/user/exchange/workspace/install/tiago_pro_2dnav:/home/user/exchange/workspace/install/pal_sea_arm_moveit_config:/home/user/exchange/workspace/install/pal_sea_arm:/home/user/exchange/workspace/install/pal_sea_arm_bringup:/home/user/exchange/workspace/install/pal_sea_arm_description:/home/user/exchange/workspace/install/pal_sea_arm_controller_configuration:/home/user/exchange/workspace/install/pal_pro_gripper_simulation:/home/user/exchange/workspace/install/pal_pro_gripper_bringup:/home/user/exchange/workspace/install/pal_pro_gripper:/home/user/exchange/workspace/install/pal_pro_gripper_controller_configuration:/home/user/exchange/workspace/install/pal_pro_gripper_description:/home/user/exchange/workspace/install/pal_gazebo_worlds:/opt/ros/humble CMAKE_PREFIX_PATH=/home/user/exchange/workspace/install/tiago_pro_mujoco:/home/user/exchange/workspace/install/tiago_pro_gazebo:/home/user/exchange/workspace/install/tiago_pro_moveit_config:/home/user/exchange/workspace/install/tiago_pro_description:/home/user/exchange/workspace/install/tiago_pro_bringup:/home/user/exchange/workspace/install/pal_sea_arm_moveit_config:/home/user/exchange/workspace/install/tiago_pro_controller_configuration:/home/user/exchange/workspace/install/pal_sea_arm_description:/home/user/exchange/workspace/install/pal_sea_arm_controller_configuration:/home/user/exchange/workspace/install/pal_pro_gripper_controller_configuration:/home/user/exchange/workspace/install/tiago_pro_rgbd_sensors:/home/user/exchange/workspace/install/tiago_pro_laser_sensors:/home/user/exchange/workspace/install/tiago_pro_2dnav:/home/user/exchange/workspace/install/pal_pro_gripper_description:/home/user/exchange/workspace/install/pal_gazebo_worlds:/home/user/exchange/workspace/install/tiago_manipulation_tasks:/home/user/exchange/workspace/install/tiago_pro_simulation:/home/user/exchange/workspace/install/tiago_pro_robot:/home/user/exchange/workspace/install/tiago_pro_navigation:/home/user/exchange/workspace/install/pal_sea_arm:/home/user/exchange/workspace/install/pal_sea_arm_bringup:/home/user/exchange/workspace/install/pal_pro_gripper_simulation:/home/user/exchange/workspace/install/pal_pro_gripper_bringup:/home/user/exchange/workspace/install/pal_pro_gripper:/home/user/exchange/workspace/install/pick_task:/home/user/exchange/workspace/install/pal_pro_gripper_wrapper:/opt/ros/humble PYTHONPATH=/home/user/exchange/workspace/install/pal_pro_gripper_wrapper/lib/python3.10/site-packages:/home/user/exchange/workspace/install/pick_task/lib/python3.10/site-packages:/home/user/exchange/workspace/install/tiago_pro_description/local/lib/python3.10/dist-packages:/home/user/exchange/workspace/install/pal_sea_arm_description/local/lib/python3.10/dist-packages:/home/user/exchange/workspace/install/pal_pro_gripper_description/local/lib/python3.10/dist-packages:/opt/ros/humble/lib/python3.10/site-packages:/opt/ros/humble/local/lib/python3.10/dist-packages /usr/bin/cmake --install /home/user/exchange/workspace/build/tiago_pro_simulation
[1.915s] Level 1:colcon.colcon_core.environment:checking '/home/user/exchange/workspace/install/tiago_pro_simulation' for CMake config files
[1.915s] Level 1:colcon.colcon_core.shell:create_environment_hook('tiago_pro_simulation', 'cmake_prefix_path')
[1.915s] INFO:colcon.colcon_core.shell:Creating environment hook '/home/user/exchange/workspace/install/tiago_pro_simulation/share/tiago_pro_simulation/hook/cmake_prefix_path.ps1'
[1.915s] INFO:colcon.colcon_core.shell:Creating environment descriptor '/home/user/exchange/workspace/install/tiago_pro_simulation/share/tiago_pro_simulation/hook/cmake_prefix_path.dsv'
[1.916s] INFO:colcon.colcon_core.shell:Creating environment hook '/home/user/exchange/workspace/install/tiago_pro_simulation/share/tiago_pro_simulation/hook/cmake_prefix_path.sh'
[1.916s] Level 1:colcon.colcon_core.environment:checking '/home/user/exchange/workspace/install/tiago_pro_simulation/bin'
[1.916s] Level 1:colcon.colcon_core.environment:checking '/home/user/exchange/workspace/install/tiago_pro_simulation/lib/pkgconfig/tiago_pro_simulation.pc'
[1.916s] Level 1:colcon.colcon_core.environment:checking '/home/user/exchange/workspace/install/tiago_pro_simulation/lib/python3.10/site-packages'
[1.916s] Level 1:colcon.colcon_core.environment:checking '/home/user/exchange/workspace/install/tiago_pro_simulation/bin'
[1.916s] INFO:colcon.colcon_core.shell:Creating package script '/home/user/exchange/workspace/install/tiago_pro_simulation/share/tiago_pro_simulation/package.ps1'
[1.917s] INFO:colcon.colcon_core.shell:Creating package descriptor '/home/user/exchange/workspace/install/tiago_pro_simulation/share/tiago_pro_simulation/package.dsv'
[1.917s] INFO:colcon.colcon_core.shell:Creating package script '/home/user/exchange/workspace/install/tiago_pro_simulation/share/tiago_pro_simulation/package.sh'
[1.917s] INFO:colcon.colcon_core.shell:Creating package script '/home/user/exchange/workspace/install/tiago_pro_simulation/share/tiago_pro_simulation/package.bash'
[1.917s] INFO:colcon.colcon_core.shell:Creating package script '/home/user/exchange/workspace/install/tiago_pro_simulation/share/tiago_pro_simulation/package.zsh'
[1.918s] Level 1:colcon.colcon_core.environment:create_file_with_runtime_dependencies(/home/user/exchange/workspace/install/tiago_pro_simulation/share/colcon-core/packages/tiago_pro_simulation)
[1.918s] Level 1:colcon.colcon_core.environment:create_environment_scripts_only(tiago_pro_simulation)
[1.918s] Level 1:colcon.colcon_core.environment:checking '/home/user/exchange/workspace/install/tiago_pro_simulation' for CMake module files
[1.918s] Level 1:colcon.colcon_core.environment:checking '/home/user/exchange/workspace/install/tiago_pro_simulation' for CMake config files
[1.919s] Level 1:colcon.colcon_core.shell:create_environment_hook('tiago_pro_simulation', 'cmake_prefix_path')
[1.919s] INFO:colcon.colcon_core.shell:Creating environment hook '/home/user/exchange/workspace/install/tiago_pro_simulation/share/tiago_pro_simulation/hook/cmake_prefix_path.ps1'
[1.919s] INFO:colcon.colcon_core.shell:Creating environment descriptor '/home/user/exchange/workspace/install/tiago_pro_simulation/share/tiago_pro_simulation/hook/cmake_prefix_path.dsv'
[1.919s] INFO:colcon.colcon_core.shell:Creating environment hook '/home/user/exchange/workspace/install/tiago_pro_simulation/share/tiago_pro_simulation/hook/cmake_prefix_path.sh'
[1.920s] Level 1:colcon.colcon_core.environment:checking '/home/user/exchange/workspace/install/tiago_pro_simulation/bin'
[1.920s] Level 1:colcon.colcon_core.environment:checking '/home/user/exchange/workspace/install/tiago_pro_simulation/lib/pkgconfig/tiago_pro_simulation.pc'
[1.920s] Level 1:colcon.colcon_core.environment:checking '/home/user/exchange/workspace/install/tiago_pro_simulation/lib/python3.10/site-packages'
[1.920s] Level 1:colcon.colcon_core.environment:checking '/home/user/exchange/workspace/install/tiago_pro_simulation/bin'
[1.920s] INFO:colcon.colcon_core.shell:Creating package script '/home/user/exchange/workspace/install/tiago_pro_simulation/share/tiago_pro_simulation/package.ps1'
[1.921s] INFO:colcon.colcon_core.shell:Creating package descriptor '/home/user/exchange/workspace/install/tiago_pro_simulation/share/tiago_pro_simulation/package.dsv'
[1.921s] INFO:colcon.colcon_core.shell:Creating package script '/home/user/exchange/workspace/install/tiago_pro_simulation/share/tiago_pro_simulation/package.sh'
[1.921s] INFO:colcon.colcon_core.shell:Creating package script '/home/user/exchange/workspace/install/tiago_pro_simulation/share/tiago_pro_simulation/package.bash'
[1.921s] INFO:colcon.colcon_core.shell:Creating package script '/home/user/exchange/workspace/install/tiago_pro_simulation/share/tiago_pro_simulation/package.zsh'
[1.922s] Level 1:colcon.colcon_core.environment:create_file_with_runtime_dependencies(/home/user/exchange/workspace/install/tiago_pro_simulation/share/colcon-core/packages/tiago_pro_simulation)
[1.922s] INFO:colcon.colcon_ros.task.ament_python.build:Building ROS package in '/home/user/exchange/workspace/src/pick_task' with build type 'ament_python'
[1.922s] Level 1:colcon.colcon_core.shell:create_environment_hook('pick_task', 'ament_prefix_path')
[1.922s] INFO:colcon.colcon_core.shell:Creating environment hook '/home/user/exchange/workspace/install/pick_task/share/pick_task/hook/ament_prefix_path.ps1'
[1.923s] INFO:colcon.colcon_core.shell:Creating environment descriptor '/home/user/exchange/workspace/install/pick_task/share/pick_task/hook/ament_prefix_path.dsv'
[1.923s] INFO:colcon.colcon_core.shell:Creating environment hook '/home/user/exchange/workspace/install/pick_task/share/pick_task/hook/ament_prefix_path.sh'
[1.924s] INFO:colcon.colcon_core.shell:Skip shell extension 'powershell' for command environment: Not usable outside of PowerShell
[1.924s] DEBUG:colcon.colcon_core.shell:Skip shell extension 'dsv' for command environment
[1.928s] INFO:colcon.colcon_ros.task.ament_cmake.build:Building ROS package in '/home/user/exchange/workspace/src/tiago_manipulation_tasks' with build type 'ament_cmake'
[1.929s] INFO:colcon.colcon_cmake.task.cmake.build:Building CMake package in '/home/user/exchange/workspace/src/tiago_manipulation_tasks'
[1.929s] INFO:colcon.colcon_core.shell:Skip shell extension 'powershell' for command environment: Not usable outside of PowerShell
[1.929s] DEBUG:colcon.colcon_core.shell:Skip shell extension 'dsv' for command environment
[2.147s] INFO:colcon.colcon_core.task.python.build:Building Python package in '/home/user/exchange/workspace/src/pick_task'
[2.147s] INFO:colcon.colcon_core.shell:Skip shell extension 'powershell' for command environment: Not usable outside of PowerShell
[2.147s] DEBUG:colcon.colcon_core.shell:Skip shell extension 'dsv' for command environment
[2.156s] DEBUG:colcon.colcon_core.event_handler.log_command:Invoking command in '/home/user/exchange/workspace/build/tiago_manipulation_tasks': AMENT_PREFIX_PATH=/home/user/exchange/workspace/install/pal_pro_gripper_wrapper:/home/user/exchange/workspace/install/tiago_manipulation_tasks:/home/user/exchange/workspace/install/pick_task:/home/user/exchange/workspace/install/tiago_pro_simulation:/home/user/exchange/workspace/install/tiago_pro_robot:/home/user/exchange/workspace/install/tiago_pro_navigation:/home/user/exchange/workspace/install/tiago_pro_gazebo:/home/user/exchange/workspace/install/tiago_pro_rgbd_sensors:/home/user/exchange/workspace/install/tiago_pro_mujoco:/home/user/exchange/workspace/install/tiago_pro_moveit_config:/home/user/exchange/workspace/install/tiago_pro_laser_sensors:/home/user/exchange/workspace/install/tiago_pro_description:/home/user/exchange/workspace/install/tiago_pro_bringup:/home/user/exchange/workspace/install/tiago_pro_controller_configuration:/home/user/exchange/workspace/install/tiago_pro_2dnav:/home/user/exchange/workspace/install/pal_sea_arm_moveit_config:/home/user/exchange/workspace/install/pal_sea_arm:/home/user/exchange/workspace/install/pal_sea_arm_bringup:/home/user/exchange/workspace/install/pal_sea_arm_description:/home/user/exchange/workspace/install/pal_sea_arm_controller_configuration:/home/user/exchange/workspace/install/pal_pro_gripper_simulation:/home/user/exchange/workspace/install/pal_pro_gripper_bringup:/home/user/exchange/workspace/install/pal_pro_gripper:/home/user/exchange/workspace/install/pal_pro_gripper_controller_configuration:/home/user/exchange/workspace/install/pal_pro_gripper_description:/home/user/exchange/workspace/install/pal_gazebo_worlds:/opt/ros/humble CMAKE_PREFIX_PATH=/home/user/exchange/workspace/install/tiago_pro_simulation:/home/user/exchange/workspace/install/tiago_pro_mujoco:/home/user/exchange/workspace/install/tiago_pro_gazebo:/home/user/exchange/workspace/install/tiago_pro_robot:/home/user/exchange/workspace/install/tiago_pro_moveit_config:/home/user/exchange/workspace/install/pal_sea_arm:/home/user/exchange/workspace/install/tiago_pro_description:/home/user/exchange/workspace/install/tiago_pro_bringup:/home/user/exchange/workspace/install/pal_sea_arm_moveit_config:/home/user/exchange/workspace/install/pal_sea_arm_bringup:/home/user/exchange/workspace/install/tiago_pro_controller_configuration:/home/user/exchange/workspace/install/pal_sea_arm_description:/home/user/exchange/workspace/install/pal_sea_arm_controller_configuration:/home/user/exchange/workspace/install/pal_pro_gripper:/home/user/exchange/workspace/install/pal_pro_gripper_controller_configuration:/home/user/exchange/workspace/install/tiago_pro_rgbd_sensors:/home/user/exchange/workspace/install/tiago_pro_laser_sensors:/home/user/exchange/workspace/install/tiago_pro_2dnav:/home/user/exchange/workspace/install/pal_pro_gripper_description:/home/user/exchange/workspace/install/pal_gazebo_worlds:/home/user/exchange/workspace/install/tiago_manipulation_tasks:/home/user/exchange/workspace/install/tiago_pro_navigation:/home/user/exchange/workspace/install/pal_pro_gripper_simulation:/home/user/exchange/workspace/install/pal_pro_gripper_bringup:/home/user/exchange/workspace/install/pick_task:/home/user/exchange/workspace/install/pal_pro_gripper_wrapper:/opt/ros/humble PYTHONPATH=/home/user/exchange/workspace/install/pal_pro_gripper_wrapper/lib/python3.10/site-packages:/home/user/exchange/workspace/install/pick_task/lib/python3.10/site-packages:/home/user/exchange/workspace/install/tiago_pro_description/local/lib/python3.10/dist-packages:/home/user/exchange/workspace/install/pal_sea_arm_description/local/lib/python3.10/dist-packages:/home/user/exchange/workspace/install/pal_pro_gripper_description/local/lib/python3.10/dist-packages:/opt/ros/humble/lib/python3.10/site-packages:/opt/ros/humble/local/lib/python3.10/dist-packages /usr/bin/cmake --build /home/user/exchange/workspace/build/tiago_manipulation_tasks -- -j12 -l12
[2.518s] DEBUG:colcon.colcon_core.event_handler.log_command:Invoking command in '/home/user/exchange/workspace/src/pick_task': AMENT_PREFIX_PATH=/home/user/exchange/workspace/install/pal_pro_gripper_wrapper:/home/user/exchange/workspace/install/tiago_manipulation_tasks:/home/user/exchange/workspace/install/pick_task:/home/user/exchange/workspace/install/tiago_pro_simulation:/home/user/exchange/workspace/install/tiago_pro_robot:/home/user/exchange/workspace/install/tiago_pro_navigation:/home/user/exchange/workspace/install/tiago_pro_gazebo:/home/user/exchange/workspace/install/tiago_pro_rgbd_sensors:/home/user/exchange/workspace/install/tiago_pro_mujoco:/home/user/exchange/workspace/install/tiago_pro_moveit_config:/home/user/exchange/workspace/install/tiago_pro_laser_sensors:/home/user/exchange/workspace/install/tiago_pro_description:/home/user/exchange/workspace/install/tiago_pro_bringup:/home/user/exchange/workspace/install/tiago_pro_controller_configuration:/home/user/exchange/workspace/install/tiago_pro_2dnav:/home/user/exchange/workspace/install/pal_sea_arm_moveit_config:/home/user/exchange/workspace/install/pal_sea_arm:/home/user/exchange/workspace/install/pal_sea_arm_bringup:/home/user/exchange/workspace/install/pal_sea_arm_description:/home/user/exchange/workspace/install/pal_sea_arm_controller_configuration:/home/user/exchange/workspace/install/pal_pro_gripper_simulation:/home/user/exchange/workspace/install/pal_pro_gripper_bringup:/home/user/exchange/workspace/install/pal_pro_gripper:/home/user/exchange/workspace/install/pal_pro_gripper_controller_configuration:/home/user/exchange/workspace/install/pal_pro_gripper_description:/home/user/exchange/workspace/install/pal_gazebo_worlds:/opt/ros/humble CMAKE_PREFIX_PATH=/home/user/exchange/workspace/install/tiago_pro_simulation:/home/user/exchange/workspace/install/tiago_pro_mujoco:/home/user/exchange/workspace/install/tiago_pro_gazebo:/home/user/exchange/workspace/install/tiago_pro_robot:/home/user/exchange/workspace/install/tiago_pro_moveit_config:/home/user/exchange/workspace/install/pal_sea_arm:/home/user/exchange/workspace/install/tiago_pro_description:/home/user/exchange/workspace/install/tiago_pro_bringup:/home/user/exchange/workspace/install/pal_sea_arm_moveit_config:/home/user/exchange/workspace/install/pal_sea_arm_bringup:/home/user/exchange/workspace/install/tiago_pro_controller_configuration:/home/user/exchange/workspace/install/pal_sea_arm_description:/home/user/exchange/workspace/install/pal_sea_arm_controller_configuration:/home/user/exchange/workspace/install/pal_pro_gripper:/home/user/exchange/workspace/install/pal_pro_gripper_controller_configuration:/home/user/exchange/workspace/install/tiago_pro_rgbd_sensors:/home/user/exchange/workspace/install/tiago_pro_laser_sensors:/home/user/exchange/workspace/install/tiago_pro_2dnav:/home/user/exchange/workspace/install/pal_pro_gripper_description:/home/user/exchange/workspace/install/pal_gazebo_worlds:/home/user/exchange/workspace/install/tiago_manipulation_tasks:/home/user/exchange/workspace/install/tiago_pro_navigation:/home/user/exchange/workspace/install/pal_pro_gripper_simulation:/home/user/exchange/workspace/install/pal_pro_gripper_bringup PYTHONPATH=/home/user/exchange/workspace/build/pick_task/prefix_override:/usr/lib/python3/dist-packages/colcon_core/task/python/colcon_distutils_commands:/home/user/exchange/workspace/install/pick_task/lib/python3.10/site-packages:/home/user/exchange/workspace/install/pal_pro_gripper_wrapper/lib/python3.10/site-packages:/home/user/exchange/workspace/install/pick_task/lib/python3.10/site-packages:/home/user/exchange/workspace/install/tiago_pro_description/local/lib/python3.10/dist-packages:/home/user/exchange/workspace/install/pal_sea_arm_description/local/lib/python3.10/dist-packages:/home/user/exchange/workspace/install/pal_pro_gripper_description/local/lib/python3.10/dist-packages:/opt/ros/humble/lib/python3.10/site-packages:/opt/ros/humble/local/lib/python3.10/dist-packages /usr/bin/python3 -W ignore:setup.py install is deprecated -W ignore:easy_install command is deprecated setup.py egg_info --egg-base ../../build/pick_task build --build-base /home/user/exchange/workspace/build/pick_task/build install --record /home/user/exchange/workspace/build/pick_task/install.log --single-version-externally-managed install_data
[2.751s] Level 1:colcon.colcon_core.environment:checking '/home/user/exchange/workspace/install/pick_task' for CMake module files
[2.751s] DEBUG:colcon.colcon_core.event_handler.log_command:Invoked command in '/home/user/exchange/workspace/src/pick_task' returned '0': AMENT_PREFIX_PATH=/home/user/exchange/workspace/install/pal_pro_gripper_wrapper:/home/user/exchange/workspace/install/tiago_manipulation_tasks:/home/user/exchange/workspace/install/pick_task:/home/user/exchange/workspace/install/tiago_pro_simulation:/home/user/exchange/workspace/install/tiago_pro_robot:/home/user/exchange/workspace/install/tiago_pro_navigation:/home/user/exchange/workspace/install/tiago_pro_gazebo:/home/user/exchange/workspace/install/tiago_pro_rgbd_sensors:/home/user/exchange/workspace/install/tiago_pro_mujoco:/home/user/exchange/workspace/install/tiago_pro_moveit_config:/home/user/exchange/workspace/install/tiago_pro_laser_sensors:/home/user/exchange/workspace/install/tiago_pro_description:/home/user/exchange/workspace/install/tiago_pro_bringup:/home/user/exchange/workspace/install/tiago_pro_controller_configuration:/home/user/exchange/workspace/install/tiago_pro_2dnav:/home/user/exchange/workspace/install/pal_sea_arm_moveit_config:/home/user/exchange/workspace/install/pal_sea_arm:/home/user/exchange/workspace/install/pal_sea_arm_bringup:/home/user/exchange/workspace/install/pal_sea_arm_description:/home/user/exchange/workspace/install/pal_sea_arm_controller_configuration:/home/user/exchange/workspace/install/pal_pro_gripper_simulation:/home/user/exchange/workspace/install/pal_pro_gripper_bringup:/home/user/exchange/workspace/install/pal_pro_gripper:/home/user/exchange/workspace/install/pal_pro_gripper_controller_configuration:/home/user/exchange/workspace/install/pal_pro_gripper_description:/home/user/exchange/workspace/install/pal_gazebo_worlds:/opt/ros/humble CMAKE_PREFIX_PATH=/home/user/exchange/workspace/install/tiago_pro_simulation:/home/user/exchange/workspace/install/tiago_pro_mujoco:/home/user/exchange/workspace/install/tiago_pro_gazebo:/home/user/exchange/workspace/install/tiago_pro_robot:/home/user/exchange/workspace/install/tiago_pro_moveit_config:/home/user/exchange/workspace/install/pal_sea_arm:/home/user/exchange/workspace/install/tiago_pro_description:/home/user/exchange/workspace/install/tiago_pro_bringup:/home/user/exchange/workspace/install/pal_sea_arm_moveit_config:/home/user/exchange/workspace/install/pal_sea_arm_bringup:/home/user/exchange/workspace/install/tiago_pro_controller_configuration:/home/user/exchange/workspace/install/pal_sea_arm_description:/home/user/exchange/workspace/install/pal_sea_arm_controller_configuration:/home/user/exchange/workspace/install/pal_pro_gripper:/home/user/exchange/workspace/install/pal_pro_gripper_controller_configuration:/home/user/exchange/workspace/install/tiago_pro_rgbd_sensors:/home/user/exchange/workspace/install/tiago_pro_laser_sensors:/home/user/exchange/workspace/install/tiago_pro_2dnav:/home/user/exchange/workspace/install/pal_pro_gripper_description:/home/user/exchange/workspace/install/pal_gazebo_worlds:/home/user/exchange/workspace/install/tiago_manipulation_tasks:/home/user/exchange/workspace/install/tiago_pro_navigation:/home/user/exchange/workspace/install/pal_pro_gripper_simulation:/home/user/exchange/workspace/install/pal_pro_gripper_bringup PYTHONPATH=/home/user/exchange/workspace/build/pick_task/prefix_override:/usr/lib/python3/dist-packages/colcon_core/task/python/colcon_distutils_commands:/home/user/exchange/workspace/install/pick_task/lib/python3.10/site-packages:/home/user/exchange/workspace/install/pal_pro_gripper_wrapper/lib/python3.10/site-packages:/home/user/exchange/workspace/install/pick_task/lib/python3.10/site-packages:/home/user/exchange/workspace/install/tiago_pro_description/local/lib/python3.10/dist-packages:/home/user/exchange/workspace/install/pal_sea_arm_description/local/lib/python3.10/dist-packages:/home/user/exchange/workspace/install/pal_pro_gripper_description/local/lib/python3.10/dist-packages:/opt/ros/humble/lib/python3.10/site-packages:/opt/ros/humble/local/lib/python3.10/dist-packages /usr/bin/python3 -W ignore:setup.py install is deprecated -W ignore:easy_install command is deprecated setup.py egg_info --egg-base ../../build/pick_task build --build-base /home/user/exchange/workspace/build/pick_task/build install --record /home/user/exchange/workspace/build/pick_task/install.log --single-version-externally-managed install_data
[2.751s] Level 1:colcon.colcon_core.environment:checking '/home/user/exchange/workspace/install/pick_task' for CMake config files
[2.752s] Level 1:colcon.colcon_core.environment:checking '/home/user/exchange/workspace/install/pick_task/lib'
[2.752s] Level 1:colcon.colcon_core.environment:checking '/home/user/exchange/workspace/install/pick_task/bin'
[2.752s] Level 1:colcon.colcon_core.environment:checking '/home/user/exchange/workspace/install/pick_task/lib/pkgconfig/pick_task.pc'
[2.752s] Level 1:colcon.colcon_core.environment:checking '/home/user/exchange/workspace/install/pick_task/lib/python3.10/site-packages'
[2.752s] Level 1:colcon.colcon_core.shell:create_environment_hook('pick_task', 'pythonpath')
[2.752s] INFO:colcon.colcon_core.shell:Creating environment hook '/home/user/exchange/workspace/install/pick_task/share/pick_task/hook/pythonpath.ps1'
[2.752s] INFO:colcon.colcon_core.shell:Creating environment descriptor '/home/user/exchange/workspace/install/pick_task/share/pick_task/hook/pythonpath.dsv'
[2.753s] INFO:colcon.colcon_core.shell:Creating environment hook '/home/user/exchange/workspace/install/pick_task/share/pick_task/hook/pythonpath.sh'
[2.753s] Level 1:colcon.colcon_core.environment:checking '/home/user/exchange/workspace/install/pick_task/bin'
[2.753s] Level 1:colcon.colcon_core.environment:create_environment_scripts_only(pick_task)
[2.754s] INFO:colcon.colcon_core.shell:Creating package script '/home/user/exchange/workspace/install/pick_task/share/pick_task/package.ps1'
[2.754s] INFO:colcon.colcon_core.shell:Creating package descriptor '/home/user/exchange/workspace/install/pick_task/share/pick_task/package.dsv'
[2.755s] INFO:colcon.colcon_core.shell:Creating package script '/home/user/exchange/workspace/install/pick_task/share/pick_task/package.sh'
[2.755s] INFO:colcon.colcon_core.shell:Creating package script '/home/user/exchange/workspace/install/pick_task/share/pick_task/package.bash'
[2.756s] INFO:colcon.colcon_core.shell:Creating package script '/home/user/exchange/workspace/install/pick_task/share/pick_task/package.zsh'
[2.756s] Level 1:colcon.colcon_core.environment:create_file_with_runtime_dependencies(/home/user/exchange/workspace/install/pick_task/share/colcon-core/packages/pick_task)
[14.979s] DEBUG:colcon.colcon_core.event_handler.log_command:Invoked command in '/home/user/exchange/workspace/build/tiago_manipulation_tasks' returned '0': AMENT_PREFIX_PATH=/home/user/exchange/workspace/install/pal_pro_gripper_wrapper:/home/user/exchange/workspace/install/tiago_manipulation_tasks:/home/user/exchange/workspace/install/pick_task:/home/user/exchange/workspace/install/tiago_pro_simulation:/home/user/exchange/workspace/install/tiago_pro_robot:/home/user/exchange/workspace/install/tiago_pro_navigation:/home/user/exchange/workspace/install/tiago_pro_gazebo:/home/user/exchange/workspace/install/tiago_pro_rgbd_sensors:/home/user/exchange/workspace/install/tiago_pro_mujoco:/home/user/exchange/workspace/install/tiago_pro_moveit_config:/home/user/exchange/workspace/install/tiago_pro_laser_sensors:/home/user/exchange/workspace/install/tiago_pro_description:/home/user/exchange/workspace/install/tiago_pro_bringup:/home/user/exchange/workspace/install/tiago_pro_controller_configuration:/home/user/exchange/workspace/install/tiago_pro_2dnav:/home/user/exchange/workspace/install/pal_sea_arm_moveit_config:/home/user/exchange/workspace/install/pal_sea_arm:/home/user/exchange/workspace/install/pal_sea_arm_bringup:/home/user/exchange/workspace/install/pal_sea_arm_description:/home/user/exchange/workspace/install/pal_sea_arm_controller_configuration:/home/user/exchange/workspace/install/pal_pro_gripper_simulation:/home/user/exchange/workspace/install/pal_pro_gripper_bringup:/home/user/exchange/workspace/install/pal_pro_gripper:/home/user/exchange/workspace/install/pal_pro_gripper_controller_configuration:/home/user/exchange/workspace/install/pal_pro_gripper_description:/home/user/exchange/workspace/install/pal_gazebo_worlds:/opt/ros/humble CMAKE_PREFIX_PATH=/home/user/exchange/workspace/install/tiago_pro_simulation:/home/user/exchange/workspace/install/tiago_pro_mujoco:/home/user/exchange/workspace/install/tiago_pro_gazebo:/home/user/exchange/workspace/install/tiago_pro_robot:/home/user/exchange/workspace/install/tiago_pro_moveit_config:/home/user/exchange/workspace/install/pal_sea_arm:/home/user/exchange/workspace/install/tiago_pro_description:/home/user/exchange/workspace/install/tiago_pro_bringup:/home/user/exchange/workspace/install/pal_sea_arm_moveit_config:/home/user/exchange/workspace/install/pal_sea_arm_bringup:/home/user/exchange/workspace/install/tiago_pro_controller_configuration:/home/user/exchange/workspace/install/pal_sea_arm_description:/home/user/exchange/workspace/install/pal_sea_arm_controller_configuration:/home/user/exchange/workspace/install/pal_pro_gripper:/home/user/exchange/workspace/install/pal_pro_gripper_controller_configuration:/home/user/exchange/workspace/install/tiago_pro_rgbd_sensors:/home/user/exchange/workspace/install/tiago_pro_laser_sensors:/home/user/exchange/workspace/install/tiago_pro_2dnav:/home/user/exchange/workspace/install/pal_pro_gripper_description:/home/user/exchange/workspace/install/pal_gazebo_worlds:/home/user/exchange/workspace/install/tiago_manipulation_tasks:/home/user/exchange/workspace/install/tiago_pro_navigation:/home/user/exchange/workspace/install/pal_pro_gripper_simulation:/home/user/exchange/workspace/install/pal_pro_gripper_bringup:/home/user/exchange/workspace/install/pick_task:/home/user/exchange/workspace/install/pal_pro_gripper_wrapper:/opt/ros/humble PYTHONPATH=/home/user/exchange/workspace/install/pal_pro_gripper_wrapper/lib/python3.10/site-packages:/home/user/exchange/workspace/install/pick_task/lib/python3.10/site-packages:/home/user/exchange/workspace/install/tiago_pro_description/local/lib/python3.10/dist-packages:/home/user/exchange/workspace/install/pal_sea_arm_description/local/lib/python3.10/dist-packages:/home/user/exchange/workspace/install/pal_pro_gripper_description/local/lib/python3.10/dist-packages:/opt/ros/humble/lib/python3.10/site-packages:/opt/ros/humble/local/lib/python3.10/dist-packages /usr/bin/cmake --build /home/user/exchange/workspace/build/tiago_manipulation_tasks -- -j12 -l12
[14.980s] DEBUG:colcon.colcon_core.event_handler.log_command:Invoking command in '/home/user/exchange/workspace/build/tiago_manipulation_tasks': AMENT_PREFIX_PATH=/home/user/exchange/workspace/install/pal_pro_gripper_wrapper:/home/user/exchange/workspace/install/tiago_manipulation_tasks:/home/user/exchange/workspace/install/pick_task:/home/user/exchange/workspace/install/tiago_pro_simulation:/home/user/exchange/workspace/install/tiago_pro_robot:/home/user/exchange/workspace/install/tiago_pro_navigation:/home/user/exchange/workspace/install/tiago_pro_gazebo:/home/user/exchange/workspace/install/tiago_pro_rgbd_sensors:/home/user/exchange/workspace/install/tiago_pro_mujoco:/home/user/exchange/workspace/install/tiago_pro_moveit_config:/home/user/exchange/workspace/install/tiago_pro_laser_sensors:/home/user/exchange/workspace/install/tiago_pro_description:/home/user/exchange/workspace/install/tiago_pro_bringup:/home/user/exchange/workspace/install/tiago_pro_controller_configuration:/home/user/exchange/workspace/install/tiago_pro_2dnav:/home/user/exchange/workspace/install/pal_sea_arm_moveit_config:/home/user/exchange/workspace/install/pal_sea_arm:/home/user/exchange/workspace/install/pal_sea_arm_bringup:/home/user/exchange/workspace/install/pal_sea_arm_description:/home/user/exchange/workspace/install/pal_sea_arm_controller_configuration:/home/user/exchange/workspace/install/pal_pro_gripper_simulation:/home/user/exchange/workspace/install/pal_pro_gripper_bringup:/home/user/exchange/workspace/install/pal_pro_gripper:/home/user/exchange/workspace/install/pal_pro_gripper_controller_configuration:/home/user/exchange/workspace/install/pal_pro_gripper_description:/home/user/exchange/workspace/install/pal_gazebo_worlds:/opt/ros/humble CMAKE_PREFIX_PATH=/home/user/exchange/workspace/install/tiago_pro_simulation:/home/user/exchange/workspace/install/tiago_pro_mujoco:/home/user/exchange/workspace/install/tiago_pro_gazebo:/home/user/exchange/workspace/install/tiago_pro_robot:/home/user/exchange/workspace/install/tiago_pro_moveit_config:/home/user/exchange/workspace/install/pal_sea_arm:/home/user/exchange/workspace/install/tiago_pro_description:/home/user/exchange/workspace/install/tiago_pro_bringup:/home/user/exchange/workspace/install/pal_sea_arm_moveit_config:/home/user/exchange/workspace/install/pal_sea_arm_bringup:/home/user/exchange/workspace/install/tiago_pro_controller_configuration:/home/user/exchange/workspace/install/pal_sea_arm_description:/home/user/exchange/workspace/install/pal_sea_arm_controller_configuration:/home/user/exchange/workspace/install/pal_pro_gripper:/home/user/exchange/workspace/install/pal_pro_gripper_controller_configuration:/home/user/exchange/workspace/install/tiago_pro_rgbd_sensors:/home/user/exchange/workspace/install/tiago_pro_laser_sensors:/home/user/exchange/workspace/install/tiago_pro_2dnav:/home/user/exchange/workspace/install/pal_pro_gripper_description:/home/user/exchange/workspace/install/pal_gazebo_worlds:/home/user/exchange/workspace/install/tiago_manipulation_tasks:/home/user/exchange/workspace/install/tiago_pro_navigation:/home/user/exchange/workspace/install/pal_pro_gripper_simulation:/home/user/exchange/workspace/install/pal_pro_gripper_bringup:/home/user/exchange/workspace/install/pick_task:/home/user/exchange/workspace/install/pal_pro_gripper_wrapper:/opt/ros/humble PYTHONPATH=/home/user/exchange/workspace/install/pal_pro_gripper_wrapper/lib/python3.10/site-packages:/home/user/exchange/workspace/install/pick_task/lib/python3.10/site-packages:/home/user/exchange/workspace/install/tiago_pro_description/local/lib/python3.10/dist-packages:/home/user/exchange/workspace/install/pal_sea_arm_description/local/lib/python3.10/dist-packages:/home/user/exchange/workspace/install/pal_pro_gripper_description/local/lib/python3.10/dist-packages:/opt/ros/humble/lib/python3.10/site-packages:/opt/ros/humble/local/lib/python3.10/dist-packages /usr/bin/cmake --install /home/user/exchange/workspace/build/tiago_manipulation_tasks
[14.991s] Level 1:colcon.colcon_core.environment:create_environment_scripts_only(tiago_manipulation_tasks)
[14.992s] Level 1:colcon.colcon_core.environment:checking '/home/user/exchange/workspace/install/tiago_manipulation_tasks' for CMake module files
[14.992s] DEBUG:colcon.colcon_core.event_handler.log_command:Invoked command in '/home/user/exchange/workspace/build/tiago_manipulation_tasks' returned '0': AMENT_PREFIX_PATH=/home/user/exchange/workspace/install/pal_pro_gripper_wrapper:/home/user/exchange/workspace/install/tiago_manipulation_tasks:/home/user/exchange/workspace/install/pick_task:/home/user/exchange/workspace/install/tiago_pro_simulation:/home/user/exchange/workspace/install/tiago_pro_robot:/home/user/exchange/workspace/install/tiago_pro_navigation:/home/user/exchange/workspace/install/tiago_pro_gazebo:/home/user/exchange/workspace/install/tiago_pro_rgbd_sensors:/home/user/exchange/workspace/install/tiago_pro_mujoco:/home/user/exchange/workspace/install/tiago_pro_moveit_config:/home/user/exchange/workspace/install/tiago_pro_laser_sensors:/home/user/exchange/workspace/install/tiago_pro_description:/home/user/exchange/workspace/install/tiago_pro_bringup:/home/user/exchange/workspace/install/tiago_pro_controller_configuration:/home/user/exchange/workspace/install/tiago_pro_2dnav:/home/user/exchange/workspace/install/pal_sea_arm_moveit_config:/home/user/exchange/workspace/install/pal_sea_arm:/home/user/exchange/workspace/install/pal_sea_arm_bringup:/home/user/exchange/workspace/install/pal_sea_arm_description:/home/user/exchange/workspace/install/pal_sea_arm_controller_configuration:/home/user/exchange/workspace/install/pal_pro_gripper_simulation:/home/user/exchange/workspace/install/pal_pro_gripper_bringup:/home/user/exchange/workspace/install/pal_pro_gripper:/home/user/exchange/workspace/install/pal_pro_gripper_controller_configuration:/home/user/exchange/workspace/install/pal_pro_gripper_description:/home/user/exchange/workspace/install/pal_gazebo_worlds:/opt/ros/humble CMAKE_PREFIX_PATH=/home/user/exchange/workspace/install/tiago_pro_simulation:/home/user/exchange/workspace/install/tiago_pro_mujoco:/home/user/exchange/workspace/install/tiago_pro_gazebo:/home/user/exchange/workspace/install/tiago_pro_robot:/home/user/exchange/workspace/install/tiago_pro_moveit_config:/home/user/exchange/workspace/install/pal_sea_arm:/home/user/exchange/workspace/install/tiago_pro_description:/home/user/exchange/workspace/install/tiago_pro_bringup:/home/user/exchange/workspace/install/pal_sea_arm_moveit_config:/home/user/exchange/workspace/install/pal_sea_arm_bringup:/home/user/exchange/workspace/install/tiago_pro_controller_configuration:/home/user/exchange/workspace/install/pal_sea_arm_description:/home/user/exchange/workspace/install/pal_sea_arm_controller_configuration:/home/user/exchange/workspace/install/pal_pro_gripper:/home/user/exchange/workspace/install/pal_pro_gripper_controller_configuration:/home/user/exchange/workspace/install/tiago_pro_rgbd_sensors:/home/user/exchange/workspace/install/tiago_pro_laser_sensors:/home/user/exchange/workspace/install/tiago_pro_2dnav:/home/user/exchange/workspace/install/pal_pro_gripper_description:/home/user/exchange/workspace/install/pal_gazebo_worlds:/home/user/exchange/workspace/install/tiago_manipulation_tasks:/home/user/exchange/workspace/install/tiago_pro_navigation:/home/user/exchange/workspace/install/pal_pro_gripper_simulation:/home/user/exchange/workspace/install/pal_pro_gripper_bringup:/home/user/exchange/workspace/install/pick_task:/home/user/exchange/workspace/install/pal_pro_gripper_wrapper:/opt/ros/humble PYTHONPATH=/home/user/exchange/workspace/install/pal_pro_gripper_wrapper/lib/python3.10/site-packages:/home/user/exchange/workspace/install/pick_task/lib/python3.10/site-packages:/home/user/exchange/workspace/install/tiago_pro_description/local/lib/python3.10/dist-packages:/home/user/exchange/workspace/install/pal_sea_arm_description/local/lib/python3.10/dist-packages:/home/user/exchange/workspace/install/pal_pro_gripper_description/local/lib/python3.10/dist-packages:/opt/ros/humble/lib/python3.10/site-packages:/opt/ros/humble/local/lib/python3.10/dist-packages /usr/bin/cmake --install /home/user/exchange/workspace/build/tiago_manipulation_tasks
[14.992s] Level 1:colcon.colcon_core.environment:checking '/home/user/exchange/workspace/install/tiago_manipulation_tasks' for CMake config files
[14.992s] Level 1:colcon.colcon_core.shell:create_environment_hook('tiago_manipulation_tasks', 'cmake_prefix_path')
[14.993s] INFO:colcon.colcon_core.shell:Creating environment hook '/home/user/exchange/workspace/install/tiago_manipulation_tasks/share/tiago_manipulation_tasks/hook/cmake_prefix_path.ps1'
[14.993s] INFO:colcon.colcon_core.shell:Creating environment descriptor '/home/user/exchange/workspace/install/tiago_manipulation_tasks/share/tiago_manipulation_tasks/hook/cmake_prefix_path.dsv'
[14.993s] INFO:colcon.colcon_core.shell:Creating environment hook '/home/user/exchange/workspace/install/tiago_manipulation_tasks/share/tiago_manipulation_tasks/hook/cmake_prefix_path.sh'
[14.994s] Level 1:colcon.colcon_core.environment:checking '/home/user/exchange/workspace/install/tiago_manipulation_tasks/lib'
[14.994s] Level 1:colcon.colcon_core.environment:checking '/home/user/exchange/workspace/install/tiago_manipulation_tasks/bin'
[14.994s] Level 1:colcon.colcon_core.environment:checking '/home/user/exchange/workspace/install/tiago_manipulation_tasks/lib/pkgconfig/tiago_manipulation_tasks.pc'
[14.994s] Level 1:colcon.colcon_core.environment:checking '/home/user/exchange/workspace/install/tiago_manipulation_tasks/lib/python3.10/site-packages'
[14.994s] Level 1:colcon.colcon_core.environment:checking '/home/user/exchange/workspace/install/tiago_manipulation_tasks/bin'
[14.994s] INFO:colcon.colcon_core.shell:Creating package script '/home/user/exchange/workspace/install/tiago_manipulation_tasks/share/tiago_manipulation_tasks/package.ps1'
[14.995s] INFO:colcon.colcon_core.shell:Creating package descriptor '/home/user/exchange/workspace/install/tiago_manipulation_tasks/share/tiago_manipulation_tasks/package.dsv'
[14.995s] INFO:colcon.colcon_core.shell:Creating package script '/home/user/exchange/workspace/install/tiago_manipulation_tasks/share/tiago_manipulation_tasks/package.sh'
[14.995s] INFO:colcon.colcon_core.shell:Creating package script '/home/user/exchange/workspace/install/tiago_manipulation_tasks/share/tiago_manipulation_tasks/package.bash'
[14.995s] INFO:colcon.colcon_core.shell:Creating package script '/home/user/exchange/workspace/install/tiago_manipulation_tasks/share/tiago_manipulation_tasks/package.zsh'
[14.995s] Level 1:colcon.colcon_core.environment:create_file_with_runtime_dependencies(/home/user/exchange/workspace/install/tiago_manipulation_tasks/share/colcon-core/packages/tiago_manipulation_tasks)
[14.996s] Level 1:colcon.colcon_core.environment:create_environment_scripts_only(tiago_manipulation_tasks)
[14.996s] Level 1:colcon.colcon_core.environment:checking '/home/user/exchange/workspace/install/tiago_manipulation_tasks' for CMake module files
[14.996s] Level 1:colcon.colcon_core.environment:checking '/home/user/exchange/workspace/install/tiago_manipulation_tasks' for CMake config files
[14.996s] Level 1:colcon.colcon_core.shell:create_environment_hook('tiago_manipulation_tasks', 'cmake_prefix_path')
[14.996s] INFO:colcon.colcon_core.shell:Creating environment hook '/home/user/exchange/workspace/install/tiago_manipulation_tasks/share/tiago_manipulation_tasks/hook/cmake_prefix_path.ps1'
[14.997s] INFO:colcon.colcon_core.shell:Creating environment descriptor '/home/user/exchange/workspace/install/tiago_manipulation_tasks/share/tiago_manipulation_tasks/hook/cmake_prefix_path.dsv'
[14.997s] INFO:colcon.colcon_core.shell:Creating environment hook '/home/user/exchange/workspace/install/tiago_manipulation_tasks/share/tiago_manipulation_tasks/hook/cmake_prefix_path.sh'
[14.997s] Level 1:colcon.colcon_core.environment:checking '/home/user/exchange/workspace/install/tiago_manipulation_tasks/lib'
[14.997s] Level 1:colcon.colcon_core.environment:checking '/home/user/exchange/workspace/install/tiago_manipulation_tasks/bin'
[14.997s] Level 1:colcon.colcon_core.environment:checking '/home/user/exchange/workspace/install/tiago_manipulation_tasks/lib/pkgconfig/tiago_manipulation_tasks.pc'
[14.997s] Level 1:colcon.colcon_core.environment:checking '/home/user/exchange/workspace/install/tiago_manipulation_tasks/lib/python3.10/site-packages'
[14.998s] Level 1:colcon.colcon_core.environment:checking '/home/user/exchange/workspace/install/tiago_manipulation_tasks/bin'
[14.998s] INFO:colcon.colcon_core.shell:Creating package script '/home/user/exchange/workspace/install/tiago_manipulation_tasks/share/tiago_manipulation_tasks/package.ps1'
[14.998s] INFO:colcon.colcon_core.shell:Creating package descriptor '/home/user/exchange/workspace/install/tiago_manipulation_tasks/share/tiago_manipulation_tasks/package.dsv'
[14.998s] INFO:colcon.colcon_core.shell:Creating package script '/home/user/exchange/workspace/install/tiago_manipulation_tasks/share/tiago_manipulation_tasks/package.sh'
[14.999s] INFO:colcon.colcon_core.shell:Creating package script '/home/user/exchange/workspace/install/tiago_manipulation_tasks/share/tiago_manipulation_tasks/package.bash'
[14.999s] INFO:colcon.colcon_core.shell:Creating package script '/home/user/exchange/workspace/install/tiago_manipulation_tasks/share/tiago_manipulation_tasks/package.zsh'
[14.999s] Level 1:colcon.colcon_core.environment:create_file_with_runtime_dependencies(/home/user/exchange/workspace/install/tiago_manipulation_tasks/share/colcon-core/packages/tiago_manipulation_tasks)
[14.999s] DEBUG:colcon.colcon_parallel_executor.executor.parallel:closing loop
[14.999s] DEBUG:colcon.colcon_parallel_executor.executor.parallel:loop closed
[15.000s] DEBUG:colcon.colcon_parallel_executor.executor.parallel:run_until_complete finished with '0'
[15.000s] DEBUG:colcon.colcon_core.event_reactor:joining thread
[15.005s] INFO:colcon.colcon_core.plugin_system:Skipping extension 'colcon_notification.desktop_notification.notify_send': Could not find 'notify-send'
[15.005s] INFO:colcon.colcon_core.plugin_system:Skipping extension 'colcon_notification.desktop_notification.terminal_notifier': Not used on non-Darwin systems
[15.005s] INFO:colcon.colcon_core.plugin_system:Skipping extension 'colcon_notification.desktop_notification.win32': Not used on non-Windows systems
[15.005s] INFO:colcon.colcon_notification.desktop_notification:Sending desktop notification using 'notify2'
[15.007s] DEBUG:colcon.colcon_notification.desktop_notification.notify2:Failed to initialize notify2: org.freedesktop.DBus.Error.Spawn.ExecFailed: /usr/bin/dbus-launch terminated abnormally without any error message
[15.007s] DEBUG:colcon.colcon_core.event_reactor:joined thread
[15.007s] INFO:colcon.colcon_core.shell:Creating prefix script '/home/user/exchange/workspace/install/local_setup.ps1'
[15.008s] INFO:colcon.colcon_core.shell:Creating prefix util module '/home/user/exchange/workspace/install/_local_setup_util_ps1.py'
[15.009s] INFO:colcon.colcon_core.shell:Creating prefix chain script '/home/user/exchange/workspace/install/setup.ps1'
[15.010s] INFO:colcon.colcon_core.shell:Creating prefix script '/home/user/exchange/workspace/install/local_setup.sh'
[15.010s] INFO:colcon.colcon_core.shell:Creating prefix util module '/home/user/exchange/workspace/install/_local_setup_util_sh.py'
[15.011s] INFO:colcon.colcon_core.shell:Creating prefix chain script '/home/user/exchange/workspace/install/setup.sh'
[15.012s] INFO:colcon.colcon_core.shell:Creating prefix script '/home/user/exchange/workspace/install/local_setup.bash'
[15.012s] INFO:colcon.colcon_core.shell:Creating prefix chain script '/home/user/exchange/workspace/install/setup.bash'
[15.013s] INFO:colcon.colcon_core.shell:Creating prefix script '/home/user/exchange/workspace/install/local_setup.zsh'
[15.014s] INFO:colcon.colcon_core.shell:Creating prefix chain script '/home/user/exchange/workspace/install/setup.zsh'
