[0.056s] DEBUG:colcon:Command line arguments: ['/usr/bin/colcon', 'build']
[0.056s] DEBUG:colcon:Parsed command line arguments: Namespace(log_base=None, log_level=None, verb_name='build', build_base='build', install_base='install', merge_install=False, symlink_install=False, test_result_base=None, continue_on_error=False, executor='parallel', parallel_workers=12, event_handlers=None, ignore_user_meta=False, metas=['./colcon.meta'], base_paths=['.'], packages_ignore=None, packages_ignore_regex=None, paths=None, packages_up_to=None, packages_up_to_regex=None, packages_above=None, packages_above_and_dependencies=None, packages_above_depth=None, packages_select_by_dep=None, packages_skip_by_dep=None, packages_skip_up_to=None, packages_select_build_failed=False, packages_skip_build_finished=False, packages_select_test_failures=False, packages_skip_test_passed=False, packages_select=None, packages_skip=None, packages_select_regex=None, packages_skip_regex=None, packages_start=None, packages_end=None, cmake_args=None, cmake_target=None, cmake_target_skip_unavailable=False, cmake_clean_cache=False, cmake_clean_first=False, cmake_force_configure=False, ament_cmake_args=None, catkin_cmake_args=None, catkin_skip_building_tests=False, verb_parser=<colcon_defaults.argument_parser.defaults.DefaultArgumentsDecorator object at 0x76ad13daefe0>, verb_extension=<colcon_core.verb.build.BuildVerb object at 0x76ad13daea10>, main=<bound method BuildVerb.main of <colcon_core.verb.build.BuildVerb object at 0x76ad13daea10>>)
[0.129s] Level 1:colcon.colcon_core.package_discovery:discover_packages(colcon_meta) check parameters
[0.129s] Level 1:colcon.colcon_core.package_discovery:discover_packages(recursive) check parameters
[0.129s] Level 1:colcon.colcon_core.package_discovery:discover_packages(ignore) check parameters
[0.129s] Level 1:colcon.colcon_core.package_discovery:discover_packages(path) check parameters
[0.129s] Level 1:colcon.colcon_core.package_discovery:discover_packages(colcon_meta) discover
[0.129s] Level 1:colcon.colcon_core.package_discovery:discover_packages(recursive) discover
[0.129s] INFO:colcon.colcon_core.package_discovery:Crawling recursively for packages in '/home/user/exchange/workspace'
[0.129s] Level 1:colcon.colcon_core.package_identification:_identify(.) by extensions ['ignore', 'ignore_ament_install']
[0.129s] Level 1:colcon.colcon_core.package_identification:_identify(.) by extension 'ignore'
[0.129s] Level 1:colcon.colcon_core.package_identification:_identify(.) by extension 'ignore_ament_install'
[0.129s] Level 1:colcon.colcon_core.package_identification:_identify(.) by extensions ['colcon_pkg']
[0.129s] Level 1:colcon.colcon_core.package_identification:_identify(.) by extension 'colcon_pkg'
[0.129s] Level 1:colcon.colcon_core.package_identification:_identify(.) by extensions ['colcon_meta']
[0.129s] Level 1:colcon.colcon_core.package_identification:_identify(.) by extension 'colcon_meta'
[0.129s] Level 1:colcon.colcon_core.package_identification:_identify(.) by extensions ['ros']
[0.129s] Level 1:colcon.colcon_core.package_identification:_identify(.) by extension 'ros'
[0.148s] Level 1:colcon.colcon_core.package_identification:_identify(.) by extensions ['cmake', 'python']
[0.148s] Level 1:colcon.colcon_core.package_identification:_identify(.) by extension 'cmake'
[0.148s] Level 1:colcon.colcon_core.package_identification:_identify(.) by extension 'python'
[0.148s] Level 1:colcon.colcon_core.package_identification:_identify(.) by extensions ['python_setup_py']
[0.148s] Level 1:colcon.colcon_core.package_identification:_identify(.) by extension 'python_setup_py'
[0.148s] Level 1:colcon.colcon_core.package_identification:_identify(build) by extensions ['ignore', 'ignore_ament_install']
[0.148s] Level 1:colcon.colcon_core.package_identification:_identify(build) by extension 'ignore'
[0.148s] Level 1:colcon.colcon_core.package_identification:_identify(build) ignored
[0.148s] Level 1:colcon.colcon_core.package_identification:_identify(install) by extensions ['ignore', 'ignore_ament_install']
[0.148s] Level 1:colcon.colcon_core.package_identification:_identify(install) by extension 'ignore'
[0.148s] Level 1:colcon.colcon_core.package_identification:_identify(install) ignored
[0.149s] Level 1:colcon.colcon_core.package_identification:_identify(log) by extensions ['ignore', 'ignore_ament_install']
[0.149s] Level 1:colcon.colcon_core.package_identification:_identify(log) by extension 'ignore'
[0.149s] Level 1:colcon.colcon_core.package_identification:_identify(log) ignored
[0.149s] Level 1:colcon.colcon_core.package_identification:_identify(src) by extensions ['ignore', 'ignore_ament_install']
[0.149s] Level 1:colcon.colcon_core.package_identification:_identify(src) by extension 'ignore'
[0.149s] Level 1:colcon.colcon_core.package_identification:_identify(src) by extension 'ignore_ament_install'
[0.149s] Level 1:colcon.colcon_core.package_identification:_identify(src) by extensions ['colcon_pkg']
[0.149s] Level 1:colcon.colcon_core.package_identification:_identify(src) by extension 'colcon_pkg'
[0.149s] Level 1:colcon.colcon_core.package_identification:_identify(src) by extensions ['colcon_meta']
[0.149s] Level 1:colcon.colcon_core.package_identification:_identify(src) by extension 'colcon_meta'
[0.149s] Level 1:colcon.colcon_core.package_identification:_identify(src) by extensions ['ros']
[0.149s] Level 1:colcon.colcon_core.package_identification:_identify(src) by extension 'ros'
[0.149s] Level 1:colcon.colcon_core.package_identification:_identify(src) by extensions ['cmake', 'python']
[0.149s] Level 1:colcon.colcon_core.package_identification:_identify(src) by extension 'cmake'
[0.149s] Level 1:colcon.colcon_core.package_identification:_identify(src) by extension 'python'
[0.149s] Level 1:colcon.colcon_core.package_identification:_identify(src) by extensions ['python_setup_py']
[0.149s] Level 1:colcon.colcon_core.package_identification:_identify(src) by extension 'python_setup_py'
[0.149s] Level 1:colcon.colcon_core.package_identification:_identify(src/IFRA_LinkAttacher) by extensions ['ignore', 'ignore_ament_install']
[0.149s] Level 1:colcon.colcon_core.package_identification:_identify(src/IFRA_LinkAttacher) by extension 'ignore'
[0.149s] Level 1:colcon.colcon_core.package_identification:_identify(src/IFRA_LinkAttacher) by extension 'ignore_ament_install'
[0.149s] Level 1:colcon.colcon_core.package_identification:_identify(src/IFRA_LinkAttacher) by extensions ['colcon_pkg']
[0.149s] Level 1:colcon.colcon_core.package_identification:_identify(src/IFRA_LinkAttacher) by extension 'colcon_pkg'
[0.149s] Level 1:colcon.colcon_core.package_identification:_identify(src/IFRA_LinkAttacher) by extensions ['colcon_meta']
[0.149s] Level 1:colcon.colcon_core.package_identification:_identify(src/IFRA_LinkAttacher) by extension 'colcon_meta'
[0.149s] Level 1:colcon.colcon_core.package_identification:_identify(src/IFRA_LinkAttacher) by extensions ['ros']
[0.149s] Level 1:colcon.colcon_core.package_identification:_identify(src/IFRA_LinkAttacher) by extension 'ros'
[0.149s] Level 1:colcon.colcon_core.package_identification:_identify(src/IFRA_LinkAttacher) by extensions ['cmake', 'python']
[0.149s] Level 1:colcon.colcon_core.package_identification:_identify(src/IFRA_LinkAttacher) by extension 'cmake'
[0.149s] Level 1:colcon.colcon_core.package_identification:_identify(src/IFRA_LinkAttacher) by extension 'python'
[0.149s] Level 1:colcon.colcon_core.package_identification:_identify(src/IFRA_LinkAttacher) by extensions ['python_setup_py']
[0.149s] Level 1:colcon.colcon_core.package_identification:_identify(src/IFRA_LinkAttacher) by extension 'python_setup_py'
[0.149s] Level 1:colcon.colcon_core.package_identification:_identify(src/IFRA_LinkAttacher/linkattacher_msgs) by extensions ['ignore', 'ignore_ament_install']
[0.149s] Level 1:colcon.colcon_core.package_identification:_identify(src/IFRA_LinkAttacher/linkattacher_msgs) by extension 'ignore'
[0.149s] Level 1:colcon.colcon_core.package_identification:_identify(src/IFRA_LinkAttacher/linkattacher_msgs) by extension 'ignore_ament_install'
[0.149s] Level 1:colcon.colcon_core.package_identification:_identify(src/IFRA_LinkAttacher/linkattacher_msgs) by extensions ['colcon_pkg']
[0.150s] Level 1:colcon.colcon_core.package_identification:_identify(src/IFRA_LinkAttacher/linkattacher_msgs) by extension 'colcon_pkg'
[0.150s] Level 1:colcon.colcon_core.package_identification:_identify(src/IFRA_LinkAttacher/linkattacher_msgs) by extensions ['colcon_meta']
[0.150s] Level 1:colcon.colcon_core.package_identification:_identify(src/IFRA_LinkAttacher/linkattacher_msgs) by extension 'colcon_meta'
[0.150s] Level 1:colcon.colcon_core.package_identification:_identify(src/IFRA_LinkAttacher/linkattacher_msgs) by extensions ['ros']
[0.150s] Level 1:colcon.colcon_core.package_identification:_identify(src/IFRA_LinkAttacher/linkattacher_msgs) by extension 'ros'
[0.152s] DEBUG:colcon.colcon_core.package_identification:Package 'src/IFRA_LinkAttacher/linkattacher_msgs' with type 'ros.ament_cmake' and name 'linkattacher_msgs'
[0.152s] Level 1:colcon.colcon_core.package_identification:_identify(src/IFRA_LinkAttacher/ros2_LinkAttacher) by extensions ['ignore', 'ignore_ament_install']
[0.152s] Level 1:colcon.colcon_core.package_identification:_identify(src/IFRA_LinkAttacher/ros2_LinkAttacher) by extension 'ignore'
[0.152s] Level 1:colcon.colcon_core.package_identification:_identify(src/IFRA_LinkAttacher/ros2_LinkAttacher) by extension 'ignore_ament_install'
[0.152s] Level 1:colcon.colcon_core.package_identification:_identify(src/IFRA_LinkAttacher/ros2_LinkAttacher) by extensions ['colcon_pkg']
[0.152s] Level 1:colcon.colcon_core.package_identification:_identify(src/IFRA_LinkAttacher/ros2_LinkAttacher) by extension 'colcon_pkg'
[0.152s] Level 1:colcon.colcon_core.package_identification:_identify(src/IFRA_LinkAttacher/ros2_LinkAttacher) by extensions ['colcon_meta']
[0.152s] Level 1:colcon.colcon_core.package_identification:_identify(src/IFRA_LinkAttacher/ros2_LinkAttacher) by extension 'colcon_meta'
[0.152s] Level 1:colcon.colcon_core.package_identification:_identify(src/IFRA_LinkAttacher/ros2_LinkAttacher) by extensions ['ros']
[0.152s] Level 1:colcon.colcon_core.package_identification:_identify(src/IFRA_LinkAttacher/ros2_LinkAttacher) by extension 'ros'
[0.152s] DEBUG:colcon.colcon_core.package_identification:Package 'src/IFRA_LinkAttacher/ros2_LinkAttacher' with type 'ros.ament_cmake' and name 'ros2_linkattacher'
[0.152s] Level 1:colcon.colcon_core.package_identification:_identify(src/pal_gazebo_worlds) by extensions ['ignore', 'ignore_ament_install']
[0.153s] Level 1:colcon.colcon_core.package_identification:_identify(src/pal_gazebo_worlds) by extension 'ignore'
[0.153s] Level 1:colcon.colcon_core.package_identification:_identify(src/pal_gazebo_worlds) by extension 'ignore_ament_install'
[0.153s] Level 1:colcon.colcon_core.package_identification:_identify(src/pal_gazebo_worlds) by extensions ['colcon_pkg']
[0.153s] Level 1:colcon.colcon_core.package_identification:_identify(src/pal_gazebo_worlds) by extension 'colcon_pkg'
[0.153s] Level 1:colcon.colcon_core.package_identification:_identify(src/pal_gazebo_worlds) by extensions ['colcon_meta']
[0.153s] Level 1:colcon.colcon_core.package_identification:_identify(src/pal_gazebo_worlds) by extension 'colcon_meta'
[0.153s] Level 1:colcon.colcon_core.package_identification:_identify(src/pal_gazebo_worlds) by extensions ['ros']
[0.153s] Level 1:colcon.colcon_core.package_identification:_identify(src/pal_gazebo_worlds) by extension 'ros'
[0.160s] DEBUG:colcon.colcon_core.package_identification:Package 'src/pal_gazebo_worlds' with type 'ros.ament_cmake' and name 'pal_gazebo_worlds'
[0.160s] Level 1:colcon.colcon_core.package_identification:_identify(src/pal_pro_gripper) by extensions ['ignore', 'ignore_ament_install']
[0.160s] Level 1:colcon.colcon_core.package_identification:_identify(src/pal_pro_gripper) by extension 'ignore'
[0.160s] Level 1:colcon.colcon_core.package_identification:_identify(src/pal_pro_gripper) by extension 'ignore_ament_install'
[0.160s] Level 1:colcon.colcon_core.package_identification:_identify(src/pal_pro_gripper) by extensions ['colcon_pkg']
[0.160s] Level 1:colcon.colcon_core.package_identification:_identify(src/pal_pro_gripper) by extension 'colcon_pkg'
[0.160s] Level 1:colcon.colcon_core.package_identification:_identify(src/pal_pro_gripper) by extensions ['colcon_meta']
[0.160s] Level 1:colcon.colcon_core.package_identification:_identify(src/pal_pro_gripper) by extension 'colcon_meta'
[0.160s] Level 1:colcon.colcon_core.package_identification:_identify(src/pal_pro_gripper) by extensions ['ros']
[0.160s] Level 1:colcon.colcon_core.package_identification:_identify(src/pal_pro_gripper) by extension 'ros'
[0.160s] Level 1:colcon.colcon_core.package_identification:_identify(src/pal_pro_gripper) by extensions ['cmake', 'python']
[0.160s] Level 1:colcon.colcon_core.package_identification:_identify(src/pal_pro_gripper) by extension 'cmake'
[0.160s] Level 1:colcon.colcon_core.package_identification:_identify(src/pal_pro_gripper) by extension 'python'
[0.160s] Level 1:colcon.colcon_core.package_identification:_identify(src/pal_pro_gripper) by extensions ['python_setup_py']
[0.160s] Level 1:colcon.colcon_core.package_identification:_identify(src/pal_pro_gripper) by extension 'python_setup_py'
[0.160s] Level 1:colcon.colcon_core.package_identification:_identify(src/pal_pro_gripper/pal_pro_gripper) by extensions ['ignore', 'ignore_ament_install']
[0.160s] Level 1:colcon.colcon_core.package_identification:_identify(src/pal_pro_gripper/pal_pro_gripper) by extension 'ignore'
[0.160s] Level 1:colcon.colcon_core.package_identification:_identify(src/pal_pro_gripper/pal_pro_gripper) by extension 'ignore_ament_install'
[0.160s] Level 1:colcon.colcon_core.package_identification:_identify(src/pal_pro_gripper/pal_pro_gripper) by extensions ['colcon_pkg']
[0.161s] Level 1:colcon.colcon_core.package_identification:_identify(src/pal_pro_gripper/pal_pro_gripper) by extension 'colcon_pkg'
[0.161s] Level 1:colcon.colcon_core.package_identification:_identify(src/pal_pro_gripper/pal_pro_gripper) by extensions ['colcon_meta']
[0.161s] Level 1:colcon.colcon_core.package_identification:_identify(src/pal_pro_gripper/pal_pro_gripper) by extension 'colcon_meta'
[0.161s] Level 1:colcon.colcon_core.package_identification:_identify(src/pal_pro_gripper/pal_pro_gripper) by extensions ['ros']
[0.161s] Level 1:colcon.colcon_core.package_identification:_identify(src/pal_pro_gripper/pal_pro_gripper) by extension 'ros'
[0.161s] DEBUG:colcon.colcon_core.package_identification:Package 'src/pal_pro_gripper/pal_pro_gripper' with type 'ros.ament_cmake' and name 'pal_pro_gripper'
[0.161s] Level 1:colcon.colcon_core.package_identification:_identify(src/pal_pro_gripper/pal_pro_gripper_bringup) by extensions ['ignore', 'ignore_ament_install']
[0.161s] Level 1:colcon.colcon_core.package_identification:_identify(src/pal_pro_gripper/pal_pro_gripper_bringup) by extension 'ignore'
[0.161s] Level 1:colcon.colcon_core.package_identification:_identify(src/pal_pro_gripper/pal_pro_gripper_bringup) by extension 'ignore_ament_install'
[0.161s] Level 1:colcon.colcon_core.package_identification:_identify(src/pal_pro_gripper/pal_pro_gripper_bringup) by extensions ['colcon_pkg']
[0.161s] Level 1:colcon.colcon_core.package_identification:_identify(src/pal_pro_gripper/pal_pro_gripper_bringup) by extension 'colcon_pkg'
[0.161s] Level 1:colcon.colcon_core.package_identification:_identify(src/pal_pro_gripper/pal_pro_gripper_bringup) by extensions ['colcon_meta']
[0.161s] Level 1:colcon.colcon_core.package_identification:_identify(src/pal_pro_gripper/pal_pro_gripper_bringup) by extension 'colcon_meta'
[0.161s] Level 1:colcon.colcon_core.package_identification:_identify(src/pal_pro_gripper/pal_pro_gripper_bringup) by extensions ['ros']
[0.161s] Level 1:colcon.colcon_core.package_identification:_identify(src/pal_pro_gripper/pal_pro_gripper_bringup) by extension 'ros'
[0.162s] DEBUG:colcon.colcon_core.package_identification:Package 'src/pal_pro_gripper/pal_pro_gripper_bringup' with type 'ros.ament_cmake' and name 'pal_pro_gripper_bringup'
[0.162s] Level 1:colcon.colcon_core.package_identification:_identify(src/pal_pro_gripper/pal_pro_gripper_controller_configuration) by extensions ['ignore', 'ignore_ament_install']
[0.162s] Level 1:colcon.colcon_core.package_identification:_identify(src/pal_pro_gripper/pal_pro_gripper_controller_configuration) by extension 'ignore'
[0.162s] Level 1:colcon.colcon_core.package_identification:_identify(src/pal_pro_gripper/pal_pro_gripper_controller_configuration) by extension 'ignore_ament_install'
[0.162s] Level 1:colcon.colcon_core.package_identification:_identify(src/pal_pro_gripper/pal_pro_gripper_controller_configuration) by extensions ['colcon_pkg']
[0.162s] Level 1:colcon.colcon_core.package_identification:_identify(src/pal_pro_gripper/pal_pro_gripper_controller_configuration) by extension 'colcon_pkg'
[0.162s] Level 1:colcon.colcon_core.package_identification:_identify(src/pal_pro_gripper/pal_pro_gripper_controller_configuration) by extensions ['colcon_meta']
[0.162s] Level 1:colcon.colcon_core.package_identification:_identify(src/pal_pro_gripper/pal_pro_gripper_controller_configuration) by extension 'colcon_meta'
[0.162s] Level 1:colcon.colcon_core.package_identification:_identify(src/pal_pro_gripper/pal_pro_gripper_controller_configuration) by extensions ['ros']
[0.162s] Level 1:colcon.colcon_core.package_identification:_identify(src/pal_pro_gripper/pal_pro_gripper_controller_configuration) by extension 'ros'
[0.162s] DEBUG:colcon.colcon_core.package_identification:Package 'src/pal_pro_gripper/pal_pro_gripper_controller_configuration' with type 'ros.ament_cmake' and name 'pal_pro_gripper_controller_configuration'
[0.162s] Level 1:colcon.colcon_core.package_identification:_identify(src/pal_pro_gripper/pal_pro_gripper_description) by extensions ['ignore', 'ignore_ament_install']
[0.162s] Level 1:colcon.colcon_core.package_identification:_identify(src/pal_pro_gripper/pal_pro_gripper_description) by extension 'ignore'
[0.162s] Level 1:colcon.colcon_core.package_identification:_identify(src/pal_pro_gripper/pal_pro_gripper_description) by extension 'ignore_ament_install'
[0.162s] Level 1:colcon.colcon_core.package_identification:_identify(src/pal_pro_gripper/pal_pro_gripper_description) by extensions ['colcon_pkg']
[0.162s] Level 1:colcon.colcon_core.package_identification:_identify(src/pal_pro_gripper/pal_pro_gripper_description) by extension 'colcon_pkg'
[0.162s] Level 1:colcon.colcon_core.package_identification:_identify(src/pal_pro_gripper/pal_pro_gripper_description) by extensions ['colcon_meta']
[0.162s] Level 1:colcon.colcon_core.package_identification:_identify(src/pal_pro_gripper/pal_pro_gripper_description) by extension 'colcon_meta'
[0.162s] Level 1:colcon.colcon_core.package_identification:_identify(src/pal_pro_gripper/pal_pro_gripper_description) by extensions ['ros']
[0.162s] Level 1:colcon.colcon_core.package_identification:_identify(src/pal_pro_gripper/pal_pro_gripper_description) by extension 'ros'
[0.163s] DEBUG:colcon.colcon_core.package_identification:Package 'src/pal_pro_gripper/pal_pro_gripper_description' with type 'ros.ament_cmake' and name 'pal_pro_gripper_description'
[0.163s] Level 1:colcon.colcon_core.package_identification:_identify(src/pal_pro_gripper/pal_pro_gripper_simulation) by extensions ['ignore', 'ignore_ament_install']
[0.163s] Level 1:colcon.colcon_core.package_identification:_identify(src/pal_pro_gripper/pal_pro_gripper_simulation) by extension 'ignore'
[0.163s] Level 1:colcon.colcon_core.package_identification:_identify(src/pal_pro_gripper/pal_pro_gripper_simulation) by extension 'ignore_ament_install'
[0.163s] Level 1:colcon.colcon_core.package_identification:_identify(src/pal_pro_gripper/pal_pro_gripper_simulation) by extensions ['colcon_pkg']
[0.163s] Level 1:colcon.colcon_core.package_identification:_identify(src/pal_pro_gripper/pal_pro_gripper_simulation) by extension 'colcon_pkg'
[0.163s] Level 1:colcon.colcon_core.package_identification:_identify(src/pal_pro_gripper/pal_pro_gripper_simulation) by extensions ['colcon_meta']
[0.163s] Level 1:colcon.colcon_core.package_identification:_identify(src/pal_pro_gripper/pal_pro_gripper_simulation) by extension 'colcon_meta'
[0.163s] Level 1:colcon.colcon_core.package_identification:_identify(src/pal_pro_gripper/pal_pro_gripper_simulation) by extensions ['ros']
[0.163s] Level 1:colcon.colcon_core.package_identification:_identify(src/pal_pro_gripper/pal_pro_gripper_simulation) by extension 'ros'
[0.163s] DEBUG:colcon.colcon_core.package_identification:Package 'src/pal_pro_gripper/pal_pro_gripper_simulation' with type 'ros.ament_cmake' and name 'pal_pro_gripper_simulation'
[0.164s] Level 1:colcon.colcon_core.package_identification:_identify(src/pal_pro_gripper/pal_pro_gripper_wrapper) by extensions ['ignore', 'ignore_ament_install']
[0.164s] Level 1:colcon.colcon_core.package_identification:_identify(src/pal_pro_gripper/pal_pro_gripper_wrapper) by extension 'ignore'
[0.164s] Level 1:colcon.colcon_core.package_identification:_identify(src/pal_pro_gripper/pal_pro_gripper_wrapper) by extension 'ignore_ament_install'
[0.164s] Level 1:colcon.colcon_core.package_identification:_identify(src/pal_pro_gripper/pal_pro_gripper_wrapper) by extensions ['colcon_pkg']
[0.164s] Level 1:colcon.colcon_core.package_identification:_identify(src/pal_pro_gripper/pal_pro_gripper_wrapper) by extension 'colcon_pkg'
[0.164s] Level 1:colcon.colcon_core.package_identification:_identify(src/pal_pro_gripper/pal_pro_gripper_wrapper) by extensions ['colcon_meta']
[0.164s] Level 1:colcon.colcon_core.package_identification:_identify(src/pal_pro_gripper/pal_pro_gripper_wrapper) by extension 'colcon_meta'
[0.164s] Level 1:colcon.colcon_core.package_identification:_identify(src/pal_pro_gripper/pal_pro_gripper_wrapper) by extensions ['ros']
[0.164s] Level 1:colcon.colcon_core.package_identification:_identify(src/pal_pro_gripper/pal_pro_gripper_wrapper) by extension 'ros'
[0.164s] DEBUG:colcon.colcon_core.package_identification:Package 'src/pal_pro_gripper/pal_pro_gripper_wrapper' with type 'ros.ament_python' and name 'pal_pro_gripper_wrapper'
[0.164s] Level 1:colcon.colcon_core.package_identification:_identify(src/pal_sea_arm) by extensions ['ignore', 'ignore_ament_install']
[0.164s] Level 1:colcon.colcon_core.package_identification:_identify(src/pal_sea_arm) by extension 'ignore'
[0.164s] Level 1:colcon.colcon_core.package_identification:_identify(src/pal_sea_arm) by extension 'ignore_ament_install'
[0.164s] Level 1:colcon.colcon_core.package_identification:_identify(src/pal_sea_arm) by extensions ['colcon_pkg']
[0.164s] Level 1:colcon.colcon_core.package_identification:_identify(src/pal_sea_arm) by extension 'colcon_pkg'
[0.164s] Level 1:colcon.colcon_core.package_identification:_identify(src/pal_sea_arm) by extensions ['colcon_meta']
[0.164s] Level 1:colcon.colcon_core.package_identification:_identify(src/pal_sea_arm) by extension 'colcon_meta'
[0.164s] Level 1:colcon.colcon_core.package_identification:_identify(src/pal_sea_arm) by extensions ['ros']
[0.164s] Level 1:colcon.colcon_core.package_identification:_identify(src/pal_sea_arm) by extension 'ros'
[0.164s] Level 1:colcon.colcon_core.package_identification:_identify(src/pal_sea_arm) by extensions ['cmake', 'python']
[0.164s] Level 1:colcon.colcon_core.package_identification:_identify(src/pal_sea_arm) by extension 'cmake'
[0.164s] Level 1:colcon.colcon_core.package_identification:_identify(src/pal_sea_arm) by extension 'python'
[0.164s] Level 1:colcon.colcon_core.package_identification:_identify(src/pal_sea_arm) by extensions ['python_setup_py']
[0.164s] Level 1:colcon.colcon_core.package_identification:_identify(src/pal_sea_arm) by extension 'python_setup_py'
[0.164s] Level 1:colcon.colcon_core.package_identification:_identify(src/pal_sea_arm/pal_sea_arm) by extensions ['ignore', 'ignore_ament_install']
[0.165s] Level 1:colcon.colcon_core.package_identification:_identify(src/pal_sea_arm/pal_sea_arm) by extension 'ignore'
[0.165s] Level 1:colcon.colcon_core.package_identification:_identify(src/pal_sea_arm/pal_sea_arm) by extension 'ignore_ament_install'
[0.165s] Level 1:colcon.colcon_core.package_identification:_identify(src/pal_sea_arm/pal_sea_arm) by extensions ['colcon_pkg']
[0.165s] Level 1:colcon.colcon_core.package_identification:_identify(src/pal_sea_arm/pal_sea_arm) by extension 'colcon_pkg'
[0.165s] Level 1:colcon.colcon_core.package_identification:_identify(src/pal_sea_arm/pal_sea_arm) by extensions ['colcon_meta']
[0.165s] Level 1:colcon.colcon_core.package_identification:_identify(src/pal_sea_arm/pal_sea_arm) by extension 'colcon_meta'
[0.165s] Level 1:colcon.colcon_core.package_identification:_identify(src/pal_sea_arm/pal_sea_arm) by extensions ['ros']
[0.165s] Level 1:colcon.colcon_core.package_identification:_identify(src/pal_sea_arm/pal_sea_arm) by extension 'ros'
[0.165s] DEBUG:colcon.colcon_core.package_identification:Package 'src/pal_sea_arm/pal_sea_arm' with type 'ros.ament_cmake' and name 'pal_sea_arm'
[0.165s] Level 1:colcon.colcon_core.package_identification:_identify(src/pal_sea_arm/pal_sea_arm_bringup) by extensions ['ignore', 'ignore_ament_install']
[0.165s] Level 1:colcon.colcon_core.package_identification:_identify(src/pal_sea_arm/pal_sea_arm_bringup) by extension 'ignore'
[0.165s] Level 1:colcon.colcon_core.package_identification:_identify(src/pal_sea_arm/pal_sea_arm_bringup) by extension 'ignore_ament_install'
[0.165s] Level 1:colcon.colcon_core.package_identification:_identify(src/pal_sea_arm/pal_sea_arm_bringup) by extensions ['colcon_pkg']
[0.165s] Level 1:colcon.colcon_core.package_identification:_identify(src/pal_sea_arm/pal_sea_arm_bringup) by extension 'colcon_pkg'
[0.165s] Level 1:colcon.colcon_core.package_identification:_identify(src/pal_sea_arm/pal_sea_arm_bringup) by extensions ['colcon_meta']
[0.165s] Level 1:colcon.colcon_core.package_identification:_identify(src/pal_sea_arm/pal_sea_arm_bringup) by extension 'colcon_meta'
[0.165s] Level 1:colcon.colcon_core.package_identification:_identify(src/pal_sea_arm/pal_sea_arm_bringup) by extensions ['ros']
[0.165s] Level 1:colcon.colcon_core.package_identification:_identify(src/pal_sea_arm/pal_sea_arm_bringup) by extension 'ros'
[0.166s] DEBUG:colcon.colcon_core.package_identification:Package 'src/pal_sea_arm/pal_sea_arm_bringup' with type 'ros.ament_cmake' and name 'pal_sea_arm_bringup'
[0.166s] Level 1:colcon.colcon_core.package_identification:_identify(src/pal_sea_arm/pal_sea_arm_controller_configuration) by extensions ['ignore', 'ignore_ament_install']
[0.166s] Level 1:colcon.colcon_core.package_identification:_identify(src/pal_sea_arm/pal_sea_arm_controller_configuration) by extension 'ignore'
[0.166s] Level 1:colcon.colcon_core.package_identification:_identify(src/pal_sea_arm/pal_sea_arm_controller_configuration) by extension 'ignore_ament_install'
[0.166s] Level 1:colcon.colcon_core.package_identification:_identify(src/pal_sea_arm/pal_sea_arm_controller_configuration) by extensions ['colcon_pkg']
[0.166s] Level 1:colcon.colcon_core.package_identification:_identify(src/pal_sea_arm/pal_sea_arm_controller_configuration) by extension 'colcon_pkg'
[0.166s] Level 1:colcon.colcon_core.package_identification:_identify(src/pal_sea_arm/pal_sea_arm_controller_configuration) by extensions ['colcon_meta']
[0.166s] Level 1:colcon.colcon_core.package_identification:_identify(src/pal_sea_arm/pal_sea_arm_controller_configuration) by extension 'colcon_meta'
[0.166s] Level 1:colcon.colcon_core.package_identification:_identify(src/pal_sea_arm/pal_sea_arm_controller_configuration) by extensions ['ros']
[0.166s] Level 1:colcon.colcon_core.package_identification:_identify(src/pal_sea_arm/pal_sea_arm_controller_configuration) by extension 'ros'
[0.168s] DEBUG:colcon.colcon_core.package_identification:Package 'src/pal_sea_arm/pal_sea_arm_controller_configuration' with type 'ros.ament_cmake' and name 'pal_sea_arm_controller_configuration'
[0.168s] Level 1:colcon.colcon_core.package_identification:_identify(src/pal_sea_arm/pal_sea_arm_description) by extensions ['ignore', 'ignore_ament_install']
[0.168s] Level 1:colcon.colcon_core.package_identification:_identify(src/pal_sea_arm/pal_sea_arm_description) by extension 'ignore'
[0.168s] Level 1:colcon.colcon_core.package_identification:_identify(src/pal_sea_arm/pal_sea_arm_description) by extension 'ignore_ament_install'
[0.168s] Level 1:colcon.colcon_core.package_identification:_identify(src/pal_sea_arm/pal_sea_arm_description) by extensions ['colcon_pkg']
[0.168s] Level 1:colcon.colcon_core.package_identification:_identify(src/pal_sea_arm/pal_sea_arm_description) by extension 'colcon_pkg'
[0.168s] Level 1:colcon.colcon_core.package_identification:_identify(src/pal_sea_arm/pal_sea_arm_description) by extensions ['colcon_meta']
[0.168s] Level 1:colcon.colcon_core.package_identification:_identify(src/pal_sea_arm/pal_sea_arm_description) by extension 'colcon_meta'
[0.168s] Level 1:colcon.colcon_core.package_identification:_identify(src/pal_sea_arm/pal_sea_arm_description) by extensions ['ros']
[0.168s] Level 1:colcon.colcon_core.package_identification:_identify(src/pal_sea_arm/pal_sea_arm_description) by extension 'ros'
[0.169s] DEBUG:colcon.colcon_core.package_identification:Package 'src/pal_sea_arm/pal_sea_arm_description' with type 'ros.ament_cmake' and name 'pal_sea_arm_description'
[0.169s] Level 1:colcon.colcon_core.package_identification:_identify(src/pal_sea_arm_moveit_config) by extensions ['ignore', 'ignore_ament_install']
[0.169s] Level 1:colcon.colcon_core.package_identification:_identify(src/pal_sea_arm_moveit_config) by extension 'ignore'
[0.169s] Level 1:colcon.colcon_core.package_identification:_identify(src/pal_sea_arm_moveit_config) by extension 'ignore_ament_install'
[0.169s] Level 1:colcon.colcon_core.package_identification:_identify(src/pal_sea_arm_moveit_config) by extensions ['colcon_pkg']
[0.169s] Level 1:colcon.colcon_core.package_identification:_identify(src/pal_sea_arm_moveit_config) by extension 'colcon_pkg'
[0.169s] Level 1:colcon.colcon_core.package_identification:_identify(src/pal_sea_arm_moveit_config) by extensions ['colcon_meta']
[0.169s] Level 1:colcon.colcon_core.package_identification:_identify(src/pal_sea_arm_moveit_config) by extension 'colcon_meta'
[0.169s] Level 1:colcon.colcon_core.package_identification:_identify(src/pal_sea_arm_moveit_config) by extensions ['ros']
[0.169s] Level 1:colcon.colcon_core.package_identification:_identify(src/pal_sea_arm_moveit_config) by extension 'ros'
[0.170s] DEBUG:colcon.colcon_core.package_identification:Package 'src/pal_sea_arm_moveit_config' with type 'ros.ament_cmake' and name 'pal_sea_arm_moveit_config'
[0.170s] Level 1:colcon.colcon_core.package_identification:_identify(src/pick_task) by extensions ['ignore', 'ignore_ament_install']
[0.170s] Level 1:colcon.colcon_core.package_identification:_identify(src/pick_task) by extension 'ignore'
[0.170s] Level 1:colcon.colcon_core.package_identification:_identify(src/pick_task) by extension 'ignore_ament_install'
[0.170s] Level 1:colcon.colcon_core.package_identification:_identify(src/pick_task) by extensions ['colcon_pkg']
[0.170s] Level 1:colcon.colcon_core.package_identification:_identify(src/pick_task) by extension 'colcon_pkg'
[0.170s] Level 1:colcon.colcon_core.package_identification:_identify(src/pick_task) by extensions ['colcon_meta']
[0.170s] Level 1:colcon.colcon_core.package_identification:_identify(src/pick_task) by extension 'colcon_meta'
[0.170s] Level 1:colcon.colcon_core.package_identification:_identify(src/pick_task) by extensions ['ros']
[0.170s] Level 1:colcon.colcon_core.package_identification:_identify(src/pick_task) by extension 'ros'
[0.171s] DEBUG:colcon.colcon_core.package_identification:Package 'src/pick_task' with type 'ros.ament_python' and name 'pick_task'
[0.171s] Level 1:colcon.colcon_core.package_identification:_identify(src/tiago_manipulation_tasks) by extensions ['ignore', 'ignore_ament_install']
[0.171s] Level 1:colcon.colcon_core.package_identification:_identify(src/tiago_manipulation_tasks) by extension 'ignore'
[0.171s] Level 1:colcon.colcon_core.package_identification:_identify(src/tiago_manipulation_tasks) by extension 'ignore_ament_install'
[0.171s] Level 1:colcon.colcon_core.package_identification:_identify(src/tiago_manipulation_tasks) by extensions ['colcon_pkg']
[0.171s] Level 1:colcon.colcon_core.package_identification:_identify(src/tiago_manipulation_tasks) by extension 'colcon_pkg'
[0.171s] Level 1:colcon.colcon_core.package_identification:_identify(src/tiago_manipulation_tasks) by extensions ['colcon_meta']
[0.171s] Level 1:colcon.colcon_core.package_identification:_identify(src/tiago_manipulation_tasks) by extension 'colcon_meta'
[0.171s] Level 1:colcon.colcon_core.package_identification:_identify(src/tiago_manipulation_tasks) by extensions ['ros']
[0.171s] Level 1:colcon.colcon_core.package_identification:_identify(src/tiago_manipulation_tasks) by extension 'ros'
[0.172s] DEBUG:colcon.colcon_core.package_identification:Package 'src/tiago_manipulation_tasks' with type 'ros.ament_cmake' and name 'tiago_manipulation_tasks'
[0.172s] Level 1:colcon.colcon_core.package_identification:_identify(src/tiago_pro_moveit_config) by extensions ['ignore', 'ignore_ament_install']
[0.172s] Level 1:colcon.colcon_core.package_identification:_identify(src/tiago_pro_moveit_config) by extension 'ignore'
[0.172s] Level 1:colcon.colcon_core.package_identification:_identify(src/tiago_pro_moveit_config) by extension 'ignore_ament_install'
[0.172s] Level 1:colcon.colcon_core.package_identification:_identify(src/tiago_pro_moveit_config) by extensions ['colcon_pkg']
[0.172s] Level 1:colcon.colcon_core.package_identification:_identify(src/tiago_pro_moveit_config) by extension 'colcon_pkg'
[0.172s] Level 1:colcon.colcon_core.package_identification:_identify(src/tiago_pro_moveit_config) by extensions ['colcon_meta']
[0.172s] Level 1:colcon.colcon_core.package_identification:_identify(src/tiago_pro_moveit_config) by extension 'colcon_meta'
[0.172s] Level 1:colcon.colcon_core.package_identification:_identify(src/tiago_pro_moveit_config) by extensions ['ros']
[0.172s] Level 1:colcon.colcon_core.package_identification:_identify(src/tiago_pro_moveit_config) by extension 'ros'
[0.173s] DEBUG:colcon.colcon_core.package_identification:Package 'src/tiago_pro_moveit_config' with type 'ros.ament_cmake' and name 'tiago_pro_moveit_config'
[0.173s] Level 1:colcon.colcon_core.package_identification:_identify(src/tiago_pro_navigation) by extensions ['ignore', 'ignore_ament_install']
[0.173s] Level 1:colcon.colcon_core.package_identification:_identify(src/tiago_pro_navigation) by extension 'ignore'
[0.173s] Level 1:colcon.colcon_core.package_identification:_identify(src/tiago_pro_navigation) by extension 'ignore_ament_install'
[0.173s] Level 1:colcon.colcon_core.package_identification:_identify(src/tiago_pro_navigation) by extensions ['colcon_pkg']
[0.173s] Level 1:colcon.colcon_core.package_identification:_identify(src/tiago_pro_navigation) by extension 'colcon_pkg'
[0.173s] Level 1:colcon.colcon_core.package_identification:_identify(src/tiago_pro_navigation) by extensions ['colcon_meta']
[0.173s] Level 1:colcon.colcon_core.package_identification:_identify(src/tiago_pro_navigation) by extension 'colcon_meta'
[0.173s] Level 1:colcon.colcon_core.package_identification:_identify(src/tiago_pro_navigation) by extensions ['ros']
[0.173s] Level 1:colcon.colcon_core.package_identification:_identify(src/tiago_pro_navigation) by extension 'ros'
[0.173s] Level 1:colcon.colcon_core.package_identification:_identify(src/tiago_pro_navigation) by extensions ['cmake', 'python']
[0.173s] Level 1:colcon.colcon_core.package_identification:_identify(src/tiago_pro_navigation) by extension 'cmake'
[0.173s] Level 1:colcon.colcon_core.package_identification:_identify(src/tiago_pro_navigation) by extension 'python'
[0.173s] Level 1:colcon.colcon_core.package_identification:_identify(src/tiago_pro_navigation) by extensions ['python_setup_py']
[0.173s] Level 1:colcon.colcon_core.package_identification:_identify(src/tiago_pro_navigation) by extension 'python_setup_py'
[0.173s] Level 1:colcon.colcon_core.package_identification:_identify(src/tiago_pro_navigation/tiago_pro_2dnav) by extensions ['ignore', 'ignore_ament_install']
[0.173s] Level 1:colcon.colcon_core.package_identification:_identify(src/tiago_pro_navigation/tiago_pro_2dnav) by extension 'ignore'
[0.173s] Level 1:colcon.colcon_core.package_identification:_identify(src/tiago_pro_navigation/tiago_pro_2dnav) by extension 'ignore_ament_install'
[0.173s] Level 1:colcon.colcon_core.package_identification:_identify(src/tiago_pro_navigation/tiago_pro_2dnav) by extensions ['colcon_pkg']
[0.173s] Level 1:colcon.colcon_core.package_identification:_identify(src/tiago_pro_navigation/tiago_pro_2dnav) by extension 'colcon_pkg'
[0.173s] Level 1:colcon.colcon_core.package_identification:_identify(src/tiago_pro_navigation/tiago_pro_2dnav) by extensions ['colcon_meta']
[0.173s] Level 1:colcon.colcon_core.package_identification:_identify(src/tiago_pro_navigation/tiago_pro_2dnav) by extension 'colcon_meta'
[0.173s] Level 1:colcon.colcon_core.package_identification:_identify(src/tiago_pro_navigation/tiago_pro_2dnav) by extensions ['ros']
[0.173s] Level 1:colcon.colcon_core.package_identification:_identify(src/tiago_pro_navigation/tiago_pro_2dnav) by extension 'ros'
[0.174s] DEBUG:colcon.colcon_core.package_identification:Package 'src/tiago_pro_navigation/tiago_pro_2dnav' with type 'ros.ament_cmake' and name 'tiago_pro_2dnav'
[0.174s] Level 1:colcon.colcon_core.package_identification:_identify(src/tiago_pro_navigation/tiago_pro_laser_sensors) by extensions ['ignore', 'ignore_ament_install']
[0.174s] Level 1:colcon.colcon_core.package_identification:_identify(src/tiago_pro_navigation/tiago_pro_laser_sensors) by extension 'ignore'
[0.174s] Level 1:colcon.colcon_core.package_identification:_identify(src/tiago_pro_navigation/tiago_pro_laser_sensors) by extension 'ignore_ament_install'
[0.174s] Level 1:colcon.colcon_core.package_identification:_identify(src/tiago_pro_navigation/tiago_pro_laser_sensors) by extensions ['colcon_pkg']
[0.174s] Level 1:colcon.colcon_core.package_identification:_identify(src/tiago_pro_navigation/tiago_pro_laser_sensors) by extension 'colcon_pkg'
[0.174s] Level 1:colcon.colcon_core.package_identification:_identify(src/tiago_pro_navigation/tiago_pro_laser_sensors) by extensions ['colcon_meta']
[0.174s] Level 1:colcon.colcon_core.package_identification:_identify(src/tiago_pro_navigation/tiago_pro_laser_sensors) by extension 'colcon_meta'
[0.174s] Level 1:colcon.colcon_core.package_identification:_identify(src/tiago_pro_navigation/tiago_pro_laser_sensors) by extensions ['ros']
[0.174s] Level 1:colcon.colcon_core.package_identification:_identify(src/tiago_pro_navigation/tiago_pro_laser_sensors) by extension 'ros'
[0.175s] DEBUG:colcon.colcon_core.package_identification:Package 'src/tiago_pro_navigation/tiago_pro_laser_sensors' with type 'ros.ament_cmake' and name 'tiago_pro_laser_sensors'
[0.175s] Level 1:colcon.colcon_core.package_identification:_identify(src/tiago_pro_navigation/tiago_pro_navigation) by extensions ['ignore', 'ignore_ament_install']
[0.175s] Level 1:colcon.colcon_core.package_identification:_identify(src/tiago_pro_navigation/tiago_pro_navigation) by extension 'ignore'
[0.175s] Level 1:colcon.colcon_core.package_identification:_identify(src/tiago_pro_navigation/tiago_pro_navigation) by extension 'ignore_ament_install'
[0.175s] Level 1:colcon.colcon_core.package_identification:_identify(src/tiago_pro_navigation/tiago_pro_navigation) by extensions ['colcon_pkg']
[0.175s] Level 1:colcon.colcon_core.package_identification:_identify(src/tiago_pro_navigation/tiago_pro_navigation) by extension 'colcon_pkg'
[0.175s] Level 1:colcon.colcon_core.package_identification:_identify(src/tiago_pro_navigation/tiago_pro_navigation) by extensions ['colcon_meta']
[0.175s] Level 1:colcon.colcon_core.package_identification:_identify(src/tiago_pro_navigation/tiago_pro_navigation) by extension 'colcon_meta'
[0.175s] Level 1:colcon.colcon_core.package_identification:_identify(src/tiago_pro_navigation/tiago_pro_navigation) by extensions ['ros']
[0.175s] Level 1:colcon.colcon_core.package_identification:_identify(src/tiago_pro_navigation/tiago_pro_navigation) by extension 'ros'
[0.175s] DEBUG:colcon.colcon_core.package_identification:Package 'src/tiago_pro_navigation/tiago_pro_navigation' with type 'ros.ament_cmake' and name 'tiago_pro_navigation'
[0.175s] Level 1:colcon.colcon_core.package_identification:_identify(src/tiago_pro_navigation/tiago_pro_rgbd_sensors) by extensions ['ignore', 'ignore_ament_install']
[0.175s] Level 1:colcon.colcon_core.package_identification:_identify(src/tiago_pro_navigation/tiago_pro_rgbd_sensors) by extension 'ignore'
[0.175s] Level 1:colcon.colcon_core.package_identification:_identify(src/tiago_pro_navigation/tiago_pro_rgbd_sensors) by extension 'ignore_ament_install'
[0.175s] Level 1:colcon.colcon_core.package_identification:_identify(src/tiago_pro_navigation/tiago_pro_rgbd_sensors) by extensions ['colcon_pkg']
[0.175s] Level 1:colcon.colcon_core.package_identification:_identify(src/tiago_pro_navigation/tiago_pro_rgbd_sensors) by extension 'colcon_pkg'
[0.175s] Level 1:colcon.colcon_core.package_identification:_identify(src/tiago_pro_navigation/tiago_pro_rgbd_sensors) by extensions ['colcon_meta']
[0.175s] Level 1:colcon.colcon_core.package_identification:_identify(src/tiago_pro_navigation/tiago_pro_rgbd_sensors) by extension 'colcon_meta'
[0.175s] Level 1:colcon.colcon_core.package_identification:_identify(src/tiago_pro_navigation/tiago_pro_rgbd_sensors) by extensions ['ros']
[0.176s] Level 1:colcon.colcon_core.package_identification:_identify(src/tiago_pro_navigation/tiago_pro_rgbd_sensors) by extension 'ros'
[0.177s] DEBUG:colcon.colcon_core.package_identification:Package 'src/tiago_pro_navigation/tiago_pro_rgbd_sensors' with type 'ros.ament_cmake' and name 'tiago_pro_rgbd_sensors'
[0.177s] Level 1:colcon.colcon_core.package_identification:_identify(src/tiago_pro_robot) by extensions ['ignore', 'ignore_ament_install']
[0.177s] Level 1:colcon.colcon_core.package_identification:_identify(src/tiago_pro_robot) by extension 'ignore'
[0.177s] Level 1:colcon.colcon_core.package_identification:_identify(src/tiago_pro_robot) by extension 'ignore_ament_install'
[0.177s] Level 1:colcon.colcon_core.package_identification:_identify(src/tiago_pro_robot) by extensions ['colcon_pkg']
[0.177s] Level 1:colcon.colcon_core.package_identification:_identify(src/tiago_pro_robot) by extension 'colcon_pkg'
[0.177s] Level 1:colcon.colcon_core.package_identification:_identify(src/tiago_pro_robot) by extensions ['colcon_meta']
[0.177s] Level 1:colcon.colcon_core.package_identification:_identify(src/tiago_pro_robot) by extension 'colcon_meta'
[0.177s] Level 1:colcon.colcon_core.package_identification:_identify(src/tiago_pro_robot) by extensions ['ros']
[0.177s] Level 1:colcon.colcon_core.package_identification:_identify(src/tiago_pro_robot) by extension 'ros'
[0.177s] Level 1:colcon.colcon_core.package_identification:_identify(src/tiago_pro_robot) by extensions ['cmake', 'python']
[0.177s] Level 1:colcon.colcon_core.package_identification:_identify(src/tiago_pro_robot) by extension 'cmake'
[0.177s] Level 1:colcon.colcon_core.package_identification:_identify(src/tiago_pro_robot) by extension 'python'
[0.177s] Level 1:colcon.colcon_core.package_identification:_identify(src/tiago_pro_robot) by extensions ['python_setup_py']
[0.177s] Level 1:colcon.colcon_core.package_identification:_identify(src/tiago_pro_robot) by extension 'python_setup_py'
[0.177s] Level 1:colcon.colcon_core.package_identification:_identify(src/tiago_pro_robot/tiago_pro_bringup) by extensions ['ignore', 'ignore_ament_install']
[0.177s] Level 1:colcon.colcon_core.package_identification:_identify(src/tiago_pro_robot/tiago_pro_bringup) by extension 'ignore'
[0.177s] Level 1:colcon.colcon_core.package_identification:_identify(src/tiago_pro_robot/tiago_pro_bringup) by extension 'ignore_ament_install'
[0.177s] Level 1:colcon.colcon_core.package_identification:_identify(src/tiago_pro_robot/tiago_pro_bringup) by extensions ['colcon_pkg']
[0.177s] Level 1:colcon.colcon_core.package_identification:_identify(src/tiago_pro_robot/tiago_pro_bringup) by extension 'colcon_pkg'
[0.177s] Level 1:colcon.colcon_core.package_identification:_identify(src/tiago_pro_robot/tiago_pro_bringup) by extensions ['colcon_meta']
[0.177s] Level 1:colcon.colcon_core.package_identification:_identify(src/tiago_pro_robot/tiago_pro_bringup) by extension 'colcon_meta'
[0.177s] Level 1:colcon.colcon_core.package_identification:_identify(src/tiago_pro_robot/tiago_pro_bringup) by extensions ['ros']
[0.177s] Level 1:colcon.colcon_core.package_identification:_identify(src/tiago_pro_robot/tiago_pro_bringup) by extension 'ros'
[0.178s] DEBUG:colcon.colcon_core.package_identification:Package 'src/tiago_pro_robot/tiago_pro_bringup' with type 'ros.ament_cmake' and name 'tiago_pro_bringup'
[0.178s] Level 1:colcon.colcon_core.package_identification:_identify(src/tiago_pro_robot/tiago_pro_controller_configuration) by extensions ['ignore', 'ignore_ament_install']
[0.178s] Level 1:colcon.colcon_core.package_identification:_identify(src/tiago_pro_robot/tiago_pro_controller_configuration) by extension 'ignore'
[0.178s] Level 1:colcon.colcon_core.package_identification:_identify(src/tiago_pro_robot/tiago_pro_controller_configuration) by extension 'ignore_ament_install'
[0.179s] Level 1:colcon.colcon_core.package_identification:_identify(src/tiago_pro_robot/tiago_pro_controller_configuration) by extensions ['colcon_pkg']
[0.179s] Level 1:colcon.colcon_core.package_identification:_identify(src/tiago_pro_robot/tiago_pro_controller_configuration) by extension 'colcon_pkg'
[0.179s] Level 1:colcon.colcon_core.package_identification:_identify(src/tiago_pro_robot/tiago_pro_controller_configuration) by extensions ['colcon_meta']
[0.179s] Level 1:colcon.colcon_core.package_identification:_identify(src/tiago_pro_robot/tiago_pro_controller_configuration) by extension 'colcon_meta'
[0.179s] Level 1:colcon.colcon_core.package_identification:_identify(src/tiago_pro_robot/tiago_pro_controller_configuration) by extensions ['ros']
[0.179s] Level 1:colcon.colcon_core.package_identification:_identify(src/tiago_pro_robot/tiago_pro_controller_configuration) by extension 'ros'
[0.180s] DEBUG:colcon.colcon_core.package_identification:Package 'src/tiago_pro_robot/tiago_pro_controller_configuration' with type 'ros.ament_cmake' and name 'tiago_pro_controller_configuration'
[0.180s] Level 1:colcon.colcon_core.package_identification:_identify(src/tiago_pro_robot/tiago_pro_description) by extensions ['ignore', 'ignore_ament_install']
[0.180s] Level 1:colcon.colcon_core.package_identification:_identify(src/tiago_pro_robot/tiago_pro_description) by extension 'ignore'
[0.180s] Level 1:colcon.colcon_core.package_identification:_identify(src/tiago_pro_robot/tiago_pro_description) by extension 'ignore_ament_install'
[0.180s] Level 1:colcon.colcon_core.package_identification:_identify(src/tiago_pro_robot/tiago_pro_description) by extensions ['colcon_pkg']
[0.180s] Level 1:colcon.colcon_core.package_identification:_identify(src/tiago_pro_robot/tiago_pro_description) by extension 'colcon_pkg'
[0.180s] Level 1:colcon.colcon_core.package_identification:_identify(src/tiago_pro_robot/tiago_pro_description) by extensions ['colcon_meta']
[0.180s] Level 1:colcon.colcon_core.package_identification:_identify(src/tiago_pro_robot/tiago_pro_description) by extension 'colcon_meta'
[0.180s] Level 1:colcon.colcon_core.package_identification:_identify(src/tiago_pro_robot/tiago_pro_description) by extensions ['ros']
[0.180s] Level 1:colcon.colcon_core.package_identification:_identify(src/tiago_pro_robot/tiago_pro_description) by extension 'ros'
[0.181s] DEBUG:colcon.colcon_core.package_identification:Package 'src/tiago_pro_robot/tiago_pro_description' with type 'ros.ament_cmake' and name 'tiago_pro_description'
[0.181s] Level 1:colcon.colcon_core.package_identification:_identify(src/tiago_pro_robot/tiago_pro_robot) by extensions ['ignore', 'ignore_ament_install']
[0.181s] Level 1:colcon.colcon_core.package_identification:_identify(src/tiago_pro_robot/tiago_pro_robot) by extension 'ignore'
[0.181s] Level 1:colcon.colcon_core.package_identification:_identify(src/tiago_pro_robot/tiago_pro_robot) by extension 'ignore_ament_install'
[0.181s] Level 1:colcon.colcon_core.package_identification:_identify(src/tiago_pro_robot/tiago_pro_robot) by extensions ['colcon_pkg']
[0.181s] Level 1:colcon.colcon_core.package_identification:_identify(src/tiago_pro_robot/tiago_pro_robot) by extension 'colcon_pkg'
[0.182s] Level 1:colcon.colcon_core.package_identification:_identify(src/tiago_pro_robot/tiago_pro_robot) by extensions ['colcon_meta']
[0.182s] Level 1:colcon.colcon_core.package_identification:_identify(src/tiago_pro_robot/tiago_pro_robot) by extension 'colcon_meta'
[0.182s] Level 1:colcon.colcon_core.package_identification:_identify(src/tiago_pro_robot/tiago_pro_robot) by extensions ['ros']
[0.182s] Level 1:colcon.colcon_core.package_identification:_identify(src/tiago_pro_robot/tiago_pro_robot) by extension 'ros'
[0.182s] DEBUG:colcon.colcon_core.package_identification:Package 'src/tiago_pro_robot/tiago_pro_robot' with type 'ros.ament_cmake' and name 'tiago_pro_robot'
[0.182s] Level 1:colcon.colcon_core.package_identification:_identify(src/tiago_pro_simulation) by extensions ['ignore', 'ignore_ament_install']
[0.182s] Level 1:colcon.colcon_core.package_identification:_identify(src/tiago_pro_simulation) by extension 'ignore'
[0.182s] Level 1:colcon.colcon_core.package_identification:_identify(src/tiago_pro_simulation) by extension 'ignore_ament_install'
[0.182s] Level 1:colcon.colcon_core.package_identification:_identify(src/tiago_pro_simulation) by extensions ['colcon_pkg']
[0.182s] Level 1:colcon.colcon_core.package_identification:_identify(src/tiago_pro_simulation) by extension 'colcon_pkg'
[0.182s] Level 1:colcon.colcon_core.package_identification:_identify(src/tiago_pro_simulation) by extensions ['colcon_meta']
[0.182s] Level 1:colcon.colcon_core.package_identification:_identify(src/tiago_pro_simulation) by extension 'colcon_meta'
[0.182s] Level 1:colcon.colcon_core.package_identification:_identify(src/tiago_pro_simulation) by extensions ['ros']
[0.182s] Level 1:colcon.colcon_core.package_identification:_identify(src/tiago_pro_simulation) by extension 'ros'
[0.182s] Level 1:colcon.colcon_core.package_identification:_identify(src/tiago_pro_simulation) by extensions ['cmake', 'python']
[0.182s] Level 1:colcon.colcon_core.package_identification:_identify(src/tiago_pro_simulation) by extension 'cmake'
[0.182s] Level 1:colcon.colcon_core.package_identification:_identify(src/tiago_pro_simulation) by extension 'python'
[0.182s] Level 1:colcon.colcon_core.package_identification:_identify(src/tiago_pro_simulation) by extensions ['python_setup_py']
[0.182s] Level 1:colcon.colcon_core.package_identification:_identify(src/tiago_pro_simulation) by extension 'python_setup_py'
[0.182s] Level 1:colcon.colcon_core.package_identification:_identify(src/tiago_pro_simulation/tiago_pro_gazebo) by extensions ['ignore', 'ignore_ament_install']
[0.182s] Level 1:colcon.colcon_core.package_identification:_identify(src/tiago_pro_simulation/tiago_pro_gazebo) by extension 'ignore'
[0.182s] Level 1:colcon.colcon_core.package_identification:_identify(src/tiago_pro_simulation/tiago_pro_gazebo) by extension 'ignore_ament_install'
[0.182s] Level 1:colcon.colcon_core.package_identification:_identify(src/tiago_pro_simulation/tiago_pro_gazebo) by extensions ['colcon_pkg']
[0.182s] Level 1:colcon.colcon_core.package_identification:_identify(src/tiago_pro_simulation/tiago_pro_gazebo) by extension 'colcon_pkg'
[0.182s] Level 1:colcon.colcon_core.package_identification:_identify(src/tiago_pro_simulation/tiago_pro_gazebo) by extensions ['colcon_meta']
[0.182s] Level 1:colcon.colcon_core.package_identification:_identify(src/tiago_pro_simulation/tiago_pro_gazebo) by extension 'colcon_meta'
[0.182s] Level 1:colcon.colcon_core.package_identification:_identify(src/tiago_pro_simulation/tiago_pro_gazebo) by extensions ['ros']
[0.182s] Level 1:colcon.colcon_core.package_identification:_identify(src/tiago_pro_simulation/tiago_pro_gazebo) by extension 'ros'
[0.183s] DEBUG:colcon.colcon_core.package_identification:Package 'src/tiago_pro_simulation/tiago_pro_gazebo' with type 'ros.ament_cmake' and name 'tiago_pro_gazebo'
[0.183s] Level 1:colcon.colcon_core.package_identification:_identify(src/tiago_pro_simulation/tiago_pro_mujoco) by extensions ['ignore', 'ignore_ament_install']
[0.184s] Level 1:colcon.colcon_core.package_identification:_identify(src/tiago_pro_simulation/tiago_pro_mujoco) by extension 'ignore'
[0.184s] Level 1:colcon.colcon_core.package_identification:_identify(src/tiago_pro_simulation/tiago_pro_mujoco) by extension 'ignore_ament_install'
[0.184s] Level 1:colcon.colcon_core.package_identification:_identify(src/tiago_pro_simulation/tiago_pro_mujoco) by extensions ['colcon_pkg']
[0.184s] Level 1:colcon.colcon_core.package_identification:_identify(src/tiago_pro_simulation/tiago_pro_mujoco) by extension 'colcon_pkg'
[0.184s] Level 1:colcon.colcon_core.package_identification:_identify(src/tiago_pro_simulation/tiago_pro_mujoco) by extensions ['colcon_meta']
[0.184s] Level 1:colcon.colcon_core.package_identification:_identify(src/tiago_pro_simulation/tiago_pro_mujoco) by extension 'colcon_meta'
[0.184s] Level 1:colcon.colcon_core.package_identification:_identify(src/tiago_pro_simulation/tiago_pro_mujoco) by extensions ['ros']
[0.184s] Level 1:colcon.colcon_core.package_identification:_identify(src/tiago_pro_simulation/tiago_pro_mujoco) by extension 'ros'
[0.184s] DEBUG:colcon.colcon_core.package_identification:Package 'src/tiago_pro_simulation/tiago_pro_mujoco' with type 'ros.ament_cmake' and name 'tiago_pro_mujoco'
[0.185s] Level 1:colcon.colcon_core.package_identification:_identify(src/tiago_pro_simulation/tiago_pro_simulation) by extensions ['ignore', 'ignore_ament_install']
[0.185s] Level 1:colcon.colcon_core.package_identification:_identify(src/tiago_pro_simulation/tiago_pro_simulation) by extension 'ignore'
[0.185s] Level 1:colcon.colcon_core.package_identification:_identify(src/tiago_pro_simulation/tiago_pro_simulation) by extension 'ignore_ament_install'
[0.185s] Level 1:colcon.colcon_core.package_identification:_identify(src/tiago_pro_simulation/tiago_pro_simulation) by extensions ['colcon_pkg']
[0.185s] Level 1:colcon.colcon_core.package_identification:_identify(src/tiago_pro_simulation/tiago_pro_simulation) by extension 'colcon_pkg'
[0.185s] Level 1:colcon.colcon_core.package_identification:_identify(src/tiago_pro_simulation/tiago_pro_simulation) by extensions ['colcon_meta']
[0.185s] Level 1:colcon.colcon_core.package_identification:_identify(src/tiago_pro_simulation/tiago_pro_simulation) by extension 'colcon_meta'
[0.185s] Level 1:colcon.colcon_core.package_identification:_identify(src/tiago_pro_simulation/tiago_pro_simulation) by extensions ['ros']
[0.185s] Level 1:colcon.colcon_core.package_identification:_identify(src/tiago_pro_simulation/tiago_pro_simulation) by extension 'ros'
[0.185s] DEBUG:colcon.colcon_core.package_identification:Package 'src/tiago_pro_simulation/tiago_pro_simulation' with type 'ros.ament_cmake' and name 'tiago_pro_simulation'
[0.185s] Level 1:colcon.colcon_core.package_discovery:discover_packages(recursive) using defaults
[0.185s] Level 1:colcon.colcon_core.package_discovery:discover_packages(ignore) discover
[0.185s] Level 1:colcon.colcon_core.package_discovery:discover_packages(ignore) using defaults
[0.185s] Level 1:colcon.colcon_core.package_discovery:discover_packages(path) discover
[0.185s] Level 1:colcon.colcon_core.package_discovery:discover_packages(path) using defaults
[0.204s] Level 5:colcon.colcon_core.verb:set package 'linkattacher_msgs' build argument 'cmake_args' from command line to 'None'
[0.204s] Level 5:colcon.colcon_core.verb:set package 'linkattacher_msgs' build argument 'cmake_target' from command line to 'None'
[0.204s] Level 5:colcon.colcon_core.verb:set package 'linkattacher_msgs' build argument 'cmake_target_skip_unavailable' from command line to 'False'
[0.204s] Level 5:colcon.colcon_core.verb:set package 'linkattacher_msgs' build argument 'cmake_clean_cache' from command line to 'False'
[0.204s] Level 5:colcon.colcon_core.verb:set package 'linkattacher_msgs' build argument 'cmake_clean_first' from command line to 'False'
[0.204s] Level 5:colcon.colcon_core.verb:set package 'linkattacher_msgs' build argument 'cmake_force_configure' from command line to 'False'
[0.204s] Level 5:colcon.colcon_core.verb:set package 'linkattacher_msgs' build argument 'ament_cmake_args' from command line to 'None'
[0.204s] Level 5:colcon.colcon_core.verb:set package 'linkattacher_msgs' build argument 'catkin_cmake_args' from command line to 'None'
[0.204s] Level 5:colcon.colcon_core.verb:set package 'linkattacher_msgs' build argument 'catkin_skip_building_tests' from command line to 'False'
[0.204s] DEBUG:colcon.colcon_core.verb:Building package 'linkattacher_msgs' with the following arguments: {'ament_cmake_args': None, 'build_base': '/home/user/exchange/workspace/build/linkattacher_msgs', 'catkin_cmake_args': None, 'catkin_skip_building_tests': False, 'cmake_args': None, 'cmake_clean_cache': False, 'cmake_clean_first': False, 'cmake_force_configure': False, 'cmake_target': None, 'cmake_target_skip_unavailable': False, 'install_base': '/home/user/exchange/workspace/install/linkattacher_msgs', 'merge_install': False, 'path': '/home/user/exchange/workspace/src/IFRA_LinkAttacher/linkattacher_msgs', 'symlink_install': False, 'test_result_base': None}
[0.204s] Level 5:colcon.colcon_core.verb:set package 'pal_gazebo_worlds' build argument 'cmake_args' from command line to 'None'
[0.204s] Level 5:colcon.colcon_core.verb:set package 'pal_gazebo_worlds' build argument 'cmake_target' from command line to 'None'
[0.204s] Level 5:colcon.colcon_core.verb:set package 'pal_gazebo_worlds' build argument 'cmake_target_skip_unavailable' from command line to 'False'
[0.204s] Level 5:colcon.colcon_core.verb:set package 'pal_gazebo_worlds' build argument 'cmake_clean_cache' from command line to 'False'
[0.204s] Level 5:colcon.colcon_core.verb:set package 'pal_gazebo_worlds' build argument 'cmake_clean_first' from command line to 'False'
[0.204s] Level 5:colcon.colcon_core.verb:set package 'pal_gazebo_worlds' build argument 'cmake_force_configure' from command line to 'False'
[0.204s] Level 5:colcon.colcon_core.verb:set package 'pal_gazebo_worlds' build argument 'ament_cmake_args' from command line to 'None'
[0.204s] Level 5:colcon.colcon_core.verb:set package 'pal_gazebo_worlds' build argument 'catkin_cmake_args' from command line to 'None'
[0.204s] Level 5:colcon.colcon_core.verb:set package 'pal_gazebo_worlds' build argument 'catkin_skip_building_tests' from command line to 'False'
[0.204s] DEBUG:colcon.colcon_core.verb:Building package 'pal_gazebo_worlds' with the following arguments: {'ament_cmake_args': None, 'build_base': '/home/user/exchange/workspace/build/pal_gazebo_worlds', 'catkin_cmake_args': None, 'catkin_skip_building_tests': False, 'cmake_args': None, 'cmake_clean_cache': False, 'cmake_clean_first': False, 'cmake_force_configure': False, 'cmake_target': None, 'cmake_target_skip_unavailable': False, 'install_base': '/home/user/exchange/workspace/install/pal_gazebo_worlds', 'merge_install': False, 'path': '/home/user/exchange/workspace/src/pal_gazebo_worlds', 'symlink_install': False, 'test_result_base': None}
[0.204s] Level 5:colcon.colcon_core.verb:set package 'pal_pro_gripper_description' build argument 'cmake_args' from command line to 'None'
[0.205s] Level 5:colcon.colcon_core.verb:set package 'pal_pro_gripper_description' build argument 'cmake_target' from command line to 'None'
[0.205s] Level 5:colcon.colcon_core.verb:set package 'pal_pro_gripper_description' build argument 'cmake_target_skip_unavailable' from command line to 'False'
[0.205s] Level 5:colcon.colcon_core.verb:set package 'pal_pro_gripper_description' build argument 'cmake_clean_cache' from command line to 'False'
[0.205s] Level 5:colcon.colcon_core.verb:set package 'pal_pro_gripper_description' build argument 'cmake_clean_first' from command line to 'False'
[0.205s] Level 5:colcon.colcon_core.verb:set package 'pal_pro_gripper_description' build argument 'cmake_force_configure' from command line to 'False'
[0.205s] Level 5:colcon.colcon_core.verb:set package 'pal_pro_gripper_description' build argument 'ament_cmake_args' from command line to 'None'
[0.205s] Level 5:colcon.colcon_core.verb:set package 'pal_pro_gripper_description' build argument 'catkin_cmake_args' from command line to 'None'
[0.205s] Level 5:colcon.colcon_core.verb:set package 'pal_pro_gripper_description' build argument 'catkin_skip_building_tests' from command line to 'False'
[0.205s] DEBUG:colcon.colcon_core.verb:Building package 'pal_pro_gripper_description' with the following arguments: {'ament_cmake_args': None, 'build_base': '/home/user/exchange/workspace/build/pal_pro_gripper_description', 'catkin_cmake_args': None, 'catkin_skip_building_tests': False, 'cmake_args': None, 'cmake_clean_cache': False, 'cmake_clean_first': False, 'cmake_force_configure': False, 'cmake_target': None, 'cmake_target_skip_unavailable': False, 'install_base': '/home/user/exchange/workspace/install/pal_pro_gripper_description', 'merge_install': False, 'path': '/home/user/exchange/workspace/src/pal_pro_gripper/pal_pro_gripper_description', 'symlink_install': False, 'test_result_base': None}
[0.205s] Level 5:colcon.colcon_core.verb:set package 'pal_pro_gripper_wrapper' build argument 'cmake_args' from command line to 'None'
[0.205s] Level 5:colcon.colcon_core.verb:set package 'pal_pro_gripper_wrapper' build argument 'cmake_target' from command line to 'None'
[0.205s] Level 5:colcon.colcon_core.verb:set package 'pal_pro_gripper_wrapper' build argument 'cmake_target_skip_unavailable' from command line to 'False'
[0.205s] Level 5:colcon.colcon_core.verb:set package 'pal_pro_gripper_wrapper' build argument 'cmake_clean_cache' from command line to 'False'
[0.205s] Level 5:colcon.colcon_core.verb:set package 'pal_pro_gripper_wrapper' build argument 'cmake_clean_first' from command line to 'False'
[0.205s] Level 5:colcon.colcon_core.verb:set package 'pal_pro_gripper_wrapper' build argument 'cmake_force_configure' from command line to 'False'
[0.205s] Level 5:colcon.colcon_core.verb:set package 'pal_pro_gripper_wrapper' build argument 'ament_cmake_args' from command line to 'None'
[0.205s] Level 5:colcon.colcon_core.verb:set package 'pal_pro_gripper_wrapper' build argument 'catkin_cmake_args' from command line to 'None'
[0.205s] Level 5:colcon.colcon_core.verb:set package 'pal_pro_gripper_wrapper' build argument 'catkin_skip_building_tests' from command line to 'False'
[0.205s] DEBUG:colcon.colcon_core.verb:Building package 'pal_pro_gripper_wrapper' with the following arguments: {'ament_cmake_args': None, 'build_base': '/home/user/exchange/workspace/build/pal_pro_gripper_wrapper', 'catkin_cmake_args': None, 'catkin_skip_building_tests': False, 'cmake_args': None, 'cmake_clean_cache': False, 'cmake_clean_first': False, 'cmake_force_configure': False, 'cmake_target': None, 'cmake_target_skip_unavailable': False, 'install_base': '/home/user/exchange/workspace/install/pal_pro_gripper_wrapper', 'merge_install': False, 'path': '/home/user/exchange/workspace/src/pal_pro_gripper/pal_pro_gripper_wrapper', 'symlink_install': False, 'test_result_base': None}
[0.205s] Level 5:colcon.colcon_core.verb:set package 'tiago_pro_2dnav' build argument 'cmake_args' from command line to 'None'
[0.205s] Level 5:colcon.colcon_core.verb:set package 'tiago_pro_2dnav' build argument 'cmake_target' from command line to 'None'
[0.205s] Level 5:colcon.colcon_core.verb:set package 'tiago_pro_2dnav' build argument 'cmake_target_skip_unavailable' from command line to 'False'
[0.205s] Level 5:colcon.colcon_core.verb:set package 'tiago_pro_2dnav' build argument 'cmake_clean_cache' from command line to 'False'
[0.205s] Level 5:colcon.colcon_core.verb:set package 'tiago_pro_2dnav' build argument 'cmake_clean_first' from command line to 'False'
[0.205s] Level 5:colcon.colcon_core.verb:set package 'tiago_pro_2dnav' build argument 'cmake_force_configure' from command line to 'False'
[0.205s] Level 5:colcon.colcon_core.verb:set package 'tiago_pro_2dnav' build argument 'ament_cmake_args' from command line to 'None'
[0.205s] Level 5:colcon.colcon_core.verb:set package 'tiago_pro_2dnav' build argument 'catkin_cmake_args' from command line to 'None'
[0.205s] Level 5:colcon.colcon_core.verb:set package 'tiago_pro_2dnav' build argument 'catkin_skip_building_tests' from command line to 'False'
[0.205s] DEBUG:colcon.colcon_core.verb:Building package 'tiago_pro_2dnav' with the following arguments: {'ament_cmake_args': None, 'build_base': '/home/user/exchange/workspace/build/tiago_pro_2dnav', 'catkin_cmake_args': None, 'catkin_skip_building_tests': False, 'cmake_args': None, 'cmake_clean_cache': False, 'cmake_clean_first': False, 'cmake_force_configure': False, 'cmake_target': None, 'cmake_target_skip_unavailable': False, 'install_base': '/home/user/exchange/workspace/install/tiago_pro_2dnav', 'merge_install': False, 'path': '/home/user/exchange/workspace/src/tiago_pro_navigation/tiago_pro_2dnav', 'symlink_install': False, 'test_result_base': None}
[0.205s] Level 5:colcon.colcon_core.verb:set package 'tiago_pro_laser_sensors' build argument 'cmake_args' from command line to 'None'
[0.205s] Level 5:colcon.colcon_core.verb:set package 'tiago_pro_laser_sensors' build argument 'cmake_target' from command line to 'None'
[0.205s] Level 5:colcon.colcon_core.verb:set package 'tiago_pro_laser_sensors' build argument 'cmake_target_skip_unavailable' from command line to 'False'
[0.205s] Level 5:colcon.colcon_core.verb:set package 'tiago_pro_laser_sensors' build argument 'cmake_clean_cache' from command line to 'False'
[0.205s] Level 5:colcon.colcon_core.verb:set package 'tiago_pro_laser_sensors' build argument 'cmake_clean_first' from command line to 'False'
[0.205s] Level 5:colcon.colcon_core.verb:set package 'tiago_pro_laser_sensors' build argument 'cmake_force_configure' from command line to 'False'
[0.205s] Level 5:colcon.colcon_core.verb:set package 'tiago_pro_laser_sensors' build argument 'ament_cmake_args' from command line to 'None'
[0.205s] Level 5:colcon.colcon_core.verb:set package 'tiago_pro_laser_sensors' build argument 'catkin_cmake_args' from command line to 'None'
[0.205s] Level 5:colcon.colcon_core.verb:set package 'tiago_pro_laser_sensors' build argument 'catkin_skip_building_tests' from command line to 'False'
[0.205s] DEBUG:colcon.colcon_core.verb:Building package 'tiago_pro_laser_sensors' with the following arguments: {'ament_cmake_args': None, 'build_base': '/home/user/exchange/workspace/build/tiago_pro_laser_sensors', 'catkin_cmake_args': None, 'catkin_skip_building_tests': False, 'cmake_args': None, 'cmake_clean_cache': False, 'cmake_clean_first': False, 'cmake_force_configure': False, 'cmake_target': None, 'cmake_target_skip_unavailable': False, 'install_base': '/home/user/exchange/workspace/install/tiago_pro_laser_sensors', 'merge_install': False, 'path': '/home/user/exchange/workspace/src/tiago_pro_navigation/tiago_pro_laser_sensors', 'symlink_install': False, 'test_result_base': None}
[0.206s] Level 5:colcon.colcon_core.verb:set package 'tiago_pro_rgbd_sensors' build argument 'cmake_args' from command line to 'None'
[0.206s] Level 5:colcon.colcon_core.verb:set package 'tiago_pro_rgbd_sensors' build argument 'cmake_target' from command line to 'None'
[0.206s] Level 5:colcon.colcon_core.verb:set package 'tiago_pro_rgbd_sensors' build argument 'cmake_target_skip_unavailable' from command line to 'False'
[0.206s] Level 5:colcon.colcon_core.verb:set package 'tiago_pro_rgbd_sensors' build argument 'cmake_clean_cache' from command line to 'False'
[0.206s] Level 5:colcon.colcon_core.verb:set package 'tiago_pro_rgbd_sensors' build argument 'cmake_clean_first' from command line to 'False'
[0.206s] Level 5:colcon.colcon_core.verb:set package 'tiago_pro_rgbd_sensors' build argument 'cmake_force_configure' from command line to 'False'
[0.206s] Level 5:colcon.colcon_core.verb:set package 'tiago_pro_rgbd_sensors' build argument 'ament_cmake_args' from command line to 'None'
[0.206s] Level 5:colcon.colcon_core.verb:set package 'tiago_pro_rgbd_sensors' build argument 'catkin_cmake_args' from command line to 'None'
[0.206s] Level 5:colcon.colcon_core.verb:set package 'tiago_pro_rgbd_sensors' build argument 'catkin_skip_building_tests' from command line to 'False'
[0.206s] DEBUG:colcon.colcon_core.verb:Building package 'tiago_pro_rgbd_sensors' with the following arguments: {'ament_cmake_args': None, 'build_base': '/home/user/exchange/workspace/build/tiago_pro_rgbd_sensors', 'catkin_cmake_args': None, 'catkin_skip_building_tests': False, 'cmake_args': None, 'cmake_clean_cache': False, 'cmake_clean_first': False, 'cmake_force_configure': False, 'cmake_target': None, 'cmake_target_skip_unavailable': False, 'install_base': '/home/user/exchange/workspace/install/tiago_pro_rgbd_sensors', 'merge_install': False, 'path': '/home/user/exchange/workspace/src/tiago_pro_navigation/tiago_pro_rgbd_sensors', 'symlink_install': False, 'test_result_base': None}
[0.206s] Level 5:colcon.colcon_core.verb:set package 'pal_pro_gripper_controller_configuration' build argument 'cmake_args' from command line to 'None'
[0.206s] Level 5:colcon.colcon_core.verb:set package 'pal_pro_gripper_controller_configuration' build argument 'cmake_target' from command line to 'None'
[0.206s] Level 5:colcon.colcon_core.verb:set package 'pal_pro_gripper_controller_configuration' build argument 'cmake_target_skip_unavailable' from command line to 'False'
[0.206s] Level 5:colcon.colcon_core.verb:set package 'pal_pro_gripper_controller_configuration' build argument 'cmake_clean_cache' from command line to 'False'
[0.206s] Level 5:colcon.colcon_core.verb:set package 'pal_pro_gripper_controller_configuration' build argument 'cmake_clean_first' from command line to 'False'
[0.206s] Level 5:colcon.colcon_core.verb:set package 'pal_pro_gripper_controller_configuration' build argument 'cmake_force_configure' from command line to 'False'
[0.206s] Level 5:colcon.colcon_core.verb:set package 'pal_pro_gripper_controller_configuration' build argument 'ament_cmake_args' from command line to 'None'
[0.206s] Level 5:colcon.colcon_core.verb:set package 'pal_pro_gripper_controller_configuration' build argument 'catkin_cmake_args' from command line to 'None'
[0.206s] Level 5:colcon.colcon_core.verb:set package 'pal_pro_gripper_controller_configuration' build argument 'catkin_skip_building_tests' from command line to 'False'
[0.206s] DEBUG:colcon.colcon_core.verb:Building package 'pal_pro_gripper_controller_configuration' with the following arguments: {'ament_cmake_args': None, 'build_base': '/home/user/exchange/workspace/build/pal_pro_gripper_controller_configuration', 'catkin_cmake_args': None, 'catkin_skip_building_tests': False, 'cmake_args': None, 'cmake_clean_cache': False, 'cmake_clean_first': False, 'cmake_force_configure': False, 'cmake_target': None, 'cmake_target_skip_unavailable': False, 'install_base': '/home/user/exchange/workspace/install/pal_pro_gripper_controller_configuration', 'merge_install': False, 'path': '/home/user/exchange/workspace/src/pal_pro_gripper/pal_pro_gripper_controller_configuration', 'symlink_install': False, 'test_result_base': None}
[0.206s] Level 5:colcon.colcon_core.verb:set package 'ros2_linkattacher' build argument 'cmake_args' from command line to 'None'
[0.206s] Level 5:colcon.colcon_core.verb:set package 'ros2_linkattacher' build argument 'cmake_target' from command line to 'None'
[0.206s] Level 5:colcon.colcon_core.verb:set package 'ros2_linkattacher' build argument 'cmake_target_skip_unavailable' from command line to 'False'
[0.206s] Level 5:colcon.colcon_core.verb:set package 'ros2_linkattacher' build argument 'cmake_clean_cache' from command line to 'False'
[0.206s] Level 5:colcon.colcon_core.verb:set package 'ros2_linkattacher' build argument 'cmake_clean_first' from command line to 'False'
[0.206s] Level 5:colcon.colcon_core.verb:set package 'ros2_linkattacher' build argument 'cmake_force_configure' from command line to 'False'
[0.206s] Level 5:colcon.colcon_core.verb:set package 'ros2_linkattacher' build argument 'ament_cmake_args' from command line to 'None'
[0.206s] Level 5:colcon.colcon_core.verb:set package 'ros2_linkattacher' build argument 'catkin_cmake_args' from command line to 'None'
[0.206s] Level 5:colcon.colcon_core.verb:set package 'ros2_linkattacher' build argument 'catkin_skip_building_tests' from command line to 'False'
[0.206s] DEBUG:colcon.colcon_core.verb:Building package 'ros2_linkattacher' with the following arguments: {'ament_cmake_args': None, 'build_base': '/home/user/exchange/workspace/build/ros2_linkattacher', 'catkin_cmake_args': None, 'catkin_skip_building_tests': False, 'cmake_args': None, 'cmake_clean_cache': False, 'cmake_clean_first': False, 'cmake_force_configure': False, 'cmake_target': None, 'cmake_target_skip_unavailable': False, 'install_base': '/home/user/exchange/workspace/install/ros2_linkattacher', 'merge_install': False, 'path': '/home/user/exchange/workspace/src/IFRA_LinkAttacher/ros2_LinkAttacher', 'symlink_install': False, 'test_result_base': None}
[0.207s] Level 5:colcon.colcon_core.verb:set package 'tiago_pro_navigation' build argument 'cmake_args' from command line to 'None'
[0.207s] Level 5:colcon.colcon_core.verb:set package 'tiago_pro_navigation' build argument 'cmake_target' from command line to 'None'
[0.207s] Level 5:colcon.colcon_core.verb:set package 'tiago_pro_navigation' build argument 'cmake_target_skip_unavailable' from command line to 'False'
[0.207s] Level 5:colcon.colcon_core.verb:set package 'tiago_pro_navigation' build argument 'cmake_clean_cache' from command line to 'False'
[0.207s] Level 5:colcon.colcon_core.verb:set package 'tiago_pro_navigation' build argument 'cmake_clean_first' from command line to 'False'
[0.207s] Level 5:colcon.colcon_core.verb:set package 'tiago_pro_navigation' build argument 'cmake_force_configure' from command line to 'False'
[0.207s] Level 5:colcon.colcon_core.verb:set package 'tiago_pro_navigation' build argument 'ament_cmake_args' from command line to 'None'
[0.207s] Level 5:colcon.colcon_core.verb:set package 'tiago_pro_navigation' build argument 'catkin_cmake_args' from command line to 'None'
[0.207s] Level 5:colcon.colcon_core.verb:set package 'tiago_pro_navigation' build argument 'catkin_skip_building_tests' from command line to 'False'
[0.207s] DEBUG:colcon.colcon_core.verb:Building package 'tiago_pro_navigation' with the following arguments: {'ament_cmake_args': None, 'build_base': '/home/user/exchange/workspace/build/tiago_pro_navigation', 'catkin_cmake_args': None, 'catkin_skip_building_tests': False, 'cmake_args': None, 'cmake_clean_cache': False, 'cmake_clean_first': False, 'cmake_force_configure': False, 'cmake_target': None, 'cmake_target_skip_unavailable': False, 'install_base': '/home/user/exchange/workspace/install/tiago_pro_navigation', 'merge_install': False, 'path': '/home/user/exchange/workspace/src/tiago_pro_navigation/tiago_pro_navigation', 'symlink_install': False, 'test_result_base': None}
[0.207s] Level 5:colcon.colcon_core.verb:set package 'pal_pro_gripper' build argument 'cmake_args' from command line to 'None'
[0.207s] Level 5:colcon.colcon_core.verb:set package 'pal_pro_gripper' build argument 'cmake_target' from command line to 'None'
[0.207s] Level 5:colcon.colcon_core.verb:set package 'pal_pro_gripper' build argument 'cmake_target_skip_unavailable' from command line to 'False'
[0.207s] Level 5:colcon.colcon_core.verb:set package 'pal_pro_gripper' build argument 'cmake_clean_cache' from command line to 'False'
[0.207s] Level 5:colcon.colcon_core.verb:set package 'pal_pro_gripper' build argument 'cmake_clean_first' from command line to 'False'
[0.207s] Level 5:colcon.colcon_core.verb:set package 'pal_pro_gripper' build argument 'cmake_force_configure' from command line to 'False'
[0.207s] Level 5:colcon.colcon_core.verb:set package 'pal_pro_gripper' build argument 'ament_cmake_args' from command line to 'None'
[0.207s] Level 5:colcon.colcon_core.verb:set package 'pal_pro_gripper' build argument 'catkin_cmake_args' from command line to 'None'
[0.207s] Level 5:colcon.colcon_core.verb:set package 'pal_pro_gripper' build argument 'catkin_skip_building_tests' from command line to 'False'
[0.207s] DEBUG:colcon.colcon_core.verb:Building package 'pal_pro_gripper' with the following arguments: {'ament_cmake_args': None, 'build_base': '/home/user/exchange/workspace/build/pal_pro_gripper', 'catkin_cmake_args': None, 'catkin_skip_building_tests': False, 'cmake_args': None, 'cmake_clean_cache': False, 'cmake_clean_first': False, 'cmake_force_configure': False, 'cmake_target': None, 'cmake_target_skip_unavailable': False, 'install_base': '/home/user/exchange/workspace/install/pal_pro_gripper', 'merge_install': False, 'path': '/home/user/exchange/workspace/src/pal_pro_gripper/pal_pro_gripper', 'symlink_install': False, 'test_result_base': None}
[0.207s] Level 5:colcon.colcon_core.verb:set package 'pal_pro_gripper_bringup' build argument 'cmake_args' from command line to 'None'
[0.207s] Level 5:colcon.colcon_core.verb:set package 'pal_pro_gripper_bringup' build argument 'cmake_target' from command line to 'None'
[0.207s] Level 5:colcon.colcon_core.verb:set package 'pal_pro_gripper_bringup' build argument 'cmake_target_skip_unavailable' from command line to 'False'
[0.207s] Level 5:colcon.colcon_core.verb:set package 'pal_pro_gripper_bringup' build argument 'cmake_clean_cache' from command line to 'False'
[0.207s] Level 5:colcon.colcon_core.verb:set package 'pal_pro_gripper_bringup' build argument 'cmake_clean_first' from command line to 'False'
[0.207s] Level 5:colcon.colcon_core.verb:set package 'pal_pro_gripper_bringup' build argument 'cmake_force_configure' from command line to 'False'
[0.207s] Level 5:colcon.colcon_core.verb:set package 'pal_pro_gripper_bringup' build argument 'ament_cmake_args' from command line to 'None'
[0.207s] Level 5:colcon.colcon_core.verb:set package 'pal_pro_gripper_bringup' build argument 'catkin_cmake_args' from command line to 'None'
[0.207s] Level 5:colcon.colcon_core.verb:set package 'pal_pro_gripper_bringup' build argument 'catkin_skip_building_tests' from command line to 'False'
[0.207s] DEBUG:colcon.colcon_core.verb:Building package 'pal_pro_gripper_bringup' with the following arguments: {'ament_cmake_args': None, 'build_base': '/home/user/exchange/workspace/build/pal_pro_gripper_bringup', 'catkin_cmake_args': None, 'catkin_skip_building_tests': False, 'cmake_args': None, 'cmake_clean_cache': False, 'cmake_clean_first': False, 'cmake_force_configure': False, 'cmake_target': None, 'cmake_target_skip_unavailable': False, 'install_base': '/home/user/exchange/workspace/install/pal_pro_gripper_bringup', 'merge_install': False, 'path': '/home/user/exchange/workspace/src/pal_pro_gripper/pal_pro_gripper_bringup', 'symlink_install': False, 'test_result_base': None}
[0.207s] Level 5:colcon.colcon_core.verb:set package 'pal_pro_gripper_simulation' build argument 'cmake_args' from command line to 'None'
[0.207s] Level 5:colcon.colcon_core.verb:set package 'pal_pro_gripper_simulation' build argument 'cmake_target' from command line to 'None'
[0.207s] Level 5:colcon.colcon_core.verb:set package 'pal_pro_gripper_simulation' build argument 'cmake_target_skip_unavailable' from command line to 'False'
[0.207s] Level 5:colcon.colcon_core.verb:set package 'pal_pro_gripper_simulation' build argument 'cmake_clean_cache' from command line to 'False'
[0.207s] Level 5:colcon.colcon_core.verb:set package 'pal_pro_gripper_simulation' build argument 'cmake_clean_first' from command line to 'False'
[0.207s] Level 5:colcon.colcon_core.verb:set package 'pal_pro_gripper_simulation' build argument 'cmake_force_configure' from command line to 'False'
[0.207s] Level 5:colcon.colcon_core.verb:set package 'pal_pro_gripper_simulation' build argument 'ament_cmake_args' from command line to 'None'
[0.208s] Level 5:colcon.colcon_core.verb:set package 'pal_pro_gripper_simulation' build argument 'catkin_cmake_args' from command line to 'None'
[0.208s] Level 5:colcon.colcon_core.verb:set package 'pal_pro_gripper_simulation' build argument 'catkin_skip_building_tests' from command line to 'False'
[0.208s] DEBUG:colcon.colcon_core.verb:Building package 'pal_pro_gripper_simulation' with the following arguments: {'ament_cmake_args': None, 'build_base': '/home/user/exchange/workspace/build/pal_pro_gripper_simulation', 'catkin_cmake_args': None, 'catkin_skip_building_tests': False, 'cmake_args': None, 'cmake_clean_cache': False, 'cmake_clean_first': False, 'cmake_force_configure': False, 'cmake_target': None, 'cmake_target_skip_unavailable': False, 'install_base': '/home/user/exchange/workspace/install/pal_pro_gripper_simulation', 'merge_install': False, 'path': '/home/user/exchange/workspace/src/pal_pro_gripper/pal_pro_gripper_simulation', 'symlink_install': False, 'test_result_base': None}
[0.208s] Level 5:colcon.colcon_core.verb:set package 'pal_sea_arm_controller_configuration' build argument 'cmake_args' from command line to 'None'
[0.208s] Level 5:colcon.colcon_core.verb:set package 'pal_sea_arm_controller_configuration' build argument 'cmake_target' from command line to 'None'
[0.208s] Level 5:colcon.colcon_core.verb:set package 'pal_sea_arm_controller_configuration' build argument 'cmake_target_skip_unavailable' from command line to 'False'
[0.208s] Level 5:colcon.colcon_core.verb:set package 'pal_sea_arm_controller_configuration' build argument 'cmake_clean_cache' from command line to 'False'
[0.208s] Level 5:colcon.colcon_core.verb:set package 'pal_sea_arm_controller_configuration' build argument 'cmake_clean_first' from command line to 'False'
[0.208s] Level 5:colcon.colcon_core.verb:set package 'pal_sea_arm_controller_configuration' build argument 'cmake_force_configure' from command line to 'False'
[0.208s] Level 5:colcon.colcon_core.verb:set package 'pal_sea_arm_controller_configuration' build argument 'ament_cmake_args' from command line to 'None'
[0.208s] Level 5:colcon.colcon_core.verb:set package 'pal_sea_arm_controller_configuration' build argument 'catkin_cmake_args' from command line to 'None'
[0.208s] Level 5:colcon.colcon_core.verb:set package 'pal_sea_arm_controller_configuration' build argument 'catkin_skip_building_tests' from command line to 'False'
[0.208s] DEBUG:colcon.colcon_core.verb:Building package 'pal_sea_arm_controller_configuration' with the following arguments: {'ament_cmake_args': None, 'build_base': '/home/user/exchange/workspace/build/pal_sea_arm_controller_configuration', 'catkin_cmake_args': None, 'catkin_skip_building_tests': False, 'cmake_args': None, 'cmake_clean_cache': False, 'cmake_clean_first': False, 'cmake_force_configure': False, 'cmake_target': None, 'cmake_target_skip_unavailable': False, 'install_base': '/home/user/exchange/workspace/install/pal_sea_arm_controller_configuration', 'merge_install': False, 'path': '/home/user/exchange/workspace/src/pal_sea_arm/pal_sea_arm_controller_configuration', 'symlink_install': False, 'test_result_base': None}
[0.208s] Level 5:colcon.colcon_core.verb:set package 'pal_sea_arm_description' build argument 'cmake_args' from command line to 'None'
[0.208s] Level 5:colcon.colcon_core.verb:set package 'pal_sea_arm_description' build argument 'cmake_target' from command line to 'None'
[0.208s] Level 5:colcon.colcon_core.verb:set package 'pal_sea_arm_description' build argument 'cmake_target_skip_unavailable' from command line to 'False'
[0.208s] Level 5:colcon.colcon_core.verb:set package 'pal_sea_arm_description' build argument 'cmake_clean_cache' from command line to 'False'
[0.208s] Level 5:colcon.colcon_core.verb:set package 'pal_sea_arm_description' build argument 'cmake_clean_first' from command line to 'False'
[0.208s] Level 5:colcon.colcon_core.verb:set package 'pal_sea_arm_description' build argument 'cmake_force_configure' from command line to 'False'
[0.208s] Level 5:colcon.colcon_core.verb:set package 'pal_sea_arm_description' build argument 'ament_cmake_args' from command line to 'None'
[0.208s] Level 5:colcon.colcon_core.verb:set package 'pal_sea_arm_description' build argument 'catkin_cmake_args' from command line to 'None'
[0.208s] Level 5:colcon.colcon_core.verb:set package 'pal_sea_arm_description' build argument 'catkin_skip_building_tests' from command line to 'False'
[0.208s] DEBUG:colcon.colcon_core.verb:Building package 'pal_sea_arm_description' with the following arguments: {'ament_cmake_args': None, 'build_base': '/home/user/exchange/workspace/build/pal_sea_arm_description', 'catkin_cmake_args': None, 'catkin_skip_building_tests': False, 'cmake_args': None, 'cmake_clean_cache': False, 'cmake_clean_first': False, 'cmake_force_configure': False, 'cmake_target': None, 'cmake_target_skip_unavailable': False, 'install_base': '/home/user/exchange/workspace/install/pal_sea_arm_description', 'merge_install': False, 'path': '/home/user/exchange/workspace/src/pal_sea_arm/pal_sea_arm_description', 'symlink_install': False, 'test_result_base': None}
[0.208s] Level 5:colcon.colcon_core.verb:set package 'tiago_pro_controller_configuration' build argument 'cmake_args' from command line to 'None'
[0.208s] Level 5:colcon.colcon_core.verb:set package 'tiago_pro_controller_configuration' build argument 'cmake_target' from command line to 'None'
[0.208s] Level 5:colcon.colcon_core.verb:set package 'tiago_pro_controller_configuration' build argument 'cmake_target_skip_unavailable' from command line to 'False'
[0.208s] Level 5:colcon.colcon_core.verb:set package 'tiago_pro_controller_configuration' build argument 'cmake_clean_cache' from command line to 'False'
[0.208s] Level 5:colcon.colcon_core.verb:set package 'tiago_pro_controller_configuration' build argument 'cmake_clean_first' from command line to 'False'
[0.208s] Level 5:colcon.colcon_core.verb:set package 'tiago_pro_controller_configuration' build argument 'cmake_force_configure' from command line to 'False'
[0.208s] Level 5:colcon.colcon_core.verb:set package 'tiago_pro_controller_configuration' build argument 'ament_cmake_args' from command line to 'None'
[0.208s] Level 5:colcon.colcon_core.verb:set package 'tiago_pro_controller_configuration' build argument 'catkin_cmake_args' from command line to 'None'
[0.208s] Level 5:colcon.colcon_core.verb:set package 'tiago_pro_controller_configuration' build argument 'catkin_skip_building_tests' from command line to 'False'
[0.208s] DEBUG:colcon.colcon_core.verb:Building package 'tiago_pro_controller_configuration' with the following arguments: {'ament_cmake_args': None, 'build_base': '/home/user/exchange/workspace/build/tiago_pro_controller_configuration', 'catkin_cmake_args': None, 'catkin_skip_building_tests': False, 'cmake_args': None, 'cmake_clean_cache': False, 'cmake_clean_first': False, 'cmake_force_configure': False, 'cmake_target': None, 'cmake_target_skip_unavailable': False, 'install_base': '/home/user/exchange/workspace/install/tiago_pro_controller_configuration', 'merge_install': False, 'path': '/home/user/exchange/workspace/src/tiago_pro_robot/tiago_pro_controller_configuration', 'symlink_install': False, 'test_result_base': None}
[0.209s] Level 5:colcon.colcon_core.verb:set package 'pal_sea_arm_bringup' build argument 'cmake_args' from command line to 'None'
[0.209s] Level 5:colcon.colcon_core.verb:set package 'pal_sea_arm_bringup' build argument 'cmake_target' from command line to 'None'
[0.209s] Level 5:colcon.colcon_core.verb:set package 'pal_sea_arm_bringup' build argument 'cmake_target_skip_unavailable' from command line to 'False'
[0.209s] Level 5:colcon.colcon_core.verb:set package 'pal_sea_arm_bringup' build argument 'cmake_clean_cache' from command line to 'False'
[0.209s] Level 5:colcon.colcon_core.verb:set package 'pal_sea_arm_bringup' build argument 'cmake_clean_first' from command line to 'False'
[0.209s] Level 5:colcon.colcon_core.verb:set package 'pal_sea_arm_bringup' build argument 'cmake_force_configure' from command line to 'False'
[0.209s] Level 5:colcon.colcon_core.verb:set package 'pal_sea_arm_bringup' build argument 'ament_cmake_args' from command line to 'None'
[0.209s] Level 5:colcon.colcon_core.verb:set package 'pal_sea_arm_bringup' build argument 'catkin_cmake_args' from command line to 'None'
[0.209s] Level 5:colcon.colcon_core.verb:set package 'pal_sea_arm_bringup' build argument 'catkin_skip_building_tests' from command line to 'False'
[0.209s] DEBUG:colcon.colcon_core.verb:Building package 'pal_sea_arm_bringup' with the following arguments: {'ament_cmake_args': None, 'build_base': '/home/user/exchange/workspace/build/pal_sea_arm_bringup', 'catkin_cmake_args': None, 'catkin_skip_building_tests': False, 'cmake_args': None, 'cmake_clean_cache': False, 'cmake_clean_first': False, 'cmake_force_configure': False, 'cmake_target': None, 'cmake_target_skip_unavailable': False, 'install_base': '/home/user/exchange/workspace/install/pal_sea_arm_bringup', 'merge_install': False, 'path': '/home/user/exchange/workspace/src/pal_sea_arm/pal_sea_arm_bringup', 'symlink_install': False, 'test_result_base': None}
[0.209s] Level 5:colcon.colcon_core.verb:set package 'pal_sea_arm_moveit_config' build argument 'cmake_args' from command line to 'None'
[0.209s] Level 5:colcon.colcon_core.verb:set package 'pal_sea_arm_moveit_config' build argument 'cmake_target' from command line to 'None'
[0.209s] Level 5:colcon.colcon_core.verb:set package 'pal_sea_arm_moveit_config' build argument 'cmake_target_skip_unavailable' from command line to 'False'
[0.209s] Level 5:colcon.colcon_core.verb:set package 'pal_sea_arm_moveit_config' build argument 'cmake_clean_cache' from command line to 'False'
[0.209s] Level 5:colcon.colcon_core.verb:set package 'pal_sea_arm_moveit_config' build argument 'cmake_clean_first' from command line to 'False'
[0.209s] Level 5:colcon.colcon_core.verb:set package 'pal_sea_arm_moveit_config' build argument 'cmake_force_configure' from command line to 'False'
[0.209s] Level 5:colcon.colcon_core.verb:set package 'pal_sea_arm_moveit_config' build argument 'ament_cmake_args' from command line to 'None'
[0.209s] Level 5:colcon.colcon_core.verb:set package 'pal_sea_arm_moveit_config' build argument 'catkin_cmake_args' from command line to 'None'
[0.209s] Level 5:colcon.colcon_core.verb:set package 'pal_sea_arm_moveit_config' build argument 'catkin_skip_building_tests' from command line to 'False'
[0.209s] DEBUG:colcon.colcon_core.verb:Building package 'pal_sea_arm_moveit_config' with the following arguments: {'ament_cmake_args': None, 'build_base': '/home/user/exchange/workspace/build/pal_sea_arm_moveit_config', 'catkin_cmake_args': None, 'catkin_skip_building_tests': False, 'cmake_args': None, 'cmake_clean_cache': False, 'cmake_clean_first': False, 'cmake_force_configure': False, 'cmake_target': None, 'cmake_target_skip_unavailable': False, 'install_base': '/home/user/exchange/workspace/install/pal_sea_arm_moveit_config', 'merge_install': False, 'path': '/home/user/exchange/workspace/src/pal_sea_arm_moveit_config', 'symlink_install': False, 'test_result_base': None}
[0.209s] Level 5:colcon.colcon_core.verb:set package 'tiago_pro_bringup' build argument 'cmake_args' from command line to 'None'
[0.209s] Level 5:colcon.colcon_core.verb:set package 'tiago_pro_bringup' build argument 'cmake_target' from command line to 'None'
[0.209s] Level 5:colcon.colcon_core.verb:set package 'tiago_pro_bringup' build argument 'cmake_target_skip_unavailable' from command line to 'False'
[0.209s] Level 5:colcon.colcon_core.verb:set package 'tiago_pro_bringup' build argument 'cmake_clean_cache' from command line to 'False'
[0.209s] Level 5:colcon.colcon_core.verb:set package 'tiago_pro_bringup' build argument 'cmake_clean_first' from command line to 'False'
[0.209s] Level 5:colcon.colcon_core.verb:set package 'tiago_pro_bringup' build argument 'cmake_force_configure' from command line to 'False'
[0.209s] Level 5:colcon.colcon_core.verb:set package 'tiago_pro_bringup' build argument 'ament_cmake_args' from command line to 'None'
[0.209s] Level 5:colcon.colcon_core.verb:set package 'tiago_pro_bringup' build argument 'catkin_cmake_args' from command line to 'None'
[0.209s] Level 5:colcon.colcon_core.verb:set package 'tiago_pro_bringup' build argument 'catkin_skip_building_tests' from command line to 'False'
[0.209s] DEBUG:colcon.colcon_core.verb:Building package 'tiago_pro_bringup' with the following arguments: {'ament_cmake_args': None, 'build_base': '/home/user/exchange/workspace/build/tiago_pro_bringup', 'catkin_cmake_args': None, 'catkin_skip_building_tests': False, 'cmake_args': None, 'cmake_clean_cache': False, 'cmake_clean_first': False, 'cmake_force_configure': False, 'cmake_target': None, 'cmake_target_skip_unavailable': False, 'install_base': '/home/user/exchange/workspace/install/tiago_pro_bringup', 'merge_install': False, 'path': '/home/user/exchange/workspace/src/tiago_pro_robot/tiago_pro_bringup', 'symlink_install': False, 'test_result_base': None}
[0.209s] Level 5:colcon.colcon_core.verb:set package 'tiago_pro_description' build argument 'cmake_args' from command line to 'None'
[0.209s] Level 5:colcon.colcon_core.verb:set package 'tiago_pro_description' build argument 'cmake_target' from command line to 'None'
[0.209s] Level 5:colcon.colcon_core.verb:set package 'tiago_pro_description' build argument 'cmake_target_skip_unavailable' from command line to 'False'
[0.209s] Level 5:colcon.colcon_core.verb:set package 'tiago_pro_description' build argument 'cmake_clean_cache' from command line to 'False'
[0.209s] Level 5:colcon.colcon_core.verb:set package 'tiago_pro_description' build argument 'cmake_clean_first' from command line to 'False'
[0.209s] Level 5:colcon.colcon_core.verb:set package 'tiago_pro_description' build argument 'cmake_force_configure' from command line to 'False'
[0.209s] Level 5:colcon.colcon_core.verb:set package 'tiago_pro_description' build argument 'ament_cmake_args' from command line to 'None'
[0.209s] Level 5:colcon.colcon_core.verb:set package 'tiago_pro_description' build argument 'catkin_cmake_args' from command line to 'None'
[0.210s] Level 5:colcon.colcon_core.verb:set package 'tiago_pro_description' build argument 'catkin_skip_building_tests' from command line to 'False'
[0.210s] DEBUG:colcon.colcon_core.verb:Building package 'tiago_pro_description' with the following arguments: {'ament_cmake_args': None, 'build_base': '/home/user/exchange/workspace/build/tiago_pro_description', 'catkin_cmake_args': None, 'catkin_skip_building_tests': False, 'cmake_args': None, 'cmake_clean_cache': False, 'cmake_clean_first': False, 'cmake_force_configure': False, 'cmake_target': None, 'cmake_target_skip_unavailable': False, 'install_base': '/home/user/exchange/workspace/install/tiago_pro_description', 'merge_install': False, 'path': '/home/user/exchange/workspace/src/tiago_pro_robot/tiago_pro_description', 'symlink_install': False, 'test_result_base': None}
[0.210s] Level 5:colcon.colcon_core.verb:set package 'pal_sea_arm' build argument 'cmake_args' from command line to 'None'
[0.210s] Level 5:colcon.colcon_core.verb:set package 'pal_sea_arm' build argument 'cmake_target' from command line to 'None'
[0.210s] Level 5:colcon.colcon_core.verb:set package 'pal_sea_arm' build argument 'cmake_target_skip_unavailable' from command line to 'False'
[0.210s] Level 5:colcon.colcon_core.verb:set package 'pal_sea_arm' build argument 'cmake_clean_cache' from command line to 'False'
[0.210s] Level 5:colcon.colcon_core.verb:set package 'pal_sea_arm' build argument 'cmake_clean_first' from command line to 'False'
[0.210s] Level 5:colcon.colcon_core.verb:set package 'pal_sea_arm' build argument 'cmake_force_configure' from command line to 'False'
[0.210s] Level 5:colcon.colcon_core.verb:set package 'pal_sea_arm' build argument 'ament_cmake_args' from command line to 'None'
[0.210s] Level 5:colcon.colcon_core.verb:set package 'pal_sea_arm' build argument 'catkin_cmake_args' from command line to 'None'
[0.210s] Level 5:colcon.colcon_core.verb:set package 'pal_sea_arm' build argument 'catkin_skip_building_tests' from command line to 'False'
[0.210s] DEBUG:colcon.colcon_core.verb:Building package 'pal_sea_arm' with the following arguments: {'ament_cmake_args': None, 'build_base': '/home/user/exchange/workspace/build/pal_sea_arm', 'catkin_cmake_args': None, 'catkin_skip_building_tests': False, 'cmake_args': None, 'cmake_clean_cache': False, 'cmake_clean_first': False, 'cmake_force_configure': False, 'cmake_target': None, 'cmake_target_skip_unavailable': False, 'install_base': '/home/user/exchange/workspace/install/pal_sea_arm', 'merge_install': False, 'path': '/home/user/exchange/workspace/src/pal_sea_arm/pal_sea_arm', 'symlink_install': False, 'test_result_base': None}
[0.210s] Level 5:colcon.colcon_core.verb:set package 'tiago_pro_moveit_config' build argument 'cmake_args' from command line to 'None'
[0.210s] Level 5:colcon.colcon_core.verb:set package 'tiago_pro_moveit_config' build argument 'cmake_target' from command line to 'None'
[0.210s] Level 5:colcon.colcon_core.verb:set package 'tiago_pro_moveit_config' build argument 'cmake_target_skip_unavailable' from command line to 'False'
[0.210s] Level 5:colcon.colcon_core.verb:set package 'tiago_pro_moveit_config' build argument 'cmake_clean_cache' from command line to 'False'
[0.210s] Level 5:colcon.colcon_core.verb:set package 'tiago_pro_moveit_config' build argument 'cmake_clean_first' from command line to 'False'
[0.210s] Level 5:colcon.colcon_core.verb:set package 'tiago_pro_moveit_config' build argument 'cmake_force_configure' from command line to 'False'
[0.210s] Level 5:colcon.colcon_core.verb:set package 'tiago_pro_moveit_config' build argument 'ament_cmake_args' from command line to 'None'
[0.210s] Level 5:colcon.colcon_core.verb:set package 'tiago_pro_moveit_config' build argument 'catkin_cmake_args' from command line to 'None'
[0.210s] Level 5:colcon.colcon_core.verb:set package 'tiago_pro_moveit_config' build argument 'catkin_skip_building_tests' from command line to 'False'
[0.210s] DEBUG:colcon.colcon_core.verb:Building package 'tiago_pro_moveit_config' with the following arguments: {'ament_cmake_args': None, 'build_base': '/home/user/exchange/workspace/build/tiago_pro_moveit_config', 'catkin_cmake_args': None, 'catkin_skip_building_tests': False, 'cmake_args': None, 'cmake_clean_cache': False, 'cmake_clean_first': False, 'cmake_force_configure': False, 'cmake_target': None, 'cmake_target_skip_unavailable': False, 'install_base': '/home/user/exchange/workspace/install/tiago_pro_moveit_config', 'merge_install': False, 'path': '/home/user/exchange/workspace/src/tiago_pro_moveit_config', 'symlink_install': False, 'test_result_base': None}
[0.210s] Level 5:colcon.colcon_core.verb:set package 'tiago_pro_robot' build argument 'cmake_args' from command line to 'None'
[0.210s] Level 5:colcon.colcon_core.verb:set package 'tiago_pro_robot' build argument 'cmake_target' from command line to 'None'
[0.210s] Level 5:colcon.colcon_core.verb:set package 'tiago_pro_robot' build argument 'cmake_target_skip_unavailable' from command line to 'False'
[0.210s] Level 5:colcon.colcon_core.verb:set package 'tiago_pro_robot' build argument 'cmake_clean_cache' from command line to 'False'
[0.210s] Level 5:colcon.colcon_core.verb:set package 'tiago_pro_robot' build argument 'cmake_clean_first' from command line to 'False'
[0.210s] Level 5:colcon.colcon_core.verb:set package 'tiago_pro_robot' build argument 'cmake_force_configure' from command line to 'False'
[0.210s] Level 5:colcon.colcon_core.verb:set package 'tiago_pro_robot' build argument 'ament_cmake_args' from command line to 'None'
[0.210s] Level 5:colcon.colcon_core.verb:set package 'tiago_pro_robot' build argument 'catkin_cmake_args' from command line to 'None'
[0.210s] Level 5:colcon.colcon_core.verb:set package 'tiago_pro_robot' build argument 'catkin_skip_building_tests' from command line to 'False'
[0.210s] DEBUG:colcon.colcon_core.verb:Building package 'tiago_pro_robot' with the following arguments: {'ament_cmake_args': None, 'build_base': '/home/user/exchange/workspace/build/tiago_pro_robot', 'catkin_cmake_args': None, 'catkin_skip_building_tests': False, 'cmake_args': None, 'cmake_clean_cache': False, 'cmake_clean_first': False, 'cmake_force_configure': False, 'cmake_target': None, 'cmake_target_skip_unavailable': False, 'install_base': '/home/user/exchange/workspace/install/tiago_pro_robot', 'merge_install': False, 'path': '/home/user/exchange/workspace/src/tiago_pro_robot/tiago_pro_robot', 'symlink_install': False, 'test_result_base': None}
[0.211s] Level 5:colcon.colcon_core.verb:set package 'tiago_pro_gazebo' build argument 'cmake_args' from command line to 'None'
[0.211s] Level 5:colcon.colcon_core.verb:set package 'tiago_pro_gazebo' build argument 'cmake_target' from command line to 'None'
[0.211s] Level 5:colcon.colcon_core.verb:set package 'tiago_pro_gazebo' build argument 'cmake_target_skip_unavailable' from command line to 'False'
[0.211s] Level 5:colcon.colcon_core.verb:set package 'tiago_pro_gazebo' build argument 'cmake_clean_cache' from command line to 'False'
[0.211s] Level 5:colcon.colcon_core.verb:set package 'tiago_pro_gazebo' build argument 'cmake_clean_first' from command line to 'False'
[0.211s] Level 5:colcon.colcon_core.verb:set package 'tiago_pro_gazebo' build argument 'cmake_force_configure' from command line to 'False'
[0.211s] Level 5:colcon.colcon_core.verb:set package 'tiago_pro_gazebo' build argument 'ament_cmake_args' from command line to 'None'
[0.211s] Level 5:colcon.colcon_core.verb:set package 'tiago_pro_gazebo' build argument 'catkin_cmake_args' from command line to 'None'
[0.211s] Level 5:colcon.colcon_core.verb:set package 'tiago_pro_gazebo' build argument 'catkin_skip_building_tests' from command line to 'False'
[0.211s] DEBUG:colcon.colcon_core.verb:Building package 'tiago_pro_gazebo' with the following arguments: {'ament_cmake_args': None, 'build_base': '/home/user/exchange/workspace/build/tiago_pro_gazebo', 'catkin_cmake_args': None, 'catkin_skip_building_tests': False, 'cmake_args': None, 'cmake_clean_cache': False, 'cmake_clean_first': False, 'cmake_force_configure': False, 'cmake_target': None, 'cmake_target_skip_unavailable': False, 'install_base': '/home/user/exchange/workspace/install/tiago_pro_gazebo', 'merge_install': False, 'path': '/home/user/exchange/workspace/src/tiago_pro_simulation/tiago_pro_gazebo', 'symlink_install': False, 'test_result_base': None}
[0.211s] Level 5:colcon.colcon_core.verb:set package 'tiago_pro_mujoco' build argument 'cmake_args' from command line to 'None'
[0.211s] Level 5:colcon.colcon_core.verb:set package 'tiago_pro_mujoco' build argument 'cmake_target' from command line to 'None'
[0.211s] Level 5:colcon.colcon_core.verb:set package 'tiago_pro_mujoco' build argument 'cmake_target_skip_unavailable' from command line to 'False'
[0.211s] Level 5:colcon.colcon_core.verb:set package 'tiago_pro_mujoco' build argument 'cmake_clean_cache' from command line to 'False'
[0.211s] Level 5:colcon.colcon_core.verb:set package 'tiago_pro_mujoco' build argument 'cmake_clean_first' from command line to 'False'
[0.211s] Level 5:colcon.colcon_core.verb:set package 'tiago_pro_mujoco' build argument 'cmake_force_configure' from command line to 'False'
[0.211s] Level 5:colcon.colcon_core.verb:set package 'tiago_pro_mujoco' build argument 'ament_cmake_args' from command line to 'None'
[0.211s] Level 5:colcon.colcon_core.verb:set package 'tiago_pro_mujoco' build argument 'catkin_cmake_args' from command line to 'None'
[0.211s] Level 5:colcon.colcon_core.verb:set package 'tiago_pro_mujoco' build argument 'catkin_skip_building_tests' from command line to 'False'
[0.211s] DEBUG:colcon.colcon_core.verb:Building package 'tiago_pro_mujoco' with the following arguments: {'ament_cmake_args': None, 'build_base': '/home/user/exchange/workspace/build/tiago_pro_mujoco', 'catkin_cmake_args': None, 'catkin_skip_building_tests': False, 'cmake_args': None, 'cmake_clean_cache': False, 'cmake_clean_first': False, 'cmake_force_configure': False, 'cmake_target': None, 'cmake_target_skip_unavailable': False, 'install_base': '/home/user/exchange/workspace/install/tiago_pro_mujoco', 'merge_install': False, 'path': '/home/user/exchange/workspace/src/tiago_pro_simulation/tiago_pro_mujoco', 'symlink_install': False, 'test_result_base': None}
[0.211s] Level 5:colcon.colcon_core.verb:set package 'tiago_pro_simulation' build argument 'cmake_args' from command line to 'None'
[0.211s] Level 5:colcon.colcon_core.verb:set package 'tiago_pro_simulation' build argument 'cmake_target' from command line to 'None'
[0.211s] Level 5:colcon.colcon_core.verb:set package 'tiago_pro_simulation' build argument 'cmake_target_skip_unavailable' from command line to 'False'
[0.211s] Level 5:colcon.colcon_core.verb:set package 'tiago_pro_simulation' build argument 'cmake_clean_cache' from command line to 'False'
[0.211s] Level 5:colcon.colcon_core.verb:set package 'tiago_pro_simulation' build argument 'cmake_clean_first' from command line to 'False'
[0.211s] Level 5:colcon.colcon_core.verb:set package 'tiago_pro_simulation' build argument 'cmake_force_configure' from command line to 'False'
[0.211s] Level 5:colcon.colcon_core.verb:set package 'tiago_pro_simulation' build argument 'ament_cmake_args' from command line to 'None'
[0.211s] Level 5:colcon.colcon_core.verb:set package 'tiago_pro_simulation' build argument 'catkin_cmake_args' from command line to 'None'
[0.211s] Level 5:colcon.colcon_core.verb:set package 'tiago_pro_simulation' build argument 'catkin_skip_building_tests' from command line to 'False'
[0.211s] DEBUG:colcon.colcon_core.verb:Building package 'tiago_pro_simulation' with the following arguments: {'ament_cmake_args': None, 'build_base': '/home/user/exchange/workspace/build/tiago_pro_simulation', 'catkin_cmake_args': None, 'catkin_skip_building_tests': False, 'cmake_args': None, 'cmake_clean_cache': False, 'cmake_clean_first': False, 'cmake_force_configure': False, 'cmake_target': None, 'cmake_target_skip_unavailable': False, 'install_base': '/home/user/exchange/workspace/install/tiago_pro_simulation', 'merge_install': False, 'path': '/home/user/exchange/workspace/src/tiago_pro_simulation/tiago_pro_simulation', 'symlink_install': False, 'test_result_base': None}
[0.211s] Level 5:colcon.colcon_core.verb:set package 'pick_task' build argument 'cmake_args' from command line to 'None'
[0.211s] Level 5:colcon.colcon_core.verb:set package 'pick_task' build argument 'cmake_target' from command line to 'None'
[0.212s] Level 5:colcon.colcon_core.verb:set package 'pick_task' build argument 'cmake_target_skip_unavailable' from command line to 'False'
[0.212s] Level 5:colcon.colcon_core.verb:set package 'pick_task' build argument 'cmake_clean_cache' from command line to 'False'
[0.212s] Level 5:colcon.colcon_core.verb:set package 'pick_task' build argument 'cmake_clean_first' from command line to 'False'
[0.212s] Level 5:colcon.colcon_core.verb:set package 'pick_task' build argument 'cmake_force_configure' from command line to 'False'
[0.212s] Level 5:colcon.colcon_core.verb:set package 'pick_task' build argument 'ament_cmake_args' from command line to 'None'
[0.212s] Level 5:colcon.colcon_core.verb:set package 'pick_task' build argument 'catkin_cmake_args' from command line to 'None'
[0.212s] Level 5:colcon.colcon_core.verb:set package 'pick_task' build argument 'catkin_skip_building_tests' from command line to 'False'
[0.212s] DEBUG:colcon.colcon_core.verb:Building package 'pick_task' with the following arguments: {'ament_cmake_args': None, 'build_base': '/home/user/exchange/workspace/build/pick_task', 'catkin_cmake_args': None, 'catkin_skip_building_tests': False, 'cmake_args': None, 'cmake_clean_cache': False, 'cmake_clean_first': False, 'cmake_force_configure': False, 'cmake_target': None, 'cmake_target_skip_unavailable': False, 'install_base': '/home/user/exchange/workspace/install/pick_task', 'merge_install': False, 'path': '/home/user/exchange/workspace/src/pick_task', 'symlink_install': False, 'test_result_base': None}
[0.212s] Level 5:colcon.colcon_core.verb:set package 'tiago_manipulation_tasks' build argument 'cmake_args' from command line to 'None'
[0.212s] Level 5:colcon.colcon_core.verb:set package 'tiago_manipulation_tasks' build argument 'cmake_target' from command line to 'None'
[0.212s] Level 5:colcon.colcon_core.verb:set package 'tiago_manipulation_tasks' build argument 'cmake_target_skip_unavailable' from command line to 'False'
[0.212s] Level 5:colcon.colcon_core.verb:set package 'tiago_manipulation_tasks' build argument 'cmake_clean_cache' from command line to 'False'
[0.212s] Level 5:colcon.colcon_core.verb:set package 'tiago_manipulation_tasks' build argument 'cmake_clean_first' from command line to 'False'
[0.212s] Level 5:colcon.colcon_core.verb:set package 'tiago_manipulation_tasks' build argument 'cmake_force_configure' from command line to 'False'
[0.212s] Level 5:colcon.colcon_core.verb:set package 'tiago_manipulation_tasks' build argument 'ament_cmake_args' from command line to 'None'
[0.212s] Level 5:colcon.colcon_core.verb:set package 'tiago_manipulation_tasks' build argument 'catkin_cmake_args' from command line to 'None'
[0.212s] Level 5:colcon.colcon_core.verb:set package 'tiago_manipulation_tasks' build argument 'catkin_skip_building_tests' from command line to 'False'
[0.212s] DEBUG:colcon.colcon_core.verb:Building package 'tiago_manipulation_tasks' with the following arguments: {'ament_cmake_args': None, 'build_base': '/home/user/exchange/workspace/build/tiago_manipulation_tasks', 'catkin_cmake_args': None, 'catkin_skip_building_tests': False, 'cmake_args': None, 'cmake_clean_cache': False, 'cmake_clean_first': False, 'cmake_force_configure': False, 'cmake_target': None, 'cmake_target_skip_unavailable': False, 'install_base': '/home/user/exchange/workspace/install/tiago_manipulation_tasks', 'merge_install': False, 'path': '/home/user/exchange/workspace/src/tiago_manipulation_tasks', 'symlink_install': False, 'test_result_base': None}
[0.212s] INFO:colcon.colcon_core.executor:Executing jobs using 'parallel' executor
[0.213s] DEBUG:colcon.colcon_parallel_executor.executor.parallel:run_until_complete
[0.213s] INFO:colcon.colcon_ros.task.ament_python.build:Building ROS package in '/home/user/exchange/workspace/src/pal_pro_gripper/pal_pro_gripper_wrapper' with build type 'ament_python'
[0.213s] Level 1:colcon.colcon_core.shell:create_environment_hook('pal_pro_gripper_wrapper', 'ament_prefix_path')
[0.215s] INFO:colcon.colcon_core.plugin_system:Skipping extension 'colcon_core.shell.bat': Not used on non-Windows systems
[0.215s] INFO:colcon.colcon_core.shell:Creating environment hook '/home/user/exchange/workspace/install/pal_pro_gripper_wrapper/share/pal_pro_gripper_wrapper/hook/ament_prefix_path.ps1'
[0.215s] INFO:colcon.colcon_core.shell:Creating environment descriptor '/home/user/exchange/workspace/install/pal_pro_gripper_wrapper/share/pal_pro_gripper_wrapper/hook/ament_prefix_path.dsv'
[0.216s] INFO:colcon.colcon_core.shell:Creating environment hook '/home/user/exchange/workspace/install/pal_pro_gripper_wrapper/share/pal_pro_gripper_wrapper/hook/ament_prefix_path.sh'
[0.216s] INFO:colcon.colcon_core.shell:Skip shell extension 'powershell' for command environment: Not usable outside of PowerShell
[0.216s] DEBUG:colcon.colcon_core.shell:Skip shell extension 'dsv' for command environment
[0.220s] INFO:colcon.colcon_ros.task.ament_cmake.build:Building ROS package in '/home/user/exchange/workspace/src/pal_pro_gripper/pal_pro_gripper_description' with build type 'ament_cmake'
[0.220s] INFO:colcon.colcon_cmake.task.cmake.build:Building CMake package in '/home/user/exchange/workspace/src/pal_pro_gripper/pal_pro_gripper_description'
[0.220s] INFO:colcon.colcon_core.shell:Skip shell extension 'powershell' for command environment: Not usable outside of PowerShell
[0.220s] DEBUG:colcon.colcon_core.shell:Skip shell extension 'dsv' for command environment
[0.223s] INFO:colcon.colcon_ros.task.ament_cmake.build:Building ROS package in '/home/user/exchange/workspace/src/tiago_pro_navigation/tiago_pro_laser_sensors' with build type 'ament_cmake'
[0.223s] INFO:colcon.colcon_cmake.task.cmake.build:Building CMake package in '/home/user/exchange/workspace/src/tiago_pro_navigation/tiago_pro_laser_sensors'
[0.223s] INFO:colcon.colcon_core.shell:Skip shell extension 'powershell' for command environment: Not usable outside of PowerShell
[0.223s] DEBUG:colcon.colcon_core.shell:Skip shell extension 'dsv' for command environment
[0.226s] INFO:colcon.colcon_ros.task.ament_cmake.build:Building ROS package in '/home/user/exchange/workspace/src/pal_gazebo_worlds' with build type 'ament_cmake'
[0.226s] INFO:colcon.colcon_cmake.task.cmake.build:Building CMake package in '/home/user/exchange/workspace/src/pal_gazebo_worlds'
[0.226s] INFO:colcon.colcon_core.shell:Skip shell extension 'powershell' for command environment: Not usable outside of PowerShell
[0.227s] DEBUG:colcon.colcon_core.shell:Skip shell extension 'dsv' for command environment
[0.229s] INFO:colcon.colcon_ros.task.ament_cmake.build:Building ROS package in '/home/user/exchange/workspace/src/tiago_pro_navigation/tiago_pro_2dnav' with build type 'ament_cmake'
[0.229s] INFO:colcon.colcon_cmake.task.cmake.build:Building CMake package in '/home/user/exchange/workspace/src/tiago_pro_navigation/tiago_pro_2dnav'
[0.229s] INFO:colcon.colcon_core.shell:Skip shell extension 'powershell' for command environment: Not usable outside of PowerShell
[0.229s] DEBUG:colcon.colcon_core.shell:Skip shell extension 'dsv' for command environment
[0.232s] INFO:colcon.colcon_ros.task.ament_cmake.build:Building ROS package in '/home/user/exchange/workspace/src/tiago_pro_navigation/tiago_pro_rgbd_sensors' with build type 'ament_cmake'
[0.232s] INFO:colcon.colcon_cmake.task.cmake.build:Building CMake package in '/home/user/exchange/workspace/src/tiago_pro_navigation/tiago_pro_rgbd_sensors'
[0.232s] INFO:colcon.colcon_core.shell:Skip shell extension 'powershell' for command environment: Not usable outside of PowerShell
[0.232s] DEBUG:colcon.colcon_core.shell:Skip shell extension 'dsv' for command environment
[0.235s] INFO:colcon.colcon_ros.task.ament_cmake.build:Building ROS package in '/home/user/exchange/workspace/src/IFRA_LinkAttacher/linkattacher_msgs' with build type 'ament_cmake'
[0.235s] INFO:colcon.colcon_cmake.task.cmake.build:Building CMake package in '/home/user/exchange/workspace/src/IFRA_LinkAttacher/linkattacher_msgs'
[0.235s] INFO:colcon.colcon_core.shell:Skip shell extension 'powershell' for command environment: Not usable outside of PowerShell
[0.235s] DEBUG:colcon.colcon_core.shell:Skip shell extension 'dsv' for command environment
[0.378s] INFO:colcon.colcon_core.task.python.build:Building Python package in '/home/user/exchange/workspace/src/pal_pro_gripper/pal_pro_gripper_wrapper'
[0.378s] INFO:colcon.colcon_core.shell:Skip shell extension 'powershell' for command environment: Not usable outside of PowerShell
[0.378s] DEBUG:colcon.colcon_core.shell:Skip shell extension 'dsv' for command environment
[0.382s] DEBUG:colcon.colcon_core.event_handler.log_command:Invoking command in '/home/user/exchange/workspace/build/pal_pro_gripper_description': CMAKE_PREFIX_PATH=${CMAKE_PREFIX_PATH}:/home/user/exchange/workspace/install/pick_task:/home/user/exchange/workspace/install/pal_pro_gripper_wrapper:/opt/ros/humble /usr/bin/cmake --build /home/user/exchange/workspace/build/pal_pro_gripper_description -- -j12 -l12
[0.384s] DEBUG:colcon.colcon_core.event_handler.log_command:Invoking command in '/home/user/exchange/workspace/build/tiago_pro_laser_sensors': CMAKE_PREFIX_PATH=${CMAKE_PREFIX_PATH}:/home/user/exchange/workspace/install/pick_task:/home/user/exchange/workspace/install/pal_pro_gripper_wrapper:/opt/ros/humble /usr/bin/cmake --build /home/user/exchange/workspace/build/tiago_pro_laser_sensors -- -j12 -l12
[0.386s] DEBUG:colcon.colcon_core.event_handler.log_command:Invoking command in '/home/user/exchange/workspace/build/pal_gazebo_worlds': CMAKE_PREFIX_PATH=${CMAKE_PREFIX_PATH}:/home/user/exchange/workspace/install/pick_task:/home/user/exchange/workspace/install/pal_pro_gripper_wrapper:/opt/ros/humble /usr/bin/cmake --build /home/user/exchange/workspace/build/pal_gazebo_worlds -- -j12 -l12
[0.387s] DEBUG:colcon.colcon_core.event_handler.log_command:Invoking command in '/home/user/exchange/workspace/build/tiago_pro_2dnav': CMAKE_PREFIX_PATH=${CMAKE_PREFIX_PATH}:/home/user/exchange/workspace/install/pick_task:/home/user/exchange/workspace/install/pal_pro_gripper_wrapper:/opt/ros/humble /usr/bin/cmake --build /home/user/exchange/workspace/build/tiago_pro_2dnav -- -j12 -l12
[0.390s] DEBUG:colcon.colcon_core.event_handler.log_command:Invoking command in '/home/user/exchange/workspace/build/tiago_pro_rgbd_sensors': CMAKE_PREFIX_PATH=${CMAKE_PREFIX_PATH}:/home/user/exchange/workspace/install/pick_task:/home/user/exchange/workspace/install/pal_pro_gripper_wrapper:/opt/ros/humble /usr/bin/cmake --build /home/user/exchange/workspace/build/tiago_pro_rgbd_sensors -- -j12 -l12
[0.392s] DEBUG:colcon.colcon_core.event_handler.log_command:Invoking command in '/home/user/exchange/workspace/build/linkattacher_msgs': CMAKE_PREFIX_PATH=${CMAKE_PREFIX_PATH}:/home/user/exchange/workspace/install/pick_task:/home/user/exchange/workspace/install/pal_pro_gripper_wrapper:/opt/ros/humble /usr/bin/cmake --build /home/user/exchange/workspace/build/linkattacher_msgs -- -j12 -l12
[0.406s] DEBUG:colcon.colcon_core.event_handler.log_command:Invoked command in '/home/user/exchange/workspace/build/tiago_pro_laser_sensors' returned '0': CMAKE_PREFIX_PATH=${CMAKE_PREFIX_PATH}:/home/user/exchange/workspace/install/pick_task:/home/user/exchange/workspace/install/pal_pro_gripper_wrapper:/opt/ros/humble /usr/bin/cmake --build /home/user/exchange/workspace/build/tiago_pro_laser_sensors -- -j12 -l12
[0.413s] DEBUG:colcon.colcon_core.event_handler.log_command:Invoking command in '/home/user/exchange/workspace/build/tiago_pro_laser_sensors': CMAKE_PREFIX_PATH=${CMAKE_PREFIX_PATH}:/home/user/exchange/workspace/install/pick_task:/home/user/exchange/workspace/install/pal_pro_gripper_wrapper:/opt/ros/humble /usr/bin/cmake --install /home/user/exchange/workspace/build/tiago_pro_laser_sensors
[0.415s] DEBUG:colcon.colcon_core.event_handler.log_command:Invoked command in '/home/user/exchange/workspace/build/pal_gazebo_worlds' returned '0': CMAKE_PREFIX_PATH=${CMAKE_PREFIX_PATH}:/home/user/exchange/workspace/install/pick_task:/home/user/exchange/workspace/install/pal_pro_gripper_wrapper:/opt/ros/humble /usr/bin/cmake --build /home/user/exchange/workspace/build/pal_gazebo_worlds -- -j12 -l12
[0.416s] DEBUG:colcon.colcon_core.event_handler.log_command:Invoking command in '/home/user/exchange/workspace/build/pal_gazebo_worlds': CMAKE_PREFIX_PATH=${CMAKE_PREFIX_PATH}:/home/user/exchange/workspace/install/pick_task:/home/user/exchange/workspace/install/pal_pro_gripper_wrapper:/opt/ros/humble /usr/bin/cmake --install /home/user/exchange/workspace/build/pal_gazebo_worlds
[0.416s] DEBUG:colcon.colcon_core.event_handler.log_command:Invoked command in '/home/user/exchange/workspace/build/tiago_pro_2dnav' returned '0': CMAKE_PREFIX_PATH=${CMAKE_PREFIX_PATH}:/home/user/exchange/workspace/install/pick_task:/home/user/exchange/workspace/install/pal_pro_gripper_wrapper:/opt/ros/humble /usr/bin/cmake --build /home/user/exchange/workspace/build/tiago_pro_2dnav -- -j12 -l12
[0.417s] DEBUG:colcon.colcon_core.event_handler.log_command:Invoking command in '/home/user/exchange/workspace/build/tiago_pro_2dnav': CMAKE_PREFIX_PATH=${CMAKE_PREFIX_PATH}:/home/user/exchange/workspace/install/pick_task:/home/user/exchange/workspace/install/pal_pro_gripper_wrapper:/opt/ros/humble /usr/bin/cmake --install /home/user/exchange/workspace/build/tiago_pro_2dnav
[0.418s] DEBUG:colcon.colcon_core.event_handler.log_command:Invoked command in '/home/user/exchange/workspace/build/tiago_pro_rgbd_sensors' returned '0': CMAKE_PREFIX_PATH=${CMAKE_PREFIX_PATH}:/home/user/exchange/workspace/install/pick_task:/home/user/exchange/workspace/install/pal_pro_gripper_wrapper:/opt/ros/humble /usr/bin/cmake --build /home/user/exchange/workspace/build/tiago_pro_rgbd_sensors -- -j12 -l12
[0.420s] DEBUG:colcon.colcon_core.event_handler.log_command:Invoking command in '/home/user/exchange/workspace/build/tiago_pro_rgbd_sensors': CMAKE_PREFIX_PATH=${CMAKE_PREFIX_PATH}:/home/user/exchange/workspace/install/pick_task:/home/user/exchange/workspace/install/pal_pro_gripper_wrapper:/opt/ros/humble /usr/bin/cmake --install /home/user/exchange/workspace/build/tiago_pro_rgbd_sensors
[0.421s] Level 1:colcon.colcon_core.environment:create_environment_scripts_only(tiago_pro_laser_sensors)
[0.423s] DEBUG:colcon.colcon_core.event_handler.log_command:Invoked command in '/home/user/exchange/workspace/build/tiago_pro_laser_sensors' returned '0': CMAKE_PREFIX_PATH=${CMAKE_PREFIX_PATH}:/home/user/exchange/workspace/install/pick_task:/home/user/exchange/workspace/install/pal_pro_gripper_wrapper:/opt/ros/humble /usr/bin/cmake --install /home/user/exchange/workspace/build/tiago_pro_laser_sensors
[0.432s] Level 1:colcon.colcon_core.environment:checking '/home/user/exchange/workspace/install/tiago_pro_laser_sensors' for CMake module files
[0.432s] Level 1:colcon.colcon_core.environment:checking '/home/user/exchange/workspace/install/tiago_pro_laser_sensors' for CMake config files
[0.433s] Level 1:colcon.colcon_core.shell:create_environment_hook('tiago_pro_laser_sensors', 'cmake_prefix_path')
[0.433s] INFO:colcon.colcon_core.shell:Creating environment hook '/home/user/exchange/workspace/install/tiago_pro_laser_sensors/share/tiago_pro_laser_sensors/hook/cmake_prefix_path.ps1'
[0.433s] INFO:colcon.colcon_core.shell:Creating environment descriptor '/home/user/exchange/workspace/install/tiago_pro_laser_sensors/share/tiago_pro_laser_sensors/hook/cmake_prefix_path.dsv'
[0.436s] INFO:colcon.colcon_core.shell:Creating environment hook '/home/user/exchange/workspace/install/tiago_pro_laser_sensors/share/tiago_pro_laser_sensors/hook/cmake_prefix_path.sh'
[0.438s] Level 1:colcon.colcon_core.environment:checking '/home/user/exchange/workspace/install/tiago_pro_laser_sensors/bin'
[0.438s] Level 1:colcon.colcon_core.environment:checking '/home/user/exchange/workspace/install/tiago_pro_laser_sensors/lib/pkgconfig/tiago_pro_laser_sensors.pc'
[0.438s] Level 1:colcon.colcon_core.environment:checking '/home/user/exchange/workspace/install/tiago_pro_laser_sensors/lib/python3.10/site-packages'
[0.439s] Level 1:colcon.colcon_core.environment:checking '/home/user/exchange/workspace/install/tiago_pro_laser_sensors/bin'
[0.439s] INFO:colcon.colcon_core.shell:Creating package script '/home/user/exchange/workspace/install/tiago_pro_laser_sensors/share/tiago_pro_laser_sensors/package.ps1'
[0.440s] INFO:colcon.colcon_core.shell:Creating package descriptor '/home/user/exchange/workspace/install/tiago_pro_laser_sensors/share/tiago_pro_laser_sensors/package.dsv'
[0.443s] INFO:colcon.colcon_core.shell:Creating package script '/home/user/exchange/workspace/install/tiago_pro_laser_sensors/share/tiago_pro_laser_sensors/package.sh'
[0.444s] INFO:colcon.colcon_core.shell:Creating package script '/home/user/exchange/workspace/install/tiago_pro_laser_sensors/share/tiago_pro_laser_sensors/package.bash'
[0.445s] INFO:colcon.colcon_core.shell:Creating package script '/home/user/exchange/workspace/install/tiago_pro_laser_sensors/share/tiago_pro_laser_sensors/package.zsh'
[0.446s] Level 1:colcon.colcon_core.environment:create_file_with_runtime_dependencies(/home/user/exchange/workspace/install/tiago_pro_laser_sensors/share/colcon-core/packages/tiago_pro_laser_sensors)
[0.447s] Level 1:colcon.colcon_core.environment:create_environment_scripts_only(tiago_pro_laser_sensors)
[0.447s] Level 1:colcon.colcon_core.environment:checking '/home/user/exchange/workspace/install/tiago_pro_laser_sensors' for CMake module files
[0.447s] Level 1:colcon.colcon_core.environment:checking '/home/user/exchange/workspace/install/tiago_pro_laser_sensors' for CMake config files
[0.448s] Level 1:colcon.colcon_core.shell:create_environment_hook('tiago_pro_laser_sensors', 'cmake_prefix_path')
[0.448s] INFO:colcon.colcon_core.shell:Creating environment hook '/home/user/exchange/workspace/install/tiago_pro_laser_sensors/share/tiago_pro_laser_sensors/hook/cmake_prefix_path.ps1'
[0.448s] INFO:colcon.colcon_core.shell:Creating environment descriptor '/home/user/exchange/workspace/install/tiago_pro_laser_sensors/share/tiago_pro_laser_sensors/hook/cmake_prefix_path.dsv'
[0.449s] INFO:colcon.colcon_core.shell:Creating environment hook '/home/user/exchange/workspace/install/tiago_pro_laser_sensors/share/tiago_pro_laser_sensors/hook/cmake_prefix_path.sh'
[0.450s] Level 1:colcon.colcon_core.environment:checking '/home/user/exchange/workspace/install/tiago_pro_laser_sensors/bin'
[0.450s] Level 1:colcon.colcon_core.environment:checking '/home/user/exchange/workspace/install/tiago_pro_laser_sensors/lib/pkgconfig/tiago_pro_laser_sensors.pc'
[0.450s] Level 1:colcon.colcon_core.environment:checking '/home/user/exchange/workspace/install/tiago_pro_laser_sensors/lib/python3.10/site-packages'
[0.450s] Level 1:colcon.colcon_core.environment:checking '/home/user/exchange/workspace/install/tiago_pro_laser_sensors/bin'
[0.451s] INFO:colcon.colcon_core.shell:Creating package script '/home/user/exchange/workspace/install/tiago_pro_laser_sensors/share/tiago_pro_laser_sensors/package.ps1'
[0.451s] INFO:colcon.colcon_core.shell:Creating package descriptor '/home/user/exchange/workspace/install/tiago_pro_laser_sensors/share/tiago_pro_laser_sensors/package.dsv'
[0.452s] INFO:colcon.colcon_core.shell:Creating package script '/home/user/exchange/workspace/install/tiago_pro_laser_sensors/share/tiago_pro_laser_sensors/package.sh'
[0.452s] INFO:colcon.colcon_core.shell:Creating package script '/home/user/exchange/workspace/install/tiago_pro_laser_sensors/share/tiago_pro_laser_sensors/package.bash'
[0.453s] INFO:colcon.colcon_core.shell:Creating package script '/home/user/exchange/workspace/install/tiago_pro_laser_sensors/share/tiago_pro_laser_sensors/package.zsh'
[0.453s] Level 1:colcon.colcon_core.environment:create_file_with_runtime_dependencies(/home/user/exchange/workspace/install/tiago_pro_laser_sensors/share/colcon-core/packages/tiago_pro_laser_sensors)
[0.454s] Level 1:colcon.colcon_core.environment:create_environment_scripts_only(tiago_pro_2dnav)
[0.454s] Level 1:colcon.colcon_core.environment:checking '/home/user/exchange/workspace/install/tiago_pro_2dnav' for CMake module files
[0.455s] Level 1:colcon.colcon_core.environment:checking '/home/user/exchange/workspace/install/tiago_pro_2dnav' for CMake config files
[0.456s] Level 1:colcon.colcon_core.shell:create_environment_hook('tiago_pro_2dnav', 'cmake_prefix_path')
[0.456s] INFO:colcon.colcon_core.shell:Creating environment hook '/home/user/exchange/workspace/install/tiago_pro_2dnav/share/tiago_pro_2dnav/hook/cmake_prefix_path.ps1'
[0.457s] INFO:colcon.colcon_core.shell:Creating environment descriptor '/home/user/exchange/workspace/install/tiago_pro_2dnav/share/tiago_pro_2dnav/hook/cmake_prefix_path.dsv'
[0.457s] INFO:colcon.colcon_core.shell:Creating environment hook '/home/user/exchange/workspace/install/tiago_pro_2dnav/share/tiago_pro_2dnav/hook/cmake_prefix_path.sh'
[0.458s] Level 1:colcon.colcon_core.environment:checking '/home/user/exchange/workspace/install/tiago_pro_2dnav/bin'
[0.458s] Level 1:colcon.colcon_core.environment:checking '/home/user/exchange/workspace/install/tiago_pro_2dnav/lib/pkgconfig/tiago_pro_2dnav.pc'
[0.458s] Level 1:colcon.colcon_core.environment:checking '/home/user/exchange/workspace/install/tiago_pro_2dnav/lib/python3.10/site-packages'
[0.458s] Level 1:colcon.colcon_core.environment:checking '/home/user/exchange/workspace/install/tiago_pro_2dnav/bin'
[0.459s] INFO:colcon.colcon_core.shell:Creating package script '/home/user/exchange/workspace/install/tiago_pro_2dnav/share/tiago_pro_2dnav/package.ps1'
[0.459s] INFO:colcon.colcon_core.shell:Creating package descriptor '/home/user/exchange/workspace/install/tiago_pro_2dnav/share/tiago_pro_2dnav/package.dsv'
[0.460s] INFO:colcon.colcon_core.shell:Creating package script '/home/user/exchange/workspace/install/tiago_pro_2dnav/share/tiago_pro_2dnav/package.sh'
[0.460s] INFO:colcon.colcon_core.shell:Creating package script '/home/user/exchange/workspace/install/tiago_pro_2dnav/share/tiago_pro_2dnav/package.bash'
[0.460s] INFO:colcon.colcon_core.shell:Creating package script '/home/user/exchange/workspace/install/tiago_pro_2dnav/share/tiago_pro_2dnav/package.zsh'
[0.461s] Level 1:colcon.colcon_core.environment:create_file_with_runtime_dependencies(/home/user/exchange/workspace/install/tiago_pro_2dnav/share/colcon-core/packages/tiago_pro_2dnav)
[0.462s] Level 1:colcon.colcon_core.environment:create_environment_scripts_only(tiago_pro_2dnav)
[0.462s] Level 1:colcon.colcon_core.environment:checking '/home/user/exchange/workspace/install/tiago_pro_2dnav' for CMake module files
[0.462s] Level 1:colcon.colcon_core.environment:checking '/home/user/exchange/workspace/install/tiago_pro_2dnav' for CMake config files
[0.463s] Level 1:colcon.colcon_core.shell:create_environment_hook('tiago_pro_2dnav', 'cmake_prefix_path')
[0.463s] INFO:colcon.colcon_core.shell:Creating environment hook '/home/user/exchange/workspace/install/tiago_pro_2dnav/share/tiago_pro_2dnav/hook/cmake_prefix_path.ps1'
[0.464s] INFO:colcon.colcon_core.shell:Creating environment descriptor '/home/user/exchange/workspace/install/tiago_pro_2dnav/share/tiago_pro_2dnav/hook/cmake_prefix_path.dsv'
[0.464s] INFO:colcon.colcon_core.shell:Creating environment hook '/home/user/exchange/workspace/install/tiago_pro_2dnav/share/tiago_pro_2dnav/hook/cmake_prefix_path.sh'
[0.465s] Level 1:colcon.colcon_core.environment:checking '/home/user/exchange/workspace/install/tiago_pro_2dnav/bin'
[0.465s] Level 1:colcon.colcon_core.environment:checking '/home/user/exchange/workspace/install/tiago_pro_2dnav/lib/pkgconfig/tiago_pro_2dnav.pc'
[0.465s] Level 1:colcon.colcon_core.environment:checking '/home/user/exchange/workspace/install/tiago_pro_2dnav/lib/python3.10/site-packages'
[0.465s] Level 1:colcon.colcon_core.environment:checking '/home/user/exchange/workspace/install/tiago_pro_2dnav/bin'
[0.466s] INFO:colcon.colcon_core.shell:Creating package script '/home/user/exchange/workspace/install/tiago_pro_2dnav/share/tiago_pro_2dnav/package.ps1'
[0.466s] INFO:colcon.colcon_core.shell:Creating package descriptor '/home/user/exchange/workspace/install/tiago_pro_2dnav/share/tiago_pro_2dnav/package.dsv'
[0.467s] INFO:colcon.colcon_core.shell:Creating package script '/home/user/exchange/workspace/install/tiago_pro_2dnav/share/tiago_pro_2dnav/package.sh'
[0.467s] INFO:colcon.colcon_core.shell:Creating package script '/home/user/exchange/workspace/install/tiago_pro_2dnav/share/tiago_pro_2dnav/package.bash'
[0.467s] INFO:colcon.colcon_core.shell:Creating package script '/home/user/exchange/workspace/install/tiago_pro_2dnav/share/tiago_pro_2dnav/package.zsh'
[0.468s] Level 1:colcon.colcon_core.environment:create_file_with_runtime_dependencies(/home/user/exchange/workspace/install/tiago_pro_2dnav/share/colcon-core/packages/tiago_pro_2dnav)
[0.468s] Level 1:colcon.colcon_core.environment:create_environment_scripts_only(tiago_pro_rgbd_sensors)
[0.468s] Level 1:colcon.colcon_core.environment:checking '/home/user/exchange/workspace/install/tiago_pro_rgbd_sensors' for CMake module files
[0.469s] Level 1:colcon.colcon_core.environment:checking '/home/user/exchange/workspace/install/tiago_pro_rgbd_sensors' for CMake config files
[0.470s] Level 1:colcon.colcon_core.shell:create_environment_hook('tiago_pro_rgbd_sensors', 'cmake_prefix_path')
[0.470s] INFO:colcon.colcon_core.shell:Creating environment hook '/home/user/exchange/workspace/install/tiago_pro_rgbd_sensors/share/tiago_pro_rgbd_sensors/hook/cmake_prefix_path.ps1'
[0.471s] INFO:colcon.colcon_core.shell:Creating environment descriptor '/home/user/exchange/workspace/install/tiago_pro_rgbd_sensors/share/tiago_pro_rgbd_sensors/hook/cmake_prefix_path.dsv'
[0.471s] INFO:colcon.colcon_core.shell:Creating environment hook '/home/user/exchange/workspace/install/tiago_pro_rgbd_sensors/share/tiago_pro_rgbd_sensors/hook/cmake_prefix_path.sh'
[0.472s] Level 1:colcon.colcon_core.environment:checking '/home/user/exchange/workspace/install/tiago_pro_rgbd_sensors/bin'
[0.472s] Level 1:colcon.colcon_core.environment:checking '/home/user/exchange/workspace/install/tiago_pro_rgbd_sensors/lib/pkgconfig/tiago_pro_rgbd_sensors.pc'
[0.472s] Level 1:colcon.colcon_core.environment:checking '/home/user/exchange/workspace/install/tiago_pro_rgbd_sensors/lib/python3.10/site-packages'
[0.472s] Level 1:colcon.colcon_core.environment:checking '/home/user/exchange/workspace/install/tiago_pro_rgbd_sensors/bin'
[0.473s] INFO:colcon.colcon_core.shell:Creating package script '/home/user/exchange/workspace/install/tiago_pro_rgbd_sensors/share/tiago_pro_rgbd_sensors/package.ps1'
[0.473s] INFO:colcon.colcon_core.shell:Creating package descriptor '/home/user/exchange/workspace/install/tiago_pro_rgbd_sensors/share/tiago_pro_rgbd_sensors/package.dsv'
[0.474s] INFO:colcon.colcon_core.shell:Creating package script '/home/user/exchange/workspace/install/tiago_pro_rgbd_sensors/share/tiago_pro_rgbd_sensors/package.sh'
[0.474s] INFO:colcon.colcon_core.shell:Creating package script '/home/user/exchange/workspace/install/tiago_pro_rgbd_sensors/share/tiago_pro_rgbd_sensors/package.bash'
[0.474s] INFO:colcon.colcon_core.shell:Creating package script '/home/user/exchange/workspace/install/tiago_pro_rgbd_sensors/share/tiago_pro_rgbd_sensors/package.zsh'
[0.475s] Level 1:colcon.colcon_core.environment:create_file_with_runtime_dependencies(/home/user/exchange/workspace/install/tiago_pro_rgbd_sensors/share/colcon-core/packages/tiago_pro_rgbd_sensors)
[0.475s] Level 1:colcon.colcon_core.environment:create_environment_scripts_only(tiago_pro_rgbd_sensors)
[0.475s] Level 1:colcon.colcon_core.environment:checking '/home/user/exchange/workspace/install/tiago_pro_rgbd_sensors' for CMake module files
[0.476s] Level 1:colcon.colcon_core.environment:checking '/home/user/exchange/workspace/install/tiago_pro_rgbd_sensors' for CMake config files
[0.477s] Level 1:colcon.colcon_core.shell:create_environment_hook('tiago_pro_rgbd_sensors', 'cmake_prefix_path')
[0.477s] INFO:colcon.colcon_core.shell:Creating environment hook '/home/user/exchange/workspace/install/tiago_pro_rgbd_sensors/share/tiago_pro_rgbd_sensors/hook/cmake_prefix_path.ps1'
[0.477s] INFO:colcon.colcon_core.shell:Creating environment descriptor '/home/user/exchange/workspace/install/tiago_pro_rgbd_sensors/share/tiago_pro_rgbd_sensors/hook/cmake_prefix_path.dsv'
[0.478s] INFO:colcon.colcon_core.shell:Creating environment hook '/home/user/exchange/workspace/install/tiago_pro_rgbd_sensors/share/tiago_pro_rgbd_sensors/hook/cmake_prefix_path.sh'
[0.478s] Level 1:colcon.colcon_core.environment:checking '/home/user/exchange/workspace/install/tiago_pro_rgbd_sensors/bin'
[0.478s] Level 1:colcon.colcon_core.environment:checking '/home/user/exchange/workspace/install/tiago_pro_rgbd_sensors/lib/pkgconfig/tiago_pro_rgbd_sensors.pc'
[0.479s] Level 1:colcon.colcon_core.environment:checking '/home/user/exchange/workspace/install/tiago_pro_rgbd_sensors/lib/python3.10/site-packages'
[0.479s] Level 1:colcon.colcon_core.environment:checking '/home/user/exchange/workspace/install/tiago_pro_rgbd_sensors/bin'
[0.479s] INFO:colcon.colcon_core.shell:Creating package script '/home/user/exchange/workspace/install/tiago_pro_rgbd_sensors/share/tiago_pro_rgbd_sensors/package.ps1'
[0.480s] INFO:colcon.colcon_core.shell:Creating package descriptor '/home/user/exchange/workspace/install/tiago_pro_rgbd_sensors/share/tiago_pro_rgbd_sensors/package.dsv'
[0.480s] INFO:colcon.colcon_core.shell:Creating package script '/home/user/exchange/workspace/install/tiago_pro_rgbd_sensors/share/tiago_pro_rgbd_sensors/package.sh'
[0.480s] INFO:colcon.colcon_core.shell:Creating package script '/home/user/exchange/workspace/install/tiago_pro_rgbd_sensors/share/tiago_pro_rgbd_sensors/package.bash'
[0.481s] INFO:colcon.colcon_core.shell:Creating package script '/home/user/exchange/workspace/install/tiago_pro_rgbd_sensors/share/tiago_pro_rgbd_sensors/package.zsh'
[0.481s] Level 1:colcon.colcon_core.environment:create_file_with_runtime_dependencies(/home/user/exchange/workspace/install/tiago_pro_rgbd_sensors/share/colcon-core/packages/tiago_pro_rgbd_sensors)
[0.482s] INFO:colcon.colcon_ros.task.ament_cmake.build:Building ROS package in '/home/user/exchange/workspace/src/tiago_pro_navigation/tiago_pro_navigation' with build type 'ament_cmake'
[0.482s] INFO:colcon.colcon_cmake.task.cmake.build:Building CMake package in '/home/user/exchange/workspace/src/tiago_pro_navigation/tiago_pro_navigation'
[0.482s] INFO:colcon.colcon_core.shell:Skip shell extension 'powershell' for command environment: Not usable outside of PowerShell
[0.482s] DEBUG:colcon.colcon_core.shell:Skip shell extension 'dsv' for command environment
[0.494s] Level 1:colcon.colcon_core.environment:create_environment_scripts_only(pal_gazebo_worlds)
[0.494s] Level 1:colcon.colcon_core.environment:checking '/home/user/exchange/workspace/install/pal_gazebo_worlds' for CMake module files
[0.495s] Level 1:colcon.colcon_core.environment:checking '/home/user/exchange/workspace/install/pal_gazebo_worlds' for CMake config files
[0.505s] DEBUG:colcon.colcon_core.event_handler.log_command:Invoked command in '/home/user/exchange/workspace/build/tiago_pro_2dnav' returned '0': CMAKE_PREFIX_PATH=${CMAKE_PREFIX_PATH}:/home/user/exchange/workspace/install/pick_task:/home/user/exchange/workspace/install/pal_pro_gripper_wrapper:/opt/ros/humble /usr/bin/cmake --install /home/user/exchange/workspace/build/tiago_pro_2dnav
[0.506s] DEBUG:colcon.colcon_core.event_handler.log_command:Invoked command in '/home/user/exchange/workspace/build/tiago_pro_rgbd_sensors' returned '0': CMAKE_PREFIX_PATH=${CMAKE_PREFIX_PATH}:/home/user/exchange/workspace/install/pick_task:/home/user/exchange/workspace/install/pal_pro_gripper_wrapper:/opt/ros/humble /usr/bin/cmake --install /home/user/exchange/workspace/build/tiago_pro_rgbd_sensors
[0.506s] DEBUG:colcon.colcon_core.event_handler.log_command:Invoked command in '/home/user/exchange/workspace/build/pal_gazebo_worlds' returned '0': CMAKE_PREFIX_PATH=${CMAKE_PREFIX_PATH}:/home/user/exchange/workspace/install/pick_task:/home/user/exchange/workspace/install/pal_pro_gripper_wrapper:/opt/ros/humble /usr/bin/cmake --install /home/user/exchange/workspace/build/pal_gazebo_worlds
[0.508s] Level 1:colcon.colcon_core.shell:create_environment_hook('pal_gazebo_worlds', 'cmake_prefix_path')
[0.509s] INFO:colcon.colcon_core.shell:Creating environment hook '/home/user/exchange/workspace/install/pal_gazebo_worlds/share/pal_gazebo_worlds/hook/cmake_prefix_path.ps1'
[0.509s] INFO:colcon.colcon_core.shell:Creating environment descriptor '/home/user/exchange/workspace/install/pal_gazebo_worlds/share/pal_gazebo_worlds/hook/cmake_prefix_path.dsv'
[0.509s] INFO:colcon.colcon_core.shell:Creating environment hook '/home/user/exchange/workspace/install/pal_gazebo_worlds/share/pal_gazebo_worlds/hook/cmake_prefix_path.sh'
[0.509s] Level 1:colcon.colcon_core.environment:checking '/home/user/exchange/workspace/install/pal_gazebo_worlds/bin'
[0.510s] Level 1:colcon.colcon_core.environment:checking '/home/user/exchange/workspace/install/pal_gazebo_worlds/lib/pkgconfig/pal_gazebo_worlds.pc'
[0.510s] Level 1:colcon.colcon_core.environment:checking '/home/user/exchange/workspace/install/pal_gazebo_worlds/lib/python3.10/site-packages'
[0.510s] Level 1:colcon.colcon_core.environment:checking '/home/user/exchange/workspace/install/pal_gazebo_worlds/bin'
[0.510s] INFO:colcon.colcon_core.shell:Creating package script '/home/user/exchange/workspace/install/pal_gazebo_worlds/share/pal_gazebo_worlds/package.ps1'
[0.510s] INFO:colcon.colcon_core.shell:Creating package descriptor '/home/user/exchange/workspace/install/pal_gazebo_worlds/share/pal_gazebo_worlds/package.dsv'
[0.511s] INFO:colcon.colcon_core.shell:Creating package script '/home/user/exchange/workspace/install/pal_gazebo_worlds/share/pal_gazebo_worlds/package.sh'
[0.511s] INFO:colcon.colcon_core.shell:Creating package script '/home/user/exchange/workspace/install/pal_gazebo_worlds/share/pal_gazebo_worlds/package.bash'
[0.511s] INFO:colcon.colcon_core.shell:Creating package script '/home/user/exchange/workspace/install/pal_gazebo_worlds/share/pal_gazebo_worlds/package.zsh'
[0.511s] Level 1:colcon.colcon_core.environment:create_file_with_runtime_dependencies(/home/user/exchange/workspace/install/pal_gazebo_worlds/share/colcon-core/packages/pal_gazebo_worlds)
[0.512s] Level 1:colcon.colcon_core.environment:create_environment_scripts_only(pal_gazebo_worlds)
[0.512s] Level 1:colcon.colcon_core.environment:checking '/home/user/exchange/workspace/install/pal_gazebo_worlds' for CMake module files
[0.512s] Level 1:colcon.colcon_core.environment:checking '/home/user/exchange/workspace/install/pal_gazebo_worlds' for CMake config files
[0.514s] Level 1:colcon.colcon_core.shell:create_environment_hook('pal_gazebo_worlds', 'cmake_prefix_path')
[0.514s] INFO:colcon.colcon_core.shell:Creating environment hook '/home/user/exchange/workspace/install/pal_gazebo_worlds/share/pal_gazebo_worlds/hook/cmake_prefix_path.ps1'
[0.514s] INFO:colcon.colcon_core.shell:Creating environment descriptor '/home/user/exchange/workspace/install/pal_gazebo_worlds/share/pal_gazebo_worlds/hook/cmake_prefix_path.dsv'
[0.515s] INFO:colcon.colcon_core.shell:Creating environment hook '/home/user/exchange/workspace/install/pal_gazebo_worlds/share/pal_gazebo_worlds/hook/cmake_prefix_path.sh'
[0.515s] Level 1:colcon.colcon_core.environment:checking '/home/user/exchange/workspace/install/pal_gazebo_worlds/bin'
[0.515s] Level 1:colcon.colcon_core.environment:checking '/home/user/exchange/workspace/install/pal_gazebo_worlds/lib/pkgconfig/pal_gazebo_worlds.pc'
[0.515s] Level 1:colcon.colcon_core.environment:checking '/home/user/exchange/workspace/install/pal_gazebo_worlds/lib/python3.10/site-packages'
[0.515s] Level 1:colcon.colcon_core.environment:checking '/home/user/exchange/workspace/install/pal_gazebo_worlds/bin'
[0.516s] INFO:colcon.colcon_core.shell:Creating package script '/home/user/exchange/workspace/install/pal_gazebo_worlds/share/pal_gazebo_worlds/package.ps1'
[0.516s] INFO:colcon.colcon_core.shell:Creating package descriptor '/home/user/exchange/workspace/install/pal_gazebo_worlds/share/pal_gazebo_worlds/package.dsv'
[0.516s] INFO:colcon.colcon_core.shell:Creating package script '/home/user/exchange/workspace/install/pal_gazebo_worlds/share/pal_gazebo_worlds/package.sh'
[0.516s] INFO:colcon.colcon_core.shell:Creating package script '/home/user/exchange/workspace/install/pal_gazebo_worlds/share/pal_gazebo_worlds/package.bash'
[0.517s] INFO:colcon.colcon_core.shell:Creating package script '/home/user/exchange/workspace/install/pal_gazebo_worlds/share/pal_gazebo_worlds/package.zsh'
[0.517s] Level 1:colcon.colcon_core.environment:create_file_with_runtime_dependencies(/home/user/exchange/workspace/install/pal_gazebo_worlds/share/colcon-core/packages/pal_gazebo_worlds)
[0.519s] DEBUG:colcon.colcon_core.event_handler.log_command:Invoking command in '/home/user/exchange/workspace/build/tiago_pro_navigation': CMAKE_PREFIX_PATH=/home/user/exchange/workspace/install/tiago_pro_rgbd_sensors:/home/user/exchange/workspace/install/tiago_pro_laser_sensors:/home/user/exchange/workspace/install/tiago_pro_2dnav:/home/user/exchange/workspace/install/tiago_manipulation_tasks:/home/user/exchange/workspace/install/tiago_pro_simulation:/home/user/exchange/workspace/install/tiago_pro_robot:/home/user/exchange/workspace/install/tiago_pro_navigation:/home/user/exchange/workspace/install/tiago_pro_gazebo:/home/user/exchange/workspace/install/tiago_pro_mujoco:/home/user/exchange/workspace/install/tiago_pro_moveit_config:/home/user/exchange/workspace/install/tiago_pro_description:/home/user/exchange/workspace/install/tiago_pro_bringup:/home/user/exchange/workspace/install/tiago_pro_controller_configuration:/home/user/exchange/workspace/install/ros2_linkattacher:/home/user/exchange/workspace/install/pal_sea_arm_moveit_config:/home/user/exchange/workspace/install/pal_sea_arm:/home/user/exchange/workspace/install/pal_sea_arm_bringup:/home/user/exchange/workspace/install/pal_sea_arm_description:/home/user/exchange/workspace/install/pal_sea_arm_controller_configuration:/home/user/exchange/workspace/install/pal_pro_gripper_simulation:/home/user/exchange/workspace/install/pal_pro_gripper_bringup:/home/user/exchange/workspace/install/pal_pro_gripper:/home/user/exchange/workspace/install/pal_pro_gripper_controller_configuration:/home/user/exchange/workspace/install/pal_pro_gripper_description:/home/user/exchange/workspace/install/pal_gazebo_worlds:/home/user/exchange/workspace/install/linkattacher_msgs:/home/user/exchange/workspace/install/pick_task:/home/user/exchange/workspace/install/pal_pro_gripper_wrapper:/opt/ros/humble /usr/bin/cmake --build /home/user/exchange/workspace/build/tiago_pro_navigation -- -j12 -l12
[0.541s] DEBUG:colcon.colcon_core.event_handler.log_command:Invoked command in '/home/user/exchange/workspace/build/tiago_pro_navigation' returned '0': CMAKE_PREFIX_PATH=/home/user/exchange/workspace/install/tiago_pro_rgbd_sensors:/home/user/exchange/workspace/install/tiago_pro_laser_sensors:/home/user/exchange/workspace/install/tiago_pro_2dnav:/home/user/exchange/workspace/install/tiago_manipulation_tasks:/home/user/exchange/workspace/install/tiago_pro_simulation:/home/user/exchange/workspace/install/tiago_pro_robot:/home/user/exchange/workspace/install/tiago_pro_navigation:/home/user/exchange/workspace/install/tiago_pro_gazebo:/home/user/exchange/workspace/install/tiago_pro_mujoco:/home/user/exchange/workspace/install/tiago_pro_moveit_config:/home/user/exchange/workspace/install/tiago_pro_description:/home/user/exchange/workspace/install/tiago_pro_bringup:/home/user/exchange/workspace/install/tiago_pro_controller_configuration:/home/user/exchange/workspace/install/ros2_linkattacher:/home/user/exchange/workspace/install/pal_sea_arm_moveit_config:/home/user/exchange/workspace/install/pal_sea_arm:/home/user/exchange/workspace/install/pal_sea_arm_bringup:/home/user/exchange/workspace/install/pal_sea_arm_description:/home/user/exchange/workspace/install/pal_sea_arm_controller_configuration:/home/user/exchange/workspace/install/pal_pro_gripper_simulation:/home/user/exchange/workspace/install/pal_pro_gripper_bringup:/home/user/exchange/workspace/install/pal_pro_gripper:/home/user/exchange/workspace/install/pal_pro_gripper_controller_configuration:/home/user/exchange/workspace/install/pal_pro_gripper_description:/home/user/exchange/workspace/install/pal_gazebo_worlds:/home/user/exchange/workspace/install/linkattacher_msgs:/home/user/exchange/workspace/install/pick_task:/home/user/exchange/workspace/install/pal_pro_gripper_wrapper:/opt/ros/humble /usr/bin/cmake --build /home/user/exchange/workspace/build/tiago_pro_navigation -- -j12 -l12
[0.542s] DEBUG:colcon.colcon_core.event_handler.log_command:Invoking command in '/home/user/exchange/workspace/build/tiago_pro_navigation': CMAKE_PREFIX_PATH=/home/user/exchange/workspace/install/tiago_pro_rgbd_sensors:/home/user/exchange/workspace/install/tiago_pro_laser_sensors:/home/user/exchange/workspace/install/tiago_pro_2dnav:/home/user/exchange/workspace/install/tiago_manipulation_tasks:/home/user/exchange/workspace/install/tiago_pro_simulation:/home/user/exchange/workspace/install/tiago_pro_robot:/home/user/exchange/workspace/install/tiago_pro_navigation:/home/user/exchange/workspace/install/tiago_pro_gazebo:/home/user/exchange/workspace/install/tiago_pro_mujoco:/home/user/exchange/workspace/install/tiago_pro_moveit_config:/home/user/exchange/workspace/install/tiago_pro_description:/home/user/exchange/workspace/install/tiago_pro_bringup:/home/user/exchange/workspace/install/tiago_pro_controller_configuration:/home/user/exchange/workspace/install/ros2_linkattacher:/home/user/exchange/workspace/install/pal_sea_arm_moveit_config:/home/user/exchange/workspace/install/pal_sea_arm:/home/user/exchange/workspace/install/pal_sea_arm_bringup:/home/user/exchange/workspace/install/pal_sea_arm_description:/home/user/exchange/workspace/install/pal_sea_arm_controller_configuration:/home/user/exchange/workspace/install/pal_pro_gripper_simulation:/home/user/exchange/workspace/install/pal_pro_gripper_bringup:/home/user/exchange/workspace/install/pal_pro_gripper:/home/user/exchange/workspace/install/pal_pro_gripper_controller_configuration:/home/user/exchange/workspace/install/pal_pro_gripper_description:/home/user/exchange/workspace/install/pal_gazebo_worlds:/home/user/exchange/workspace/install/linkattacher_msgs:/home/user/exchange/workspace/install/pick_task:/home/user/exchange/workspace/install/pal_pro_gripper_wrapper:/opt/ros/humble /usr/bin/cmake --install /home/user/exchange/workspace/build/tiago_pro_navigation
[0.547s] Level 1:colcon.colcon_core.environment:create_environment_scripts_only(tiago_pro_navigation)
[0.547s] Level 1:colcon.colcon_core.environment:checking '/home/user/exchange/workspace/install/tiago_pro_navigation' for CMake module files
[0.547s] DEBUG:colcon.colcon_core.event_handler.log_command:Invoked command in '/home/user/exchange/workspace/build/tiago_pro_navigation' returned '0': CMAKE_PREFIX_PATH=/home/user/exchange/workspace/install/tiago_pro_rgbd_sensors:/home/user/exchange/workspace/install/tiago_pro_laser_sensors:/home/user/exchange/workspace/install/tiago_pro_2dnav:/home/user/exchange/workspace/install/tiago_manipulation_tasks:/home/user/exchange/workspace/install/tiago_pro_simulation:/home/user/exchange/workspace/install/tiago_pro_robot:/home/user/exchange/workspace/install/tiago_pro_navigation:/home/user/exchange/workspace/install/tiago_pro_gazebo:/home/user/exchange/workspace/install/tiago_pro_mujoco:/home/user/exchange/workspace/install/tiago_pro_moveit_config:/home/user/exchange/workspace/install/tiago_pro_description:/home/user/exchange/workspace/install/tiago_pro_bringup:/home/user/exchange/workspace/install/tiago_pro_controller_configuration:/home/user/exchange/workspace/install/ros2_linkattacher:/home/user/exchange/workspace/install/pal_sea_arm_moveit_config:/home/user/exchange/workspace/install/pal_sea_arm:/home/user/exchange/workspace/install/pal_sea_arm_bringup:/home/user/exchange/workspace/install/pal_sea_arm_description:/home/user/exchange/workspace/install/pal_sea_arm_controller_configuration:/home/user/exchange/workspace/install/pal_pro_gripper_simulation:/home/user/exchange/workspace/install/pal_pro_gripper_bringup:/home/user/exchange/workspace/install/pal_pro_gripper:/home/user/exchange/workspace/install/pal_pro_gripper_controller_configuration:/home/user/exchange/workspace/install/pal_pro_gripper_description:/home/user/exchange/workspace/install/pal_gazebo_worlds:/home/user/exchange/workspace/install/linkattacher_msgs:/home/user/exchange/workspace/install/pick_task:/home/user/exchange/workspace/install/pal_pro_gripper_wrapper:/opt/ros/humble /usr/bin/cmake --install /home/user/exchange/workspace/build/tiago_pro_navigation
[0.548s] Level 1:colcon.colcon_core.environment:checking '/home/user/exchange/workspace/install/tiago_pro_navigation' for CMake config files
[0.548s] Level 1:colcon.colcon_core.shell:create_environment_hook('tiago_pro_navigation', 'cmake_prefix_path')
[0.548s] INFO:colcon.colcon_core.shell:Creating environment hook '/home/user/exchange/workspace/install/tiago_pro_navigation/share/tiago_pro_navigation/hook/cmake_prefix_path.ps1'
[0.548s] INFO:colcon.colcon_core.shell:Creating environment descriptor '/home/user/exchange/workspace/install/tiago_pro_navigation/share/tiago_pro_navigation/hook/cmake_prefix_path.dsv'
[0.549s] INFO:colcon.colcon_core.shell:Creating environment hook '/home/user/exchange/workspace/install/tiago_pro_navigation/share/tiago_pro_navigation/hook/cmake_prefix_path.sh'
[0.549s] Level 1:colcon.colcon_core.environment:checking '/home/user/exchange/workspace/install/tiago_pro_navigation/bin'
[0.549s] Level 1:colcon.colcon_core.environment:checking '/home/user/exchange/workspace/install/tiago_pro_navigation/lib/pkgconfig/tiago_pro_navigation.pc'
[0.549s] Level 1:colcon.colcon_core.environment:checking '/home/user/exchange/workspace/install/tiago_pro_navigation/lib/python3.10/site-packages'
[0.549s] Level 1:colcon.colcon_core.environment:checking '/home/user/exchange/workspace/install/tiago_pro_navigation/bin'
[0.550s] INFO:colcon.colcon_core.shell:Creating package script '/home/user/exchange/workspace/install/tiago_pro_navigation/share/tiago_pro_navigation/package.ps1'
[0.550s] INFO:colcon.colcon_core.shell:Creating package descriptor '/home/user/exchange/workspace/install/tiago_pro_navigation/share/tiago_pro_navigation/package.dsv'
[0.550s] INFO:colcon.colcon_core.shell:Creating package script '/home/user/exchange/workspace/install/tiago_pro_navigation/share/tiago_pro_navigation/package.sh'
[0.550s] INFO:colcon.colcon_core.shell:Creating package script '/home/user/exchange/workspace/install/tiago_pro_navigation/share/tiago_pro_navigation/package.bash'
[0.551s] INFO:colcon.colcon_core.shell:Creating package script '/home/user/exchange/workspace/install/tiago_pro_navigation/share/tiago_pro_navigation/package.zsh'
[0.551s] Level 1:colcon.colcon_core.environment:create_file_with_runtime_dependencies(/home/user/exchange/workspace/install/tiago_pro_navigation/share/colcon-core/packages/tiago_pro_navigation)
[0.551s] Level 1:colcon.colcon_core.environment:create_environment_scripts_only(tiago_pro_navigation)
[0.551s] Level 1:colcon.colcon_core.environment:checking '/home/user/exchange/workspace/install/tiago_pro_navigation' for CMake module files
[0.551s] Level 1:colcon.colcon_core.environment:checking '/home/user/exchange/workspace/install/tiago_pro_navigation' for CMake config files
[0.552s] Level 1:colcon.colcon_core.shell:create_environment_hook('tiago_pro_navigation', 'cmake_prefix_path')
[0.552s] INFO:colcon.colcon_core.shell:Creating environment hook '/home/user/exchange/workspace/install/tiago_pro_navigation/share/tiago_pro_navigation/hook/cmake_prefix_path.ps1'
[0.552s] INFO:colcon.colcon_core.shell:Creating environment descriptor '/home/user/exchange/workspace/install/tiago_pro_navigation/share/tiago_pro_navigation/hook/cmake_prefix_path.dsv'
[0.552s] INFO:colcon.colcon_core.shell:Creating environment hook '/home/user/exchange/workspace/install/tiago_pro_navigation/share/tiago_pro_navigation/hook/cmake_prefix_path.sh'
[0.552s] Level 1:colcon.colcon_core.environment:checking '/home/user/exchange/workspace/install/tiago_pro_navigation/bin'
[0.552s] Level 1:colcon.colcon_core.environment:checking '/home/user/exchange/workspace/install/tiago_pro_navigation/lib/pkgconfig/tiago_pro_navigation.pc'
[0.553s] Level 1:colcon.colcon_core.environment:checking '/home/user/exchange/workspace/install/tiago_pro_navigation/lib/python3.10/site-packages'
[0.553s] Level 1:colcon.colcon_core.environment:checking '/home/user/exchange/workspace/install/tiago_pro_navigation/bin'
[0.553s] INFO:colcon.colcon_core.shell:Creating package script '/home/user/exchange/workspace/install/tiago_pro_navigation/share/tiago_pro_navigation/package.ps1'
[0.553s] INFO:colcon.colcon_core.shell:Creating package descriptor '/home/user/exchange/workspace/install/tiago_pro_navigation/share/tiago_pro_navigation/package.dsv'
[0.553s] INFO:colcon.colcon_core.shell:Creating package script '/home/user/exchange/workspace/install/tiago_pro_navigation/share/tiago_pro_navigation/package.sh'
[0.554s] INFO:colcon.colcon_core.shell:Creating package script '/home/user/exchange/workspace/install/tiago_pro_navigation/share/tiago_pro_navigation/package.bash'
[0.554s] INFO:colcon.colcon_core.shell:Creating package script '/home/user/exchange/workspace/install/tiago_pro_navigation/share/tiago_pro_navigation/package.zsh'
[0.554s] Level 1:colcon.colcon_core.environment:create_file_with_runtime_dependencies(/home/user/exchange/workspace/install/tiago_pro_navigation/share/colcon-core/packages/tiago_pro_navigation)
[0.601s] DEBUG:colcon.colcon_core.event_handler.log_command:Invoked command in '/home/user/exchange/workspace/build/linkattacher_msgs' returned '0': CMAKE_PREFIX_PATH=${CMAKE_PREFIX_PATH}:/home/user/exchange/workspace/install/pick_task:/home/user/exchange/workspace/install/pal_pro_gripper_wrapper:/opt/ros/humble /usr/bin/cmake --build /home/user/exchange/workspace/build/linkattacher_msgs -- -j12 -l12
[0.602s] DEBUG:colcon.colcon_core.event_handler.log_command:Invoking command in '/home/user/exchange/workspace/build/linkattacher_msgs': CMAKE_PREFIX_PATH=${CMAKE_PREFIX_PATH}:/home/user/exchange/workspace/install/pick_task:/home/user/exchange/workspace/install/pal_pro_gripper_wrapper:/opt/ros/humble /usr/bin/cmake --install /home/user/exchange/workspace/build/linkattacher_msgs
[0.617s] DEBUG:colcon.colcon_core.event_handler.log_command:Invoked command in '/home/user/exchange/workspace/build/pal_pro_gripper_description' returned '0': CMAKE_PREFIX_PATH=${CMAKE_PREFIX_PATH}:/home/user/exchange/workspace/install/pick_task:/home/user/exchange/workspace/install/pal_pro_gripper_wrapper:/opt/ros/humble /usr/bin/cmake --build /home/user/exchange/workspace/build/pal_pro_gripper_description -- -j12 -l12
[0.618s] DEBUG:colcon.colcon_core.event_handler.log_command:Invoking command in '/home/user/exchange/workspace/build/pal_pro_gripper_description': CMAKE_PREFIX_PATH=${CMAKE_PREFIX_PATH}:/home/user/exchange/workspace/install/pick_task:/home/user/exchange/workspace/install/pal_pro_gripper_wrapper:/opt/ros/humble /usr/bin/cmake --install /home/user/exchange/workspace/build/pal_pro_gripper_description
[0.633s] DEBUG:colcon.colcon_core.event_handler.log_command:Invoking command in '/home/user/exchange/workspace/src/pal_pro_gripper/pal_pro_gripper_wrapper': PYTHONPATH=/home/user/exchange/workspace/build/pal_pro_gripper_wrapper/prefix_override:/usr/lib/python3/dist-packages/colcon_core/task/python/colcon_distutils_commands:/home/user/exchange/workspace/install/pal_pro_gripper_wrapper/lib/python3.10/site-packages:${PYTHONPATH} /usr/bin/python3 -W ignore:setup.py install is deprecated -W ignore:easy_install command is deprecated setup.py egg_info --egg-base ../../../build/pal_pro_gripper_wrapper build --build-base /home/user/exchange/workspace/build/pal_pro_gripper_wrapper/build install --record /home/user/exchange/workspace/build/pal_pro_gripper_wrapper/install.log --single-version-externally-managed install_data
[0.637s] Level 1:colcon.colcon_core.environment:create_environment_scripts_only(linkattacher_msgs)
[0.637s] Level 1:colcon.colcon_core.environment:checking '/home/user/exchange/workspace/install/linkattacher_msgs' for CMake module files
[0.638s] DEBUG:colcon.colcon_core.event_handler.log_command:Invoked command in '/home/user/exchange/workspace/build/linkattacher_msgs' returned '0': CMAKE_PREFIX_PATH=${CMAKE_PREFIX_PATH}:/home/user/exchange/workspace/install/pick_task:/home/user/exchange/workspace/install/pal_pro_gripper_wrapper:/opt/ros/humble /usr/bin/cmake --install /home/user/exchange/workspace/build/linkattacher_msgs
[0.638s] Level 1:colcon.colcon_core.environment:checking '/home/user/exchange/workspace/install/linkattacher_msgs' for CMake config files
[0.638s] Level 1:colcon.colcon_core.shell:create_environment_hook('linkattacher_msgs', 'cmake_prefix_path')
[0.638s] INFO:colcon.colcon_core.shell:Creating environment hook '/home/user/exchange/workspace/install/linkattacher_msgs/share/linkattacher_msgs/hook/cmake_prefix_path.ps1'
[0.639s] INFO:colcon.colcon_core.shell:Creating environment descriptor '/home/user/exchange/workspace/install/linkattacher_msgs/share/linkattacher_msgs/hook/cmake_prefix_path.dsv'
[0.639s] INFO:colcon.colcon_core.shell:Creating environment hook '/home/user/exchange/workspace/install/linkattacher_msgs/share/linkattacher_msgs/hook/cmake_prefix_path.sh'
[0.639s] Level 1:colcon.colcon_core.environment:checking '/home/user/exchange/workspace/install/linkattacher_msgs/lib'
[0.639s] Level 1:colcon.colcon_core.shell:create_environment_hook('linkattacher_msgs', 'ld_library_path_lib')
[0.640s] INFO:colcon.colcon_core.shell:Creating environment hook '/home/user/exchange/workspace/install/linkattacher_msgs/share/linkattacher_msgs/hook/ld_library_path_lib.ps1'
[0.640s] INFO:colcon.colcon_core.shell:Creating environment descriptor '/home/user/exchange/workspace/install/linkattacher_msgs/share/linkattacher_msgs/hook/ld_library_path_lib.dsv'
[0.640s] INFO:colcon.colcon_core.shell:Creating environment hook '/home/user/exchange/workspace/install/linkattacher_msgs/share/linkattacher_msgs/hook/ld_library_path_lib.sh'
[0.640s] Level 1:colcon.colcon_core.environment:checking '/home/user/exchange/workspace/install/linkattacher_msgs/bin'
[0.640s] Level 1:colcon.colcon_core.environment:checking '/home/user/exchange/workspace/install/linkattacher_msgs/lib/pkgconfig/linkattacher_msgs.pc'
[0.640s] Level 1:colcon.colcon_core.environment:checking '/home/user/exchange/workspace/install/linkattacher_msgs/lib/python3.10/site-packages'
[0.641s] Level 1:colcon.colcon_core.environment:checking '/home/user/exchange/workspace/install/linkattacher_msgs/bin'
[0.641s] INFO:colcon.colcon_core.shell:Creating package script '/home/user/exchange/workspace/install/linkattacher_msgs/share/linkattacher_msgs/package.ps1'
[0.641s] INFO:colcon.colcon_core.shell:Creating package descriptor '/home/user/exchange/workspace/install/linkattacher_msgs/share/linkattacher_msgs/package.dsv'
[0.641s] INFO:colcon.colcon_core.shell:Creating package script '/home/user/exchange/workspace/install/linkattacher_msgs/share/linkattacher_msgs/package.sh'
[0.642s] INFO:colcon.colcon_core.shell:Creating package script '/home/user/exchange/workspace/install/linkattacher_msgs/share/linkattacher_msgs/package.bash'
[0.642s] INFO:colcon.colcon_core.shell:Creating package script '/home/user/exchange/workspace/install/linkattacher_msgs/share/linkattacher_msgs/package.zsh'
[0.642s] Level 1:colcon.colcon_core.environment:create_file_with_runtime_dependencies(/home/user/exchange/workspace/install/linkattacher_msgs/share/colcon-core/packages/linkattacher_msgs)
[0.642s] Level 1:colcon.colcon_core.environment:create_environment_scripts_only(linkattacher_msgs)
[0.642s] Level 1:colcon.colcon_core.environment:checking '/home/user/exchange/workspace/install/linkattacher_msgs' for CMake module files
[0.643s] Level 1:colcon.colcon_core.environment:checking '/home/user/exchange/workspace/install/linkattacher_msgs' for CMake config files
[0.643s] Level 1:colcon.colcon_core.shell:create_environment_hook('linkattacher_msgs', 'cmake_prefix_path')
[0.643s] INFO:colcon.colcon_core.shell:Creating environment hook '/home/user/exchange/workspace/install/linkattacher_msgs/share/linkattacher_msgs/hook/cmake_prefix_path.ps1'
[0.644s] INFO:colcon.colcon_core.shell:Creating environment descriptor '/home/user/exchange/workspace/install/linkattacher_msgs/share/linkattacher_msgs/hook/cmake_prefix_path.dsv'
[0.644s] INFO:colcon.colcon_core.shell:Creating environment hook '/home/user/exchange/workspace/install/linkattacher_msgs/share/linkattacher_msgs/hook/cmake_prefix_path.sh'
[0.644s] Level 1:colcon.colcon_core.environment:checking '/home/user/exchange/workspace/install/linkattacher_msgs/lib'
[0.644s] Level 1:colcon.colcon_core.shell:create_environment_hook('linkattacher_msgs', 'ld_library_path_lib')
[0.644s] INFO:colcon.colcon_core.shell:Creating environment hook '/home/user/exchange/workspace/install/linkattacher_msgs/share/linkattacher_msgs/hook/ld_library_path_lib.ps1'
[0.644s] INFO:colcon.colcon_core.shell:Creating environment descriptor '/home/user/exchange/workspace/install/linkattacher_msgs/share/linkattacher_msgs/hook/ld_library_path_lib.dsv'
[0.645s] INFO:colcon.colcon_core.shell:Creating environment hook '/home/user/exchange/workspace/install/linkattacher_msgs/share/linkattacher_msgs/hook/ld_library_path_lib.sh'
[0.645s] Level 1:colcon.colcon_core.environment:checking '/home/user/exchange/workspace/install/linkattacher_msgs/bin'
[0.645s] Level 1:colcon.colcon_core.environment:checking '/home/user/exchange/workspace/install/linkattacher_msgs/lib/pkgconfig/linkattacher_msgs.pc'
[0.645s] Level 1:colcon.colcon_core.environment:checking '/home/user/exchange/workspace/install/linkattacher_msgs/lib/python3.10/site-packages'
[0.645s] Level 1:colcon.colcon_core.environment:checking '/home/user/exchange/workspace/install/linkattacher_msgs/bin'
[0.646s] INFO:colcon.colcon_core.shell:Creating package script '/home/user/exchange/workspace/install/linkattacher_msgs/share/linkattacher_msgs/package.ps1'
[0.646s] INFO:colcon.colcon_core.shell:Creating package descriptor '/home/user/exchange/workspace/install/linkattacher_msgs/share/linkattacher_msgs/package.dsv'
[0.647s] INFO:colcon.colcon_core.shell:Creating package script '/home/user/exchange/workspace/install/linkattacher_msgs/share/linkattacher_msgs/package.sh'
[0.647s] INFO:colcon.colcon_core.shell:Creating package script '/home/user/exchange/workspace/install/linkattacher_msgs/share/linkattacher_msgs/package.bash'
[0.648s] INFO:colcon.colcon_core.shell:Creating package script '/home/user/exchange/workspace/install/linkattacher_msgs/share/linkattacher_msgs/package.zsh'
[0.648s] Level 1:colcon.colcon_core.environment:create_file_with_runtime_dependencies(/home/user/exchange/workspace/install/linkattacher_msgs/share/colcon-core/packages/linkattacher_msgs)
[0.648s] INFO:colcon.colcon_ros.task.ament_cmake.build:Building ROS package in '/home/user/exchange/workspace/src/IFRA_LinkAttacher/ros2_LinkAttacher' with build type 'ament_cmake'
[0.648s] INFO:colcon.colcon_cmake.task.cmake.build:Building CMake package in '/home/user/exchange/workspace/src/IFRA_LinkAttacher/ros2_LinkAttacher'
[0.649s] INFO:colcon.colcon_core.shell:Skip shell extension 'powershell' for command environment: Not usable outside of PowerShell
[0.649s] DEBUG:colcon.colcon_core.shell:Skip shell extension 'dsv' for command environment
[0.654s] Level 1:colcon.colcon_core.environment:create_environment_scripts_only(pal_pro_gripper_description)
[0.655s] Level 1:colcon.colcon_core.environment:checking '/home/user/exchange/workspace/install/pal_pro_gripper_description' for CMake module files
[0.655s] DEBUG:colcon.colcon_core.event_handler.log_command:Invoked command in '/home/user/exchange/workspace/build/pal_pro_gripper_description' returned '0': CMAKE_PREFIX_PATH=${CMAKE_PREFIX_PATH}:/home/user/exchange/workspace/install/pick_task:/home/user/exchange/workspace/install/pal_pro_gripper_wrapper:/opt/ros/humble /usr/bin/cmake --install /home/user/exchange/workspace/build/pal_pro_gripper_description
[0.655s] Level 1:colcon.colcon_core.environment:checking '/home/user/exchange/workspace/install/pal_pro_gripper_description' for CMake config files
[0.655s] Level 1:colcon.colcon_core.shell:create_environment_hook('pal_pro_gripper_description', 'cmake_prefix_path')
[0.655s] INFO:colcon.colcon_core.shell:Creating environment hook '/home/user/exchange/workspace/install/pal_pro_gripper_description/share/pal_pro_gripper_description/hook/cmake_prefix_path.ps1'
[0.656s] INFO:colcon.colcon_core.shell:Creating environment descriptor '/home/user/exchange/workspace/install/pal_pro_gripper_description/share/pal_pro_gripper_description/hook/cmake_prefix_path.dsv'
[0.656s] INFO:colcon.colcon_core.shell:Creating environment hook '/home/user/exchange/workspace/install/pal_pro_gripper_description/share/pal_pro_gripper_description/hook/cmake_prefix_path.sh'
[0.656s] Level 1:colcon.colcon_core.environment:checking '/home/user/exchange/workspace/install/pal_pro_gripper_description/bin'
[0.657s] Level 1:colcon.colcon_core.environment:checking '/home/user/exchange/workspace/install/pal_pro_gripper_description/lib/pkgconfig/pal_pro_gripper_description.pc'
[0.657s] Level 1:colcon.colcon_core.environment:checking '/home/user/exchange/workspace/install/pal_pro_gripper_description/lib/python3.10/site-packages'
[0.657s] Level 1:colcon.colcon_core.environment:checking '/home/user/exchange/workspace/install/pal_pro_gripper_description/bin'
[0.657s] INFO:colcon.colcon_core.shell:Creating package script '/home/user/exchange/workspace/install/pal_pro_gripper_description/share/pal_pro_gripper_description/package.ps1'
[0.657s] INFO:colcon.colcon_core.shell:Creating package descriptor '/home/user/exchange/workspace/install/pal_pro_gripper_description/share/pal_pro_gripper_description/package.dsv'
[0.658s] INFO:colcon.colcon_core.shell:Creating package script '/home/user/exchange/workspace/install/pal_pro_gripper_description/share/pal_pro_gripper_description/package.sh'
[0.658s] INFO:colcon.colcon_core.shell:Creating package script '/home/user/exchange/workspace/install/pal_pro_gripper_description/share/pal_pro_gripper_description/package.bash'
[0.658s] INFO:colcon.colcon_core.shell:Creating package script '/home/user/exchange/workspace/install/pal_pro_gripper_description/share/pal_pro_gripper_description/package.zsh'
[0.658s] Level 1:colcon.colcon_core.environment:create_file_with_runtime_dependencies(/home/user/exchange/workspace/install/pal_pro_gripper_description/share/colcon-core/packages/pal_pro_gripper_description)
[0.659s] Level 1:colcon.colcon_core.environment:create_environment_scripts_only(pal_pro_gripper_description)
[0.659s] Level 1:colcon.colcon_core.environment:checking '/home/user/exchange/workspace/install/pal_pro_gripper_description' for CMake module files
[0.659s] Level 1:colcon.colcon_core.environment:checking '/home/user/exchange/workspace/install/pal_pro_gripper_description' for CMake config files
[0.659s] Level 1:colcon.colcon_core.shell:create_environment_hook('pal_pro_gripper_description', 'cmake_prefix_path')
[0.660s] INFO:colcon.colcon_core.shell:Creating environment hook '/home/user/exchange/workspace/install/pal_pro_gripper_description/share/pal_pro_gripper_description/hook/cmake_prefix_path.ps1'
[0.660s] INFO:colcon.colcon_core.shell:Creating environment descriptor '/home/user/exchange/workspace/install/pal_pro_gripper_description/share/pal_pro_gripper_description/hook/cmake_prefix_path.dsv'
[0.660s] INFO:colcon.colcon_core.shell:Creating environment hook '/home/user/exchange/workspace/install/pal_pro_gripper_description/share/pal_pro_gripper_description/hook/cmake_prefix_path.sh'
[0.660s] Level 1:colcon.colcon_core.environment:checking '/home/user/exchange/workspace/install/pal_pro_gripper_description/bin'
[0.660s] Level 1:colcon.colcon_core.environment:checking '/home/user/exchange/workspace/install/pal_pro_gripper_description/lib/pkgconfig/pal_pro_gripper_description.pc'
[0.661s] Level 1:colcon.colcon_core.environment:checking '/home/user/exchange/workspace/install/pal_pro_gripper_description/lib/python3.10/site-packages'
[0.661s] Level 1:colcon.colcon_core.environment:checking '/home/user/exchange/workspace/install/pal_pro_gripper_description/bin'
[0.661s] INFO:colcon.colcon_core.shell:Creating package script '/home/user/exchange/workspace/install/pal_pro_gripper_description/share/pal_pro_gripper_description/package.ps1'
[0.661s] INFO:colcon.colcon_core.shell:Creating package descriptor '/home/user/exchange/workspace/install/pal_pro_gripper_description/share/pal_pro_gripper_description/package.dsv'
[0.662s] INFO:colcon.colcon_core.shell:Creating package script '/home/user/exchange/workspace/install/pal_pro_gripper_description/share/pal_pro_gripper_description/package.sh'
[0.662s] INFO:colcon.colcon_core.shell:Creating package script '/home/user/exchange/workspace/install/pal_pro_gripper_description/share/pal_pro_gripper_description/package.bash'
[0.662s] INFO:colcon.colcon_core.shell:Creating package script '/home/user/exchange/workspace/install/pal_pro_gripper_description/share/pal_pro_gripper_description/package.zsh'
[0.662s] Level 1:colcon.colcon_core.environment:create_file_with_runtime_dependencies(/home/user/exchange/workspace/install/pal_pro_gripper_description/share/colcon-core/packages/pal_pro_gripper_description)
[0.665s] DEBUG:colcon.colcon_core.event_handler.log_command:Invoking command in '/home/user/exchange/workspace/build/ros2_linkattacher': CMAKE_PREFIX_PATH=/home/user/exchange/workspace/install/linkattacher_msgs:/home/user/exchange/workspace/install/tiago_manipulation_tasks:/home/user/exchange/workspace/install/tiago_pro_simulation:/home/user/exchange/workspace/install/tiago_pro_robot:/home/user/exchange/workspace/install/tiago_pro_navigation:/home/user/exchange/workspace/install/tiago_pro_gazebo:/home/user/exchange/workspace/install/tiago_pro_rgbd_sensors:/home/user/exchange/workspace/install/tiago_pro_mujoco:/home/user/exchange/workspace/install/tiago_pro_moveit_config:/home/user/exchange/workspace/install/tiago_pro_laser_sensors:/home/user/exchange/workspace/install/tiago_pro_description:/home/user/exchange/workspace/install/tiago_pro_bringup:/home/user/exchange/workspace/install/tiago_pro_controller_configuration:/home/user/exchange/workspace/install/tiago_pro_2dnav:/home/user/exchange/workspace/install/ros2_linkattacher:/home/user/exchange/workspace/install/pal_sea_arm_moveit_config:/home/user/exchange/workspace/install/pal_sea_arm:/home/user/exchange/workspace/install/pal_sea_arm_bringup:/home/user/exchange/workspace/install/pal_sea_arm_description:/home/user/exchange/workspace/install/pal_sea_arm_controller_configuration:/home/user/exchange/workspace/install/pal_pro_gripper_simulation:/home/user/exchange/workspace/install/pal_pro_gripper_bringup:/home/user/exchange/workspace/install/pal_pro_gripper:/home/user/exchange/workspace/install/pal_pro_gripper_controller_configuration:/home/user/exchange/workspace/install/pal_pro_gripper_description:/home/user/exchange/workspace/install/pal_gazebo_worlds:/home/user/exchange/workspace/install/pick_task:/home/user/exchange/workspace/install/pal_pro_gripper_wrapper:/opt/ros/humble LD_LIBRARY_PATH=/home/user/exchange/workspace/install/linkattacher_msgs/lib:/home/user/exchange/workspace/install/ros2_linkattacher/lib:/usr/lib/x86_64-linux-gnu/gazebo-11/plugins:/opt/ros/humble/opt/rviz_ogre_vendor/lib:/opt/ros/humble/lib/x86_64-linux-gnu:/opt/ros/humble/lib /usr/bin/cmake --build /home/user/exchange/workspace/build/ros2_linkattacher -- -j12 -l12
[0.713s] DEBUG:colcon.colcon_core.event_handler.log_command:Invoked command in '/home/user/exchange/workspace/build/ros2_linkattacher' returned '0': CMAKE_PREFIX_PATH=/home/user/exchange/workspace/install/linkattacher_msgs:/home/user/exchange/workspace/install/tiago_manipulation_tasks:/home/user/exchange/workspace/install/tiago_pro_simulation:/home/user/exchange/workspace/install/tiago_pro_robot:/home/user/exchange/workspace/install/tiago_pro_navigation:/home/user/exchange/workspace/install/tiago_pro_gazebo:/home/user/exchange/workspace/install/tiago_pro_rgbd_sensors:/home/user/exchange/workspace/install/tiago_pro_mujoco:/home/user/exchange/workspace/install/tiago_pro_moveit_config:/home/user/exchange/workspace/install/tiago_pro_laser_sensors:/home/user/exchange/workspace/install/tiago_pro_description:/home/user/exchange/workspace/install/tiago_pro_bringup:/home/user/exchange/workspace/install/tiago_pro_controller_configuration:/home/user/exchange/workspace/install/tiago_pro_2dnav:/home/user/exchange/workspace/install/ros2_linkattacher:/home/user/exchange/workspace/install/pal_sea_arm_moveit_config:/home/user/exchange/workspace/install/pal_sea_arm:/home/user/exchange/workspace/install/pal_sea_arm_bringup:/home/user/exchange/workspace/install/pal_sea_arm_description:/home/user/exchange/workspace/install/pal_sea_arm_controller_configuration:/home/user/exchange/workspace/install/pal_pro_gripper_simulation:/home/user/exchange/workspace/install/pal_pro_gripper_bringup:/home/user/exchange/workspace/install/pal_pro_gripper:/home/user/exchange/workspace/install/pal_pro_gripper_controller_configuration:/home/user/exchange/workspace/install/pal_pro_gripper_description:/home/user/exchange/workspace/install/pal_gazebo_worlds:/home/user/exchange/workspace/install/pick_task:/home/user/exchange/workspace/install/pal_pro_gripper_wrapper:/opt/ros/humble LD_LIBRARY_PATH=/home/user/exchange/workspace/install/linkattacher_msgs/lib:/home/user/exchange/workspace/install/ros2_linkattacher/lib:/usr/lib/x86_64-linux-gnu/gazebo-11/plugins:/opt/ros/humble/opt/rviz_ogre_vendor/lib:/opt/ros/humble/lib/x86_64-linux-gnu:/opt/ros/humble/lib /usr/bin/cmake --build /home/user/exchange/workspace/build/ros2_linkattacher -- -j12 -l12
[0.714s] DEBUG:colcon.colcon_core.event_handler.log_command:Invoking command in '/home/user/exchange/workspace/build/ros2_linkattacher': CMAKE_PREFIX_PATH=/home/user/exchange/workspace/install/linkattacher_msgs:/home/user/exchange/workspace/install/tiago_manipulation_tasks:/home/user/exchange/workspace/install/tiago_pro_simulation:/home/user/exchange/workspace/install/tiago_pro_robot:/home/user/exchange/workspace/install/tiago_pro_navigation:/home/user/exchange/workspace/install/tiago_pro_gazebo:/home/user/exchange/workspace/install/tiago_pro_rgbd_sensors:/home/user/exchange/workspace/install/tiago_pro_mujoco:/home/user/exchange/workspace/install/tiago_pro_moveit_config:/home/user/exchange/workspace/install/tiago_pro_laser_sensors:/home/user/exchange/workspace/install/tiago_pro_description:/home/user/exchange/workspace/install/tiago_pro_bringup:/home/user/exchange/workspace/install/tiago_pro_controller_configuration:/home/user/exchange/workspace/install/tiago_pro_2dnav:/home/user/exchange/workspace/install/ros2_linkattacher:/home/user/exchange/workspace/install/pal_sea_arm_moveit_config:/home/user/exchange/workspace/install/pal_sea_arm:/home/user/exchange/workspace/install/pal_sea_arm_bringup:/home/user/exchange/workspace/install/pal_sea_arm_description:/home/user/exchange/workspace/install/pal_sea_arm_controller_configuration:/home/user/exchange/workspace/install/pal_pro_gripper_simulation:/home/user/exchange/workspace/install/pal_pro_gripper_bringup:/home/user/exchange/workspace/install/pal_pro_gripper:/home/user/exchange/workspace/install/pal_pro_gripper_controller_configuration:/home/user/exchange/workspace/install/pal_pro_gripper_description:/home/user/exchange/workspace/install/pal_gazebo_worlds:/home/user/exchange/workspace/install/pick_task:/home/user/exchange/workspace/install/pal_pro_gripper_wrapper:/opt/ros/humble LD_LIBRARY_PATH=/home/user/exchange/workspace/install/linkattacher_msgs/lib:/home/user/exchange/workspace/install/ros2_linkattacher/lib:/usr/lib/x86_64-linux-gnu/gazebo-11/plugins:/opt/ros/humble/opt/rviz_ogre_vendor/lib:/opt/ros/humble/lib/x86_64-linux-gnu:/opt/ros/humble/lib /usr/bin/cmake --install /home/user/exchange/workspace/build/ros2_linkattacher
[0.720s] Level 1:colcon.colcon_core.environment:create_environment_scripts_only(ros2_linkattacher)
[0.720s] Level 1:colcon.colcon_core.environment:checking '/home/user/exchange/workspace/install/ros2_linkattacher' for CMake module files
[0.720s] DEBUG:colcon.colcon_core.event_handler.log_command:Invoked command in '/home/user/exchange/workspace/build/ros2_linkattacher' returned '0': CMAKE_PREFIX_PATH=/home/user/exchange/workspace/install/linkattacher_msgs:/home/user/exchange/workspace/install/tiago_manipulation_tasks:/home/user/exchange/workspace/install/tiago_pro_simulation:/home/user/exchange/workspace/install/tiago_pro_robot:/home/user/exchange/workspace/install/tiago_pro_navigation:/home/user/exchange/workspace/install/tiago_pro_gazebo:/home/user/exchange/workspace/install/tiago_pro_rgbd_sensors:/home/user/exchange/workspace/install/tiago_pro_mujoco:/home/user/exchange/workspace/install/tiago_pro_moveit_config:/home/user/exchange/workspace/install/tiago_pro_laser_sensors:/home/user/exchange/workspace/install/tiago_pro_description:/home/user/exchange/workspace/install/tiago_pro_bringup:/home/user/exchange/workspace/install/tiago_pro_controller_configuration:/home/user/exchange/workspace/install/tiago_pro_2dnav:/home/user/exchange/workspace/install/ros2_linkattacher:/home/user/exchange/workspace/install/pal_sea_arm_moveit_config:/home/user/exchange/workspace/install/pal_sea_arm:/home/user/exchange/workspace/install/pal_sea_arm_bringup:/home/user/exchange/workspace/install/pal_sea_arm_description:/home/user/exchange/workspace/install/pal_sea_arm_controller_configuration:/home/user/exchange/workspace/install/pal_pro_gripper_simulation:/home/user/exchange/workspace/install/pal_pro_gripper_bringup:/home/user/exchange/workspace/install/pal_pro_gripper:/home/user/exchange/workspace/install/pal_pro_gripper_controller_configuration:/home/user/exchange/workspace/install/pal_pro_gripper_description:/home/user/exchange/workspace/install/pal_gazebo_worlds:/home/user/exchange/workspace/install/pick_task:/home/user/exchange/workspace/install/pal_pro_gripper_wrapper:/opt/ros/humble LD_LIBRARY_PATH=/home/user/exchange/workspace/install/linkattacher_msgs/lib:/home/user/exchange/workspace/install/ros2_linkattacher/lib:/usr/lib/x86_64-linux-gnu/gazebo-11/plugins:/opt/ros/humble/opt/rviz_ogre_vendor/lib:/opt/ros/humble/lib/x86_64-linux-gnu:/opt/ros/humble/lib /usr/bin/cmake --install /home/user/exchange/workspace/build/ros2_linkattacher
[0.721s] Level 1:colcon.colcon_core.environment:checking '/home/user/exchange/workspace/install/ros2_linkattacher' for CMake config files
[0.721s] Level 1:colcon.colcon_core.shell:create_environment_hook('ros2_linkattacher', 'cmake_prefix_path')
[0.721s] INFO:colcon.colcon_core.shell:Creating environment hook '/home/user/exchange/workspace/install/ros2_linkattacher/share/ros2_linkattacher/hook/cmake_prefix_path.ps1'
[0.721s] INFO:colcon.colcon_core.shell:Creating environment descriptor '/home/user/exchange/workspace/install/ros2_linkattacher/share/ros2_linkattacher/hook/cmake_prefix_path.dsv'
[0.721s] INFO:colcon.colcon_core.shell:Creating environment hook '/home/user/exchange/workspace/install/ros2_linkattacher/share/ros2_linkattacher/hook/cmake_prefix_path.sh'
[0.722s] Level 1:colcon.colcon_core.environment:checking '/home/user/exchange/workspace/install/ros2_linkattacher/lib'
[0.722s] Level 1:colcon.colcon_core.shell:create_environment_hook('ros2_linkattacher', 'ld_library_path_lib')
[0.722s] INFO:colcon.colcon_core.shell:Creating environment hook '/home/user/exchange/workspace/install/ros2_linkattacher/share/ros2_linkattacher/hook/ld_library_path_lib.ps1'
[0.722s] INFO:colcon.colcon_core.shell:Creating environment descriptor '/home/user/exchange/workspace/install/ros2_linkattacher/share/ros2_linkattacher/hook/ld_library_path_lib.dsv'
[0.722s] INFO:colcon.colcon_core.shell:Creating environment hook '/home/user/exchange/workspace/install/ros2_linkattacher/share/ros2_linkattacher/hook/ld_library_path_lib.sh'
[0.723s] Level 1:colcon.colcon_core.environment:checking '/home/user/exchange/workspace/install/ros2_linkattacher/bin'
[0.723s] Level 1:colcon.colcon_core.environment:checking '/home/user/exchange/workspace/install/ros2_linkattacher/lib/pkgconfig/ros2_linkattacher.pc'
[0.723s] Level 1:colcon.colcon_core.environment:checking '/home/user/exchange/workspace/install/ros2_linkattacher/lib/python3.10/site-packages'
[0.723s] Level 1:colcon.colcon_core.environment:checking '/home/user/exchange/workspace/install/ros2_linkattacher/bin'
[0.723s] INFO:colcon.colcon_core.shell:Creating package script '/home/user/exchange/workspace/install/ros2_linkattacher/share/ros2_linkattacher/package.ps1'
[0.723s] INFO:colcon.colcon_core.shell:Creating package descriptor '/home/user/exchange/workspace/install/ros2_linkattacher/share/ros2_linkattacher/package.dsv'
[0.724s] INFO:colcon.colcon_core.shell:Creating package script '/home/user/exchange/workspace/install/ros2_linkattacher/share/ros2_linkattacher/package.sh'
[0.724s] INFO:colcon.colcon_core.shell:Creating package script '/home/user/exchange/workspace/install/ros2_linkattacher/share/ros2_linkattacher/package.bash'
[0.724s] INFO:colcon.colcon_core.shell:Creating package script '/home/user/exchange/workspace/install/ros2_linkattacher/share/ros2_linkattacher/package.zsh'
[0.724s] Level 1:colcon.colcon_core.environment:create_file_with_runtime_dependencies(/home/user/exchange/workspace/install/ros2_linkattacher/share/colcon-core/packages/ros2_linkattacher)
[0.725s] Level 1:colcon.colcon_core.environment:create_environment_scripts_only(ros2_linkattacher)
[0.725s] Level 1:colcon.colcon_core.environment:checking '/home/user/exchange/workspace/install/ros2_linkattacher' for CMake module files
[0.725s] Level 1:colcon.colcon_core.environment:checking '/home/user/exchange/workspace/install/ros2_linkattacher' for CMake config files
[0.725s] Level 1:colcon.colcon_core.shell:create_environment_hook('ros2_linkattacher', 'cmake_prefix_path')
[0.725s] INFO:colcon.colcon_core.shell:Creating environment hook '/home/user/exchange/workspace/install/ros2_linkattacher/share/ros2_linkattacher/hook/cmake_prefix_path.ps1'
[0.725s] INFO:colcon.colcon_core.shell:Creating environment descriptor '/home/user/exchange/workspace/install/ros2_linkattacher/share/ros2_linkattacher/hook/cmake_prefix_path.dsv'
[0.726s] INFO:colcon.colcon_core.shell:Creating environment hook '/home/user/exchange/workspace/install/ros2_linkattacher/share/ros2_linkattacher/hook/cmake_prefix_path.sh'
[0.726s] Level 1:colcon.colcon_core.environment:checking '/home/user/exchange/workspace/install/ros2_linkattacher/lib'
[0.726s] Level 1:colcon.colcon_core.shell:create_environment_hook('ros2_linkattacher', 'ld_library_path_lib')
[0.726s] INFO:colcon.colcon_core.shell:Creating environment hook '/home/user/exchange/workspace/install/ros2_linkattacher/share/ros2_linkattacher/hook/ld_library_path_lib.ps1'
[0.726s] INFO:colcon.colcon_core.shell:Creating environment descriptor '/home/user/exchange/workspace/install/ros2_linkattacher/share/ros2_linkattacher/hook/ld_library_path_lib.dsv'
[0.726s] INFO:colcon.colcon_core.shell:Creating environment hook '/home/user/exchange/workspace/install/ros2_linkattacher/share/ros2_linkattacher/hook/ld_library_path_lib.sh'
[0.727s] Level 1:colcon.colcon_core.environment:checking '/home/user/exchange/workspace/install/ros2_linkattacher/bin'
[0.727s] Level 1:colcon.colcon_core.environment:checking '/home/user/exchange/workspace/install/ros2_linkattacher/lib/pkgconfig/ros2_linkattacher.pc'
[0.727s] Level 1:colcon.colcon_core.environment:checking '/home/user/exchange/workspace/install/ros2_linkattacher/lib/python3.10/site-packages'
[0.727s] Level 1:colcon.colcon_core.environment:checking '/home/user/exchange/workspace/install/ros2_linkattacher/bin'
[0.727s] INFO:colcon.colcon_core.shell:Creating package script '/home/user/exchange/workspace/install/ros2_linkattacher/share/ros2_linkattacher/package.ps1'
[0.728s] INFO:colcon.colcon_core.shell:Creating package descriptor '/home/user/exchange/workspace/install/ros2_linkattacher/share/ros2_linkattacher/package.dsv'
[0.728s] INFO:colcon.colcon_core.shell:Creating package script '/home/user/exchange/workspace/install/ros2_linkattacher/share/ros2_linkattacher/package.sh'
[0.728s] INFO:colcon.colcon_core.shell:Creating package script '/home/user/exchange/workspace/install/ros2_linkattacher/share/ros2_linkattacher/package.bash'
[0.728s] INFO:colcon.colcon_core.shell:Creating package script '/home/user/exchange/workspace/install/ros2_linkattacher/share/ros2_linkattacher/package.zsh'
[0.728s] Level 1:colcon.colcon_core.environment:create_file_with_runtime_dependencies(/home/user/exchange/workspace/install/ros2_linkattacher/share/colcon-core/packages/ros2_linkattacher)
[0.801s] Level 1:colcon.colcon_core.environment:checking '/home/user/exchange/workspace/install/pal_pro_gripper_wrapper' for CMake module files
[0.801s] DEBUG:colcon.colcon_core.event_handler.log_command:Invoked command in '/home/user/exchange/workspace/src/pal_pro_gripper/pal_pro_gripper_wrapper' returned '0': PYTHONPATH=/home/user/exchange/workspace/build/pal_pro_gripper_wrapper/prefix_override:/usr/lib/python3/dist-packages/colcon_core/task/python/colcon_distutils_commands:/home/user/exchange/workspace/install/pal_pro_gripper_wrapper/lib/python3.10/site-packages:${PYTHONPATH} /usr/bin/python3 -W ignore:setup.py install is deprecated -W ignore:easy_install command is deprecated setup.py egg_info --egg-base ../../../build/pal_pro_gripper_wrapper build --build-base /home/user/exchange/workspace/build/pal_pro_gripper_wrapper/build install --record /home/user/exchange/workspace/build/pal_pro_gripper_wrapper/install.log --single-version-externally-managed install_data
[0.802s] Level 1:colcon.colcon_core.environment:checking '/home/user/exchange/workspace/install/pal_pro_gripper_wrapper' for CMake config files
[0.802s] Level 1:colcon.colcon_core.environment:checking '/home/user/exchange/workspace/install/pal_pro_gripper_wrapper/lib'
[0.802s] Level 1:colcon.colcon_core.environment:checking '/home/user/exchange/workspace/install/pal_pro_gripper_wrapper/bin'
[0.802s] Level 1:colcon.colcon_core.environment:checking '/home/user/exchange/workspace/install/pal_pro_gripper_wrapper/lib/pkgconfig/pal_pro_gripper_wrapper.pc'
[0.802s] Level 1:colcon.colcon_core.environment:checking '/home/user/exchange/workspace/install/pal_pro_gripper_wrapper/lib/python3.10/site-packages'
[0.802s] Level 1:colcon.colcon_core.shell:create_environment_hook('pal_pro_gripper_wrapper', 'pythonpath')
[0.802s] INFO:colcon.colcon_core.shell:Creating environment hook '/home/user/exchange/workspace/install/pal_pro_gripper_wrapper/share/pal_pro_gripper_wrapper/hook/pythonpath.ps1'
[0.803s] INFO:colcon.colcon_core.shell:Creating environment descriptor '/home/user/exchange/workspace/install/pal_pro_gripper_wrapper/share/pal_pro_gripper_wrapper/hook/pythonpath.dsv'
[0.803s] INFO:colcon.colcon_core.shell:Creating environment hook '/home/user/exchange/workspace/install/pal_pro_gripper_wrapper/share/pal_pro_gripper_wrapper/hook/pythonpath.sh'
[0.803s] Level 1:colcon.colcon_core.environment:checking '/home/user/exchange/workspace/install/pal_pro_gripper_wrapper/bin'
[0.803s] Level 1:colcon.colcon_core.environment:create_environment_scripts_only(pal_pro_gripper_wrapper)
[0.804s] INFO:colcon.colcon_core.shell:Creating package script '/home/user/exchange/workspace/install/pal_pro_gripper_wrapper/share/pal_pro_gripper_wrapper/package.ps1'
[0.804s] INFO:colcon.colcon_core.shell:Creating package descriptor '/home/user/exchange/workspace/install/pal_pro_gripper_wrapper/share/pal_pro_gripper_wrapper/package.dsv'
[0.804s] INFO:colcon.colcon_core.shell:Creating package script '/home/user/exchange/workspace/install/pal_pro_gripper_wrapper/share/pal_pro_gripper_wrapper/package.sh'
[0.804s] INFO:colcon.colcon_core.shell:Creating package script '/home/user/exchange/workspace/install/pal_pro_gripper_wrapper/share/pal_pro_gripper_wrapper/package.bash'
[0.805s] INFO:colcon.colcon_core.shell:Creating package script '/home/user/exchange/workspace/install/pal_pro_gripper_wrapper/share/pal_pro_gripper_wrapper/package.zsh'
[0.805s] Level 1:colcon.colcon_core.environment:create_file_with_runtime_dependencies(/home/user/exchange/workspace/install/pal_pro_gripper_wrapper/share/colcon-core/packages/pal_pro_gripper_wrapper)
[0.805s] INFO:colcon.colcon_ros.task.ament_cmake.build:Building ROS package in '/home/user/exchange/workspace/src/pal_pro_gripper/pal_pro_gripper_controller_configuration' with build type 'ament_cmake'
[0.805s] INFO:colcon.colcon_cmake.task.cmake.build:Building CMake package in '/home/user/exchange/workspace/src/pal_pro_gripper/pal_pro_gripper_controller_configuration'
[0.805s] INFO:colcon.colcon_core.shell:Skip shell extension 'powershell' for command environment: Not usable outside of PowerShell
[0.805s] DEBUG:colcon.colcon_core.shell:Skip shell extension 'dsv' for command environment
[0.811s] DEBUG:colcon.colcon_core.event_handler.log_command:Invoking command in '/home/user/exchange/workspace/build/pal_pro_gripper_controller_configuration': AMENT_PREFIX_PATH=/home/user/exchange/workspace/install/pal_pro_gripper_wrapper:/home/user/exchange/workspace/install/tiago_manipulation_tasks:/home/user/exchange/workspace/install/pick_task:/home/user/exchange/workspace/install/tiago_pro_simulation:/home/user/exchange/workspace/install/tiago_pro_robot:/home/user/exchange/workspace/install/tiago_pro_navigation:/home/user/exchange/workspace/install/tiago_pro_gazebo:/home/user/exchange/workspace/install/tiago_pro_rgbd_sensors:/home/user/exchange/workspace/install/tiago_pro_mujoco:/home/user/exchange/workspace/install/tiago_pro_moveit_config:/home/user/exchange/workspace/install/tiago_pro_laser_sensors:/home/user/exchange/workspace/install/tiago_pro_description:/home/user/exchange/workspace/install/tiago_pro_bringup:/home/user/exchange/workspace/install/tiago_pro_controller_configuration:/home/user/exchange/workspace/install/tiago_pro_2dnav:/home/user/exchange/workspace/install/ros2_linkattacher:/home/user/exchange/workspace/install/pal_sea_arm_moveit_config:/home/user/exchange/workspace/install/pal_sea_arm:/home/user/exchange/workspace/install/pal_sea_arm_bringup:/home/user/exchange/workspace/install/pal_sea_arm_description:/home/user/exchange/workspace/install/pal_sea_arm_controller_configuration:/home/user/exchange/workspace/install/pal_pro_gripper_simulation:/home/user/exchange/workspace/install/pal_pro_gripper_bringup:/home/user/exchange/workspace/install/pal_pro_gripper:/home/user/exchange/workspace/install/pal_pro_gripper_controller_configuration:/home/user/exchange/workspace/install/pal_pro_gripper_description:/home/user/exchange/workspace/install/pal_gazebo_worlds:/home/user/exchange/workspace/install/linkattacher_msgs:/opt/ros/humble CMAKE_PREFIX_PATH=${CMAKE_PREFIX_PATH}:/home/user/exchange/workspace/install/pick_task:/home/user/exchange/workspace/install/pal_pro_gripper_wrapper:/opt/ros/humble PYTHONPATH=/home/user/exchange/workspace/install/pal_pro_gripper_wrapper/lib/python3.10/site-packages:/home/user/exchange/workspace/install/pick_task/lib/python3.10/site-packages:/home/user/exchange/workspace/install/tiago_pro_description/local/lib/python3.10/dist-packages:/home/user/exchange/workspace/install/pal_sea_arm_description/local/lib/python3.10/dist-packages:/home/user/exchange/workspace/install/pal_pro_gripper_description/local/lib/python3.10/dist-packages:/home/user/exchange/workspace/install/linkattacher_msgs/local/lib/python3.10/dist-packages:/opt/ros/humble/lib/python3.10/site-packages:/opt/ros/humble/local/lib/python3.10/dist-packages /usr/bin/cmake --build /home/user/exchange/workspace/build/pal_pro_gripper_controller_configuration -- -j12 -l12
[0.832s] DEBUG:colcon.colcon_core.event_handler.log_command:Invoked command in '/home/user/exchange/workspace/build/pal_pro_gripper_controller_configuration' returned '0': AMENT_PREFIX_PATH=/home/user/exchange/workspace/install/pal_pro_gripper_wrapper:/home/user/exchange/workspace/install/tiago_manipulation_tasks:/home/user/exchange/workspace/install/pick_task:/home/user/exchange/workspace/install/tiago_pro_simulation:/home/user/exchange/workspace/install/tiago_pro_robot:/home/user/exchange/workspace/install/tiago_pro_navigation:/home/user/exchange/workspace/install/tiago_pro_gazebo:/home/user/exchange/workspace/install/tiago_pro_rgbd_sensors:/home/user/exchange/workspace/install/tiago_pro_mujoco:/home/user/exchange/workspace/install/tiago_pro_moveit_config:/home/user/exchange/workspace/install/tiago_pro_laser_sensors:/home/user/exchange/workspace/install/tiago_pro_description:/home/user/exchange/workspace/install/tiago_pro_bringup:/home/user/exchange/workspace/install/tiago_pro_controller_configuration:/home/user/exchange/workspace/install/tiago_pro_2dnav:/home/user/exchange/workspace/install/ros2_linkattacher:/home/user/exchange/workspace/install/pal_sea_arm_moveit_config:/home/user/exchange/workspace/install/pal_sea_arm:/home/user/exchange/workspace/install/pal_sea_arm_bringup:/home/user/exchange/workspace/install/pal_sea_arm_description:/home/user/exchange/workspace/install/pal_sea_arm_controller_configuration:/home/user/exchange/workspace/install/pal_pro_gripper_simulation:/home/user/exchange/workspace/install/pal_pro_gripper_bringup:/home/user/exchange/workspace/install/pal_pro_gripper:/home/user/exchange/workspace/install/pal_pro_gripper_controller_configuration:/home/user/exchange/workspace/install/pal_pro_gripper_description:/home/user/exchange/workspace/install/pal_gazebo_worlds:/home/user/exchange/workspace/install/linkattacher_msgs:/opt/ros/humble CMAKE_PREFIX_PATH=${CMAKE_PREFIX_PATH}:/home/user/exchange/workspace/install/pick_task:/home/user/exchange/workspace/install/pal_pro_gripper_wrapper:/opt/ros/humble PYTHONPATH=/home/user/exchange/workspace/install/pal_pro_gripper_wrapper/lib/python3.10/site-packages:/home/user/exchange/workspace/install/pick_task/lib/python3.10/site-packages:/home/user/exchange/workspace/install/tiago_pro_description/local/lib/python3.10/dist-packages:/home/user/exchange/workspace/install/pal_sea_arm_description/local/lib/python3.10/dist-packages:/home/user/exchange/workspace/install/pal_pro_gripper_description/local/lib/python3.10/dist-packages:/home/user/exchange/workspace/install/linkattacher_msgs/local/lib/python3.10/dist-packages:/opt/ros/humble/lib/python3.10/site-packages:/opt/ros/humble/local/lib/python3.10/dist-packages /usr/bin/cmake --build /home/user/exchange/workspace/build/pal_pro_gripper_controller_configuration -- -j12 -l12
[0.833s] DEBUG:colcon.colcon_core.event_handler.log_command:Invoking command in '/home/user/exchange/workspace/build/pal_pro_gripper_controller_configuration': AMENT_PREFIX_PATH=/home/user/exchange/workspace/install/pal_pro_gripper_wrapper:/home/user/exchange/workspace/install/tiago_manipulation_tasks:/home/user/exchange/workspace/install/pick_task:/home/user/exchange/workspace/install/tiago_pro_simulation:/home/user/exchange/workspace/install/tiago_pro_robot:/home/user/exchange/workspace/install/tiago_pro_navigation:/home/user/exchange/workspace/install/tiago_pro_gazebo:/home/user/exchange/workspace/install/tiago_pro_rgbd_sensors:/home/user/exchange/workspace/install/tiago_pro_mujoco:/home/user/exchange/workspace/install/tiago_pro_moveit_config:/home/user/exchange/workspace/install/tiago_pro_laser_sensors:/home/user/exchange/workspace/install/tiago_pro_description:/home/user/exchange/workspace/install/tiago_pro_bringup:/home/user/exchange/workspace/install/tiago_pro_controller_configuration:/home/user/exchange/workspace/install/tiago_pro_2dnav:/home/user/exchange/workspace/install/ros2_linkattacher:/home/user/exchange/workspace/install/pal_sea_arm_moveit_config:/home/user/exchange/workspace/install/pal_sea_arm:/home/user/exchange/workspace/install/pal_sea_arm_bringup:/home/user/exchange/workspace/install/pal_sea_arm_description:/home/user/exchange/workspace/install/pal_sea_arm_controller_configuration:/home/user/exchange/workspace/install/pal_pro_gripper_simulation:/home/user/exchange/workspace/install/pal_pro_gripper_bringup:/home/user/exchange/workspace/install/pal_pro_gripper:/home/user/exchange/workspace/install/pal_pro_gripper_controller_configuration:/home/user/exchange/workspace/install/pal_pro_gripper_description:/home/user/exchange/workspace/install/pal_gazebo_worlds:/home/user/exchange/workspace/install/linkattacher_msgs:/opt/ros/humble CMAKE_PREFIX_PATH=${CMAKE_PREFIX_PATH}:/home/user/exchange/workspace/install/pick_task:/home/user/exchange/workspace/install/pal_pro_gripper_wrapper:/opt/ros/humble PYTHONPATH=/home/user/exchange/workspace/install/pal_pro_gripper_wrapper/lib/python3.10/site-packages:/home/user/exchange/workspace/install/pick_task/lib/python3.10/site-packages:/home/user/exchange/workspace/install/tiago_pro_description/local/lib/python3.10/dist-packages:/home/user/exchange/workspace/install/pal_sea_arm_description/local/lib/python3.10/dist-packages:/home/user/exchange/workspace/install/pal_pro_gripper_description/local/lib/python3.10/dist-packages:/home/user/exchange/workspace/install/linkattacher_msgs/local/lib/python3.10/dist-packages:/opt/ros/humble/lib/python3.10/site-packages:/opt/ros/humble/local/lib/python3.10/dist-packages /usr/bin/cmake --install /home/user/exchange/workspace/build/pal_pro_gripper_controller_configuration
[0.838s] Level 1:colcon.colcon_core.environment:create_environment_scripts_only(pal_pro_gripper_controller_configuration)
[0.838s] Level 1:colcon.colcon_core.environment:checking '/home/user/exchange/workspace/install/pal_pro_gripper_controller_configuration' for CMake module files
[0.839s] DEBUG:colcon.colcon_core.event_handler.log_command:Invoked command in '/home/user/exchange/workspace/build/pal_pro_gripper_controller_configuration' returned '0': AMENT_PREFIX_PATH=/home/user/exchange/workspace/install/pal_pro_gripper_wrapper:/home/user/exchange/workspace/install/tiago_manipulation_tasks:/home/user/exchange/workspace/install/pick_task:/home/user/exchange/workspace/install/tiago_pro_simulation:/home/user/exchange/workspace/install/tiago_pro_robot:/home/user/exchange/workspace/install/tiago_pro_navigation:/home/user/exchange/workspace/install/tiago_pro_gazebo:/home/user/exchange/workspace/install/tiago_pro_rgbd_sensors:/home/user/exchange/workspace/install/tiago_pro_mujoco:/home/user/exchange/workspace/install/tiago_pro_moveit_config:/home/user/exchange/workspace/install/tiago_pro_laser_sensors:/home/user/exchange/workspace/install/tiago_pro_description:/home/user/exchange/workspace/install/tiago_pro_bringup:/home/user/exchange/workspace/install/tiago_pro_controller_configuration:/home/user/exchange/workspace/install/tiago_pro_2dnav:/home/user/exchange/workspace/install/ros2_linkattacher:/home/user/exchange/workspace/install/pal_sea_arm_moveit_config:/home/user/exchange/workspace/install/pal_sea_arm:/home/user/exchange/workspace/install/pal_sea_arm_bringup:/home/user/exchange/workspace/install/pal_sea_arm_description:/home/user/exchange/workspace/install/pal_sea_arm_controller_configuration:/home/user/exchange/workspace/install/pal_pro_gripper_simulation:/home/user/exchange/workspace/install/pal_pro_gripper_bringup:/home/user/exchange/workspace/install/pal_pro_gripper:/home/user/exchange/workspace/install/pal_pro_gripper_controller_configuration:/home/user/exchange/workspace/install/pal_pro_gripper_description:/home/user/exchange/workspace/install/pal_gazebo_worlds:/home/user/exchange/workspace/install/linkattacher_msgs:/opt/ros/humble CMAKE_PREFIX_PATH=${CMAKE_PREFIX_PATH}:/home/user/exchange/workspace/install/pick_task:/home/user/exchange/workspace/install/pal_pro_gripper_wrapper:/opt/ros/humble PYTHONPATH=/home/user/exchange/workspace/install/pal_pro_gripper_wrapper/lib/python3.10/site-packages:/home/user/exchange/workspace/install/pick_task/lib/python3.10/site-packages:/home/user/exchange/workspace/install/tiago_pro_description/local/lib/python3.10/dist-packages:/home/user/exchange/workspace/install/pal_sea_arm_description/local/lib/python3.10/dist-packages:/home/user/exchange/workspace/install/pal_pro_gripper_description/local/lib/python3.10/dist-packages:/home/user/exchange/workspace/install/linkattacher_msgs/local/lib/python3.10/dist-packages:/opt/ros/humble/lib/python3.10/site-packages:/opt/ros/humble/local/lib/python3.10/dist-packages /usr/bin/cmake --install /home/user/exchange/workspace/build/pal_pro_gripper_controller_configuration
[0.839s] Level 1:colcon.colcon_core.environment:checking '/home/user/exchange/workspace/install/pal_pro_gripper_controller_configuration' for CMake config files
[0.839s] Level 1:colcon.colcon_core.shell:create_environment_hook('pal_pro_gripper_controller_configuration', 'cmake_prefix_path')
[0.839s] INFO:colcon.colcon_core.shell:Creating environment hook '/home/user/exchange/workspace/install/pal_pro_gripper_controller_configuration/share/pal_pro_gripper_controller_configuration/hook/cmake_prefix_path.ps1'
[0.839s] INFO:colcon.colcon_core.shell:Creating environment descriptor '/home/user/exchange/workspace/install/pal_pro_gripper_controller_configuration/share/pal_pro_gripper_controller_configuration/hook/cmake_prefix_path.dsv'
[0.840s] INFO:colcon.colcon_core.shell:Creating environment hook '/home/user/exchange/workspace/install/pal_pro_gripper_controller_configuration/share/pal_pro_gripper_controller_configuration/hook/cmake_prefix_path.sh'
[0.840s] Level 1:colcon.colcon_core.environment:checking '/home/user/exchange/workspace/install/pal_pro_gripper_controller_configuration/bin'
[0.840s] Level 1:colcon.colcon_core.environment:checking '/home/user/exchange/workspace/install/pal_pro_gripper_controller_configuration/lib/pkgconfig/pal_pro_gripper_controller_configuration.pc'
[0.840s] Level 1:colcon.colcon_core.environment:checking '/home/user/exchange/workspace/install/pal_pro_gripper_controller_configuration/lib/python3.10/site-packages'
[0.840s] Level 1:colcon.colcon_core.environment:checking '/home/user/exchange/workspace/install/pal_pro_gripper_controller_configuration/bin'
[0.841s] INFO:colcon.colcon_core.shell:Creating package script '/home/user/exchange/workspace/install/pal_pro_gripper_controller_configuration/share/pal_pro_gripper_controller_configuration/package.ps1'
[0.841s] INFO:colcon.colcon_core.shell:Creating package descriptor '/home/user/exchange/workspace/install/pal_pro_gripper_controller_configuration/share/pal_pro_gripper_controller_configuration/package.dsv'
[0.841s] INFO:colcon.colcon_core.shell:Creating package script '/home/user/exchange/workspace/install/pal_pro_gripper_controller_configuration/share/pal_pro_gripper_controller_configuration/package.sh'
[0.841s] INFO:colcon.colcon_core.shell:Creating package script '/home/user/exchange/workspace/install/pal_pro_gripper_controller_configuration/share/pal_pro_gripper_controller_configuration/package.bash'
[0.841s] INFO:colcon.colcon_core.shell:Creating package script '/home/user/exchange/workspace/install/pal_pro_gripper_controller_configuration/share/pal_pro_gripper_controller_configuration/package.zsh'
[0.842s] Level 1:colcon.colcon_core.environment:create_file_with_runtime_dependencies(/home/user/exchange/workspace/install/pal_pro_gripper_controller_configuration/share/colcon-core/packages/pal_pro_gripper_controller_configuration)
[0.842s] Level 1:colcon.colcon_core.environment:create_environment_scripts_only(pal_pro_gripper_controller_configuration)
[0.842s] Level 1:colcon.colcon_core.environment:checking '/home/user/exchange/workspace/install/pal_pro_gripper_controller_configuration' for CMake module files
[0.842s] Level 1:colcon.colcon_core.environment:checking '/home/user/exchange/workspace/install/pal_pro_gripper_controller_configuration' for CMake config files
[0.842s] Level 1:colcon.colcon_core.shell:create_environment_hook('pal_pro_gripper_controller_configuration', 'cmake_prefix_path')
[0.843s] INFO:colcon.colcon_core.shell:Creating environment hook '/home/user/exchange/workspace/install/pal_pro_gripper_controller_configuration/share/pal_pro_gripper_controller_configuration/hook/cmake_prefix_path.ps1'
[0.843s] INFO:colcon.colcon_core.shell:Creating environment descriptor '/home/user/exchange/workspace/install/pal_pro_gripper_controller_configuration/share/pal_pro_gripper_controller_configuration/hook/cmake_prefix_path.dsv'
[0.843s] INFO:colcon.colcon_core.shell:Creating environment hook '/home/user/exchange/workspace/install/pal_pro_gripper_controller_configuration/share/pal_pro_gripper_controller_configuration/hook/cmake_prefix_path.sh'
[0.843s] Level 1:colcon.colcon_core.environment:checking '/home/user/exchange/workspace/install/pal_pro_gripper_controller_configuration/bin'
[0.843s] Level 1:colcon.colcon_core.environment:checking '/home/user/exchange/workspace/install/pal_pro_gripper_controller_configuration/lib/pkgconfig/pal_pro_gripper_controller_configuration.pc'
[0.843s] Level 1:colcon.colcon_core.environment:checking '/home/user/exchange/workspace/install/pal_pro_gripper_controller_configuration/lib/python3.10/site-packages'
[0.844s] Level 1:colcon.colcon_core.environment:checking '/home/user/exchange/workspace/install/pal_pro_gripper_controller_configuration/bin'
[0.844s] INFO:colcon.colcon_core.shell:Creating package script '/home/user/exchange/workspace/install/pal_pro_gripper_controller_configuration/share/pal_pro_gripper_controller_configuration/package.ps1'
[0.844s] INFO:colcon.colcon_core.shell:Creating package descriptor '/home/user/exchange/workspace/install/pal_pro_gripper_controller_configuration/share/pal_pro_gripper_controller_configuration/package.dsv'
[0.844s] INFO:colcon.colcon_core.shell:Creating package script '/home/user/exchange/workspace/install/pal_pro_gripper_controller_configuration/share/pal_pro_gripper_controller_configuration/package.sh'
[0.845s] INFO:colcon.colcon_core.shell:Creating package script '/home/user/exchange/workspace/install/pal_pro_gripper_controller_configuration/share/pal_pro_gripper_controller_configuration/package.bash'
[0.845s] INFO:colcon.colcon_core.shell:Creating package script '/home/user/exchange/workspace/install/pal_pro_gripper_controller_configuration/share/pal_pro_gripper_controller_configuration/package.zsh'
[0.845s] Level 1:colcon.colcon_core.environment:create_file_with_runtime_dependencies(/home/user/exchange/workspace/install/pal_pro_gripper_controller_configuration/share/colcon-core/packages/pal_pro_gripper_controller_configuration)
[0.845s] INFO:colcon.colcon_ros.task.ament_cmake.build:Building ROS package in '/home/user/exchange/workspace/src/pal_sea_arm/pal_sea_arm_controller_configuration' with build type 'ament_cmake'
[0.845s] INFO:colcon.colcon_cmake.task.cmake.build:Building CMake package in '/home/user/exchange/workspace/src/pal_sea_arm/pal_sea_arm_controller_configuration'
[0.845s] INFO:colcon.colcon_core.shell:Skip shell extension 'powershell' for command environment: Not usable outside of PowerShell
[0.845s] DEBUG:colcon.colcon_core.shell:Skip shell extension 'dsv' for command environment
[0.849s] INFO:colcon.colcon_ros.task.ament_cmake.build:Building ROS package in '/home/user/exchange/workspace/src/pal_pro_gripper/pal_pro_gripper' with build type 'ament_cmake'
[0.849s] INFO:colcon.colcon_cmake.task.cmake.build:Building CMake package in '/home/user/exchange/workspace/src/pal_pro_gripper/pal_pro_gripper'
[0.849s] INFO:colcon.colcon_core.shell:Skip shell extension 'powershell' for command environment: Not usable outside of PowerShell
[0.849s] DEBUG:colcon.colcon_core.shell:Skip shell extension 'dsv' for command environment
[0.852s] INFO:colcon.colcon_ros.task.ament_cmake.build:Building ROS package in '/home/user/exchange/workspace/src/pal_pro_gripper/pal_pro_gripper_bringup' with build type 'ament_cmake'
[0.852s] INFO:colcon.colcon_cmake.task.cmake.build:Building CMake package in '/home/user/exchange/workspace/src/pal_pro_gripper/pal_pro_gripper_bringup'
[0.852s] INFO:colcon.colcon_core.shell:Skip shell extension 'powershell' for command environment: Not usable outside of PowerShell
[0.852s] DEBUG:colcon.colcon_core.shell:Skip shell extension 'dsv' for command environment
[0.855s] INFO:colcon.colcon_ros.task.ament_cmake.build:Building ROS package in '/home/user/exchange/workspace/src/pal_pro_gripper/pal_pro_gripper_simulation' with build type 'ament_cmake'
[0.855s] INFO:colcon.colcon_cmake.task.cmake.build:Building CMake package in '/home/user/exchange/workspace/src/pal_pro_gripper/pal_pro_gripper_simulation'
[0.855s] INFO:colcon.colcon_core.shell:Skip shell extension 'powershell' for command environment: Not usable outside of PowerShell
[0.855s] DEBUG:colcon.colcon_core.shell:Skip shell extension 'dsv' for command environment
[0.861s] DEBUG:colcon.colcon_core.event_handler.log_command:Invoking command in '/home/user/exchange/workspace/build/pal_sea_arm_controller_configuration': AMENT_PREFIX_PATH=/home/user/exchange/workspace/install/pal_pro_gripper_wrapper:/home/user/exchange/workspace/install/tiago_manipulation_tasks:/home/user/exchange/workspace/install/pick_task:/home/user/exchange/workspace/install/tiago_pro_simulation:/home/user/exchange/workspace/install/tiago_pro_robot:/home/user/exchange/workspace/install/tiago_pro_navigation:/home/user/exchange/workspace/install/tiago_pro_gazebo:/home/user/exchange/workspace/install/tiago_pro_rgbd_sensors:/home/user/exchange/workspace/install/tiago_pro_mujoco:/home/user/exchange/workspace/install/tiago_pro_moveit_config:/home/user/exchange/workspace/install/tiago_pro_laser_sensors:/home/user/exchange/workspace/install/tiago_pro_description:/home/user/exchange/workspace/install/tiago_pro_bringup:/home/user/exchange/workspace/install/tiago_pro_controller_configuration:/home/user/exchange/workspace/install/tiago_pro_2dnav:/home/user/exchange/workspace/install/ros2_linkattacher:/home/user/exchange/workspace/install/pal_sea_arm_moveit_config:/home/user/exchange/workspace/install/pal_sea_arm:/home/user/exchange/workspace/install/pal_sea_arm_bringup:/home/user/exchange/workspace/install/pal_sea_arm_description:/home/user/exchange/workspace/install/pal_sea_arm_controller_configuration:/home/user/exchange/workspace/install/pal_pro_gripper_simulation:/home/user/exchange/workspace/install/pal_pro_gripper_bringup:/home/user/exchange/workspace/install/pal_pro_gripper:/home/user/exchange/workspace/install/pal_pro_gripper_controller_configuration:/home/user/exchange/workspace/install/pal_pro_gripper_description:/home/user/exchange/workspace/install/pal_gazebo_worlds:/home/user/exchange/workspace/install/linkattacher_msgs:/opt/ros/humble CMAKE_PREFIX_PATH=/home/user/exchange/workspace/install/pal_pro_gripper_controller_configuration:/home/user/exchange/workspace/install/tiago_manipulation_tasks:/home/user/exchange/workspace/install/tiago_pro_simulation:/home/user/exchange/workspace/install/tiago_pro_robot:/home/user/exchange/workspace/install/tiago_pro_navigation:/home/user/exchange/workspace/install/tiago_pro_gazebo:/home/user/exchange/workspace/install/tiago_pro_rgbd_sensors:/home/user/exchange/workspace/install/tiago_pro_mujoco:/home/user/exchange/workspace/install/tiago_pro_moveit_config:/home/user/exchange/workspace/install/tiago_pro_laser_sensors:/home/user/exchange/workspace/install/tiago_pro_description:/home/user/exchange/workspace/install/tiago_pro_bringup:/home/user/exchange/workspace/install/tiago_pro_controller_configuration:/home/user/exchange/workspace/install/tiago_pro_2dnav:/home/user/exchange/workspace/install/ros2_linkattacher:/home/user/exchange/workspace/install/pal_sea_arm_moveit_config:/home/user/exchange/workspace/install/pal_sea_arm:/home/user/exchange/workspace/install/pal_sea_arm_bringup:/home/user/exchange/workspace/install/pal_sea_arm_description:/home/user/exchange/workspace/install/pal_sea_arm_controller_configuration:/home/user/exchange/workspace/install/pal_pro_gripper_simulation:/home/user/exchange/workspace/install/pal_pro_gripper_bringup:/home/user/exchange/workspace/install/pal_pro_gripper:/home/user/exchange/workspace/install/pal_pro_gripper_description:/home/user/exchange/workspace/install/pal_gazebo_worlds:/home/user/exchange/workspace/install/linkattacher_msgs:/home/user/exchange/workspace/install/pick_task:/home/user/exchange/workspace/install/pal_pro_gripper_wrapper:/opt/ros/humble PYTHONPATH=/home/user/exchange/workspace/install/pal_pro_gripper_wrapper/lib/python3.10/site-packages:/home/user/exchange/workspace/install/pick_task/lib/python3.10/site-packages:/home/user/exchange/workspace/install/tiago_pro_description/local/lib/python3.10/dist-packages:/home/user/exchange/workspace/install/pal_sea_arm_description/local/lib/python3.10/dist-packages:/home/user/exchange/workspace/install/pal_pro_gripper_description/local/lib/python3.10/dist-packages:/home/user/exchange/workspace/install/linkattacher_msgs/local/lib/python3.10/dist-packages:/opt/ros/humble/lib/python3.10/site-packages:/opt/ros/humble/local/lib/python3.10/dist-packages /usr/bin/cmake --build /home/user/exchange/workspace/build/pal_sea_arm_controller_configuration -- -j12 -l12
[0.862s] DEBUG:colcon.colcon_core.event_handler.log_command:Invoking command in '/home/user/exchange/workspace/build/pal_pro_gripper': AMENT_PREFIX_PATH=/home/user/exchange/workspace/install/pal_pro_gripper_wrapper:/home/user/exchange/workspace/install/tiago_manipulation_tasks:/home/user/exchange/workspace/install/pick_task:/home/user/exchange/workspace/install/tiago_pro_simulation:/home/user/exchange/workspace/install/tiago_pro_robot:/home/user/exchange/workspace/install/tiago_pro_navigation:/home/user/exchange/workspace/install/tiago_pro_gazebo:/home/user/exchange/workspace/install/tiago_pro_rgbd_sensors:/home/user/exchange/workspace/install/tiago_pro_mujoco:/home/user/exchange/workspace/install/tiago_pro_moveit_config:/home/user/exchange/workspace/install/tiago_pro_laser_sensors:/home/user/exchange/workspace/install/tiago_pro_description:/home/user/exchange/workspace/install/tiago_pro_bringup:/home/user/exchange/workspace/install/tiago_pro_controller_configuration:/home/user/exchange/workspace/install/tiago_pro_2dnav:/home/user/exchange/workspace/install/ros2_linkattacher:/home/user/exchange/workspace/install/pal_sea_arm_moveit_config:/home/user/exchange/workspace/install/pal_sea_arm:/home/user/exchange/workspace/install/pal_sea_arm_bringup:/home/user/exchange/workspace/install/pal_sea_arm_description:/home/user/exchange/workspace/install/pal_sea_arm_controller_configuration:/home/user/exchange/workspace/install/pal_pro_gripper_simulation:/home/user/exchange/workspace/install/pal_pro_gripper_bringup:/home/user/exchange/workspace/install/pal_pro_gripper:/home/user/exchange/workspace/install/pal_pro_gripper_controller_configuration:/home/user/exchange/workspace/install/pal_pro_gripper_description:/home/user/exchange/workspace/install/pal_gazebo_worlds:/home/user/exchange/workspace/install/linkattacher_msgs:/opt/ros/humble CMAKE_PREFIX_PATH=/home/user/exchange/workspace/install/pal_pro_gripper_controller_configuration:/home/user/exchange/workspace/install/pal_pro_gripper_description:/home/user/exchange/workspace/install/tiago_manipulation_tasks:/home/user/exchange/workspace/install/tiago_pro_simulation:/home/user/exchange/workspace/install/tiago_pro_robot:/home/user/exchange/workspace/install/tiago_pro_navigation:/home/user/exchange/workspace/install/tiago_pro_gazebo:/home/user/exchange/workspace/install/tiago_pro_rgbd_sensors:/home/user/exchange/workspace/install/tiago_pro_mujoco:/home/user/exchange/workspace/install/tiago_pro_moveit_config:/home/user/exchange/workspace/install/tiago_pro_laser_sensors:/home/user/exchange/workspace/install/tiago_pro_description:/home/user/exchange/workspace/install/tiago_pro_bringup:/home/user/exchange/workspace/install/tiago_pro_controller_configuration:/home/user/exchange/workspace/install/tiago_pro_2dnav:/home/user/exchange/workspace/install/ros2_linkattacher:/home/user/exchange/workspace/install/pal_sea_arm_moveit_config:/home/user/exchange/workspace/install/pal_sea_arm:/home/user/exchange/workspace/install/pal_sea_arm_bringup:/home/user/exchange/workspace/install/pal_sea_arm_description:/home/user/exchange/workspace/install/pal_sea_arm_controller_configuration:/home/user/exchange/workspace/install/pal_pro_gripper_simulation:/home/user/exchange/workspace/install/pal_pro_gripper_bringup:/home/user/exchange/workspace/install/pal_pro_gripper:/home/user/exchange/workspace/install/pal_gazebo_worlds:/home/user/exchange/workspace/install/linkattacher_msgs:/home/user/exchange/workspace/install/pick_task:/home/user/exchange/workspace/install/pal_pro_gripper_wrapper:/opt/ros/humble PYTHONPATH=/home/user/exchange/workspace/install/pal_pro_gripper_wrapper/lib/python3.10/site-packages:/home/user/exchange/workspace/install/pick_task/lib/python3.10/site-packages:/home/user/exchange/workspace/install/tiago_pro_description/local/lib/python3.10/dist-packages:/home/user/exchange/workspace/install/pal_sea_arm_description/local/lib/python3.10/dist-packages:/home/user/exchange/workspace/install/pal_pro_gripper_description/local/lib/python3.10/dist-packages:/home/user/exchange/workspace/install/linkattacher_msgs/local/lib/python3.10/dist-packages:/opt/ros/humble/lib/python3.10/site-packages:/opt/ros/humble/local/lib/python3.10/dist-packages /usr/bin/cmake --build /home/user/exchange/workspace/build/pal_pro_gripper -- -j12 -l12
[0.865s] DEBUG:colcon.colcon_core.event_handler.log_command:Invoking command in '/home/user/exchange/workspace/build/pal_pro_gripper_bringup': AMENT_PREFIX_PATH=/home/user/exchange/workspace/install/pal_pro_gripper_wrapper:/home/user/exchange/workspace/install/tiago_manipulation_tasks:/home/user/exchange/workspace/install/pick_task:/home/user/exchange/workspace/install/tiago_pro_simulation:/home/user/exchange/workspace/install/tiago_pro_robot:/home/user/exchange/workspace/install/tiago_pro_navigation:/home/user/exchange/workspace/install/tiago_pro_gazebo:/home/user/exchange/workspace/install/tiago_pro_rgbd_sensors:/home/user/exchange/workspace/install/tiago_pro_mujoco:/home/user/exchange/workspace/install/tiago_pro_moveit_config:/home/user/exchange/workspace/install/tiago_pro_laser_sensors:/home/user/exchange/workspace/install/tiago_pro_description:/home/user/exchange/workspace/install/tiago_pro_bringup:/home/user/exchange/workspace/install/tiago_pro_controller_configuration:/home/user/exchange/workspace/install/tiago_pro_2dnav:/home/user/exchange/workspace/install/ros2_linkattacher:/home/user/exchange/workspace/install/pal_sea_arm_moveit_config:/home/user/exchange/workspace/install/pal_sea_arm:/home/user/exchange/workspace/install/pal_sea_arm_bringup:/home/user/exchange/workspace/install/pal_sea_arm_description:/home/user/exchange/workspace/install/pal_sea_arm_controller_configuration:/home/user/exchange/workspace/install/pal_pro_gripper_simulation:/home/user/exchange/workspace/install/pal_pro_gripper_bringup:/home/user/exchange/workspace/install/pal_pro_gripper:/home/user/exchange/workspace/install/pal_pro_gripper_controller_configuration:/home/user/exchange/workspace/install/pal_pro_gripper_description:/home/user/exchange/workspace/install/pal_gazebo_worlds:/home/user/exchange/workspace/install/linkattacher_msgs:/opt/ros/humble CMAKE_PREFIX_PATH=/home/user/exchange/workspace/install/pal_pro_gripper_controller_configuration:/home/user/exchange/workspace/install/pal_pro_gripper_description:/home/user/exchange/workspace/install/tiago_manipulation_tasks:/home/user/exchange/workspace/install/tiago_pro_simulation:/home/user/exchange/workspace/install/tiago_pro_robot:/home/user/exchange/workspace/install/tiago_pro_navigation:/home/user/exchange/workspace/install/tiago_pro_gazebo:/home/user/exchange/workspace/install/tiago_pro_rgbd_sensors:/home/user/exchange/workspace/install/tiago_pro_mujoco:/home/user/exchange/workspace/install/tiago_pro_moveit_config:/home/user/exchange/workspace/install/tiago_pro_laser_sensors:/home/user/exchange/workspace/install/tiago_pro_description:/home/user/exchange/workspace/install/tiago_pro_bringup:/home/user/exchange/workspace/install/tiago_pro_controller_configuration:/home/user/exchange/workspace/install/tiago_pro_2dnav:/home/user/exchange/workspace/install/ros2_linkattacher:/home/user/exchange/workspace/install/pal_sea_arm_moveit_config:/home/user/exchange/workspace/install/pal_sea_arm:/home/user/exchange/workspace/install/pal_sea_arm_bringup:/home/user/exchange/workspace/install/pal_sea_arm_description:/home/user/exchange/workspace/install/pal_sea_arm_controller_configuration:/home/user/exchange/workspace/install/pal_pro_gripper_simulation:/home/user/exchange/workspace/install/pal_pro_gripper_bringup:/home/user/exchange/workspace/install/pal_pro_gripper:/home/user/exchange/workspace/install/pal_gazebo_worlds:/home/user/exchange/workspace/install/linkattacher_msgs:/home/user/exchange/workspace/install/pick_task:/home/user/exchange/workspace/install/pal_pro_gripper_wrapper:/opt/ros/humble PYTHONPATH=/home/user/exchange/workspace/install/pal_pro_gripper_wrapper/lib/python3.10/site-packages:/home/user/exchange/workspace/install/pick_task/lib/python3.10/site-packages:/home/user/exchange/workspace/install/tiago_pro_description/local/lib/python3.10/dist-packages:/home/user/exchange/workspace/install/pal_sea_arm_description/local/lib/python3.10/dist-packages:/home/user/exchange/workspace/install/pal_pro_gripper_description/local/lib/python3.10/dist-packages:/home/user/exchange/workspace/install/linkattacher_msgs/local/lib/python3.10/dist-packages:/opt/ros/humble/lib/python3.10/site-packages:/opt/ros/humble/local/lib/python3.10/dist-packages /usr/bin/cmake --build /home/user/exchange/workspace/build/pal_pro_gripper_bringup -- -j12 -l12
[0.867s] DEBUG:colcon.colcon_core.event_handler.log_command:Invoking command in '/home/user/exchange/workspace/build/pal_pro_gripper_simulation': AMENT_PREFIX_PATH=/home/user/exchange/workspace/install/pal_pro_gripper_wrapper:/home/user/exchange/workspace/install/tiago_manipulation_tasks:/home/user/exchange/workspace/install/pick_task:/home/user/exchange/workspace/install/tiago_pro_simulation:/home/user/exchange/workspace/install/tiago_pro_robot:/home/user/exchange/workspace/install/tiago_pro_navigation:/home/user/exchange/workspace/install/tiago_pro_gazebo:/home/user/exchange/workspace/install/tiago_pro_rgbd_sensors:/home/user/exchange/workspace/install/tiago_pro_mujoco:/home/user/exchange/workspace/install/tiago_pro_moveit_config:/home/user/exchange/workspace/install/tiago_pro_laser_sensors:/home/user/exchange/workspace/install/tiago_pro_description:/home/user/exchange/workspace/install/tiago_pro_bringup:/home/user/exchange/workspace/install/tiago_pro_controller_configuration:/home/user/exchange/workspace/install/tiago_pro_2dnav:/home/user/exchange/workspace/install/ros2_linkattacher:/home/user/exchange/workspace/install/pal_sea_arm_moveit_config:/home/user/exchange/workspace/install/pal_sea_arm:/home/user/exchange/workspace/install/pal_sea_arm_bringup:/home/user/exchange/workspace/install/pal_sea_arm_description:/home/user/exchange/workspace/install/pal_sea_arm_controller_configuration:/home/user/exchange/workspace/install/pal_pro_gripper_simulation:/home/user/exchange/workspace/install/pal_pro_gripper_bringup:/home/user/exchange/workspace/install/pal_pro_gripper:/home/user/exchange/workspace/install/pal_pro_gripper_controller_configuration:/home/user/exchange/workspace/install/pal_pro_gripper_description:/home/user/exchange/workspace/install/pal_gazebo_worlds:/home/user/exchange/workspace/install/linkattacher_msgs:/opt/ros/humble CMAKE_PREFIX_PATH=/home/user/exchange/workspace/install/pal_pro_gripper_controller_configuration:/home/user/exchange/workspace/install/pal_pro_gripper_description:/home/user/exchange/workspace/install/pal_gazebo_worlds:/home/user/exchange/workspace/install/tiago_manipulation_tasks:/home/user/exchange/workspace/install/tiago_pro_simulation:/home/user/exchange/workspace/install/tiago_pro_robot:/home/user/exchange/workspace/install/tiago_pro_navigation:/home/user/exchange/workspace/install/tiago_pro_gazebo:/home/user/exchange/workspace/install/tiago_pro_rgbd_sensors:/home/user/exchange/workspace/install/tiago_pro_mujoco:/home/user/exchange/workspace/install/tiago_pro_moveit_config:/home/user/exchange/workspace/install/tiago_pro_laser_sensors:/home/user/exchange/workspace/install/tiago_pro_description:/home/user/exchange/workspace/install/tiago_pro_bringup:/home/user/exchange/workspace/install/tiago_pro_controller_configuration:/home/user/exchange/workspace/install/tiago_pro_2dnav:/home/user/exchange/workspace/install/ros2_linkattacher:/home/user/exchange/workspace/install/pal_sea_arm_moveit_config:/home/user/exchange/workspace/install/pal_sea_arm:/home/user/exchange/workspace/install/pal_sea_arm_bringup:/home/user/exchange/workspace/install/pal_sea_arm_description:/home/user/exchange/workspace/install/pal_sea_arm_controller_configuration:/home/user/exchange/workspace/install/pal_pro_gripper_simulation:/home/user/exchange/workspace/install/pal_pro_gripper_bringup:/home/user/exchange/workspace/install/pal_pro_gripper:/home/user/exchange/workspace/install/linkattacher_msgs:/home/user/exchange/workspace/install/pick_task:/home/user/exchange/workspace/install/pal_pro_gripper_wrapper:/opt/ros/humble PYTHONPATH=/home/user/exchange/workspace/install/pal_pro_gripper_wrapper/lib/python3.10/site-packages:/home/user/exchange/workspace/install/pick_task/lib/python3.10/site-packages:/home/user/exchange/workspace/install/tiago_pro_description/local/lib/python3.10/dist-packages:/home/user/exchange/workspace/install/pal_sea_arm_description/local/lib/python3.10/dist-packages:/home/user/exchange/workspace/install/pal_pro_gripper_description/local/lib/python3.10/dist-packages:/home/user/exchange/workspace/install/linkattacher_msgs/local/lib/python3.10/dist-packages:/opt/ros/humble/lib/python3.10/site-packages:/opt/ros/humble/local/lib/python3.10/dist-packages /usr/bin/cmake --build /home/user/exchange/workspace/build/pal_pro_gripper_simulation -- -j12 -l12
[0.882s] DEBUG:colcon.colcon_core.event_handler.log_command:Invoked command in '/home/user/exchange/workspace/build/pal_sea_arm_controller_configuration' returned '0': AMENT_PREFIX_PATH=/home/user/exchange/workspace/install/pal_pro_gripper_wrapper:/home/user/exchange/workspace/install/tiago_manipulation_tasks:/home/user/exchange/workspace/install/pick_task:/home/user/exchange/workspace/install/tiago_pro_simulation:/home/user/exchange/workspace/install/tiago_pro_robot:/home/user/exchange/workspace/install/tiago_pro_navigation:/home/user/exchange/workspace/install/tiago_pro_gazebo:/home/user/exchange/workspace/install/tiago_pro_rgbd_sensors:/home/user/exchange/workspace/install/tiago_pro_mujoco:/home/user/exchange/workspace/install/tiago_pro_moveit_config:/home/user/exchange/workspace/install/tiago_pro_laser_sensors:/home/user/exchange/workspace/install/tiago_pro_description:/home/user/exchange/workspace/install/tiago_pro_bringup:/home/user/exchange/workspace/install/tiago_pro_controller_configuration:/home/user/exchange/workspace/install/tiago_pro_2dnav:/home/user/exchange/workspace/install/ros2_linkattacher:/home/user/exchange/workspace/install/pal_sea_arm_moveit_config:/home/user/exchange/workspace/install/pal_sea_arm:/home/user/exchange/workspace/install/pal_sea_arm_bringup:/home/user/exchange/workspace/install/pal_sea_arm_description:/home/user/exchange/workspace/install/pal_sea_arm_controller_configuration:/home/user/exchange/workspace/install/pal_pro_gripper_simulation:/home/user/exchange/workspace/install/pal_pro_gripper_bringup:/home/user/exchange/workspace/install/pal_pro_gripper:/home/user/exchange/workspace/install/pal_pro_gripper_controller_configuration:/home/user/exchange/workspace/install/pal_pro_gripper_description:/home/user/exchange/workspace/install/pal_gazebo_worlds:/home/user/exchange/workspace/install/linkattacher_msgs:/opt/ros/humble CMAKE_PREFIX_PATH=/home/user/exchange/workspace/install/pal_pro_gripper_controller_configuration:/home/user/exchange/workspace/install/tiago_manipulation_tasks:/home/user/exchange/workspace/install/tiago_pro_simulation:/home/user/exchange/workspace/install/tiago_pro_robot:/home/user/exchange/workspace/install/tiago_pro_navigation:/home/user/exchange/workspace/install/tiago_pro_gazebo:/home/user/exchange/workspace/install/tiago_pro_rgbd_sensors:/home/user/exchange/workspace/install/tiago_pro_mujoco:/home/user/exchange/workspace/install/tiago_pro_moveit_config:/home/user/exchange/workspace/install/tiago_pro_laser_sensors:/home/user/exchange/workspace/install/tiago_pro_description:/home/user/exchange/workspace/install/tiago_pro_bringup:/home/user/exchange/workspace/install/tiago_pro_controller_configuration:/home/user/exchange/workspace/install/tiago_pro_2dnav:/home/user/exchange/workspace/install/ros2_linkattacher:/home/user/exchange/workspace/install/pal_sea_arm_moveit_config:/home/user/exchange/workspace/install/pal_sea_arm:/home/user/exchange/workspace/install/pal_sea_arm_bringup:/home/user/exchange/workspace/install/pal_sea_arm_description:/home/user/exchange/workspace/install/pal_sea_arm_controller_configuration:/home/user/exchange/workspace/install/pal_pro_gripper_simulation:/home/user/exchange/workspace/install/pal_pro_gripper_bringup:/home/user/exchange/workspace/install/pal_pro_gripper:/home/user/exchange/workspace/install/pal_pro_gripper_description:/home/user/exchange/workspace/install/pal_gazebo_worlds:/home/user/exchange/workspace/install/linkattacher_msgs:/home/user/exchange/workspace/install/pick_task:/home/user/exchange/workspace/install/pal_pro_gripper_wrapper:/opt/ros/humble PYTHONPATH=/home/user/exchange/workspace/install/pal_pro_gripper_wrapper/lib/python3.10/site-packages:/home/user/exchange/workspace/install/pick_task/lib/python3.10/site-packages:/home/user/exchange/workspace/install/tiago_pro_description/local/lib/python3.10/dist-packages:/home/user/exchange/workspace/install/pal_sea_arm_description/local/lib/python3.10/dist-packages:/home/user/exchange/workspace/install/pal_pro_gripper_description/local/lib/python3.10/dist-packages:/home/user/exchange/workspace/install/linkattacher_msgs/local/lib/python3.10/dist-packages:/opt/ros/humble/lib/python3.10/site-packages:/opt/ros/humble/local/lib/python3.10/dist-packages /usr/bin/cmake --build /home/user/exchange/workspace/build/pal_sea_arm_controller_configuration -- -j12 -l12
[0.883s] DEBUG:colcon.colcon_core.event_handler.log_command:Invoking command in '/home/user/exchange/workspace/build/pal_sea_arm_controller_configuration': AMENT_PREFIX_PATH=/home/user/exchange/workspace/install/pal_pro_gripper_wrapper:/home/user/exchange/workspace/install/tiago_manipulation_tasks:/home/user/exchange/workspace/install/pick_task:/home/user/exchange/workspace/install/tiago_pro_simulation:/home/user/exchange/workspace/install/tiago_pro_robot:/home/user/exchange/workspace/install/tiago_pro_navigation:/home/user/exchange/workspace/install/tiago_pro_gazebo:/home/user/exchange/workspace/install/tiago_pro_rgbd_sensors:/home/user/exchange/workspace/install/tiago_pro_mujoco:/home/user/exchange/workspace/install/tiago_pro_moveit_config:/home/user/exchange/workspace/install/tiago_pro_laser_sensors:/home/user/exchange/workspace/install/tiago_pro_description:/home/user/exchange/workspace/install/tiago_pro_bringup:/home/user/exchange/workspace/install/tiago_pro_controller_configuration:/home/user/exchange/workspace/install/tiago_pro_2dnav:/home/user/exchange/workspace/install/ros2_linkattacher:/home/user/exchange/workspace/install/pal_sea_arm_moveit_config:/home/user/exchange/workspace/install/pal_sea_arm:/home/user/exchange/workspace/install/pal_sea_arm_bringup:/home/user/exchange/workspace/install/pal_sea_arm_description:/home/user/exchange/workspace/install/pal_sea_arm_controller_configuration:/home/user/exchange/workspace/install/pal_pro_gripper_simulation:/home/user/exchange/workspace/install/pal_pro_gripper_bringup:/home/user/exchange/workspace/install/pal_pro_gripper:/home/user/exchange/workspace/install/pal_pro_gripper_controller_configuration:/home/user/exchange/workspace/install/pal_pro_gripper_description:/home/user/exchange/workspace/install/pal_gazebo_worlds:/home/user/exchange/workspace/install/linkattacher_msgs:/opt/ros/humble CMAKE_PREFIX_PATH=/home/user/exchange/workspace/install/pal_pro_gripper_controller_configuration:/home/user/exchange/workspace/install/tiago_manipulation_tasks:/home/user/exchange/workspace/install/tiago_pro_simulation:/home/user/exchange/workspace/install/tiago_pro_robot:/home/user/exchange/workspace/install/tiago_pro_navigation:/home/user/exchange/workspace/install/tiago_pro_gazebo:/home/user/exchange/workspace/install/tiago_pro_rgbd_sensors:/home/user/exchange/workspace/install/tiago_pro_mujoco:/home/user/exchange/workspace/install/tiago_pro_moveit_config:/home/user/exchange/workspace/install/tiago_pro_laser_sensors:/home/user/exchange/workspace/install/tiago_pro_description:/home/user/exchange/workspace/install/tiago_pro_bringup:/home/user/exchange/workspace/install/tiago_pro_controller_configuration:/home/user/exchange/workspace/install/tiago_pro_2dnav:/home/user/exchange/workspace/install/ros2_linkattacher:/home/user/exchange/workspace/install/pal_sea_arm_moveit_config:/home/user/exchange/workspace/install/pal_sea_arm:/home/user/exchange/workspace/install/pal_sea_arm_bringup:/home/user/exchange/workspace/install/pal_sea_arm_description:/home/user/exchange/workspace/install/pal_sea_arm_controller_configuration:/home/user/exchange/workspace/install/pal_pro_gripper_simulation:/home/user/exchange/workspace/install/pal_pro_gripper_bringup:/home/user/exchange/workspace/install/pal_pro_gripper:/home/user/exchange/workspace/install/pal_pro_gripper_description:/home/user/exchange/workspace/install/pal_gazebo_worlds:/home/user/exchange/workspace/install/linkattacher_msgs:/home/user/exchange/workspace/install/pick_task:/home/user/exchange/workspace/install/pal_pro_gripper_wrapper:/opt/ros/humble PYTHONPATH=/home/user/exchange/workspace/install/pal_pro_gripper_wrapper/lib/python3.10/site-packages:/home/user/exchange/workspace/install/pick_task/lib/python3.10/site-packages:/home/user/exchange/workspace/install/tiago_pro_description/local/lib/python3.10/dist-packages:/home/user/exchange/workspace/install/pal_sea_arm_description/local/lib/python3.10/dist-packages:/home/user/exchange/workspace/install/pal_pro_gripper_description/local/lib/python3.10/dist-packages:/home/user/exchange/workspace/install/linkattacher_msgs/local/lib/python3.10/dist-packages:/opt/ros/humble/lib/python3.10/site-packages:/opt/ros/humble/local/lib/python3.10/dist-packages /usr/bin/cmake --install /home/user/exchange/workspace/build/pal_sea_arm_controller_configuration
[0.884s] DEBUG:colcon.colcon_core.event_handler.log_command:Invoked command in '/home/user/exchange/workspace/build/pal_pro_gripper' returned '0': AMENT_PREFIX_PATH=/home/user/exchange/workspace/install/pal_pro_gripper_wrapper:/home/user/exchange/workspace/install/tiago_manipulation_tasks:/home/user/exchange/workspace/install/pick_task:/home/user/exchange/workspace/install/tiago_pro_simulation:/home/user/exchange/workspace/install/tiago_pro_robot:/home/user/exchange/workspace/install/tiago_pro_navigation:/home/user/exchange/workspace/install/tiago_pro_gazebo:/home/user/exchange/workspace/install/tiago_pro_rgbd_sensors:/home/user/exchange/workspace/install/tiago_pro_mujoco:/home/user/exchange/workspace/install/tiago_pro_moveit_config:/home/user/exchange/workspace/install/tiago_pro_laser_sensors:/home/user/exchange/workspace/install/tiago_pro_description:/home/user/exchange/workspace/install/tiago_pro_bringup:/home/user/exchange/workspace/install/tiago_pro_controller_configuration:/home/user/exchange/workspace/install/tiago_pro_2dnav:/home/user/exchange/workspace/install/ros2_linkattacher:/home/user/exchange/workspace/install/pal_sea_arm_moveit_config:/home/user/exchange/workspace/install/pal_sea_arm:/home/user/exchange/workspace/install/pal_sea_arm_bringup:/home/user/exchange/workspace/install/pal_sea_arm_description:/home/user/exchange/workspace/install/pal_sea_arm_controller_configuration:/home/user/exchange/workspace/install/pal_pro_gripper_simulation:/home/user/exchange/workspace/install/pal_pro_gripper_bringup:/home/user/exchange/workspace/install/pal_pro_gripper:/home/user/exchange/workspace/install/pal_pro_gripper_controller_configuration:/home/user/exchange/workspace/install/pal_pro_gripper_description:/home/user/exchange/workspace/install/pal_gazebo_worlds:/home/user/exchange/workspace/install/linkattacher_msgs:/opt/ros/humble CMAKE_PREFIX_PATH=/home/user/exchange/workspace/install/pal_pro_gripper_controller_configuration:/home/user/exchange/workspace/install/pal_pro_gripper_description:/home/user/exchange/workspace/install/tiago_manipulation_tasks:/home/user/exchange/workspace/install/tiago_pro_simulation:/home/user/exchange/workspace/install/tiago_pro_robot:/home/user/exchange/workspace/install/tiago_pro_navigation:/home/user/exchange/workspace/install/tiago_pro_gazebo:/home/user/exchange/workspace/install/tiago_pro_rgbd_sensors:/home/user/exchange/workspace/install/tiago_pro_mujoco:/home/user/exchange/workspace/install/tiago_pro_moveit_config:/home/user/exchange/workspace/install/tiago_pro_laser_sensors:/home/user/exchange/workspace/install/tiago_pro_description:/home/user/exchange/workspace/install/tiago_pro_bringup:/home/user/exchange/workspace/install/tiago_pro_controller_configuration:/home/user/exchange/workspace/install/tiago_pro_2dnav:/home/user/exchange/workspace/install/ros2_linkattacher:/home/user/exchange/workspace/install/pal_sea_arm_moveit_config:/home/user/exchange/workspace/install/pal_sea_arm:/home/user/exchange/workspace/install/pal_sea_arm_bringup:/home/user/exchange/workspace/install/pal_sea_arm_description:/home/user/exchange/workspace/install/pal_sea_arm_controller_configuration:/home/user/exchange/workspace/install/pal_pro_gripper_simulation:/home/user/exchange/workspace/install/pal_pro_gripper_bringup:/home/user/exchange/workspace/install/pal_pro_gripper:/home/user/exchange/workspace/install/pal_gazebo_worlds:/home/user/exchange/workspace/install/linkattacher_msgs:/home/user/exchange/workspace/install/pick_task:/home/user/exchange/workspace/install/pal_pro_gripper_wrapper:/opt/ros/humble PYTHONPATH=/home/user/exchange/workspace/install/pal_pro_gripper_wrapper/lib/python3.10/site-packages:/home/user/exchange/workspace/install/pick_task/lib/python3.10/site-packages:/home/user/exchange/workspace/install/tiago_pro_description/local/lib/python3.10/dist-packages:/home/user/exchange/workspace/install/pal_sea_arm_description/local/lib/python3.10/dist-packages:/home/user/exchange/workspace/install/pal_pro_gripper_description/local/lib/python3.10/dist-packages:/home/user/exchange/workspace/install/linkattacher_msgs/local/lib/python3.10/dist-packages:/opt/ros/humble/lib/python3.10/site-packages:/opt/ros/humble/local/lib/python3.10/dist-packages /usr/bin/cmake --build /home/user/exchange/workspace/build/pal_pro_gripper -- -j12 -l12
[0.885s] DEBUG:colcon.colcon_core.event_handler.log_command:Invoking command in '/home/user/exchange/workspace/build/pal_pro_gripper': AMENT_PREFIX_PATH=/home/user/exchange/workspace/install/pal_pro_gripper_wrapper:/home/user/exchange/workspace/install/tiago_manipulation_tasks:/home/user/exchange/workspace/install/pick_task:/home/user/exchange/workspace/install/tiago_pro_simulation:/home/user/exchange/workspace/install/tiago_pro_robot:/home/user/exchange/workspace/install/tiago_pro_navigation:/home/user/exchange/workspace/install/tiago_pro_gazebo:/home/user/exchange/workspace/install/tiago_pro_rgbd_sensors:/home/user/exchange/workspace/install/tiago_pro_mujoco:/home/user/exchange/workspace/install/tiago_pro_moveit_config:/home/user/exchange/workspace/install/tiago_pro_laser_sensors:/home/user/exchange/workspace/install/tiago_pro_description:/home/user/exchange/workspace/install/tiago_pro_bringup:/home/user/exchange/workspace/install/tiago_pro_controller_configuration:/home/user/exchange/workspace/install/tiago_pro_2dnav:/home/user/exchange/workspace/install/ros2_linkattacher:/home/user/exchange/workspace/install/pal_sea_arm_moveit_config:/home/user/exchange/workspace/install/pal_sea_arm:/home/user/exchange/workspace/install/pal_sea_arm_bringup:/home/user/exchange/workspace/install/pal_sea_arm_description:/home/user/exchange/workspace/install/pal_sea_arm_controller_configuration:/home/user/exchange/workspace/install/pal_pro_gripper_simulation:/home/user/exchange/workspace/install/pal_pro_gripper_bringup:/home/user/exchange/workspace/install/pal_pro_gripper:/home/user/exchange/workspace/install/pal_pro_gripper_controller_configuration:/home/user/exchange/workspace/install/pal_pro_gripper_description:/home/user/exchange/workspace/install/pal_gazebo_worlds:/home/user/exchange/workspace/install/linkattacher_msgs:/opt/ros/humble CMAKE_PREFIX_PATH=/home/user/exchange/workspace/install/pal_pro_gripper_controller_configuration:/home/user/exchange/workspace/install/pal_pro_gripper_description:/home/user/exchange/workspace/install/tiago_manipulation_tasks:/home/user/exchange/workspace/install/tiago_pro_simulation:/home/user/exchange/workspace/install/tiago_pro_robot:/home/user/exchange/workspace/install/tiago_pro_navigation:/home/user/exchange/workspace/install/tiago_pro_gazebo:/home/user/exchange/workspace/install/tiago_pro_rgbd_sensors:/home/user/exchange/workspace/install/tiago_pro_mujoco:/home/user/exchange/workspace/install/tiago_pro_moveit_config:/home/user/exchange/workspace/install/tiago_pro_laser_sensors:/home/user/exchange/workspace/install/tiago_pro_description:/home/user/exchange/workspace/install/tiago_pro_bringup:/home/user/exchange/workspace/install/tiago_pro_controller_configuration:/home/user/exchange/workspace/install/tiago_pro_2dnav:/home/user/exchange/workspace/install/ros2_linkattacher:/home/user/exchange/workspace/install/pal_sea_arm_moveit_config:/home/user/exchange/workspace/install/pal_sea_arm:/home/user/exchange/workspace/install/pal_sea_arm_bringup:/home/user/exchange/workspace/install/pal_sea_arm_description:/home/user/exchange/workspace/install/pal_sea_arm_controller_configuration:/home/user/exchange/workspace/install/pal_pro_gripper_simulation:/home/user/exchange/workspace/install/pal_pro_gripper_bringup:/home/user/exchange/workspace/install/pal_pro_gripper:/home/user/exchange/workspace/install/pal_gazebo_worlds:/home/user/exchange/workspace/install/linkattacher_msgs:/home/user/exchange/workspace/install/pick_task:/home/user/exchange/workspace/install/pal_pro_gripper_wrapper:/opt/ros/humble PYTHONPATH=/home/user/exchange/workspace/install/pal_pro_gripper_wrapper/lib/python3.10/site-packages:/home/user/exchange/workspace/install/pick_task/lib/python3.10/site-packages:/home/user/exchange/workspace/install/tiago_pro_description/local/lib/python3.10/dist-packages:/home/user/exchange/workspace/install/pal_sea_arm_description/local/lib/python3.10/dist-packages:/home/user/exchange/workspace/install/pal_pro_gripper_description/local/lib/python3.10/dist-packages:/home/user/exchange/workspace/install/linkattacher_msgs/local/lib/python3.10/dist-packages:/opt/ros/humble/lib/python3.10/site-packages:/opt/ros/humble/local/lib/python3.10/dist-packages /usr/bin/cmake --install /home/user/exchange/workspace/build/pal_pro_gripper
[0.885s] DEBUG:colcon.colcon_core.event_handler.log_command:Invoked command in '/home/user/exchange/workspace/build/pal_pro_gripper_bringup' returned '0': AMENT_PREFIX_PATH=/home/user/exchange/workspace/install/pal_pro_gripper_wrapper:/home/user/exchange/workspace/install/tiago_manipulation_tasks:/home/user/exchange/workspace/install/pick_task:/home/user/exchange/workspace/install/tiago_pro_simulation:/home/user/exchange/workspace/install/tiago_pro_robot:/home/user/exchange/workspace/install/tiago_pro_navigation:/home/user/exchange/workspace/install/tiago_pro_gazebo:/home/user/exchange/workspace/install/tiago_pro_rgbd_sensors:/home/user/exchange/workspace/install/tiago_pro_mujoco:/home/user/exchange/workspace/install/tiago_pro_moveit_config:/home/user/exchange/workspace/install/tiago_pro_laser_sensors:/home/user/exchange/workspace/install/tiago_pro_description:/home/user/exchange/workspace/install/tiago_pro_bringup:/home/user/exchange/workspace/install/tiago_pro_controller_configuration:/home/user/exchange/workspace/install/tiago_pro_2dnav:/home/user/exchange/workspace/install/ros2_linkattacher:/home/user/exchange/workspace/install/pal_sea_arm_moveit_config:/home/user/exchange/workspace/install/pal_sea_arm:/home/user/exchange/workspace/install/pal_sea_arm_bringup:/home/user/exchange/workspace/install/pal_sea_arm_description:/home/user/exchange/workspace/install/pal_sea_arm_controller_configuration:/home/user/exchange/workspace/install/pal_pro_gripper_simulation:/home/user/exchange/workspace/install/pal_pro_gripper_bringup:/home/user/exchange/workspace/install/pal_pro_gripper:/home/user/exchange/workspace/install/pal_pro_gripper_controller_configuration:/home/user/exchange/workspace/install/pal_pro_gripper_description:/home/user/exchange/workspace/install/pal_gazebo_worlds:/home/user/exchange/workspace/install/linkattacher_msgs:/opt/ros/humble CMAKE_PREFIX_PATH=/home/user/exchange/workspace/install/pal_pro_gripper_controller_configuration:/home/user/exchange/workspace/install/pal_pro_gripper_description:/home/user/exchange/workspace/install/tiago_manipulation_tasks:/home/user/exchange/workspace/install/tiago_pro_simulation:/home/user/exchange/workspace/install/tiago_pro_robot:/home/user/exchange/workspace/install/tiago_pro_navigation:/home/user/exchange/workspace/install/tiago_pro_gazebo:/home/user/exchange/workspace/install/tiago_pro_rgbd_sensors:/home/user/exchange/workspace/install/tiago_pro_mujoco:/home/user/exchange/workspace/install/tiago_pro_moveit_config:/home/user/exchange/workspace/install/tiago_pro_laser_sensors:/home/user/exchange/workspace/install/tiago_pro_description:/home/user/exchange/workspace/install/tiago_pro_bringup:/home/user/exchange/workspace/install/tiago_pro_controller_configuration:/home/user/exchange/workspace/install/tiago_pro_2dnav:/home/user/exchange/workspace/install/ros2_linkattacher:/home/user/exchange/workspace/install/pal_sea_arm_moveit_config:/home/user/exchange/workspace/install/pal_sea_arm:/home/user/exchange/workspace/install/pal_sea_arm_bringup:/home/user/exchange/workspace/install/pal_sea_arm_description:/home/user/exchange/workspace/install/pal_sea_arm_controller_configuration:/home/user/exchange/workspace/install/pal_pro_gripper_simulation:/home/user/exchange/workspace/install/pal_pro_gripper_bringup:/home/user/exchange/workspace/install/pal_pro_gripper:/home/user/exchange/workspace/install/pal_gazebo_worlds:/home/user/exchange/workspace/install/linkattacher_msgs:/home/user/exchange/workspace/install/pick_task:/home/user/exchange/workspace/install/pal_pro_gripper_wrapper:/opt/ros/humble PYTHONPATH=/home/user/exchange/workspace/install/pal_pro_gripper_wrapper/lib/python3.10/site-packages:/home/user/exchange/workspace/install/pick_task/lib/python3.10/site-packages:/home/user/exchange/workspace/install/tiago_pro_description/local/lib/python3.10/dist-packages:/home/user/exchange/workspace/install/pal_sea_arm_description/local/lib/python3.10/dist-packages:/home/user/exchange/workspace/install/pal_pro_gripper_description/local/lib/python3.10/dist-packages:/home/user/exchange/workspace/install/linkattacher_msgs/local/lib/python3.10/dist-packages:/opt/ros/humble/lib/python3.10/site-packages:/opt/ros/humble/local/lib/python3.10/dist-packages /usr/bin/cmake --build /home/user/exchange/workspace/build/pal_pro_gripper_bringup -- -j12 -l12
[0.886s] DEBUG:colcon.colcon_core.event_handler.log_command:Invoking command in '/home/user/exchange/workspace/build/pal_pro_gripper_bringup': AMENT_PREFIX_PATH=/home/user/exchange/workspace/install/pal_pro_gripper_wrapper:/home/user/exchange/workspace/install/tiago_manipulation_tasks:/home/user/exchange/workspace/install/pick_task:/home/user/exchange/workspace/install/tiago_pro_simulation:/home/user/exchange/workspace/install/tiago_pro_robot:/home/user/exchange/workspace/install/tiago_pro_navigation:/home/user/exchange/workspace/install/tiago_pro_gazebo:/home/user/exchange/workspace/install/tiago_pro_rgbd_sensors:/home/user/exchange/workspace/install/tiago_pro_mujoco:/home/user/exchange/workspace/install/tiago_pro_moveit_config:/home/user/exchange/workspace/install/tiago_pro_laser_sensors:/home/user/exchange/workspace/install/tiago_pro_description:/home/user/exchange/workspace/install/tiago_pro_bringup:/home/user/exchange/workspace/install/tiago_pro_controller_configuration:/home/user/exchange/workspace/install/tiago_pro_2dnav:/home/user/exchange/workspace/install/ros2_linkattacher:/home/user/exchange/workspace/install/pal_sea_arm_moveit_config:/home/user/exchange/workspace/install/pal_sea_arm:/home/user/exchange/workspace/install/pal_sea_arm_bringup:/home/user/exchange/workspace/install/pal_sea_arm_description:/home/user/exchange/workspace/install/pal_sea_arm_controller_configuration:/home/user/exchange/workspace/install/pal_pro_gripper_simulation:/home/user/exchange/workspace/install/pal_pro_gripper_bringup:/home/user/exchange/workspace/install/pal_pro_gripper:/home/user/exchange/workspace/install/pal_pro_gripper_controller_configuration:/home/user/exchange/workspace/install/pal_pro_gripper_description:/home/user/exchange/workspace/install/pal_gazebo_worlds:/home/user/exchange/workspace/install/linkattacher_msgs:/opt/ros/humble CMAKE_PREFIX_PATH=/home/user/exchange/workspace/install/pal_pro_gripper_controller_configuration:/home/user/exchange/workspace/install/pal_pro_gripper_description:/home/user/exchange/workspace/install/tiago_manipulation_tasks:/home/user/exchange/workspace/install/tiago_pro_simulation:/home/user/exchange/workspace/install/tiago_pro_robot:/home/user/exchange/workspace/install/tiago_pro_navigation:/home/user/exchange/workspace/install/tiago_pro_gazebo:/home/user/exchange/workspace/install/tiago_pro_rgbd_sensors:/home/user/exchange/workspace/install/tiago_pro_mujoco:/home/user/exchange/workspace/install/tiago_pro_moveit_config:/home/user/exchange/workspace/install/tiago_pro_laser_sensors:/home/user/exchange/workspace/install/tiago_pro_description:/home/user/exchange/workspace/install/tiago_pro_bringup:/home/user/exchange/workspace/install/tiago_pro_controller_configuration:/home/user/exchange/workspace/install/tiago_pro_2dnav:/home/user/exchange/workspace/install/ros2_linkattacher:/home/user/exchange/workspace/install/pal_sea_arm_moveit_config:/home/user/exchange/workspace/install/pal_sea_arm:/home/user/exchange/workspace/install/pal_sea_arm_bringup:/home/user/exchange/workspace/install/pal_sea_arm_description:/home/user/exchange/workspace/install/pal_sea_arm_controller_configuration:/home/user/exchange/workspace/install/pal_pro_gripper_simulation:/home/user/exchange/workspace/install/pal_pro_gripper_bringup:/home/user/exchange/workspace/install/pal_pro_gripper:/home/user/exchange/workspace/install/pal_gazebo_worlds:/home/user/exchange/workspace/install/linkattacher_msgs:/home/user/exchange/workspace/install/pick_task:/home/user/exchange/workspace/install/pal_pro_gripper_wrapper:/opt/ros/humble PYTHONPATH=/home/user/exchange/workspace/install/pal_pro_gripper_wrapper/lib/python3.10/site-packages:/home/user/exchange/workspace/install/pick_task/lib/python3.10/site-packages:/home/user/exchange/workspace/install/tiago_pro_description/local/lib/python3.10/dist-packages:/home/user/exchange/workspace/install/pal_sea_arm_description/local/lib/python3.10/dist-packages:/home/user/exchange/workspace/install/pal_pro_gripper_description/local/lib/python3.10/dist-packages:/home/user/exchange/workspace/install/linkattacher_msgs/local/lib/python3.10/dist-packages:/opt/ros/humble/lib/python3.10/site-packages:/opt/ros/humble/local/lib/python3.10/dist-packages /usr/bin/cmake --install /home/user/exchange/workspace/build/pal_pro_gripper_bringup
[0.887s] DEBUG:colcon.colcon_core.event_handler.log_command:Invoked command in '/home/user/exchange/workspace/build/pal_pro_gripper_simulation' returned '0': AMENT_PREFIX_PATH=/home/user/exchange/workspace/install/pal_pro_gripper_wrapper:/home/user/exchange/workspace/install/tiago_manipulation_tasks:/home/user/exchange/workspace/install/pick_task:/home/user/exchange/workspace/install/tiago_pro_simulation:/home/user/exchange/workspace/install/tiago_pro_robot:/home/user/exchange/workspace/install/tiago_pro_navigation:/home/user/exchange/workspace/install/tiago_pro_gazebo:/home/user/exchange/workspace/install/tiago_pro_rgbd_sensors:/home/user/exchange/workspace/install/tiago_pro_mujoco:/home/user/exchange/workspace/install/tiago_pro_moveit_config:/home/user/exchange/workspace/install/tiago_pro_laser_sensors:/home/user/exchange/workspace/install/tiago_pro_description:/home/user/exchange/workspace/install/tiago_pro_bringup:/home/user/exchange/workspace/install/tiago_pro_controller_configuration:/home/user/exchange/workspace/install/tiago_pro_2dnav:/home/user/exchange/workspace/install/ros2_linkattacher:/home/user/exchange/workspace/install/pal_sea_arm_moveit_config:/home/user/exchange/workspace/install/pal_sea_arm:/home/user/exchange/workspace/install/pal_sea_arm_bringup:/home/user/exchange/workspace/install/pal_sea_arm_description:/home/user/exchange/workspace/install/pal_sea_arm_controller_configuration:/home/user/exchange/workspace/install/pal_pro_gripper_simulation:/home/user/exchange/workspace/install/pal_pro_gripper_bringup:/home/user/exchange/workspace/install/pal_pro_gripper:/home/user/exchange/workspace/install/pal_pro_gripper_controller_configuration:/home/user/exchange/workspace/install/pal_pro_gripper_description:/home/user/exchange/workspace/install/pal_gazebo_worlds:/home/user/exchange/workspace/install/linkattacher_msgs:/opt/ros/humble CMAKE_PREFIX_PATH=/home/user/exchange/workspace/install/pal_pro_gripper_controller_configuration:/home/user/exchange/workspace/install/pal_pro_gripper_description:/home/user/exchange/workspace/install/pal_gazebo_worlds:/home/user/exchange/workspace/install/tiago_manipulation_tasks:/home/user/exchange/workspace/install/tiago_pro_simulation:/home/user/exchange/workspace/install/tiago_pro_robot:/home/user/exchange/workspace/install/tiago_pro_navigation:/home/user/exchange/workspace/install/tiago_pro_gazebo:/home/user/exchange/workspace/install/tiago_pro_rgbd_sensors:/home/user/exchange/workspace/install/tiago_pro_mujoco:/home/user/exchange/workspace/install/tiago_pro_moveit_config:/home/user/exchange/workspace/install/tiago_pro_laser_sensors:/home/user/exchange/workspace/install/tiago_pro_description:/home/user/exchange/workspace/install/tiago_pro_bringup:/home/user/exchange/workspace/install/tiago_pro_controller_configuration:/home/user/exchange/workspace/install/tiago_pro_2dnav:/home/user/exchange/workspace/install/ros2_linkattacher:/home/user/exchange/workspace/install/pal_sea_arm_moveit_config:/home/user/exchange/workspace/install/pal_sea_arm:/home/user/exchange/workspace/install/pal_sea_arm_bringup:/home/user/exchange/workspace/install/pal_sea_arm_description:/home/user/exchange/workspace/install/pal_sea_arm_controller_configuration:/home/user/exchange/workspace/install/pal_pro_gripper_simulation:/home/user/exchange/workspace/install/pal_pro_gripper_bringup:/home/user/exchange/workspace/install/pal_pro_gripper:/home/user/exchange/workspace/install/linkattacher_msgs:/home/user/exchange/workspace/install/pick_task:/home/user/exchange/workspace/install/pal_pro_gripper_wrapper:/opt/ros/humble PYTHONPATH=/home/user/exchange/workspace/install/pal_pro_gripper_wrapper/lib/python3.10/site-packages:/home/user/exchange/workspace/install/pick_task/lib/python3.10/site-packages:/home/user/exchange/workspace/install/tiago_pro_description/local/lib/python3.10/dist-packages:/home/user/exchange/workspace/install/pal_sea_arm_description/local/lib/python3.10/dist-packages:/home/user/exchange/workspace/install/pal_pro_gripper_description/local/lib/python3.10/dist-packages:/home/user/exchange/workspace/install/linkattacher_msgs/local/lib/python3.10/dist-packages:/opt/ros/humble/lib/python3.10/site-packages:/opt/ros/humble/local/lib/python3.10/dist-packages /usr/bin/cmake --build /home/user/exchange/workspace/build/pal_pro_gripper_simulation -- -j12 -l12
[0.888s] DEBUG:colcon.colcon_core.event_handler.log_command:Invoking command in '/home/user/exchange/workspace/build/pal_pro_gripper_simulation': AMENT_PREFIX_PATH=/home/user/exchange/workspace/install/pal_pro_gripper_wrapper:/home/user/exchange/workspace/install/tiago_manipulation_tasks:/home/user/exchange/workspace/install/pick_task:/home/user/exchange/workspace/install/tiago_pro_simulation:/home/user/exchange/workspace/install/tiago_pro_robot:/home/user/exchange/workspace/install/tiago_pro_navigation:/home/user/exchange/workspace/install/tiago_pro_gazebo:/home/user/exchange/workspace/install/tiago_pro_rgbd_sensors:/home/user/exchange/workspace/install/tiago_pro_mujoco:/home/user/exchange/workspace/install/tiago_pro_moveit_config:/home/user/exchange/workspace/install/tiago_pro_laser_sensors:/home/user/exchange/workspace/install/tiago_pro_description:/home/user/exchange/workspace/install/tiago_pro_bringup:/home/user/exchange/workspace/install/tiago_pro_controller_configuration:/home/user/exchange/workspace/install/tiago_pro_2dnav:/home/user/exchange/workspace/install/ros2_linkattacher:/home/user/exchange/workspace/install/pal_sea_arm_moveit_config:/home/user/exchange/workspace/install/pal_sea_arm:/home/user/exchange/workspace/install/pal_sea_arm_bringup:/home/user/exchange/workspace/install/pal_sea_arm_description:/home/user/exchange/workspace/install/pal_sea_arm_controller_configuration:/home/user/exchange/workspace/install/pal_pro_gripper_simulation:/home/user/exchange/workspace/install/pal_pro_gripper_bringup:/home/user/exchange/workspace/install/pal_pro_gripper:/home/user/exchange/workspace/install/pal_pro_gripper_controller_configuration:/home/user/exchange/workspace/install/pal_pro_gripper_description:/home/user/exchange/workspace/install/pal_gazebo_worlds:/home/user/exchange/workspace/install/linkattacher_msgs:/opt/ros/humble CMAKE_PREFIX_PATH=/home/user/exchange/workspace/install/pal_pro_gripper_controller_configuration:/home/user/exchange/workspace/install/pal_pro_gripper_description:/home/user/exchange/workspace/install/pal_gazebo_worlds:/home/user/exchange/workspace/install/tiago_manipulation_tasks:/home/user/exchange/workspace/install/tiago_pro_simulation:/home/user/exchange/workspace/install/tiago_pro_robot:/home/user/exchange/workspace/install/tiago_pro_navigation:/home/user/exchange/workspace/install/tiago_pro_gazebo:/home/user/exchange/workspace/install/tiago_pro_rgbd_sensors:/home/user/exchange/workspace/install/tiago_pro_mujoco:/home/user/exchange/workspace/install/tiago_pro_moveit_config:/home/user/exchange/workspace/install/tiago_pro_laser_sensors:/home/user/exchange/workspace/install/tiago_pro_description:/home/user/exchange/workspace/install/tiago_pro_bringup:/home/user/exchange/workspace/install/tiago_pro_controller_configuration:/home/user/exchange/workspace/install/tiago_pro_2dnav:/home/user/exchange/workspace/install/ros2_linkattacher:/home/user/exchange/workspace/install/pal_sea_arm_moveit_config:/home/user/exchange/workspace/install/pal_sea_arm:/home/user/exchange/workspace/install/pal_sea_arm_bringup:/home/user/exchange/workspace/install/pal_sea_arm_description:/home/user/exchange/workspace/install/pal_sea_arm_controller_configuration:/home/user/exchange/workspace/install/pal_pro_gripper_simulation:/home/user/exchange/workspace/install/pal_pro_gripper_bringup:/home/user/exchange/workspace/install/pal_pro_gripper:/home/user/exchange/workspace/install/linkattacher_msgs:/home/user/exchange/workspace/install/pick_task:/home/user/exchange/workspace/install/pal_pro_gripper_wrapper:/opt/ros/humble PYTHONPATH=/home/user/exchange/workspace/install/pal_pro_gripper_wrapper/lib/python3.10/site-packages:/home/user/exchange/workspace/install/pick_task/lib/python3.10/site-packages:/home/user/exchange/workspace/install/tiago_pro_description/local/lib/python3.10/dist-packages:/home/user/exchange/workspace/install/pal_sea_arm_description/local/lib/python3.10/dist-packages:/home/user/exchange/workspace/install/pal_pro_gripper_description/local/lib/python3.10/dist-packages:/home/user/exchange/workspace/install/linkattacher_msgs/local/lib/python3.10/dist-packages:/opt/ros/humble/lib/python3.10/site-packages:/opt/ros/humble/local/lib/python3.10/dist-packages /usr/bin/cmake --install /home/user/exchange/workspace/build/pal_pro_gripper_simulation
[0.889s] Level 1:colcon.colcon_core.environment:create_environment_scripts_only(pal_sea_arm_controller_configuration)
[0.890s] Level 1:colcon.colcon_core.environment:checking '/home/user/exchange/workspace/install/pal_sea_arm_controller_configuration' for CMake module files
[0.891s] Level 1:colcon.colcon_core.environment:checking '/home/user/exchange/workspace/install/pal_sea_arm_controller_configuration' for CMake config files
[0.892s] Level 1:colcon.colcon_core.shell:create_environment_hook('pal_sea_arm_controller_configuration', 'cmake_prefix_path')
[0.892s] INFO:colcon.colcon_core.shell:Creating environment hook '/home/user/exchange/workspace/install/pal_sea_arm_controller_configuration/share/pal_sea_arm_controller_configuration/hook/cmake_prefix_path.ps1'
[0.893s] INFO:colcon.colcon_core.shell:Creating environment descriptor '/home/user/exchange/workspace/install/pal_sea_arm_controller_configuration/share/pal_sea_arm_controller_configuration/hook/cmake_prefix_path.dsv'
[0.893s] INFO:colcon.colcon_core.shell:Creating environment hook '/home/user/exchange/workspace/install/pal_sea_arm_controller_configuration/share/pal_sea_arm_controller_configuration/hook/cmake_prefix_path.sh'
[0.894s] Level 1:colcon.colcon_core.environment:checking '/home/user/exchange/workspace/install/pal_sea_arm_controller_configuration/bin'
[0.894s] Level 1:colcon.colcon_core.environment:checking '/home/user/exchange/workspace/install/pal_sea_arm_controller_configuration/lib/pkgconfig/pal_sea_arm_controller_configuration.pc'
[0.894s] Level 1:colcon.colcon_core.environment:checking '/home/user/exchange/workspace/install/pal_sea_arm_controller_configuration/lib/python3.10/site-packages'
[0.894s] Level 1:colcon.colcon_core.environment:checking '/home/user/exchange/workspace/install/pal_sea_arm_controller_configuration/bin'
[0.894s] INFO:colcon.colcon_core.shell:Creating package script '/home/user/exchange/workspace/install/pal_sea_arm_controller_configuration/share/pal_sea_arm_controller_configuration/package.ps1'
[0.895s] INFO:colcon.colcon_core.shell:Creating package descriptor '/home/user/exchange/workspace/install/pal_sea_arm_controller_configuration/share/pal_sea_arm_controller_configuration/package.dsv'
[0.895s] INFO:colcon.colcon_core.shell:Creating package script '/home/user/exchange/workspace/install/pal_sea_arm_controller_configuration/share/pal_sea_arm_controller_configuration/package.sh'
[0.895s] INFO:colcon.colcon_core.shell:Creating package script '/home/user/exchange/workspace/install/pal_sea_arm_controller_configuration/share/pal_sea_arm_controller_configuration/package.bash'
[0.896s] INFO:colcon.colcon_core.shell:Creating package script '/home/user/exchange/workspace/install/pal_sea_arm_controller_configuration/share/pal_sea_arm_controller_configuration/package.zsh'
[0.896s] Level 1:colcon.colcon_core.environment:create_file_with_runtime_dependencies(/home/user/exchange/workspace/install/pal_sea_arm_controller_configuration/share/colcon-core/packages/pal_sea_arm_controller_configuration)
[0.896s] DEBUG:colcon.colcon_core.event_handler.log_command:Invoked command in '/home/user/exchange/workspace/build/pal_sea_arm_controller_configuration' returned '0': AMENT_PREFIX_PATH=/home/user/exchange/workspace/install/pal_pro_gripper_wrapper:/home/user/exchange/workspace/install/tiago_manipulation_tasks:/home/user/exchange/workspace/install/pick_task:/home/user/exchange/workspace/install/tiago_pro_simulation:/home/user/exchange/workspace/install/tiago_pro_robot:/home/user/exchange/workspace/install/tiago_pro_navigation:/home/user/exchange/workspace/install/tiago_pro_gazebo:/home/user/exchange/workspace/install/tiago_pro_rgbd_sensors:/home/user/exchange/workspace/install/tiago_pro_mujoco:/home/user/exchange/workspace/install/tiago_pro_moveit_config:/home/user/exchange/workspace/install/tiago_pro_laser_sensors:/home/user/exchange/workspace/install/tiago_pro_description:/home/user/exchange/workspace/install/tiago_pro_bringup:/home/user/exchange/workspace/install/tiago_pro_controller_configuration:/home/user/exchange/workspace/install/tiago_pro_2dnav:/home/user/exchange/workspace/install/ros2_linkattacher:/home/user/exchange/workspace/install/pal_sea_arm_moveit_config:/home/user/exchange/workspace/install/pal_sea_arm:/home/user/exchange/workspace/install/pal_sea_arm_bringup:/home/user/exchange/workspace/install/pal_sea_arm_description:/home/user/exchange/workspace/install/pal_sea_arm_controller_configuration:/home/user/exchange/workspace/install/pal_pro_gripper_simulation:/home/user/exchange/workspace/install/pal_pro_gripper_bringup:/home/user/exchange/workspace/install/pal_pro_gripper:/home/user/exchange/workspace/install/pal_pro_gripper_controller_configuration:/home/user/exchange/workspace/install/pal_pro_gripper_description:/home/user/exchange/workspace/install/pal_gazebo_worlds:/home/user/exchange/workspace/install/linkattacher_msgs:/opt/ros/humble CMAKE_PREFIX_PATH=/home/user/exchange/workspace/install/pal_pro_gripper_controller_configuration:/home/user/exchange/workspace/install/tiago_manipulation_tasks:/home/user/exchange/workspace/install/tiago_pro_simulation:/home/user/exchange/workspace/install/tiago_pro_robot:/home/user/exchange/workspace/install/tiago_pro_navigation:/home/user/exchange/workspace/install/tiago_pro_gazebo:/home/user/exchange/workspace/install/tiago_pro_rgbd_sensors:/home/user/exchange/workspace/install/tiago_pro_mujoco:/home/user/exchange/workspace/install/tiago_pro_moveit_config:/home/user/exchange/workspace/install/tiago_pro_laser_sensors:/home/user/exchange/workspace/install/tiago_pro_description:/home/user/exchange/workspace/install/tiago_pro_bringup:/home/user/exchange/workspace/install/tiago_pro_controller_configuration:/home/user/exchange/workspace/install/tiago_pro_2dnav:/home/user/exchange/workspace/install/ros2_linkattacher:/home/user/exchange/workspace/install/pal_sea_arm_moveit_config:/home/user/exchange/workspace/install/pal_sea_arm:/home/user/exchange/workspace/install/pal_sea_arm_bringup:/home/user/exchange/workspace/install/pal_sea_arm_description:/home/user/exchange/workspace/install/pal_sea_arm_controller_configuration:/home/user/exchange/workspace/install/pal_pro_gripper_simulation:/home/user/exchange/workspace/install/pal_pro_gripper_bringup:/home/user/exchange/workspace/install/pal_pro_gripper:/home/user/exchange/workspace/install/pal_pro_gripper_description:/home/user/exchange/workspace/install/pal_gazebo_worlds:/home/user/exchange/workspace/install/linkattacher_msgs:/home/user/exchange/workspace/install/pick_task:/home/user/exchange/workspace/install/pal_pro_gripper_wrapper:/opt/ros/humble PYTHONPATH=/home/user/exchange/workspace/install/pal_pro_gripper_wrapper/lib/python3.10/site-packages:/home/user/exchange/workspace/install/pick_task/lib/python3.10/site-packages:/home/user/exchange/workspace/install/tiago_pro_description/local/lib/python3.10/dist-packages:/home/user/exchange/workspace/install/pal_sea_arm_description/local/lib/python3.10/dist-packages:/home/user/exchange/workspace/install/pal_pro_gripper_description/local/lib/python3.10/dist-packages:/home/user/exchange/workspace/install/linkattacher_msgs/local/lib/python3.10/dist-packages:/opt/ros/humble/lib/python3.10/site-packages:/opt/ros/humble/local/lib/python3.10/dist-packages /usr/bin/cmake --install /home/user/exchange/workspace/build/pal_sea_arm_controller_configuration
[0.897s] Level 1:colcon.colcon_core.environment:create_environment_scripts_only(pal_sea_arm_controller_configuration)
[0.897s] Level 1:colcon.colcon_core.environment:checking '/home/user/exchange/workspace/install/pal_sea_arm_controller_configuration' for CMake module files
[0.897s] Level 1:colcon.colcon_core.environment:checking '/home/user/exchange/workspace/install/pal_sea_arm_controller_configuration' for CMake config files
[0.898s] Level 1:colcon.colcon_core.shell:create_environment_hook('pal_sea_arm_controller_configuration', 'cmake_prefix_path')
[0.898s] INFO:colcon.colcon_core.shell:Creating environment hook '/home/user/exchange/workspace/install/pal_sea_arm_controller_configuration/share/pal_sea_arm_controller_configuration/hook/cmake_prefix_path.ps1'
[0.899s] INFO:colcon.colcon_core.shell:Creating environment descriptor '/home/user/exchange/workspace/install/pal_sea_arm_controller_configuration/share/pal_sea_arm_controller_configuration/hook/cmake_prefix_path.dsv'
[0.899s] INFO:colcon.colcon_core.shell:Creating environment hook '/home/user/exchange/workspace/install/pal_sea_arm_controller_configuration/share/pal_sea_arm_controller_configuration/hook/cmake_prefix_path.sh'
[0.899s] Level 1:colcon.colcon_core.environment:checking '/home/user/exchange/workspace/install/pal_sea_arm_controller_configuration/bin'
[0.899s] Level 1:colcon.colcon_core.environment:checking '/home/user/exchange/workspace/install/pal_sea_arm_controller_configuration/lib/pkgconfig/pal_sea_arm_controller_configuration.pc'
[0.900s] Level 1:colcon.colcon_core.environment:checking '/home/user/exchange/workspace/install/pal_sea_arm_controller_configuration/lib/python3.10/site-packages'
[0.900s] Level 1:colcon.colcon_core.environment:checking '/home/user/exchange/workspace/install/pal_sea_arm_controller_configuration/bin'
[0.900s] INFO:colcon.colcon_core.shell:Creating package script '/home/user/exchange/workspace/install/pal_sea_arm_controller_configuration/share/pal_sea_arm_controller_configuration/package.ps1'
[0.900s] INFO:colcon.colcon_core.shell:Creating package descriptor '/home/user/exchange/workspace/install/pal_sea_arm_controller_configuration/share/pal_sea_arm_controller_configuration/package.dsv'
[0.901s] INFO:colcon.colcon_core.shell:Creating package script '/home/user/exchange/workspace/install/pal_sea_arm_controller_configuration/share/pal_sea_arm_controller_configuration/package.sh'
[0.901s] INFO:colcon.colcon_core.shell:Creating package script '/home/user/exchange/workspace/install/pal_sea_arm_controller_configuration/share/pal_sea_arm_controller_configuration/package.bash'
[0.901s] INFO:colcon.colcon_core.shell:Creating package script '/home/user/exchange/workspace/install/pal_sea_arm_controller_configuration/share/pal_sea_arm_controller_configuration/package.zsh'
[0.902s] Level 1:colcon.colcon_core.environment:create_file_with_runtime_dependencies(/home/user/exchange/workspace/install/pal_sea_arm_controller_configuration/share/colcon-core/packages/pal_sea_arm_controller_configuration)
[0.902s] INFO:colcon.colcon_ros.task.ament_cmake.build:Building ROS package in '/home/user/exchange/workspace/src/pal_sea_arm/pal_sea_arm_description' with build type 'ament_cmake'
[0.902s] INFO:colcon.colcon_cmake.task.cmake.build:Building CMake package in '/home/user/exchange/workspace/src/pal_sea_arm/pal_sea_arm_description'
[0.902s] INFO:colcon.colcon_core.shell:Skip shell extension 'powershell' for command environment: Not usable outside of PowerShell
[0.902s] DEBUG:colcon.colcon_core.shell:Skip shell extension 'dsv' for command environment
[0.906s] INFO:colcon.colcon_ros.task.ament_cmake.build:Building ROS package in '/home/user/exchange/workspace/src/tiago_pro_robot/tiago_pro_controller_configuration' with build type 'ament_cmake'
[0.906s] INFO:colcon.colcon_cmake.task.cmake.build:Building CMake package in '/home/user/exchange/workspace/src/tiago_pro_robot/tiago_pro_controller_configuration'
[0.906s] INFO:colcon.colcon_core.shell:Skip shell extension 'powershell' for command environment: Not usable outside of PowerShell
[0.906s] DEBUG:colcon.colcon_core.shell:Skip shell extension 'dsv' for command environment
[0.909s] Level 1:colcon.colcon_core.environment:create_environment_scripts_only(pal_pro_gripper)
[0.909s] Level 1:colcon.colcon_core.environment:checking '/home/user/exchange/workspace/install/pal_pro_gripper' for CMake module files
[0.910s] DEBUG:colcon.colcon_core.event_handler.log_command:Invoked command in '/home/user/exchange/workspace/build/pal_pro_gripper' returned '0': AMENT_PREFIX_PATH=/home/user/exchange/workspace/install/pal_pro_gripper_wrapper:/home/user/exchange/workspace/install/tiago_manipulation_tasks:/home/user/exchange/workspace/install/pick_task:/home/user/exchange/workspace/install/tiago_pro_simulation:/home/user/exchange/workspace/install/tiago_pro_robot:/home/user/exchange/workspace/install/tiago_pro_navigation:/home/user/exchange/workspace/install/tiago_pro_gazebo:/home/user/exchange/workspace/install/tiago_pro_rgbd_sensors:/home/user/exchange/workspace/install/tiago_pro_mujoco:/home/user/exchange/workspace/install/tiago_pro_moveit_config:/home/user/exchange/workspace/install/tiago_pro_laser_sensors:/home/user/exchange/workspace/install/tiago_pro_description:/home/user/exchange/workspace/install/tiago_pro_bringup:/home/user/exchange/workspace/install/tiago_pro_controller_configuration:/home/user/exchange/workspace/install/tiago_pro_2dnav:/home/user/exchange/workspace/install/ros2_linkattacher:/home/user/exchange/workspace/install/pal_sea_arm_moveit_config:/home/user/exchange/workspace/install/pal_sea_arm:/home/user/exchange/workspace/install/pal_sea_arm_bringup:/home/user/exchange/workspace/install/pal_sea_arm_description:/home/user/exchange/workspace/install/pal_sea_arm_controller_configuration:/home/user/exchange/workspace/install/pal_pro_gripper_simulation:/home/user/exchange/workspace/install/pal_pro_gripper_bringup:/home/user/exchange/workspace/install/pal_pro_gripper:/home/user/exchange/workspace/install/pal_pro_gripper_controller_configuration:/home/user/exchange/workspace/install/pal_pro_gripper_description:/home/user/exchange/workspace/install/pal_gazebo_worlds:/home/user/exchange/workspace/install/linkattacher_msgs:/opt/ros/humble CMAKE_PREFIX_PATH=/home/user/exchange/workspace/install/pal_pro_gripper_controller_configuration:/home/user/exchange/workspace/install/pal_pro_gripper_description:/home/user/exchange/workspace/install/tiago_manipulation_tasks:/home/user/exchange/workspace/install/tiago_pro_simulation:/home/user/exchange/workspace/install/tiago_pro_robot:/home/user/exchange/workspace/install/tiago_pro_navigation:/home/user/exchange/workspace/install/tiago_pro_gazebo:/home/user/exchange/workspace/install/tiago_pro_rgbd_sensors:/home/user/exchange/workspace/install/tiago_pro_mujoco:/home/user/exchange/workspace/install/tiago_pro_moveit_config:/home/user/exchange/workspace/install/tiago_pro_laser_sensors:/home/user/exchange/workspace/install/tiago_pro_description:/home/user/exchange/workspace/install/tiago_pro_bringup:/home/user/exchange/workspace/install/tiago_pro_controller_configuration:/home/user/exchange/workspace/install/tiago_pro_2dnav:/home/user/exchange/workspace/install/ros2_linkattacher:/home/user/exchange/workspace/install/pal_sea_arm_moveit_config:/home/user/exchange/workspace/install/pal_sea_arm:/home/user/exchange/workspace/install/pal_sea_arm_bringup:/home/user/exchange/workspace/install/pal_sea_arm_description:/home/user/exchange/workspace/install/pal_sea_arm_controller_configuration:/home/user/exchange/workspace/install/pal_pro_gripper_simulation:/home/user/exchange/workspace/install/pal_pro_gripper_bringup:/home/user/exchange/workspace/install/pal_pro_gripper:/home/user/exchange/workspace/install/pal_gazebo_worlds:/home/user/exchange/workspace/install/linkattacher_msgs:/home/user/exchange/workspace/install/pick_task:/home/user/exchange/workspace/install/pal_pro_gripper_wrapper:/opt/ros/humble PYTHONPATH=/home/user/exchange/workspace/install/pal_pro_gripper_wrapper/lib/python3.10/site-packages:/home/user/exchange/workspace/install/pick_task/lib/python3.10/site-packages:/home/user/exchange/workspace/install/tiago_pro_description/local/lib/python3.10/dist-packages:/home/user/exchange/workspace/install/pal_sea_arm_description/local/lib/python3.10/dist-packages:/home/user/exchange/workspace/install/pal_pro_gripper_description/local/lib/python3.10/dist-packages:/home/user/exchange/workspace/install/linkattacher_msgs/local/lib/python3.10/dist-packages:/opt/ros/humble/lib/python3.10/site-packages:/opt/ros/humble/local/lib/python3.10/dist-packages /usr/bin/cmake --install /home/user/exchange/workspace/build/pal_pro_gripper
[0.910s] Level 1:colcon.colcon_core.environment:checking '/home/user/exchange/workspace/install/pal_pro_gripper' for CMake config files
[0.910s] Level 1:colcon.colcon_core.shell:create_environment_hook('pal_pro_gripper', 'cmake_prefix_path')
[0.910s] INFO:colcon.colcon_core.shell:Creating environment hook '/home/user/exchange/workspace/install/pal_pro_gripper/share/pal_pro_gripper/hook/cmake_prefix_path.ps1'
[0.910s] INFO:colcon.colcon_core.shell:Creating environment descriptor '/home/user/exchange/workspace/install/pal_pro_gripper/share/pal_pro_gripper/hook/cmake_prefix_path.dsv'
[0.910s] INFO:colcon.colcon_core.shell:Creating environment hook '/home/user/exchange/workspace/install/pal_pro_gripper/share/pal_pro_gripper/hook/cmake_prefix_path.sh'
[0.911s] Level 1:colcon.colcon_core.environment:checking '/home/user/exchange/workspace/install/pal_pro_gripper/bin'
[0.911s] Level 1:colcon.colcon_core.environment:checking '/home/user/exchange/workspace/install/pal_pro_gripper/lib/pkgconfig/pal_pro_gripper.pc'
[0.911s] Level 1:colcon.colcon_core.environment:checking '/home/user/exchange/workspace/install/pal_pro_gripper/lib/python3.10/site-packages'
[0.911s] Level 1:colcon.colcon_core.environment:checking '/home/user/exchange/workspace/install/pal_pro_gripper/bin'
[0.911s] INFO:colcon.colcon_core.shell:Creating package script '/home/user/exchange/workspace/install/pal_pro_gripper/share/pal_pro_gripper/package.ps1'
[0.912s] INFO:colcon.colcon_core.shell:Creating package descriptor '/home/user/exchange/workspace/install/pal_pro_gripper/share/pal_pro_gripper/package.dsv'
[0.912s] INFO:colcon.colcon_core.shell:Creating package script '/home/user/exchange/workspace/install/pal_pro_gripper/share/pal_pro_gripper/package.sh'
[0.912s] INFO:colcon.colcon_core.shell:Creating package script '/home/user/exchange/workspace/install/pal_pro_gripper/share/pal_pro_gripper/package.bash'
[0.912s] INFO:colcon.colcon_core.shell:Creating package script '/home/user/exchange/workspace/install/pal_pro_gripper/share/pal_pro_gripper/package.zsh'
[0.912s] Level 1:colcon.colcon_core.environment:create_file_with_runtime_dependencies(/home/user/exchange/workspace/install/pal_pro_gripper/share/colcon-core/packages/pal_pro_gripper)
[0.913s] Level 1:colcon.colcon_core.environment:create_environment_scripts_only(pal_pro_gripper)
[0.913s] Level 1:colcon.colcon_core.environment:checking '/home/user/exchange/workspace/install/pal_pro_gripper' for CMake module files
[0.913s] Level 1:colcon.colcon_core.environment:checking '/home/user/exchange/workspace/install/pal_pro_gripper' for CMake config files
[0.913s] Level 1:colcon.colcon_core.shell:create_environment_hook('pal_pro_gripper', 'cmake_prefix_path')
[0.913s] INFO:colcon.colcon_core.shell:Creating environment hook '/home/user/exchange/workspace/install/pal_pro_gripper/share/pal_pro_gripper/hook/cmake_prefix_path.ps1'
[0.913s] INFO:colcon.colcon_core.shell:Creating environment descriptor '/home/user/exchange/workspace/install/pal_pro_gripper/share/pal_pro_gripper/hook/cmake_prefix_path.dsv'
[0.914s] INFO:colcon.colcon_core.shell:Creating environment hook '/home/user/exchange/workspace/install/pal_pro_gripper/share/pal_pro_gripper/hook/cmake_prefix_path.sh'
[0.914s] Level 1:colcon.colcon_core.environment:checking '/home/user/exchange/workspace/install/pal_pro_gripper/bin'
[0.914s] Level 1:colcon.colcon_core.environment:checking '/home/user/exchange/workspace/install/pal_pro_gripper/lib/pkgconfig/pal_pro_gripper.pc'
[0.914s] Level 1:colcon.colcon_core.environment:checking '/home/user/exchange/workspace/install/pal_pro_gripper/lib/python3.10/site-packages'
[0.914s] Level 1:colcon.colcon_core.environment:checking '/home/user/exchange/workspace/install/pal_pro_gripper/bin'
[0.915s] INFO:colcon.colcon_core.shell:Creating package script '/home/user/exchange/workspace/install/pal_pro_gripper/share/pal_pro_gripper/package.ps1'
[0.915s] INFO:colcon.colcon_core.shell:Creating package descriptor '/home/user/exchange/workspace/install/pal_pro_gripper/share/pal_pro_gripper/package.dsv'
[0.915s] INFO:colcon.colcon_core.shell:Creating package script '/home/user/exchange/workspace/install/pal_pro_gripper/share/pal_pro_gripper/package.sh'
[0.916s] INFO:colcon.colcon_core.shell:Creating package script '/home/user/exchange/workspace/install/pal_pro_gripper/share/pal_pro_gripper/package.bash'
[0.916s] INFO:colcon.colcon_core.shell:Creating package script '/home/user/exchange/workspace/install/pal_pro_gripper/share/pal_pro_gripper/package.zsh'
[0.916s] Level 1:colcon.colcon_core.environment:create_file_with_runtime_dependencies(/home/user/exchange/workspace/install/pal_pro_gripper/share/colcon-core/packages/pal_pro_gripper)
[0.916s] Level 1:colcon.colcon_core.environment:create_environment_scripts_only(pal_pro_gripper_bringup)
[0.916s] Level 1:colcon.colcon_core.environment:checking '/home/user/exchange/workspace/install/pal_pro_gripper_bringup' for CMake module files
[0.917s] Level 1:colcon.colcon_core.environment:checking '/home/user/exchange/workspace/install/pal_pro_gripper_bringup' for CMake config files
[0.917s] DEBUG:colcon.colcon_core.event_handler.log_command:Invoked command in '/home/user/exchange/workspace/build/pal_pro_gripper_bringup' returned '0': AMENT_PREFIX_PATH=/home/user/exchange/workspace/install/pal_pro_gripper_wrapper:/home/user/exchange/workspace/install/tiago_manipulation_tasks:/home/user/exchange/workspace/install/pick_task:/home/user/exchange/workspace/install/tiago_pro_simulation:/home/user/exchange/workspace/install/tiago_pro_robot:/home/user/exchange/workspace/install/tiago_pro_navigation:/home/user/exchange/workspace/install/tiago_pro_gazebo:/home/user/exchange/workspace/install/tiago_pro_rgbd_sensors:/home/user/exchange/workspace/install/tiago_pro_mujoco:/home/user/exchange/workspace/install/tiago_pro_moveit_config:/home/user/exchange/workspace/install/tiago_pro_laser_sensors:/home/user/exchange/workspace/install/tiago_pro_description:/home/user/exchange/workspace/install/tiago_pro_bringup:/home/user/exchange/workspace/install/tiago_pro_controller_configuration:/home/user/exchange/workspace/install/tiago_pro_2dnav:/home/user/exchange/workspace/install/ros2_linkattacher:/home/user/exchange/workspace/install/pal_sea_arm_moveit_config:/home/user/exchange/workspace/install/pal_sea_arm:/home/user/exchange/workspace/install/pal_sea_arm_bringup:/home/user/exchange/workspace/install/pal_sea_arm_description:/home/user/exchange/workspace/install/pal_sea_arm_controller_configuration:/home/user/exchange/workspace/install/pal_pro_gripper_simulation:/home/user/exchange/workspace/install/pal_pro_gripper_bringup:/home/user/exchange/workspace/install/pal_pro_gripper:/home/user/exchange/workspace/install/pal_pro_gripper_controller_configuration:/home/user/exchange/workspace/install/pal_pro_gripper_description:/home/user/exchange/workspace/install/pal_gazebo_worlds:/home/user/exchange/workspace/install/linkattacher_msgs:/opt/ros/humble CMAKE_PREFIX_PATH=/home/user/exchange/workspace/install/pal_pro_gripper_controller_configuration:/home/user/exchange/workspace/install/pal_pro_gripper_description:/home/user/exchange/workspace/install/tiago_manipulation_tasks:/home/user/exchange/workspace/install/tiago_pro_simulation:/home/user/exchange/workspace/install/tiago_pro_robot:/home/user/exchange/workspace/install/tiago_pro_navigation:/home/user/exchange/workspace/install/tiago_pro_gazebo:/home/user/exchange/workspace/install/tiago_pro_rgbd_sensors:/home/user/exchange/workspace/install/tiago_pro_mujoco:/home/user/exchange/workspace/install/tiago_pro_moveit_config:/home/user/exchange/workspace/install/tiago_pro_laser_sensors:/home/user/exchange/workspace/install/tiago_pro_description:/home/user/exchange/workspace/install/tiago_pro_bringup:/home/user/exchange/workspace/install/tiago_pro_controller_configuration:/home/user/exchange/workspace/install/tiago_pro_2dnav:/home/user/exchange/workspace/install/ros2_linkattacher:/home/user/exchange/workspace/install/pal_sea_arm_moveit_config:/home/user/exchange/workspace/install/pal_sea_arm:/home/user/exchange/workspace/install/pal_sea_arm_bringup:/home/user/exchange/workspace/install/pal_sea_arm_description:/home/user/exchange/workspace/install/pal_sea_arm_controller_configuration:/home/user/exchange/workspace/install/pal_pro_gripper_simulation:/home/user/exchange/workspace/install/pal_pro_gripper_bringup:/home/user/exchange/workspace/install/pal_pro_gripper:/home/user/exchange/workspace/install/pal_gazebo_worlds:/home/user/exchange/workspace/install/linkattacher_msgs:/home/user/exchange/workspace/install/pick_task:/home/user/exchange/workspace/install/pal_pro_gripper_wrapper:/opt/ros/humble PYTHONPATH=/home/user/exchange/workspace/install/pal_pro_gripper_wrapper/lib/python3.10/site-packages:/home/user/exchange/workspace/install/pick_task/lib/python3.10/site-packages:/home/user/exchange/workspace/install/tiago_pro_description/local/lib/python3.10/dist-packages:/home/user/exchange/workspace/install/pal_sea_arm_description/local/lib/python3.10/dist-packages:/home/user/exchange/workspace/install/pal_pro_gripper_description/local/lib/python3.10/dist-packages:/home/user/exchange/workspace/install/linkattacher_msgs/local/lib/python3.10/dist-packages:/opt/ros/humble/lib/python3.10/site-packages:/opt/ros/humble/local/lib/python3.10/dist-packages /usr/bin/cmake --install /home/user/exchange/workspace/build/pal_pro_gripper_bringup
[0.917s] Level 1:colcon.colcon_core.shell:create_environment_hook('pal_pro_gripper_bringup', 'cmake_prefix_path')
[0.917s] INFO:colcon.colcon_core.shell:Creating environment hook '/home/user/exchange/workspace/install/pal_pro_gripper_bringup/share/pal_pro_gripper_bringup/hook/cmake_prefix_path.ps1'
[0.917s] INFO:colcon.colcon_core.shell:Creating environment descriptor '/home/user/exchange/workspace/install/pal_pro_gripper_bringup/share/pal_pro_gripper_bringup/hook/cmake_prefix_path.dsv'
[0.918s] INFO:colcon.colcon_core.shell:Creating environment hook '/home/user/exchange/workspace/install/pal_pro_gripper_bringup/share/pal_pro_gripper_bringup/hook/cmake_prefix_path.sh'
[0.918s] Level 1:colcon.colcon_core.environment:checking '/home/user/exchange/workspace/install/pal_pro_gripper_bringup/bin'
[0.918s] Level 1:colcon.colcon_core.environment:checking '/home/user/exchange/workspace/install/pal_pro_gripper_bringup/lib/pkgconfig/pal_pro_gripper_bringup.pc'
[0.918s] Level 1:colcon.colcon_core.environment:checking '/home/user/exchange/workspace/install/pal_pro_gripper_bringup/lib/python3.10/site-packages'
[0.918s] Level 1:colcon.colcon_core.environment:checking '/home/user/exchange/workspace/install/pal_pro_gripper_bringup/bin'
[0.918s] INFO:colcon.colcon_core.shell:Creating package script '/home/user/exchange/workspace/install/pal_pro_gripper_bringup/share/pal_pro_gripper_bringup/package.ps1'
[0.919s] INFO:colcon.colcon_core.shell:Creating package descriptor '/home/user/exchange/workspace/install/pal_pro_gripper_bringup/share/pal_pro_gripper_bringup/package.dsv'
[0.919s] INFO:colcon.colcon_core.shell:Creating package script '/home/user/exchange/workspace/install/pal_pro_gripper_bringup/share/pal_pro_gripper_bringup/package.sh'
[0.919s] INFO:colcon.colcon_core.shell:Creating package script '/home/user/exchange/workspace/install/pal_pro_gripper_bringup/share/pal_pro_gripper_bringup/package.bash'
[0.919s] INFO:colcon.colcon_core.shell:Creating package script '/home/user/exchange/workspace/install/pal_pro_gripper_bringup/share/pal_pro_gripper_bringup/package.zsh'
[0.919s] Level 1:colcon.colcon_core.environment:create_file_with_runtime_dependencies(/home/user/exchange/workspace/install/pal_pro_gripper_bringup/share/colcon-core/packages/pal_pro_gripper_bringup)
[0.920s] Level 1:colcon.colcon_core.environment:create_environment_scripts_only(pal_pro_gripper_bringup)
[0.920s] Level 1:colcon.colcon_core.environment:checking '/home/user/exchange/workspace/install/pal_pro_gripper_bringup' for CMake module files
[0.920s] Level 1:colcon.colcon_core.environment:checking '/home/user/exchange/workspace/install/pal_pro_gripper_bringup' for CMake config files
[0.920s] Level 1:colcon.colcon_core.shell:create_environment_hook('pal_pro_gripper_bringup', 'cmake_prefix_path')
[0.920s] INFO:colcon.colcon_core.shell:Creating environment hook '/home/user/exchange/workspace/install/pal_pro_gripper_bringup/share/pal_pro_gripper_bringup/hook/cmake_prefix_path.ps1'
[0.920s] INFO:colcon.colcon_core.shell:Creating environment descriptor '/home/user/exchange/workspace/install/pal_pro_gripper_bringup/share/pal_pro_gripper_bringup/hook/cmake_prefix_path.dsv'
[0.921s] INFO:colcon.colcon_core.shell:Creating environment hook '/home/user/exchange/workspace/install/pal_pro_gripper_bringup/share/pal_pro_gripper_bringup/hook/cmake_prefix_path.sh'
[0.921s] Level 1:colcon.colcon_core.environment:checking '/home/user/exchange/workspace/install/pal_pro_gripper_bringup/bin'
[0.921s] Level 1:colcon.colcon_core.environment:checking '/home/user/exchange/workspace/install/pal_pro_gripper_bringup/lib/pkgconfig/pal_pro_gripper_bringup.pc'
[0.921s] Level 1:colcon.colcon_core.environment:checking '/home/user/exchange/workspace/install/pal_pro_gripper_bringup/lib/python3.10/site-packages'
[0.921s] Level 1:colcon.colcon_core.environment:checking '/home/user/exchange/workspace/install/pal_pro_gripper_bringup/bin'
[0.921s] INFO:colcon.colcon_core.shell:Creating package script '/home/user/exchange/workspace/install/pal_pro_gripper_bringup/share/pal_pro_gripper_bringup/package.ps1'
[0.922s] INFO:colcon.colcon_core.shell:Creating package descriptor '/home/user/exchange/workspace/install/pal_pro_gripper_bringup/share/pal_pro_gripper_bringup/package.dsv'
[0.922s] INFO:colcon.colcon_core.shell:Creating package script '/home/user/exchange/workspace/install/pal_pro_gripper_bringup/share/pal_pro_gripper_bringup/package.sh'
[0.922s] INFO:colcon.colcon_core.shell:Creating package script '/home/user/exchange/workspace/install/pal_pro_gripper_bringup/share/pal_pro_gripper_bringup/package.bash'
[0.922s] INFO:colcon.colcon_core.shell:Creating package script '/home/user/exchange/workspace/install/pal_pro_gripper_bringup/share/pal_pro_gripper_bringup/package.zsh'
[0.923s] Level 1:colcon.colcon_core.environment:create_file_with_runtime_dependencies(/home/user/exchange/workspace/install/pal_pro_gripper_bringup/share/colcon-core/packages/pal_pro_gripper_bringup)
[0.923s] Level 1:colcon.colcon_core.environment:create_environment_scripts_only(pal_pro_gripper_simulation)
[0.923s] Level 1:colcon.colcon_core.environment:checking '/home/user/exchange/workspace/install/pal_pro_gripper_simulation' for CMake module files
[0.923s] Level 1:colcon.colcon_core.environment:checking '/home/user/exchange/workspace/install/pal_pro_gripper_simulation' for CMake config files
[0.924s] DEBUG:colcon.colcon_core.event_handler.log_command:Invoked command in '/home/user/exchange/workspace/build/pal_pro_gripper_simulation' returned '0': AMENT_PREFIX_PATH=/home/user/exchange/workspace/install/pal_pro_gripper_wrapper:/home/user/exchange/workspace/install/tiago_manipulation_tasks:/home/user/exchange/workspace/install/pick_task:/home/user/exchange/workspace/install/tiago_pro_simulation:/home/user/exchange/workspace/install/tiago_pro_robot:/home/user/exchange/workspace/install/tiago_pro_navigation:/home/user/exchange/workspace/install/tiago_pro_gazebo:/home/user/exchange/workspace/install/tiago_pro_rgbd_sensors:/home/user/exchange/workspace/install/tiago_pro_mujoco:/home/user/exchange/workspace/install/tiago_pro_moveit_config:/home/user/exchange/workspace/install/tiago_pro_laser_sensors:/home/user/exchange/workspace/install/tiago_pro_description:/home/user/exchange/workspace/install/tiago_pro_bringup:/home/user/exchange/workspace/install/tiago_pro_controller_configuration:/home/user/exchange/workspace/install/tiago_pro_2dnav:/home/user/exchange/workspace/install/ros2_linkattacher:/home/user/exchange/workspace/install/pal_sea_arm_moveit_config:/home/user/exchange/workspace/install/pal_sea_arm:/home/user/exchange/workspace/install/pal_sea_arm_bringup:/home/user/exchange/workspace/install/pal_sea_arm_description:/home/user/exchange/workspace/install/pal_sea_arm_controller_configuration:/home/user/exchange/workspace/install/pal_pro_gripper_simulation:/home/user/exchange/workspace/install/pal_pro_gripper_bringup:/home/user/exchange/workspace/install/pal_pro_gripper:/home/user/exchange/workspace/install/pal_pro_gripper_controller_configuration:/home/user/exchange/workspace/install/pal_pro_gripper_description:/home/user/exchange/workspace/install/pal_gazebo_worlds:/home/user/exchange/workspace/install/linkattacher_msgs:/opt/ros/humble CMAKE_PREFIX_PATH=/home/user/exchange/workspace/install/pal_pro_gripper_controller_configuration:/home/user/exchange/workspace/install/pal_pro_gripper_description:/home/user/exchange/workspace/install/pal_gazebo_worlds:/home/user/exchange/workspace/install/tiago_manipulation_tasks:/home/user/exchange/workspace/install/tiago_pro_simulation:/home/user/exchange/workspace/install/tiago_pro_robot:/home/user/exchange/workspace/install/tiago_pro_navigation:/home/user/exchange/workspace/install/tiago_pro_gazebo:/home/user/exchange/workspace/install/tiago_pro_rgbd_sensors:/home/user/exchange/workspace/install/tiago_pro_mujoco:/home/user/exchange/workspace/install/tiago_pro_moveit_config:/home/user/exchange/workspace/install/tiago_pro_laser_sensors:/home/user/exchange/workspace/install/tiago_pro_description:/home/user/exchange/workspace/install/tiago_pro_bringup:/home/user/exchange/workspace/install/tiago_pro_controller_configuration:/home/user/exchange/workspace/install/tiago_pro_2dnav:/home/user/exchange/workspace/install/ros2_linkattacher:/home/user/exchange/workspace/install/pal_sea_arm_moveit_config:/home/user/exchange/workspace/install/pal_sea_arm:/home/user/exchange/workspace/install/pal_sea_arm_bringup:/home/user/exchange/workspace/install/pal_sea_arm_description:/home/user/exchange/workspace/install/pal_sea_arm_controller_configuration:/home/user/exchange/workspace/install/pal_pro_gripper_simulation:/home/user/exchange/workspace/install/pal_pro_gripper_bringup:/home/user/exchange/workspace/install/pal_pro_gripper:/home/user/exchange/workspace/install/linkattacher_msgs:/home/user/exchange/workspace/install/pick_task:/home/user/exchange/workspace/install/pal_pro_gripper_wrapper:/opt/ros/humble PYTHONPATH=/home/user/exchange/workspace/install/pal_pro_gripper_wrapper/lib/python3.10/site-packages:/home/user/exchange/workspace/install/pick_task/lib/python3.10/site-packages:/home/user/exchange/workspace/install/tiago_pro_description/local/lib/python3.10/dist-packages:/home/user/exchange/workspace/install/pal_sea_arm_description/local/lib/python3.10/dist-packages:/home/user/exchange/workspace/install/pal_pro_gripper_description/local/lib/python3.10/dist-packages:/home/user/exchange/workspace/install/linkattacher_msgs/local/lib/python3.10/dist-packages:/opt/ros/humble/lib/python3.10/site-packages:/opt/ros/humble/local/lib/python3.10/dist-packages /usr/bin/cmake --install /home/user/exchange/workspace/build/pal_pro_gripper_simulation
[0.924s] Level 1:colcon.colcon_core.shell:create_environment_hook('pal_pro_gripper_simulation', 'cmake_prefix_path')
[0.924s] INFO:colcon.colcon_core.shell:Creating environment hook '/home/user/exchange/workspace/install/pal_pro_gripper_simulation/share/pal_pro_gripper_simulation/hook/cmake_prefix_path.ps1'
[0.924s] INFO:colcon.colcon_core.shell:Creating environment descriptor '/home/user/exchange/workspace/install/pal_pro_gripper_simulation/share/pal_pro_gripper_simulation/hook/cmake_prefix_path.dsv'
[0.924s] INFO:colcon.colcon_core.shell:Creating environment hook '/home/user/exchange/workspace/install/pal_pro_gripper_simulation/share/pal_pro_gripper_simulation/hook/cmake_prefix_path.sh'
[0.925s] Level 1:colcon.colcon_core.environment:checking '/home/user/exchange/workspace/install/pal_pro_gripper_simulation/bin'
[0.925s] Level 1:colcon.colcon_core.environment:checking '/home/user/exchange/workspace/install/pal_pro_gripper_simulation/lib/pkgconfig/pal_pro_gripper_simulation.pc'
[0.925s] Level 1:colcon.colcon_core.environment:checking '/home/user/exchange/workspace/install/pal_pro_gripper_simulation/lib/python3.10/site-packages'
[0.925s] Level 1:colcon.colcon_core.environment:checking '/home/user/exchange/workspace/install/pal_pro_gripper_simulation/bin'
[0.925s] INFO:colcon.colcon_core.shell:Creating package script '/home/user/exchange/workspace/install/pal_pro_gripper_simulation/share/pal_pro_gripper_simulation/package.ps1'
[0.925s] INFO:colcon.colcon_core.shell:Creating package descriptor '/home/user/exchange/workspace/install/pal_pro_gripper_simulation/share/pal_pro_gripper_simulation/package.dsv'
[0.925s] INFO:colcon.colcon_core.shell:Creating package script '/home/user/exchange/workspace/install/pal_pro_gripper_simulation/share/pal_pro_gripper_simulation/package.sh'
[0.926s] INFO:colcon.colcon_core.shell:Creating package script '/home/user/exchange/workspace/install/pal_pro_gripper_simulation/share/pal_pro_gripper_simulation/package.bash'
[0.926s] INFO:colcon.colcon_core.shell:Creating package script '/home/user/exchange/workspace/install/pal_pro_gripper_simulation/share/pal_pro_gripper_simulation/package.zsh'
[0.926s] Level 1:colcon.colcon_core.environment:create_file_with_runtime_dependencies(/home/user/exchange/workspace/install/pal_pro_gripper_simulation/share/colcon-core/packages/pal_pro_gripper_simulation)
[0.926s] Level 1:colcon.colcon_core.environment:create_environment_scripts_only(pal_pro_gripper_simulation)
[0.926s] Level 1:colcon.colcon_core.environment:checking '/home/user/exchange/workspace/install/pal_pro_gripper_simulation' for CMake module files
[0.927s] Level 1:colcon.colcon_core.environment:checking '/home/user/exchange/workspace/install/pal_pro_gripper_simulation' for CMake config files
[0.927s] Level 1:colcon.colcon_core.shell:create_environment_hook('pal_pro_gripper_simulation', 'cmake_prefix_path')
[0.927s] INFO:colcon.colcon_core.shell:Creating environment hook '/home/user/exchange/workspace/install/pal_pro_gripper_simulation/share/pal_pro_gripper_simulation/hook/cmake_prefix_path.ps1'
[0.927s] INFO:colcon.colcon_core.shell:Creating environment descriptor '/home/user/exchange/workspace/install/pal_pro_gripper_simulation/share/pal_pro_gripper_simulation/hook/cmake_prefix_path.dsv'
[0.927s] INFO:colcon.colcon_core.shell:Creating environment hook '/home/user/exchange/workspace/install/pal_pro_gripper_simulation/share/pal_pro_gripper_simulation/hook/cmake_prefix_path.sh'
[0.928s] Level 1:colcon.colcon_core.environment:checking '/home/user/exchange/workspace/install/pal_pro_gripper_simulation/bin'
[0.928s] Level 1:colcon.colcon_core.environment:checking '/home/user/exchange/workspace/install/pal_pro_gripper_simulation/lib/pkgconfig/pal_pro_gripper_simulation.pc'
[0.928s] Level 1:colcon.colcon_core.environment:checking '/home/user/exchange/workspace/install/pal_pro_gripper_simulation/lib/python3.10/site-packages'
[0.928s] Level 1:colcon.colcon_core.environment:checking '/home/user/exchange/workspace/install/pal_pro_gripper_simulation/bin'
[0.928s] INFO:colcon.colcon_core.shell:Creating package script '/home/user/exchange/workspace/install/pal_pro_gripper_simulation/share/pal_pro_gripper_simulation/package.ps1'
[0.929s] INFO:colcon.colcon_core.shell:Creating package descriptor '/home/user/exchange/workspace/install/pal_pro_gripper_simulation/share/pal_pro_gripper_simulation/package.dsv'
[0.929s] INFO:colcon.colcon_core.shell:Creating package script '/home/user/exchange/workspace/install/pal_pro_gripper_simulation/share/pal_pro_gripper_simulation/package.sh'
[0.929s] INFO:colcon.colcon_core.shell:Creating package script '/home/user/exchange/workspace/install/pal_pro_gripper_simulation/share/pal_pro_gripper_simulation/package.bash'
[0.930s] INFO:colcon.colcon_core.shell:Creating package script '/home/user/exchange/workspace/install/pal_pro_gripper_simulation/share/pal_pro_gripper_simulation/package.zsh'
[0.930s] Level 1:colcon.colcon_core.environment:create_file_with_runtime_dependencies(/home/user/exchange/workspace/install/pal_pro_gripper_simulation/share/colcon-core/packages/pal_pro_gripper_simulation)
[0.932s] DEBUG:colcon.colcon_core.event_handler.log_command:Invoking command in '/home/user/exchange/workspace/build/pal_sea_arm_description': AMENT_PREFIX_PATH=/home/user/exchange/workspace/install/pal_pro_gripper_wrapper:/home/user/exchange/workspace/install/tiago_manipulation_tasks:/home/user/exchange/workspace/install/pick_task:/home/user/exchange/workspace/install/tiago_pro_simulation:/home/user/exchange/workspace/install/tiago_pro_robot:/home/user/exchange/workspace/install/tiago_pro_navigation:/home/user/exchange/workspace/install/tiago_pro_gazebo:/home/user/exchange/workspace/install/tiago_pro_rgbd_sensors:/home/user/exchange/workspace/install/tiago_pro_mujoco:/home/user/exchange/workspace/install/tiago_pro_moveit_config:/home/user/exchange/workspace/install/tiago_pro_laser_sensors:/home/user/exchange/workspace/install/tiago_pro_description:/home/user/exchange/workspace/install/tiago_pro_bringup:/home/user/exchange/workspace/install/tiago_pro_controller_configuration:/home/user/exchange/workspace/install/tiago_pro_2dnav:/home/user/exchange/workspace/install/ros2_linkattacher:/home/user/exchange/workspace/install/pal_sea_arm_moveit_config:/home/user/exchange/workspace/install/pal_sea_arm:/home/user/exchange/workspace/install/pal_sea_arm_bringup:/home/user/exchange/workspace/install/pal_sea_arm_description:/home/user/exchange/workspace/install/pal_sea_arm_controller_configuration:/home/user/exchange/workspace/install/pal_pro_gripper_simulation:/home/user/exchange/workspace/install/pal_pro_gripper_bringup:/home/user/exchange/workspace/install/pal_pro_gripper:/home/user/exchange/workspace/install/pal_pro_gripper_controller_configuration:/home/user/exchange/workspace/install/pal_pro_gripper_description:/home/user/exchange/workspace/install/pal_gazebo_worlds:/home/user/exchange/workspace/install/linkattacher_msgs:/opt/ros/humble CMAKE_PREFIX_PATH=/home/user/exchange/workspace/install/pal_sea_arm_controller_configuration:/home/user/exchange/workspace/install/pal_pro_gripper_controller_configuration:/home/user/exchange/workspace/install/pal_pro_gripper_description:/home/user/exchange/workspace/install/tiago_manipulation_tasks:/home/user/exchange/workspace/install/tiago_pro_simulation:/home/user/exchange/workspace/install/tiago_pro_robot:/home/user/exchange/workspace/install/tiago_pro_navigation:/home/user/exchange/workspace/install/tiago_pro_gazebo:/home/user/exchange/workspace/install/tiago_pro_rgbd_sensors:/home/user/exchange/workspace/install/tiago_pro_mujoco:/home/user/exchange/workspace/install/tiago_pro_moveit_config:/home/user/exchange/workspace/install/tiago_pro_laser_sensors:/home/user/exchange/workspace/install/tiago_pro_description:/home/user/exchange/workspace/install/tiago_pro_bringup:/home/user/exchange/workspace/install/tiago_pro_controller_configuration:/home/user/exchange/workspace/install/tiago_pro_2dnav:/home/user/exchange/workspace/install/ros2_linkattacher:/home/user/exchange/workspace/install/pal_sea_arm_moveit_config:/home/user/exchange/workspace/install/pal_sea_arm:/home/user/exchange/workspace/install/pal_sea_arm_bringup:/home/user/exchange/workspace/install/pal_sea_arm_description:/home/user/exchange/workspace/install/pal_pro_gripper_simulation:/home/user/exchange/workspace/install/pal_pro_gripper_bringup:/home/user/exchange/workspace/install/pal_pro_gripper:/home/user/exchange/workspace/install/pal_gazebo_worlds:/home/user/exchange/workspace/install/linkattacher_msgs:/home/user/exchange/workspace/install/pick_task:/home/user/exchange/workspace/install/pal_pro_gripper_wrapper:/opt/ros/humble PYTHONPATH=/home/user/exchange/workspace/install/pal_pro_gripper_wrapper/lib/python3.10/site-packages:/home/user/exchange/workspace/install/pick_task/lib/python3.10/site-packages:/home/user/exchange/workspace/install/tiago_pro_description/local/lib/python3.10/dist-packages:/home/user/exchange/workspace/install/pal_sea_arm_description/local/lib/python3.10/dist-packages:/home/user/exchange/workspace/install/pal_pro_gripper_description/local/lib/python3.10/dist-packages:/home/user/exchange/workspace/install/linkattacher_msgs/local/lib/python3.10/dist-packages:/opt/ros/humble/lib/python3.10/site-packages:/opt/ros/humble/local/lib/python3.10/dist-packages /usr/bin/cmake --build /home/user/exchange/workspace/build/pal_sea_arm_description -- -j12 -l12
[0.934s] DEBUG:colcon.colcon_core.event_handler.log_command:Invoking command in '/home/user/exchange/workspace/build/tiago_pro_controller_configuration': AMENT_PREFIX_PATH=/home/user/exchange/workspace/install/pal_pro_gripper_wrapper:/home/user/exchange/workspace/install/tiago_manipulation_tasks:/home/user/exchange/workspace/install/pick_task:/home/user/exchange/workspace/install/tiago_pro_simulation:/home/user/exchange/workspace/install/tiago_pro_robot:/home/user/exchange/workspace/install/tiago_pro_navigation:/home/user/exchange/workspace/install/tiago_pro_gazebo:/home/user/exchange/workspace/install/tiago_pro_rgbd_sensors:/home/user/exchange/workspace/install/tiago_pro_mujoco:/home/user/exchange/workspace/install/tiago_pro_moveit_config:/home/user/exchange/workspace/install/tiago_pro_laser_sensors:/home/user/exchange/workspace/install/tiago_pro_description:/home/user/exchange/workspace/install/tiago_pro_bringup:/home/user/exchange/workspace/install/tiago_pro_controller_configuration:/home/user/exchange/workspace/install/tiago_pro_2dnav:/home/user/exchange/workspace/install/ros2_linkattacher:/home/user/exchange/workspace/install/pal_sea_arm_moveit_config:/home/user/exchange/workspace/install/pal_sea_arm:/home/user/exchange/workspace/install/pal_sea_arm_bringup:/home/user/exchange/workspace/install/pal_sea_arm_description:/home/user/exchange/workspace/install/pal_sea_arm_controller_configuration:/home/user/exchange/workspace/install/pal_pro_gripper_simulation:/home/user/exchange/workspace/install/pal_pro_gripper_bringup:/home/user/exchange/workspace/install/pal_pro_gripper:/home/user/exchange/workspace/install/pal_pro_gripper_controller_configuration:/home/user/exchange/workspace/install/pal_pro_gripper_description:/home/user/exchange/workspace/install/pal_gazebo_worlds:/home/user/exchange/workspace/install/linkattacher_msgs:/opt/ros/humble CMAKE_PREFIX_PATH=/home/user/exchange/workspace/install/pal_sea_arm_controller_configuration:/home/user/exchange/workspace/install/pal_pro_gripper_controller_configuration:/home/user/exchange/workspace/install/tiago_manipulation_tasks:/home/user/exchange/workspace/install/tiago_pro_simulation:/home/user/exchange/workspace/install/tiago_pro_robot:/home/user/exchange/workspace/install/tiago_pro_navigation:/home/user/exchange/workspace/install/tiago_pro_gazebo:/home/user/exchange/workspace/install/tiago_pro_rgbd_sensors:/home/user/exchange/workspace/install/tiago_pro_mujoco:/home/user/exchange/workspace/install/tiago_pro_moveit_config:/home/user/exchange/workspace/install/tiago_pro_laser_sensors:/home/user/exchange/workspace/install/tiago_pro_description:/home/user/exchange/workspace/install/tiago_pro_bringup:/home/user/exchange/workspace/install/tiago_pro_controller_configuration:/home/user/exchange/workspace/install/tiago_pro_2dnav:/home/user/exchange/workspace/install/ros2_linkattacher:/home/user/exchange/workspace/install/pal_sea_arm_moveit_config:/home/user/exchange/workspace/install/pal_sea_arm:/home/user/exchange/workspace/install/pal_sea_arm_bringup:/home/user/exchange/workspace/install/pal_sea_arm_description:/home/user/exchange/workspace/install/pal_pro_gripper_simulation:/home/user/exchange/workspace/install/pal_pro_gripper_bringup:/home/user/exchange/workspace/install/pal_pro_gripper:/home/user/exchange/workspace/install/pal_pro_gripper_description:/home/user/exchange/workspace/install/pal_gazebo_worlds:/home/user/exchange/workspace/install/linkattacher_msgs:/home/user/exchange/workspace/install/pick_task:/home/user/exchange/workspace/install/pal_pro_gripper_wrapper:/opt/ros/humble PYTHONPATH=/home/user/exchange/workspace/install/pal_pro_gripper_wrapper/lib/python3.10/site-packages:/home/user/exchange/workspace/install/pick_task/lib/python3.10/site-packages:/home/user/exchange/workspace/install/tiago_pro_description/local/lib/python3.10/dist-packages:/home/user/exchange/workspace/install/pal_sea_arm_description/local/lib/python3.10/dist-packages:/home/user/exchange/workspace/install/pal_pro_gripper_description/local/lib/python3.10/dist-packages:/home/user/exchange/workspace/install/linkattacher_msgs/local/lib/python3.10/dist-packages:/opt/ros/humble/lib/python3.10/site-packages:/opt/ros/humble/local/lib/python3.10/dist-packages /usr/bin/cmake --build /home/user/exchange/workspace/build/tiago_pro_controller_configuration -- -j12 -l12
[0.962s] DEBUG:colcon.colcon_core.event_handler.log_command:Invoked command in '/home/user/exchange/workspace/build/tiago_pro_controller_configuration' returned '0': AMENT_PREFIX_PATH=/home/user/exchange/workspace/install/pal_pro_gripper_wrapper:/home/user/exchange/workspace/install/tiago_manipulation_tasks:/home/user/exchange/workspace/install/pick_task:/home/user/exchange/workspace/install/tiago_pro_simulation:/home/user/exchange/workspace/install/tiago_pro_robot:/home/user/exchange/workspace/install/tiago_pro_navigation:/home/user/exchange/workspace/install/tiago_pro_gazebo:/home/user/exchange/workspace/install/tiago_pro_rgbd_sensors:/home/user/exchange/workspace/install/tiago_pro_mujoco:/home/user/exchange/workspace/install/tiago_pro_moveit_config:/home/user/exchange/workspace/install/tiago_pro_laser_sensors:/home/user/exchange/workspace/install/tiago_pro_description:/home/user/exchange/workspace/install/tiago_pro_bringup:/home/user/exchange/workspace/install/tiago_pro_controller_configuration:/home/user/exchange/workspace/install/tiago_pro_2dnav:/home/user/exchange/workspace/install/ros2_linkattacher:/home/user/exchange/workspace/install/pal_sea_arm_moveit_config:/home/user/exchange/workspace/install/pal_sea_arm:/home/user/exchange/workspace/install/pal_sea_arm_bringup:/home/user/exchange/workspace/install/pal_sea_arm_description:/home/user/exchange/workspace/install/pal_sea_arm_controller_configuration:/home/user/exchange/workspace/install/pal_pro_gripper_simulation:/home/user/exchange/workspace/install/pal_pro_gripper_bringup:/home/user/exchange/workspace/install/pal_pro_gripper:/home/user/exchange/workspace/install/pal_pro_gripper_controller_configuration:/home/user/exchange/workspace/install/pal_pro_gripper_description:/home/user/exchange/workspace/install/pal_gazebo_worlds:/home/user/exchange/workspace/install/linkattacher_msgs:/opt/ros/humble CMAKE_PREFIX_PATH=/home/user/exchange/workspace/install/pal_sea_arm_controller_configuration:/home/user/exchange/workspace/install/pal_pro_gripper_controller_configuration:/home/user/exchange/workspace/install/tiago_manipulation_tasks:/home/user/exchange/workspace/install/tiago_pro_simulation:/home/user/exchange/workspace/install/tiago_pro_robot:/home/user/exchange/workspace/install/tiago_pro_navigation:/home/user/exchange/workspace/install/tiago_pro_gazebo:/home/user/exchange/workspace/install/tiago_pro_rgbd_sensors:/home/user/exchange/workspace/install/tiago_pro_mujoco:/home/user/exchange/workspace/install/tiago_pro_moveit_config:/home/user/exchange/workspace/install/tiago_pro_laser_sensors:/home/user/exchange/workspace/install/tiago_pro_description:/home/user/exchange/workspace/install/tiago_pro_bringup:/home/user/exchange/workspace/install/tiago_pro_controller_configuration:/home/user/exchange/workspace/install/tiago_pro_2dnav:/home/user/exchange/workspace/install/ros2_linkattacher:/home/user/exchange/workspace/install/pal_sea_arm_moveit_config:/home/user/exchange/workspace/install/pal_sea_arm:/home/user/exchange/workspace/install/pal_sea_arm_bringup:/home/user/exchange/workspace/install/pal_sea_arm_description:/home/user/exchange/workspace/install/pal_pro_gripper_simulation:/home/user/exchange/workspace/install/pal_pro_gripper_bringup:/home/user/exchange/workspace/install/pal_pro_gripper:/home/user/exchange/workspace/install/pal_pro_gripper_description:/home/user/exchange/workspace/install/pal_gazebo_worlds:/home/user/exchange/workspace/install/linkattacher_msgs:/home/user/exchange/workspace/install/pick_task:/home/user/exchange/workspace/install/pal_pro_gripper_wrapper:/opt/ros/humble PYTHONPATH=/home/user/exchange/workspace/install/pal_pro_gripper_wrapper/lib/python3.10/site-packages:/home/user/exchange/workspace/install/pick_task/lib/python3.10/site-packages:/home/user/exchange/workspace/install/tiago_pro_description/local/lib/python3.10/dist-packages:/home/user/exchange/workspace/install/pal_sea_arm_description/local/lib/python3.10/dist-packages:/home/user/exchange/workspace/install/pal_pro_gripper_description/local/lib/python3.10/dist-packages:/home/user/exchange/workspace/install/linkattacher_msgs/local/lib/python3.10/dist-packages:/opt/ros/humble/lib/python3.10/site-packages:/opt/ros/humble/local/lib/python3.10/dist-packages /usr/bin/cmake --build /home/user/exchange/workspace/build/tiago_pro_controller_configuration -- -j12 -l12
[0.962s] DEBUG:colcon.colcon_core.event_handler.log_command:Invoking command in '/home/user/exchange/workspace/build/tiago_pro_controller_configuration': AMENT_PREFIX_PATH=/home/user/exchange/workspace/install/pal_pro_gripper_wrapper:/home/user/exchange/workspace/install/tiago_manipulation_tasks:/home/user/exchange/workspace/install/pick_task:/home/user/exchange/workspace/install/tiago_pro_simulation:/home/user/exchange/workspace/install/tiago_pro_robot:/home/user/exchange/workspace/install/tiago_pro_navigation:/home/user/exchange/workspace/install/tiago_pro_gazebo:/home/user/exchange/workspace/install/tiago_pro_rgbd_sensors:/home/user/exchange/workspace/install/tiago_pro_mujoco:/home/user/exchange/workspace/install/tiago_pro_moveit_config:/home/user/exchange/workspace/install/tiago_pro_laser_sensors:/home/user/exchange/workspace/install/tiago_pro_description:/home/user/exchange/workspace/install/tiago_pro_bringup:/home/user/exchange/workspace/install/tiago_pro_controller_configuration:/home/user/exchange/workspace/install/tiago_pro_2dnav:/home/user/exchange/workspace/install/ros2_linkattacher:/home/user/exchange/workspace/install/pal_sea_arm_moveit_config:/home/user/exchange/workspace/install/pal_sea_arm:/home/user/exchange/workspace/install/pal_sea_arm_bringup:/home/user/exchange/workspace/install/pal_sea_arm_description:/home/user/exchange/workspace/install/pal_sea_arm_controller_configuration:/home/user/exchange/workspace/install/pal_pro_gripper_simulation:/home/user/exchange/workspace/install/pal_pro_gripper_bringup:/home/user/exchange/workspace/install/pal_pro_gripper:/home/user/exchange/workspace/install/pal_pro_gripper_controller_configuration:/home/user/exchange/workspace/install/pal_pro_gripper_description:/home/user/exchange/workspace/install/pal_gazebo_worlds:/home/user/exchange/workspace/install/linkattacher_msgs:/opt/ros/humble CMAKE_PREFIX_PATH=/home/user/exchange/workspace/install/pal_sea_arm_controller_configuration:/home/user/exchange/workspace/install/pal_pro_gripper_controller_configuration:/home/user/exchange/workspace/install/tiago_manipulation_tasks:/home/user/exchange/workspace/install/tiago_pro_simulation:/home/user/exchange/workspace/install/tiago_pro_robot:/home/user/exchange/workspace/install/tiago_pro_navigation:/home/user/exchange/workspace/install/tiago_pro_gazebo:/home/user/exchange/workspace/install/tiago_pro_rgbd_sensors:/home/user/exchange/workspace/install/tiago_pro_mujoco:/home/user/exchange/workspace/install/tiago_pro_moveit_config:/home/user/exchange/workspace/install/tiago_pro_laser_sensors:/home/user/exchange/workspace/install/tiago_pro_description:/home/user/exchange/workspace/install/tiago_pro_bringup:/home/user/exchange/workspace/install/tiago_pro_controller_configuration:/home/user/exchange/workspace/install/tiago_pro_2dnav:/home/user/exchange/workspace/install/ros2_linkattacher:/home/user/exchange/workspace/install/pal_sea_arm_moveit_config:/home/user/exchange/workspace/install/pal_sea_arm:/home/user/exchange/workspace/install/pal_sea_arm_bringup:/home/user/exchange/workspace/install/pal_sea_arm_description:/home/user/exchange/workspace/install/pal_pro_gripper_simulation:/home/user/exchange/workspace/install/pal_pro_gripper_bringup:/home/user/exchange/workspace/install/pal_pro_gripper:/home/user/exchange/workspace/install/pal_pro_gripper_description:/home/user/exchange/workspace/install/pal_gazebo_worlds:/home/user/exchange/workspace/install/linkattacher_msgs:/home/user/exchange/workspace/install/pick_task:/home/user/exchange/workspace/install/pal_pro_gripper_wrapper:/opt/ros/humble PYTHONPATH=/home/user/exchange/workspace/install/pal_pro_gripper_wrapper/lib/python3.10/site-packages:/home/user/exchange/workspace/install/pick_task/lib/python3.10/site-packages:/home/user/exchange/workspace/install/tiago_pro_description/local/lib/python3.10/dist-packages:/home/user/exchange/workspace/install/pal_sea_arm_description/local/lib/python3.10/dist-packages:/home/user/exchange/workspace/install/pal_pro_gripper_description/local/lib/python3.10/dist-packages:/home/user/exchange/workspace/install/linkattacher_msgs/local/lib/python3.10/dist-packages:/opt/ros/humble/lib/python3.10/site-packages:/opt/ros/humble/local/lib/python3.10/dist-packages /usr/bin/cmake --install /home/user/exchange/workspace/build/tiago_pro_controller_configuration
[0.975s] Level 1:colcon.colcon_core.environment:create_environment_scripts_only(tiago_pro_controller_configuration)
[0.976s] Level 1:colcon.colcon_core.environment:checking '/home/user/exchange/workspace/install/tiago_pro_controller_configuration' for CMake module files
[0.976s] Level 1:colcon.colcon_core.environment:checking '/home/user/exchange/workspace/install/tiago_pro_controller_configuration' for CMake config files
[0.977s] DEBUG:colcon.colcon_core.event_handler.log_command:Invoked command in '/home/user/exchange/workspace/build/tiago_pro_controller_configuration' returned '0': AMENT_PREFIX_PATH=/home/user/exchange/workspace/install/pal_pro_gripper_wrapper:/home/user/exchange/workspace/install/tiago_manipulation_tasks:/home/user/exchange/workspace/install/pick_task:/home/user/exchange/workspace/install/tiago_pro_simulation:/home/user/exchange/workspace/install/tiago_pro_robot:/home/user/exchange/workspace/install/tiago_pro_navigation:/home/user/exchange/workspace/install/tiago_pro_gazebo:/home/user/exchange/workspace/install/tiago_pro_rgbd_sensors:/home/user/exchange/workspace/install/tiago_pro_mujoco:/home/user/exchange/workspace/install/tiago_pro_moveit_config:/home/user/exchange/workspace/install/tiago_pro_laser_sensors:/home/user/exchange/workspace/install/tiago_pro_description:/home/user/exchange/workspace/install/tiago_pro_bringup:/home/user/exchange/workspace/install/tiago_pro_controller_configuration:/home/user/exchange/workspace/install/tiago_pro_2dnav:/home/user/exchange/workspace/install/ros2_linkattacher:/home/user/exchange/workspace/install/pal_sea_arm_moveit_config:/home/user/exchange/workspace/install/pal_sea_arm:/home/user/exchange/workspace/install/pal_sea_arm_bringup:/home/user/exchange/workspace/install/pal_sea_arm_description:/home/user/exchange/workspace/install/pal_sea_arm_controller_configuration:/home/user/exchange/workspace/install/pal_pro_gripper_simulation:/home/user/exchange/workspace/install/pal_pro_gripper_bringup:/home/user/exchange/workspace/install/pal_pro_gripper:/home/user/exchange/workspace/install/pal_pro_gripper_controller_configuration:/home/user/exchange/workspace/install/pal_pro_gripper_description:/home/user/exchange/workspace/install/pal_gazebo_worlds:/home/user/exchange/workspace/install/linkattacher_msgs:/opt/ros/humble CMAKE_PREFIX_PATH=/home/user/exchange/workspace/install/pal_sea_arm_controller_configuration:/home/user/exchange/workspace/install/pal_pro_gripper_controller_configuration:/home/user/exchange/workspace/install/tiago_manipulation_tasks:/home/user/exchange/workspace/install/tiago_pro_simulation:/home/user/exchange/workspace/install/tiago_pro_robot:/home/user/exchange/workspace/install/tiago_pro_navigation:/home/user/exchange/workspace/install/tiago_pro_gazebo:/home/user/exchange/workspace/install/tiago_pro_rgbd_sensors:/home/user/exchange/workspace/install/tiago_pro_mujoco:/home/user/exchange/workspace/install/tiago_pro_moveit_config:/home/user/exchange/workspace/install/tiago_pro_laser_sensors:/home/user/exchange/workspace/install/tiago_pro_description:/home/user/exchange/workspace/install/tiago_pro_bringup:/home/user/exchange/workspace/install/tiago_pro_controller_configuration:/home/user/exchange/workspace/install/tiago_pro_2dnav:/home/user/exchange/workspace/install/ros2_linkattacher:/home/user/exchange/workspace/install/pal_sea_arm_moveit_config:/home/user/exchange/workspace/install/pal_sea_arm:/home/user/exchange/workspace/install/pal_sea_arm_bringup:/home/user/exchange/workspace/install/pal_sea_arm_description:/home/user/exchange/workspace/install/pal_pro_gripper_simulation:/home/user/exchange/workspace/install/pal_pro_gripper_bringup:/home/user/exchange/workspace/install/pal_pro_gripper:/home/user/exchange/workspace/install/pal_pro_gripper_description:/home/user/exchange/workspace/install/pal_gazebo_worlds:/home/user/exchange/workspace/install/linkattacher_msgs:/home/user/exchange/workspace/install/pick_task:/home/user/exchange/workspace/install/pal_pro_gripper_wrapper:/opt/ros/humble PYTHONPATH=/home/user/exchange/workspace/install/pal_pro_gripper_wrapper/lib/python3.10/site-packages:/home/user/exchange/workspace/install/pick_task/lib/python3.10/site-packages:/home/user/exchange/workspace/install/tiago_pro_description/local/lib/python3.10/dist-packages:/home/user/exchange/workspace/install/pal_sea_arm_description/local/lib/python3.10/dist-packages:/home/user/exchange/workspace/install/pal_pro_gripper_description/local/lib/python3.10/dist-packages:/home/user/exchange/workspace/install/linkattacher_msgs/local/lib/python3.10/dist-packages:/opt/ros/humble/lib/python3.10/site-packages:/opt/ros/humble/local/lib/python3.10/dist-packages /usr/bin/cmake --install /home/user/exchange/workspace/build/tiago_pro_controller_configuration
[0.978s] Level 1:colcon.colcon_core.shell:create_environment_hook('tiago_pro_controller_configuration', 'cmake_prefix_path')
[0.978s] INFO:colcon.colcon_core.shell:Creating environment hook '/home/user/exchange/workspace/install/tiago_pro_controller_configuration/share/tiago_pro_controller_configuration/hook/cmake_prefix_path.ps1'
[0.978s] INFO:colcon.colcon_core.shell:Creating environment descriptor '/home/user/exchange/workspace/install/tiago_pro_controller_configuration/share/tiago_pro_controller_configuration/hook/cmake_prefix_path.dsv'
[0.979s] INFO:colcon.colcon_core.shell:Creating environment hook '/home/user/exchange/workspace/install/tiago_pro_controller_configuration/share/tiago_pro_controller_configuration/hook/cmake_prefix_path.sh'
[0.979s] Level 1:colcon.colcon_core.environment:checking '/home/user/exchange/workspace/install/tiago_pro_controller_configuration/bin'
[0.979s] Level 1:colcon.colcon_core.environment:checking '/home/user/exchange/workspace/install/tiago_pro_controller_configuration/lib/pkgconfig/tiago_pro_controller_configuration.pc'
[0.979s] Level 1:colcon.colcon_core.environment:checking '/home/user/exchange/workspace/install/tiago_pro_controller_configuration/lib/python3.10/site-packages'
[0.980s] Level 1:colcon.colcon_core.environment:checking '/home/user/exchange/workspace/install/tiago_pro_controller_configuration/bin'
[0.980s] INFO:colcon.colcon_core.shell:Creating package script '/home/user/exchange/workspace/install/tiago_pro_controller_configuration/share/tiago_pro_controller_configuration/package.ps1'
[0.981s] INFO:colcon.colcon_core.shell:Creating package descriptor '/home/user/exchange/workspace/install/tiago_pro_controller_configuration/share/tiago_pro_controller_configuration/package.dsv'
[0.981s] INFO:colcon.colcon_core.shell:Creating package script '/home/user/exchange/workspace/install/tiago_pro_controller_configuration/share/tiago_pro_controller_configuration/package.sh'
[0.981s] INFO:colcon.colcon_core.shell:Creating package script '/home/user/exchange/workspace/install/tiago_pro_controller_configuration/share/tiago_pro_controller_configuration/package.bash'
[0.982s] INFO:colcon.colcon_core.shell:Creating package script '/home/user/exchange/workspace/install/tiago_pro_controller_configuration/share/tiago_pro_controller_configuration/package.zsh'
[0.982s] Level 1:colcon.colcon_core.environment:create_file_with_runtime_dependencies(/home/user/exchange/workspace/install/tiago_pro_controller_configuration/share/colcon-core/packages/tiago_pro_controller_configuration)
[0.983s] Level 1:colcon.colcon_core.environment:create_environment_scripts_only(tiago_pro_controller_configuration)
[0.983s] Level 1:colcon.colcon_core.environment:checking '/home/user/exchange/workspace/install/tiago_pro_controller_configuration' for CMake module files
[0.983s] Level 1:colcon.colcon_core.environment:checking '/home/user/exchange/workspace/install/tiago_pro_controller_configuration' for CMake config files
[0.983s] Level 1:colcon.colcon_core.shell:create_environment_hook('tiago_pro_controller_configuration', 'cmake_prefix_path')
[0.984s] INFO:colcon.colcon_core.shell:Creating environment hook '/home/user/exchange/workspace/install/tiago_pro_controller_configuration/share/tiago_pro_controller_configuration/hook/cmake_prefix_path.ps1'
[0.984s] INFO:colcon.colcon_core.shell:Creating environment descriptor '/home/user/exchange/workspace/install/tiago_pro_controller_configuration/share/tiago_pro_controller_configuration/hook/cmake_prefix_path.dsv'
[0.984s] INFO:colcon.colcon_core.shell:Creating environment hook '/home/user/exchange/workspace/install/tiago_pro_controller_configuration/share/tiago_pro_controller_configuration/hook/cmake_prefix_path.sh'
[0.985s] Level 1:colcon.colcon_core.environment:checking '/home/user/exchange/workspace/install/tiago_pro_controller_configuration/bin'
[0.985s] Level 1:colcon.colcon_core.environment:checking '/home/user/exchange/workspace/install/tiago_pro_controller_configuration/lib/pkgconfig/tiago_pro_controller_configuration.pc'
[0.985s] Level 1:colcon.colcon_core.environment:checking '/home/user/exchange/workspace/install/tiago_pro_controller_configuration/lib/python3.10/site-packages'
[0.985s] Level 1:colcon.colcon_core.environment:checking '/home/user/exchange/workspace/install/tiago_pro_controller_configuration/bin'
[0.986s] INFO:colcon.colcon_core.shell:Creating package script '/home/user/exchange/workspace/install/tiago_pro_controller_configuration/share/tiago_pro_controller_configuration/package.ps1'
[0.986s] INFO:colcon.colcon_core.shell:Creating package descriptor '/home/user/exchange/workspace/install/tiago_pro_controller_configuration/share/tiago_pro_controller_configuration/package.dsv'
[0.986s] INFO:colcon.colcon_core.shell:Creating package script '/home/user/exchange/workspace/install/tiago_pro_controller_configuration/share/tiago_pro_controller_configuration/package.sh'
[0.987s] INFO:colcon.colcon_core.shell:Creating package script '/home/user/exchange/workspace/install/tiago_pro_controller_configuration/share/tiago_pro_controller_configuration/package.bash'
[0.987s] INFO:colcon.colcon_core.shell:Creating package script '/home/user/exchange/workspace/install/tiago_pro_controller_configuration/share/tiago_pro_controller_configuration/package.zsh'
[0.987s] Level 1:colcon.colcon_core.environment:create_file_with_runtime_dependencies(/home/user/exchange/workspace/install/tiago_pro_controller_configuration/share/colcon-core/packages/tiago_pro_controller_configuration)
[0.988s] INFO:colcon.colcon_ros.task.ament_cmake.build:Building ROS package in '/home/user/exchange/workspace/src/tiago_pro_robot/tiago_pro_bringup' with build type 'ament_cmake'
[0.988s] INFO:colcon.colcon_cmake.task.cmake.build:Building CMake package in '/home/user/exchange/workspace/src/tiago_pro_robot/tiago_pro_bringup'
[0.988s] INFO:colcon.colcon_core.shell:Skip shell extension 'powershell' for command environment: Not usable outside of PowerShell
[0.988s] DEBUG:colcon.colcon_core.shell:Skip shell extension 'dsv' for command environment
[0.997s] DEBUG:colcon.colcon_core.event_handler.log_command:Invoking command in '/home/user/exchange/workspace/build/tiago_pro_bringup': AMENT_PREFIX_PATH=/home/user/exchange/workspace/install/pal_pro_gripper_wrapper:/home/user/exchange/workspace/install/tiago_manipulation_tasks:/home/user/exchange/workspace/install/pick_task:/home/user/exchange/workspace/install/tiago_pro_simulation:/home/user/exchange/workspace/install/tiago_pro_robot:/home/user/exchange/workspace/install/tiago_pro_navigation:/home/user/exchange/workspace/install/tiago_pro_gazebo:/home/user/exchange/workspace/install/tiago_pro_rgbd_sensors:/home/user/exchange/workspace/install/tiago_pro_mujoco:/home/user/exchange/workspace/install/tiago_pro_moveit_config:/home/user/exchange/workspace/install/tiago_pro_laser_sensors:/home/user/exchange/workspace/install/tiago_pro_description:/home/user/exchange/workspace/install/tiago_pro_bringup:/home/user/exchange/workspace/install/tiago_pro_controller_configuration:/home/user/exchange/workspace/install/tiago_pro_2dnav:/home/user/exchange/workspace/install/ros2_linkattacher:/home/user/exchange/workspace/install/pal_sea_arm_moveit_config:/home/user/exchange/workspace/install/pal_sea_arm:/home/user/exchange/workspace/install/pal_sea_arm_bringup:/home/user/exchange/workspace/install/pal_sea_arm_description:/home/user/exchange/workspace/install/pal_sea_arm_controller_configuration:/home/user/exchange/workspace/install/pal_pro_gripper_simulation:/home/user/exchange/workspace/install/pal_pro_gripper_bringup:/home/user/exchange/workspace/install/pal_pro_gripper:/home/user/exchange/workspace/install/pal_pro_gripper_controller_configuration:/home/user/exchange/workspace/install/pal_pro_gripper_description:/home/user/exchange/workspace/install/pal_gazebo_worlds:/home/user/exchange/workspace/install/linkattacher_msgs:/opt/ros/humble CMAKE_PREFIX_PATH=/home/user/exchange/workspace/install/tiago_pro_controller_configuration:/home/user/exchange/workspace/install/pal_sea_arm_controller_configuration:/home/user/exchange/workspace/install/pal_pro_gripper_controller_configuration:/home/user/exchange/workspace/install/tiago_manipulation_tasks:/home/user/exchange/workspace/install/tiago_pro_simulation:/home/user/exchange/workspace/install/tiago_pro_robot:/home/user/exchange/workspace/install/tiago_pro_navigation:/home/user/exchange/workspace/install/tiago_pro_gazebo:/home/user/exchange/workspace/install/tiago_pro_rgbd_sensors:/home/user/exchange/workspace/install/tiago_pro_mujoco:/home/user/exchange/workspace/install/tiago_pro_moveit_config:/home/user/exchange/workspace/install/tiago_pro_laser_sensors:/home/user/exchange/workspace/install/tiago_pro_description:/home/user/exchange/workspace/install/tiago_pro_bringup:/home/user/exchange/workspace/install/tiago_pro_2dnav:/home/user/exchange/workspace/install/ros2_linkattacher:/home/user/exchange/workspace/install/pal_sea_arm_moveit_config:/home/user/exchange/workspace/install/pal_sea_arm:/home/user/exchange/workspace/install/pal_sea_arm_bringup:/home/user/exchange/workspace/install/pal_sea_arm_description:/home/user/exchange/workspace/install/pal_pro_gripper_simulation:/home/user/exchange/workspace/install/pal_pro_gripper_bringup:/home/user/exchange/workspace/install/pal_pro_gripper:/home/user/exchange/workspace/install/pal_pro_gripper_description:/home/user/exchange/workspace/install/pal_gazebo_worlds:/home/user/exchange/workspace/install/linkattacher_msgs:/home/user/exchange/workspace/install/pick_task:/home/user/exchange/workspace/install/pal_pro_gripper_wrapper:/opt/ros/humble PYTHONPATH=/home/user/exchange/workspace/install/pal_pro_gripper_wrapper/lib/python3.10/site-packages:/home/user/exchange/workspace/install/pick_task/lib/python3.10/site-packages:/home/user/exchange/workspace/install/tiago_pro_description/local/lib/python3.10/dist-packages:/home/user/exchange/workspace/install/pal_sea_arm_description/local/lib/python3.10/dist-packages:/home/user/exchange/workspace/install/pal_pro_gripper_description/local/lib/python3.10/dist-packages:/home/user/exchange/workspace/install/linkattacher_msgs/local/lib/python3.10/dist-packages:/opt/ros/humble/lib/python3.10/site-packages:/opt/ros/humble/local/lib/python3.10/dist-packages /usr/bin/cmake --build /home/user/exchange/workspace/build/tiago_pro_bringup -- -j12 -l12
[1.018s] DEBUG:colcon.colcon_core.event_handler.log_command:Invoked command in '/home/user/exchange/workspace/build/tiago_pro_bringup' returned '0': AMENT_PREFIX_PATH=/home/user/exchange/workspace/install/pal_pro_gripper_wrapper:/home/user/exchange/workspace/install/tiago_manipulation_tasks:/home/user/exchange/workspace/install/pick_task:/home/user/exchange/workspace/install/tiago_pro_simulation:/home/user/exchange/workspace/install/tiago_pro_robot:/home/user/exchange/workspace/install/tiago_pro_navigation:/home/user/exchange/workspace/install/tiago_pro_gazebo:/home/user/exchange/workspace/install/tiago_pro_rgbd_sensors:/home/user/exchange/workspace/install/tiago_pro_mujoco:/home/user/exchange/workspace/install/tiago_pro_moveit_config:/home/user/exchange/workspace/install/tiago_pro_laser_sensors:/home/user/exchange/workspace/install/tiago_pro_description:/home/user/exchange/workspace/install/tiago_pro_bringup:/home/user/exchange/workspace/install/tiago_pro_controller_configuration:/home/user/exchange/workspace/install/tiago_pro_2dnav:/home/user/exchange/workspace/install/ros2_linkattacher:/home/user/exchange/workspace/install/pal_sea_arm_moveit_config:/home/user/exchange/workspace/install/pal_sea_arm:/home/user/exchange/workspace/install/pal_sea_arm_bringup:/home/user/exchange/workspace/install/pal_sea_arm_description:/home/user/exchange/workspace/install/pal_sea_arm_controller_configuration:/home/user/exchange/workspace/install/pal_pro_gripper_simulation:/home/user/exchange/workspace/install/pal_pro_gripper_bringup:/home/user/exchange/workspace/install/pal_pro_gripper:/home/user/exchange/workspace/install/pal_pro_gripper_controller_configuration:/home/user/exchange/workspace/install/pal_pro_gripper_description:/home/user/exchange/workspace/install/pal_gazebo_worlds:/home/user/exchange/workspace/install/linkattacher_msgs:/opt/ros/humble CMAKE_PREFIX_PATH=/home/user/exchange/workspace/install/tiago_pro_controller_configuration:/home/user/exchange/workspace/install/pal_sea_arm_controller_configuration:/home/user/exchange/workspace/install/pal_pro_gripper_controller_configuration:/home/user/exchange/workspace/install/tiago_manipulation_tasks:/home/user/exchange/workspace/install/tiago_pro_simulation:/home/user/exchange/workspace/install/tiago_pro_robot:/home/user/exchange/workspace/install/tiago_pro_navigation:/home/user/exchange/workspace/install/tiago_pro_gazebo:/home/user/exchange/workspace/install/tiago_pro_rgbd_sensors:/home/user/exchange/workspace/install/tiago_pro_mujoco:/home/user/exchange/workspace/install/tiago_pro_moveit_config:/home/user/exchange/workspace/install/tiago_pro_laser_sensors:/home/user/exchange/workspace/install/tiago_pro_description:/home/user/exchange/workspace/install/tiago_pro_bringup:/home/user/exchange/workspace/install/tiago_pro_2dnav:/home/user/exchange/workspace/install/ros2_linkattacher:/home/user/exchange/workspace/install/pal_sea_arm_moveit_config:/home/user/exchange/workspace/install/pal_sea_arm:/home/user/exchange/workspace/install/pal_sea_arm_bringup:/home/user/exchange/workspace/install/pal_sea_arm_description:/home/user/exchange/workspace/install/pal_pro_gripper_simulation:/home/user/exchange/workspace/install/pal_pro_gripper_bringup:/home/user/exchange/workspace/install/pal_pro_gripper:/home/user/exchange/workspace/install/pal_pro_gripper_description:/home/user/exchange/workspace/install/pal_gazebo_worlds:/home/user/exchange/workspace/install/linkattacher_msgs:/home/user/exchange/workspace/install/pick_task:/home/user/exchange/workspace/install/pal_pro_gripper_wrapper:/opt/ros/humble PYTHONPATH=/home/user/exchange/workspace/install/pal_pro_gripper_wrapper/lib/python3.10/site-packages:/home/user/exchange/workspace/install/pick_task/lib/python3.10/site-packages:/home/user/exchange/workspace/install/tiago_pro_description/local/lib/python3.10/dist-packages:/home/user/exchange/workspace/install/pal_sea_arm_description/local/lib/python3.10/dist-packages:/home/user/exchange/workspace/install/pal_pro_gripper_description/local/lib/python3.10/dist-packages:/home/user/exchange/workspace/install/linkattacher_msgs/local/lib/python3.10/dist-packages:/opt/ros/humble/lib/python3.10/site-packages:/opt/ros/humble/local/lib/python3.10/dist-packages /usr/bin/cmake --build /home/user/exchange/workspace/build/tiago_pro_bringup -- -j12 -l12
[1.019s] DEBUG:colcon.colcon_core.event_handler.log_command:Invoking command in '/home/user/exchange/workspace/build/tiago_pro_bringup': AMENT_PREFIX_PATH=/home/user/exchange/workspace/install/pal_pro_gripper_wrapper:/home/user/exchange/workspace/install/tiago_manipulation_tasks:/home/user/exchange/workspace/install/pick_task:/home/user/exchange/workspace/install/tiago_pro_simulation:/home/user/exchange/workspace/install/tiago_pro_robot:/home/user/exchange/workspace/install/tiago_pro_navigation:/home/user/exchange/workspace/install/tiago_pro_gazebo:/home/user/exchange/workspace/install/tiago_pro_rgbd_sensors:/home/user/exchange/workspace/install/tiago_pro_mujoco:/home/user/exchange/workspace/install/tiago_pro_moveit_config:/home/user/exchange/workspace/install/tiago_pro_laser_sensors:/home/user/exchange/workspace/install/tiago_pro_description:/home/user/exchange/workspace/install/tiago_pro_bringup:/home/user/exchange/workspace/install/tiago_pro_controller_configuration:/home/user/exchange/workspace/install/tiago_pro_2dnav:/home/user/exchange/workspace/install/ros2_linkattacher:/home/user/exchange/workspace/install/pal_sea_arm_moveit_config:/home/user/exchange/workspace/install/pal_sea_arm:/home/user/exchange/workspace/install/pal_sea_arm_bringup:/home/user/exchange/workspace/install/pal_sea_arm_description:/home/user/exchange/workspace/install/pal_sea_arm_controller_configuration:/home/user/exchange/workspace/install/pal_pro_gripper_simulation:/home/user/exchange/workspace/install/pal_pro_gripper_bringup:/home/user/exchange/workspace/install/pal_pro_gripper:/home/user/exchange/workspace/install/pal_pro_gripper_controller_configuration:/home/user/exchange/workspace/install/pal_pro_gripper_description:/home/user/exchange/workspace/install/pal_gazebo_worlds:/home/user/exchange/workspace/install/linkattacher_msgs:/opt/ros/humble CMAKE_PREFIX_PATH=/home/user/exchange/workspace/install/tiago_pro_controller_configuration:/home/user/exchange/workspace/install/pal_sea_arm_controller_configuration:/home/user/exchange/workspace/install/pal_pro_gripper_controller_configuration:/home/user/exchange/workspace/install/tiago_manipulation_tasks:/home/user/exchange/workspace/install/tiago_pro_simulation:/home/user/exchange/workspace/install/tiago_pro_robot:/home/user/exchange/workspace/install/tiago_pro_navigation:/home/user/exchange/workspace/install/tiago_pro_gazebo:/home/user/exchange/workspace/install/tiago_pro_rgbd_sensors:/home/user/exchange/workspace/install/tiago_pro_mujoco:/home/user/exchange/workspace/install/tiago_pro_moveit_config:/home/user/exchange/workspace/install/tiago_pro_laser_sensors:/home/user/exchange/workspace/install/tiago_pro_description:/home/user/exchange/workspace/install/tiago_pro_bringup:/home/user/exchange/workspace/install/tiago_pro_2dnav:/home/user/exchange/workspace/install/ros2_linkattacher:/home/user/exchange/workspace/install/pal_sea_arm_moveit_config:/home/user/exchange/workspace/install/pal_sea_arm:/home/user/exchange/workspace/install/pal_sea_arm_bringup:/home/user/exchange/workspace/install/pal_sea_arm_description:/home/user/exchange/workspace/install/pal_pro_gripper_simulation:/home/user/exchange/workspace/install/pal_pro_gripper_bringup:/home/user/exchange/workspace/install/pal_pro_gripper:/home/user/exchange/workspace/install/pal_pro_gripper_description:/home/user/exchange/workspace/install/pal_gazebo_worlds:/home/user/exchange/workspace/install/linkattacher_msgs:/home/user/exchange/workspace/install/pick_task:/home/user/exchange/workspace/install/pal_pro_gripper_wrapper:/opt/ros/humble PYTHONPATH=/home/user/exchange/workspace/install/pal_pro_gripper_wrapper/lib/python3.10/site-packages:/home/user/exchange/workspace/install/pick_task/lib/python3.10/site-packages:/home/user/exchange/workspace/install/tiago_pro_description/local/lib/python3.10/dist-packages:/home/user/exchange/workspace/install/pal_sea_arm_description/local/lib/python3.10/dist-packages:/home/user/exchange/workspace/install/pal_pro_gripper_description/local/lib/python3.10/dist-packages:/home/user/exchange/workspace/install/linkattacher_msgs/local/lib/python3.10/dist-packages:/opt/ros/humble/lib/python3.10/site-packages:/opt/ros/humble/local/lib/python3.10/dist-packages /usr/bin/cmake --install /home/user/exchange/workspace/build/tiago_pro_bringup
[1.026s] Level 1:colcon.colcon_core.environment:create_environment_scripts_only(tiago_pro_bringup)
[1.026s] Level 1:colcon.colcon_core.environment:checking '/home/user/exchange/workspace/install/tiago_pro_bringup' for CMake module files
[1.027s] Level 1:colcon.colcon_core.environment:checking '/home/user/exchange/workspace/install/tiago_pro_bringup' for CMake config files
[1.028s] DEBUG:colcon.colcon_core.event_handler.log_command:Invoked command in '/home/user/exchange/workspace/build/tiago_pro_bringup' returned '0': AMENT_PREFIX_PATH=/home/user/exchange/workspace/install/pal_pro_gripper_wrapper:/home/user/exchange/workspace/install/tiago_manipulation_tasks:/home/user/exchange/workspace/install/pick_task:/home/user/exchange/workspace/install/tiago_pro_simulation:/home/user/exchange/workspace/install/tiago_pro_robot:/home/user/exchange/workspace/install/tiago_pro_navigation:/home/user/exchange/workspace/install/tiago_pro_gazebo:/home/user/exchange/workspace/install/tiago_pro_rgbd_sensors:/home/user/exchange/workspace/install/tiago_pro_mujoco:/home/user/exchange/workspace/install/tiago_pro_moveit_config:/home/user/exchange/workspace/install/tiago_pro_laser_sensors:/home/user/exchange/workspace/install/tiago_pro_description:/home/user/exchange/workspace/install/tiago_pro_bringup:/home/user/exchange/workspace/install/tiago_pro_controller_configuration:/home/user/exchange/workspace/install/tiago_pro_2dnav:/home/user/exchange/workspace/install/ros2_linkattacher:/home/user/exchange/workspace/install/pal_sea_arm_moveit_config:/home/user/exchange/workspace/install/pal_sea_arm:/home/user/exchange/workspace/install/pal_sea_arm_bringup:/home/user/exchange/workspace/install/pal_sea_arm_description:/home/user/exchange/workspace/install/pal_sea_arm_controller_configuration:/home/user/exchange/workspace/install/pal_pro_gripper_simulation:/home/user/exchange/workspace/install/pal_pro_gripper_bringup:/home/user/exchange/workspace/install/pal_pro_gripper:/home/user/exchange/workspace/install/pal_pro_gripper_controller_configuration:/home/user/exchange/workspace/install/pal_pro_gripper_description:/home/user/exchange/workspace/install/pal_gazebo_worlds:/home/user/exchange/workspace/install/linkattacher_msgs:/opt/ros/humble CMAKE_PREFIX_PATH=/home/user/exchange/workspace/install/tiago_pro_controller_configuration:/home/user/exchange/workspace/install/pal_sea_arm_controller_configuration:/home/user/exchange/workspace/install/pal_pro_gripper_controller_configuration:/home/user/exchange/workspace/install/tiago_manipulation_tasks:/home/user/exchange/workspace/install/tiago_pro_simulation:/home/user/exchange/workspace/install/tiago_pro_robot:/home/user/exchange/workspace/install/tiago_pro_navigation:/home/user/exchange/workspace/install/tiago_pro_gazebo:/home/user/exchange/workspace/install/tiago_pro_rgbd_sensors:/home/user/exchange/workspace/install/tiago_pro_mujoco:/home/user/exchange/workspace/install/tiago_pro_moveit_config:/home/user/exchange/workspace/install/tiago_pro_laser_sensors:/home/user/exchange/workspace/install/tiago_pro_description:/home/user/exchange/workspace/install/tiago_pro_bringup:/home/user/exchange/workspace/install/tiago_pro_2dnav:/home/user/exchange/workspace/install/ros2_linkattacher:/home/user/exchange/workspace/install/pal_sea_arm_moveit_config:/home/user/exchange/workspace/install/pal_sea_arm:/home/user/exchange/workspace/install/pal_sea_arm_bringup:/home/user/exchange/workspace/install/pal_sea_arm_description:/home/user/exchange/workspace/install/pal_pro_gripper_simulation:/home/user/exchange/workspace/install/pal_pro_gripper_bringup:/home/user/exchange/workspace/install/pal_pro_gripper:/home/user/exchange/workspace/install/pal_pro_gripper_description:/home/user/exchange/workspace/install/pal_gazebo_worlds:/home/user/exchange/workspace/install/linkattacher_msgs:/home/user/exchange/workspace/install/pick_task:/home/user/exchange/workspace/install/pal_pro_gripper_wrapper:/opt/ros/humble PYTHONPATH=/home/user/exchange/workspace/install/pal_pro_gripper_wrapper/lib/python3.10/site-packages:/home/user/exchange/workspace/install/pick_task/lib/python3.10/site-packages:/home/user/exchange/workspace/install/tiago_pro_description/local/lib/python3.10/dist-packages:/home/user/exchange/workspace/install/pal_sea_arm_description/local/lib/python3.10/dist-packages:/home/user/exchange/workspace/install/pal_pro_gripper_description/local/lib/python3.10/dist-packages:/home/user/exchange/workspace/install/linkattacher_msgs/local/lib/python3.10/dist-packages:/opt/ros/humble/lib/python3.10/site-packages:/opt/ros/humble/local/lib/python3.10/dist-packages /usr/bin/cmake --install /home/user/exchange/workspace/build/tiago_pro_bringup
[1.028s] Level 1:colcon.colcon_core.shell:create_environment_hook('tiago_pro_bringup', 'cmake_prefix_path')
[1.028s] INFO:colcon.colcon_core.shell:Creating environment hook '/home/user/exchange/workspace/install/tiago_pro_bringup/share/tiago_pro_bringup/hook/cmake_prefix_path.ps1'
[1.028s] INFO:colcon.colcon_core.shell:Creating environment descriptor '/home/user/exchange/workspace/install/tiago_pro_bringup/share/tiago_pro_bringup/hook/cmake_prefix_path.dsv'
[1.029s] INFO:colcon.colcon_core.shell:Creating environment hook '/home/user/exchange/workspace/install/tiago_pro_bringup/share/tiago_pro_bringup/hook/cmake_prefix_path.sh'
[1.029s] Level 1:colcon.colcon_core.environment:checking '/home/user/exchange/workspace/install/tiago_pro_bringup/lib'
[1.029s] Level 1:colcon.colcon_core.environment:checking '/home/user/exchange/workspace/install/tiago_pro_bringup/bin'
[1.029s] Level 1:colcon.colcon_core.environment:checking '/home/user/exchange/workspace/install/tiago_pro_bringup/lib/pkgconfig/tiago_pro_bringup.pc'
[1.029s] Level 1:colcon.colcon_core.environment:checking '/home/user/exchange/workspace/install/tiago_pro_bringup/lib/python3.10/site-packages'
[1.029s] Level 1:colcon.colcon_core.environment:checking '/home/user/exchange/workspace/install/tiago_pro_bringup/bin'
[1.029s] INFO:colcon.colcon_core.shell:Creating package script '/home/user/exchange/workspace/install/tiago_pro_bringup/share/tiago_pro_bringup/package.ps1'
[1.030s] INFO:colcon.colcon_core.shell:Creating package descriptor '/home/user/exchange/workspace/install/tiago_pro_bringup/share/tiago_pro_bringup/package.dsv'
[1.030s] INFO:colcon.colcon_core.shell:Creating package script '/home/user/exchange/workspace/install/tiago_pro_bringup/share/tiago_pro_bringup/package.sh'
[1.030s] INFO:colcon.colcon_core.shell:Creating package script '/home/user/exchange/workspace/install/tiago_pro_bringup/share/tiago_pro_bringup/package.bash'
[1.030s] INFO:colcon.colcon_core.shell:Creating package script '/home/user/exchange/workspace/install/tiago_pro_bringup/share/tiago_pro_bringup/package.zsh'
[1.031s] Level 1:colcon.colcon_core.environment:create_file_with_runtime_dependencies(/home/user/exchange/workspace/install/tiago_pro_bringup/share/colcon-core/packages/tiago_pro_bringup)
[1.031s] Level 1:colcon.colcon_core.environment:create_environment_scripts_only(tiago_pro_bringup)
[1.031s] Level 1:colcon.colcon_core.environment:checking '/home/user/exchange/workspace/install/tiago_pro_bringup' for CMake module files
[1.031s] Level 1:colcon.colcon_core.environment:checking '/home/user/exchange/workspace/install/tiago_pro_bringup' for CMake config files
[1.031s] Level 1:colcon.colcon_core.shell:create_environment_hook('tiago_pro_bringup', 'cmake_prefix_path')
[1.031s] INFO:colcon.colcon_core.shell:Creating environment hook '/home/user/exchange/workspace/install/tiago_pro_bringup/share/tiago_pro_bringup/hook/cmake_prefix_path.ps1'
[1.032s] INFO:colcon.colcon_core.shell:Creating environment descriptor '/home/user/exchange/workspace/install/tiago_pro_bringup/share/tiago_pro_bringup/hook/cmake_prefix_path.dsv'
[1.032s] INFO:colcon.colcon_core.shell:Creating environment hook '/home/user/exchange/workspace/install/tiago_pro_bringup/share/tiago_pro_bringup/hook/cmake_prefix_path.sh'
[1.032s] Level 1:colcon.colcon_core.environment:checking '/home/user/exchange/workspace/install/tiago_pro_bringup/lib'
[1.032s] Level 1:colcon.colcon_core.environment:checking '/home/user/exchange/workspace/install/tiago_pro_bringup/bin'
[1.032s] Level 1:colcon.colcon_core.environment:checking '/home/user/exchange/workspace/install/tiago_pro_bringup/lib/pkgconfig/tiago_pro_bringup.pc'
[1.033s] Level 1:colcon.colcon_core.environment:checking '/home/user/exchange/workspace/install/tiago_pro_bringup/lib/python3.10/site-packages'
[1.033s] Level 1:colcon.colcon_core.environment:checking '/home/user/exchange/workspace/install/tiago_pro_bringup/bin'
[1.033s] INFO:colcon.colcon_core.shell:Creating package script '/home/user/exchange/workspace/install/tiago_pro_bringup/share/tiago_pro_bringup/package.ps1'
[1.033s] INFO:colcon.colcon_core.shell:Creating package descriptor '/home/user/exchange/workspace/install/tiago_pro_bringup/share/tiago_pro_bringup/package.dsv'
[1.034s] INFO:colcon.colcon_core.shell:Creating package script '/home/user/exchange/workspace/install/tiago_pro_bringup/share/tiago_pro_bringup/package.sh'
[1.034s] INFO:colcon.colcon_core.shell:Creating package script '/home/user/exchange/workspace/install/tiago_pro_bringup/share/tiago_pro_bringup/package.bash'
[1.034s] INFO:colcon.colcon_core.shell:Creating package script '/home/user/exchange/workspace/install/tiago_pro_bringup/share/tiago_pro_bringup/package.zsh'
[1.034s] Level 1:colcon.colcon_core.environment:create_file_with_runtime_dependencies(/home/user/exchange/workspace/install/tiago_pro_bringup/share/colcon-core/packages/tiago_pro_bringup)
[1.137s] DEBUG:colcon.colcon_core.event_handler.log_command:Invoked command in '/home/user/exchange/workspace/build/pal_sea_arm_description' returned '0': AMENT_PREFIX_PATH=/home/user/exchange/workspace/install/pal_pro_gripper_wrapper:/home/user/exchange/workspace/install/tiago_manipulation_tasks:/home/user/exchange/workspace/install/pick_task:/home/user/exchange/workspace/install/tiago_pro_simulation:/home/user/exchange/workspace/install/tiago_pro_robot:/home/user/exchange/workspace/install/tiago_pro_navigation:/home/user/exchange/workspace/install/tiago_pro_gazebo:/home/user/exchange/workspace/install/tiago_pro_rgbd_sensors:/home/user/exchange/workspace/install/tiago_pro_mujoco:/home/user/exchange/workspace/install/tiago_pro_moveit_config:/home/user/exchange/workspace/install/tiago_pro_laser_sensors:/home/user/exchange/workspace/install/tiago_pro_description:/home/user/exchange/workspace/install/tiago_pro_bringup:/home/user/exchange/workspace/install/tiago_pro_controller_configuration:/home/user/exchange/workspace/install/tiago_pro_2dnav:/home/user/exchange/workspace/install/ros2_linkattacher:/home/user/exchange/workspace/install/pal_sea_arm_moveit_config:/home/user/exchange/workspace/install/pal_sea_arm:/home/user/exchange/workspace/install/pal_sea_arm_bringup:/home/user/exchange/workspace/install/pal_sea_arm_description:/home/user/exchange/workspace/install/pal_sea_arm_controller_configuration:/home/user/exchange/workspace/install/pal_pro_gripper_simulation:/home/user/exchange/workspace/install/pal_pro_gripper_bringup:/home/user/exchange/workspace/install/pal_pro_gripper:/home/user/exchange/workspace/install/pal_pro_gripper_controller_configuration:/home/user/exchange/workspace/install/pal_pro_gripper_description:/home/user/exchange/workspace/install/pal_gazebo_worlds:/home/user/exchange/workspace/install/linkattacher_msgs:/opt/ros/humble CMAKE_PREFIX_PATH=/home/user/exchange/workspace/install/pal_sea_arm_controller_configuration:/home/user/exchange/workspace/install/pal_pro_gripper_controller_configuration:/home/user/exchange/workspace/install/pal_pro_gripper_description:/home/user/exchange/workspace/install/tiago_manipulation_tasks:/home/user/exchange/workspace/install/tiago_pro_simulation:/home/user/exchange/workspace/install/tiago_pro_robot:/home/user/exchange/workspace/install/tiago_pro_navigation:/home/user/exchange/workspace/install/tiago_pro_gazebo:/home/user/exchange/workspace/install/tiago_pro_rgbd_sensors:/home/user/exchange/workspace/install/tiago_pro_mujoco:/home/user/exchange/workspace/install/tiago_pro_moveit_config:/home/user/exchange/workspace/install/tiago_pro_laser_sensors:/home/user/exchange/workspace/install/tiago_pro_description:/home/user/exchange/workspace/install/tiago_pro_bringup:/home/user/exchange/workspace/install/tiago_pro_controller_configuration:/home/user/exchange/workspace/install/tiago_pro_2dnav:/home/user/exchange/workspace/install/ros2_linkattacher:/home/user/exchange/workspace/install/pal_sea_arm_moveit_config:/home/user/exchange/workspace/install/pal_sea_arm:/home/user/exchange/workspace/install/pal_sea_arm_bringup:/home/user/exchange/workspace/install/pal_sea_arm_description:/home/user/exchange/workspace/install/pal_pro_gripper_simulation:/home/user/exchange/workspace/install/pal_pro_gripper_bringup:/home/user/exchange/workspace/install/pal_pro_gripper:/home/user/exchange/workspace/install/pal_gazebo_worlds:/home/user/exchange/workspace/install/linkattacher_msgs:/home/user/exchange/workspace/install/pick_task:/home/user/exchange/workspace/install/pal_pro_gripper_wrapper:/opt/ros/humble PYTHONPATH=/home/user/exchange/workspace/install/pal_pro_gripper_wrapper/lib/python3.10/site-packages:/home/user/exchange/workspace/install/pick_task/lib/python3.10/site-packages:/home/user/exchange/workspace/install/tiago_pro_description/local/lib/python3.10/dist-packages:/home/user/exchange/workspace/install/pal_sea_arm_description/local/lib/python3.10/dist-packages:/home/user/exchange/workspace/install/pal_pro_gripper_description/local/lib/python3.10/dist-packages:/home/user/exchange/workspace/install/linkattacher_msgs/local/lib/python3.10/dist-packages:/opt/ros/humble/lib/python3.10/site-packages:/opt/ros/humble/local/lib/python3.10/dist-packages /usr/bin/cmake --build /home/user/exchange/workspace/build/pal_sea_arm_description -- -j12 -l12
[1.138s] DEBUG:colcon.colcon_core.event_handler.log_command:Invoking command in '/home/user/exchange/workspace/build/pal_sea_arm_description': AMENT_PREFIX_PATH=/home/user/exchange/workspace/install/pal_pro_gripper_wrapper:/home/user/exchange/workspace/install/tiago_manipulation_tasks:/home/user/exchange/workspace/install/pick_task:/home/user/exchange/workspace/install/tiago_pro_simulation:/home/user/exchange/workspace/install/tiago_pro_robot:/home/user/exchange/workspace/install/tiago_pro_navigation:/home/user/exchange/workspace/install/tiago_pro_gazebo:/home/user/exchange/workspace/install/tiago_pro_rgbd_sensors:/home/user/exchange/workspace/install/tiago_pro_mujoco:/home/user/exchange/workspace/install/tiago_pro_moveit_config:/home/user/exchange/workspace/install/tiago_pro_laser_sensors:/home/user/exchange/workspace/install/tiago_pro_description:/home/user/exchange/workspace/install/tiago_pro_bringup:/home/user/exchange/workspace/install/tiago_pro_controller_configuration:/home/user/exchange/workspace/install/tiago_pro_2dnav:/home/user/exchange/workspace/install/ros2_linkattacher:/home/user/exchange/workspace/install/pal_sea_arm_moveit_config:/home/user/exchange/workspace/install/pal_sea_arm:/home/user/exchange/workspace/install/pal_sea_arm_bringup:/home/user/exchange/workspace/install/pal_sea_arm_description:/home/user/exchange/workspace/install/pal_sea_arm_controller_configuration:/home/user/exchange/workspace/install/pal_pro_gripper_simulation:/home/user/exchange/workspace/install/pal_pro_gripper_bringup:/home/user/exchange/workspace/install/pal_pro_gripper:/home/user/exchange/workspace/install/pal_pro_gripper_controller_configuration:/home/user/exchange/workspace/install/pal_pro_gripper_description:/home/user/exchange/workspace/install/pal_gazebo_worlds:/home/user/exchange/workspace/install/linkattacher_msgs:/opt/ros/humble CMAKE_PREFIX_PATH=/home/user/exchange/workspace/install/pal_sea_arm_controller_configuration:/home/user/exchange/workspace/install/pal_pro_gripper_controller_configuration:/home/user/exchange/workspace/install/pal_pro_gripper_description:/home/user/exchange/workspace/install/tiago_manipulation_tasks:/home/user/exchange/workspace/install/tiago_pro_simulation:/home/user/exchange/workspace/install/tiago_pro_robot:/home/user/exchange/workspace/install/tiago_pro_navigation:/home/user/exchange/workspace/install/tiago_pro_gazebo:/home/user/exchange/workspace/install/tiago_pro_rgbd_sensors:/home/user/exchange/workspace/install/tiago_pro_mujoco:/home/user/exchange/workspace/install/tiago_pro_moveit_config:/home/user/exchange/workspace/install/tiago_pro_laser_sensors:/home/user/exchange/workspace/install/tiago_pro_description:/home/user/exchange/workspace/install/tiago_pro_bringup:/home/user/exchange/workspace/install/tiago_pro_controller_configuration:/home/user/exchange/workspace/install/tiago_pro_2dnav:/home/user/exchange/workspace/install/ros2_linkattacher:/home/user/exchange/workspace/install/pal_sea_arm_moveit_config:/home/user/exchange/workspace/install/pal_sea_arm:/home/user/exchange/workspace/install/pal_sea_arm_bringup:/home/user/exchange/workspace/install/pal_sea_arm_description:/home/user/exchange/workspace/install/pal_pro_gripper_simulation:/home/user/exchange/workspace/install/pal_pro_gripper_bringup:/home/user/exchange/workspace/install/pal_pro_gripper:/home/user/exchange/workspace/install/pal_gazebo_worlds:/home/user/exchange/workspace/install/linkattacher_msgs:/home/user/exchange/workspace/install/pick_task:/home/user/exchange/workspace/install/pal_pro_gripper_wrapper:/opt/ros/humble PYTHONPATH=/home/user/exchange/workspace/install/pal_pro_gripper_wrapper/lib/python3.10/site-packages:/home/user/exchange/workspace/install/pick_task/lib/python3.10/site-packages:/home/user/exchange/workspace/install/tiago_pro_description/local/lib/python3.10/dist-packages:/home/user/exchange/workspace/install/pal_sea_arm_description/local/lib/python3.10/dist-packages:/home/user/exchange/workspace/install/pal_pro_gripper_description/local/lib/python3.10/dist-packages:/home/user/exchange/workspace/install/linkattacher_msgs/local/lib/python3.10/dist-packages:/opt/ros/humble/lib/python3.10/site-packages:/opt/ros/humble/local/lib/python3.10/dist-packages /usr/bin/cmake --install /home/user/exchange/workspace/build/pal_sea_arm_description
[1.172s] Level 1:colcon.colcon_core.environment:create_environment_scripts_only(pal_sea_arm_description)
[1.172s] Level 1:colcon.colcon_core.environment:checking '/home/user/exchange/workspace/install/pal_sea_arm_description' for CMake module files
[1.174s] Level 1:colcon.colcon_core.environment:checking '/home/user/exchange/workspace/install/pal_sea_arm_description' for CMake config files
[1.176s] DEBUG:colcon.colcon_core.event_handler.log_command:Invoked command in '/home/user/exchange/workspace/build/pal_sea_arm_description' returned '0': AMENT_PREFIX_PATH=/home/user/exchange/workspace/install/pal_pro_gripper_wrapper:/home/user/exchange/workspace/install/tiago_manipulation_tasks:/home/user/exchange/workspace/install/pick_task:/home/user/exchange/workspace/install/tiago_pro_simulation:/home/user/exchange/workspace/install/tiago_pro_robot:/home/user/exchange/workspace/install/tiago_pro_navigation:/home/user/exchange/workspace/install/tiago_pro_gazebo:/home/user/exchange/workspace/install/tiago_pro_rgbd_sensors:/home/user/exchange/workspace/install/tiago_pro_mujoco:/home/user/exchange/workspace/install/tiago_pro_moveit_config:/home/user/exchange/workspace/install/tiago_pro_laser_sensors:/home/user/exchange/workspace/install/tiago_pro_description:/home/user/exchange/workspace/install/tiago_pro_bringup:/home/user/exchange/workspace/install/tiago_pro_controller_configuration:/home/user/exchange/workspace/install/tiago_pro_2dnav:/home/user/exchange/workspace/install/ros2_linkattacher:/home/user/exchange/workspace/install/pal_sea_arm_moveit_config:/home/user/exchange/workspace/install/pal_sea_arm:/home/user/exchange/workspace/install/pal_sea_arm_bringup:/home/user/exchange/workspace/install/pal_sea_arm_description:/home/user/exchange/workspace/install/pal_sea_arm_controller_configuration:/home/user/exchange/workspace/install/pal_pro_gripper_simulation:/home/user/exchange/workspace/install/pal_pro_gripper_bringup:/home/user/exchange/workspace/install/pal_pro_gripper:/home/user/exchange/workspace/install/pal_pro_gripper_controller_configuration:/home/user/exchange/workspace/install/pal_pro_gripper_description:/home/user/exchange/workspace/install/pal_gazebo_worlds:/home/user/exchange/workspace/install/linkattacher_msgs:/opt/ros/humble CMAKE_PREFIX_PATH=/home/user/exchange/workspace/install/pal_sea_arm_controller_configuration:/home/user/exchange/workspace/install/pal_pro_gripper_controller_configuration:/home/user/exchange/workspace/install/pal_pro_gripper_description:/home/user/exchange/workspace/install/tiago_manipulation_tasks:/home/user/exchange/workspace/install/tiago_pro_simulation:/home/user/exchange/workspace/install/tiago_pro_robot:/home/user/exchange/workspace/install/tiago_pro_navigation:/home/user/exchange/workspace/install/tiago_pro_gazebo:/home/user/exchange/workspace/install/tiago_pro_rgbd_sensors:/home/user/exchange/workspace/install/tiago_pro_mujoco:/home/user/exchange/workspace/install/tiago_pro_moveit_config:/home/user/exchange/workspace/install/tiago_pro_laser_sensors:/home/user/exchange/workspace/install/tiago_pro_description:/home/user/exchange/workspace/install/tiago_pro_bringup:/home/user/exchange/workspace/install/tiago_pro_controller_configuration:/home/user/exchange/workspace/install/tiago_pro_2dnav:/home/user/exchange/workspace/install/ros2_linkattacher:/home/user/exchange/workspace/install/pal_sea_arm_moveit_config:/home/user/exchange/workspace/install/pal_sea_arm:/home/user/exchange/workspace/install/pal_sea_arm_bringup:/home/user/exchange/workspace/install/pal_sea_arm_description:/home/user/exchange/workspace/install/pal_pro_gripper_simulation:/home/user/exchange/workspace/install/pal_pro_gripper_bringup:/home/user/exchange/workspace/install/pal_pro_gripper:/home/user/exchange/workspace/install/pal_gazebo_worlds:/home/user/exchange/workspace/install/linkattacher_msgs:/home/user/exchange/workspace/install/pick_task:/home/user/exchange/workspace/install/pal_pro_gripper_wrapper:/opt/ros/humble PYTHONPATH=/home/user/exchange/workspace/install/pal_pro_gripper_wrapper/lib/python3.10/site-packages:/home/user/exchange/workspace/install/pick_task/lib/python3.10/site-packages:/home/user/exchange/workspace/install/tiago_pro_description/local/lib/python3.10/dist-packages:/home/user/exchange/workspace/install/pal_sea_arm_description/local/lib/python3.10/dist-packages:/home/user/exchange/workspace/install/pal_pro_gripper_description/local/lib/python3.10/dist-packages:/home/user/exchange/workspace/install/linkattacher_msgs/local/lib/python3.10/dist-packages:/opt/ros/humble/lib/python3.10/site-packages:/opt/ros/humble/local/lib/python3.10/dist-packages /usr/bin/cmake --install /home/user/exchange/workspace/build/pal_sea_arm_description
[1.176s] Level 1:colcon.colcon_core.shell:create_environment_hook('pal_sea_arm_description', 'cmake_prefix_path')
[1.176s] INFO:colcon.colcon_core.shell:Creating environment hook '/home/user/exchange/workspace/install/pal_sea_arm_description/share/pal_sea_arm_description/hook/cmake_prefix_path.ps1'
[1.177s] INFO:colcon.colcon_core.shell:Creating environment descriptor '/home/user/exchange/workspace/install/pal_sea_arm_description/share/pal_sea_arm_description/hook/cmake_prefix_path.dsv'
[1.177s] INFO:colcon.colcon_core.shell:Creating environment hook '/home/user/exchange/workspace/install/pal_sea_arm_description/share/pal_sea_arm_description/hook/cmake_prefix_path.sh'
[1.177s] Level 1:colcon.colcon_core.environment:checking '/home/user/exchange/workspace/install/pal_sea_arm_description/bin'
[1.177s] Level 1:colcon.colcon_core.environment:checking '/home/user/exchange/workspace/install/pal_sea_arm_description/lib/pkgconfig/pal_sea_arm_description.pc'
[1.178s] Level 1:colcon.colcon_core.environment:checking '/home/user/exchange/workspace/install/pal_sea_arm_description/lib/python3.10/site-packages'
[1.178s] Level 1:colcon.colcon_core.environment:checking '/home/user/exchange/workspace/install/pal_sea_arm_description/bin'
[1.178s] INFO:colcon.colcon_core.shell:Creating package script '/home/user/exchange/workspace/install/pal_sea_arm_description/share/pal_sea_arm_description/package.ps1'
[1.178s] INFO:colcon.colcon_core.shell:Creating package descriptor '/home/user/exchange/workspace/install/pal_sea_arm_description/share/pal_sea_arm_description/package.dsv'
[1.178s] INFO:colcon.colcon_core.shell:Creating package script '/home/user/exchange/workspace/install/pal_sea_arm_description/share/pal_sea_arm_description/package.sh'
[1.179s] INFO:colcon.colcon_core.shell:Creating package script '/home/user/exchange/workspace/install/pal_sea_arm_description/share/pal_sea_arm_description/package.bash'
[1.179s] INFO:colcon.colcon_core.shell:Creating package script '/home/user/exchange/workspace/install/pal_sea_arm_description/share/pal_sea_arm_description/package.zsh'
[1.179s] Level 1:colcon.colcon_core.environment:create_file_with_runtime_dependencies(/home/user/exchange/workspace/install/pal_sea_arm_description/share/colcon-core/packages/pal_sea_arm_description)
[1.179s] Level 1:colcon.colcon_core.environment:create_environment_scripts_only(pal_sea_arm_description)
[1.179s] Level 1:colcon.colcon_core.environment:checking '/home/user/exchange/workspace/install/pal_sea_arm_description' for CMake module files
[1.180s] Level 1:colcon.colcon_core.environment:checking '/home/user/exchange/workspace/install/pal_sea_arm_description' for CMake config files
[1.180s] Level 1:colcon.colcon_core.shell:create_environment_hook('pal_sea_arm_description', 'cmake_prefix_path')
[1.180s] INFO:colcon.colcon_core.shell:Creating environment hook '/home/user/exchange/workspace/install/pal_sea_arm_description/share/pal_sea_arm_description/hook/cmake_prefix_path.ps1'
[1.180s] INFO:colcon.colcon_core.shell:Creating environment descriptor '/home/user/exchange/workspace/install/pal_sea_arm_description/share/pal_sea_arm_description/hook/cmake_prefix_path.dsv'
[1.181s] INFO:colcon.colcon_core.shell:Creating environment hook '/home/user/exchange/workspace/install/pal_sea_arm_description/share/pal_sea_arm_description/hook/cmake_prefix_path.sh'
[1.181s] Level 1:colcon.colcon_core.environment:checking '/home/user/exchange/workspace/install/pal_sea_arm_description/bin'
[1.181s] Level 1:colcon.colcon_core.environment:checking '/home/user/exchange/workspace/install/pal_sea_arm_description/lib/pkgconfig/pal_sea_arm_description.pc'
[1.181s] Level 1:colcon.colcon_core.environment:checking '/home/user/exchange/workspace/install/pal_sea_arm_description/lib/python3.10/site-packages'
[1.181s] Level 1:colcon.colcon_core.environment:checking '/home/user/exchange/workspace/install/pal_sea_arm_description/bin'
[1.181s] INFO:colcon.colcon_core.shell:Creating package script '/home/user/exchange/workspace/install/pal_sea_arm_description/share/pal_sea_arm_description/package.ps1'
[1.182s] INFO:colcon.colcon_core.shell:Creating package descriptor '/home/user/exchange/workspace/install/pal_sea_arm_description/share/pal_sea_arm_description/package.dsv'
[1.182s] INFO:colcon.colcon_core.shell:Creating package script '/home/user/exchange/workspace/install/pal_sea_arm_description/share/pal_sea_arm_description/package.sh'
[1.182s] INFO:colcon.colcon_core.shell:Creating package script '/home/user/exchange/workspace/install/pal_sea_arm_description/share/pal_sea_arm_description/package.bash'
[1.182s] INFO:colcon.colcon_core.shell:Creating package script '/home/user/exchange/workspace/install/pal_sea_arm_description/share/pal_sea_arm_description/package.zsh'
[1.183s] Level 1:colcon.colcon_core.environment:create_file_with_runtime_dependencies(/home/user/exchange/workspace/install/pal_sea_arm_description/share/colcon-core/packages/pal_sea_arm_description)
[1.183s] INFO:colcon.colcon_ros.task.ament_cmake.build:Building ROS package in '/home/user/exchange/workspace/src/tiago_pro_robot/tiago_pro_description' with build type 'ament_cmake'
[1.183s] INFO:colcon.colcon_cmake.task.cmake.build:Building CMake package in '/home/user/exchange/workspace/src/tiago_pro_robot/tiago_pro_description'
[1.183s] INFO:colcon.colcon_core.shell:Skip shell extension 'powershell' for command environment: Not usable outside of PowerShell
[1.183s] DEBUG:colcon.colcon_core.shell:Skip shell extension 'dsv' for command environment
[1.186s] INFO:colcon.colcon_ros.task.ament_cmake.build:Building ROS package in '/home/user/exchange/workspace/src/pal_sea_arm_moveit_config' with build type 'ament_cmake'
[1.186s] INFO:colcon.colcon_cmake.task.cmake.build:Building CMake package in '/home/user/exchange/workspace/src/pal_sea_arm_moveit_config'
[1.187s] INFO:colcon.colcon_core.shell:Skip shell extension 'powershell' for command environment: Not usable outside of PowerShell
[1.187s] DEBUG:colcon.colcon_core.shell:Skip shell extension 'dsv' for command environment
[1.189s] INFO:colcon.colcon_ros.task.ament_cmake.build:Building ROS package in '/home/user/exchange/workspace/src/pal_sea_arm/pal_sea_arm_bringup' with build type 'ament_cmake'
[1.190s] INFO:colcon.colcon_cmake.task.cmake.build:Building CMake package in '/home/user/exchange/workspace/src/pal_sea_arm/pal_sea_arm_bringup'
[1.190s] INFO:colcon.colcon_core.shell:Skip shell extension 'powershell' for command environment: Not usable outside of PowerShell
[1.190s] DEBUG:colcon.colcon_core.shell:Skip shell extension 'dsv' for command environment
[1.194s] DEBUG:colcon.colcon_core.event_handler.log_command:Invoking command in '/home/user/exchange/workspace/build/tiago_pro_description': AMENT_PREFIX_PATH=/home/user/exchange/workspace/install/pal_pro_gripper_wrapper:/home/user/exchange/workspace/install/tiago_manipulation_tasks:/home/user/exchange/workspace/install/pick_task:/home/user/exchange/workspace/install/tiago_pro_simulation:/home/user/exchange/workspace/install/tiago_pro_robot:/home/user/exchange/workspace/install/tiago_pro_navigation:/home/user/exchange/workspace/install/tiago_pro_gazebo:/home/user/exchange/workspace/install/tiago_pro_rgbd_sensors:/home/user/exchange/workspace/install/tiago_pro_mujoco:/home/user/exchange/workspace/install/tiago_pro_moveit_config:/home/user/exchange/workspace/install/tiago_pro_laser_sensors:/home/user/exchange/workspace/install/tiago_pro_description:/home/user/exchange/workspace/install/tiago_pro_bringup:/home/user/exchange/workspace/install/tiago_pro_controller_configuration:/home/user/exchange/workspace/install/tiago_pro_2dnav:/home/user/exchange/workspace/install/ros2_linkattacher:/home/user/exchange/workspace/install/pal_sea_arm_moveit_config:/home/user/exchange/workspace/install/pal_sea_arm:/home/user/exchange/workspace/install/pal_sea_arm_bringup:/home/user/exchange/workspace/install/pal_sea_arm_description:/home/user/exchange/workspace/install/pal_sea_arm_controller_configuration:/home/user/exchange/workspace/install/pal_pro_gripper_simulation:/home/user/exchange/workspace/install/pal_pro_gripper_bringup:/home/user/exchange/workspace/install/pal_pro_gripper:/home/user/exchange/workspace/install/pal_pro_gripper_controller_configuration:/home/user/exchange/workspace/install/pal_pro_gripper_description:/home/user/exchange/workspace/install/pal_gazebo_worlds:/home/user/exchange/workspace/install/linkattacher_msgs:/opt/ros/humble CMAKE_PREFIX_PATH=/home/user/exchange/workspace/install/pal_sea_arm_description:/home/user/exchange/workspace/install/pal_sea_arm_controller_configuration:/home/user/exchange/workspace/install/pal_pro_gripper_controller_configuration:/home/user/exchange/workspace/install/pal_pro_gripper_description:/home/user/exchange/workspace/install/tiago_manipulation_tasks:/home/user/exchange/workspace/install/tiago_pro_simulation:/home/user/exchange/workspace/install/tiago_pro_robot:/home/user/exchange/workspace/install/tiago_pro_navigation:/home/user/exchange/workspace/install/tiago_pro_gazebo:/home/user/exchange/workspace/install/tiago_pro_rgbd_sensors:/home/user/exchange/workspace/install/tiago_pro_mujoco:/home/user/exchange/workspace/install/tiago_pro_moveit_config:/home/user/exchange/workspace/install/tiago_pro_laser_sensors:/home/user/exchange/workspace/install/tiago_pro_description:/home/user/exchange/workspace/install/tiago_pro_bringup:/home/user/exchange/workspace/install/tiago_pro_controller_configuration:/home/user/exchange/workspace/install/tiago_pro_2dnav:/home/user/exchange/workspace/install/ros2_linkattacher:/home/user/exchange/workspace/install/pal_sea_arm_moveit_config:/home/user/exchange/workspace/install/pal_sea_arm:/home/user/exchange/workspace/install/pal_sea_arm_bringup:/home/user/exchange/workspace/install/pal_pro_gripper_simulation:/home/user/exchange/workspace/install/pal_pro_gripper_bringup:/home/user/exchange/workspace/install/pal_pro_gripper:/home/user/exchange/workspace/install/pal_gazebo_worlds:/home/user/exchange/workspace/install/linkattacher_msgs:/home/user/exchange/workspace/install/pick_task:/home/user/exchange/workspace/install/pal_pro_gripper_wrapper:/opt/ros/humble PYTHONPATH=/home/user/exchange/workspace/install/pal_pro_gripper_wrapper/lib/python3.10/site-packages:/home/user/exchange/workspace/install/pick_task/lib/python3.10/site-packages:/home/user/exchange/workspace/install/tiago_pro_description/local/lib/python3.10/dist-packages:/home/user/exchange/workspace/install/pal_sea_arm_description/local/lib/python3.10/dist-packages:/home/user/exchange/workspace/install/pal_pro_gripper_description/local/lib/python3.10/dist-packages:/home/user/exchange/workspace/install/linkattacher_msgs/local/lib/python3.10/dist-packages:/opt/ros/humble/lib/python3.10/site-packages:/opt/ros/humble/local/lib/python3.10/dist-packages /usr/bin/cmake --build /home/user/exchange/workspace/build/tiago_pro_description -- -j12 -l12
[1.196s] DEBUG:colcon.colcon_core.event_handler.log_command:Invoking command in '/home/user/exchange/workspace/build/pal_sea_arm_moveit_config': AMENT_PREFIX_PATH=/home/user/exchange/workspace/install/pal_pro_gripper_wrapper:/home/user/exchange/workspace/install/tiago_manipulation_tasks:/home/user/exchange/workspace/install/pick_task:/home/user/exchange/workspace/install/tiago_pro_simulation:/home/user/exchange/workspace/install/tiago_pro_robot:/home/user/exchange/workspace/install/tiago_pro_navigation:/home/user/exchange/workspace/install/tiago_pro_gazebo:/home/user/exchange/workspace/install/tiago_pro_rgbd_sensors:/home/user/exchange/workspace/install/tiago_pro_mujoco:/home/user/exchange/workspace/install/tiago_pro_moveit_config:/home/user/exchange/workspace/install/tiago_pro_laser_sensors:/home/user/exchange/workspace/install/tiago_pro_description:/home/user/exchange/workspace/install/tiago_pro_bringup:/home/user/exchange/workspace/install/tiago_pro_controller_configuration:/home/user/exchange/workspace/install/tiago_pro_2dnav:/home/user/exchange/workspace/install/ros2_linkattacher:/home/user/exchange/workspace/install/pal_sea_arm_moveit_config:/home/user/exchange/workspace/install/pal_sea_arm:/home/user/exchange/workspace/install/pal_sea_arm_bringup:/home/user/exchange/workspace/install/pal_sea_arm_description:/home/user/exchange/workspace/install/pal_sea_arm_controller_configuration:/home/user/exchange/workspace/install/pal_pro_gripper_simulation:/home/user/exchange/workspace/install/pal_pro_gripper_bringup:/home/user/exchange/workspace/install/pal_pro_gripper:/home/user/exchange/workspace/install/pal_pro_gripper_controller_configuration:/home/user/exchange/workspace/install/pal_pro_gripper_description:/home/user/exchange/workspace/install/pal_gazebo_worlds:/home/user/exchange/workspace/install/linkattacher_msgs:/opt/ros/humble CMAKE_PREFIX_PATH=/home/user/exchange/workspace/install/pal_sea_arm_description:/home/user/exchange/workspace/install/pal_sea_arm_controller_configuration:/home/user/exchange/workspace/install/pal_pro_gripper_controller_configuration:/home/user/exchange/workspace/install/pal_pro_gripper_description:/home/user/exchange/workspace/install/tiago_manipulation_tasks:/home/user/exchange/workspace/install/tiago_pro_simulation:/home/user/exchange/workspace/install/tiago_pro_robot:/home/user/exchange/workspace/install/tiago_pro_navigation:/home/user/exchange/workspace/install/tiago_pro_gazebo:/home/user/exchange/workspace/install/tiago_pro_rgbd_sensors:/home/user/exchange/workspace/install/tiago_pro_mujoco:/home/user/exchange/workspace/install/tiago_pro_moveit_config:/home/user/exchange/workspace/install/tiago_pro_laser_sensors:/home/user/exchange/workspace/install/tiago_pro_description:/home/user/exchange/workspace/install/tiago_pro_bringup:/home/user/exchange/workspace/install/tiago_pro_controller_configuration:/home/user/exchange/workspace/install/tiago_pro_2dnav:/home/user/exchange/workspace/install/ros2_linkattacher:/home/user/exchange/workspace/install/pal_sea_arm_moveit_config:/home/user/exchange/workspace/install/pal_sea_arm:/home/user/exchange/workspace/install/pal_sea_arm_bringup:/home/user/exchange/workspace/install/pal_pro_gripper_simulation:/home/user/exchange/workspace/install/pal_pro_gripper_bringup:/home/user/exchange/workspace/install/pal_pro_gripper:/home/user/exchange/workspace/install/pal_gazebo_worlds:/home/user/exchange/workspace/install/linkattacher_msgs:/home/user/exchange/workspace/install/pick_task:/home/user/exchange/workspace/install/pal_pro_gripper_wrapper:/opt/ros/humble PYTHONPATH=/home/user/exchange/workspace/install/pal_pro_gripper_wrapper/lib/python3.10/site-packages:/home/user/exchange/workspace/install/pick_task/lib/python3.10/site-packages:/home/user/exchange/workspace/install/tiago_pro_description/local/lib/python3.10/dist-packages:/home/user/exchange/workspace/install/pal_sea_arm_description/local/lib/python3.10/dist-packages:/home/user/exchange/workspace/install/pal_pro_gripper_description/local/lib/python3.10/dist-packages:/home/user/exchange/workspace/install/linkattacher_msgs/local/lib/python3.10/dist-packages:/opt/ros/humble/lib/python3.10/site-packages:/opt/ros/humble/local/lib/python3.10/dist-packages /usr/bin/cmake --build /home/user/exchange/workspace/build/pal_sea_arm_moveit_config -- -j12 -l12
[1.197s] DEBUG:colcon.colcon_core.event_handler.log_command:Invoking command in '/home/user/exchange/workspace/build/pal_sea_arm_bringup': AMENT_PREFIX_PATH=/home/user/exchange/workspace/install/pal_pro_gripper_wrapper:/home/user/exchange/workspace/install/tiago_manipulation_tasks:/home/user/exchange/workspace/install/pick_task:/home/user/exchange/workspace/install/tiago_pro_simulation:/home/user/exchange/workspace/install/tiago_pro_robot:/home/user/exchange/workspace/install/tiago_pro_navigation:/home/user/exchange/workspace/install/tiago_pro_gazebo:/home/user/exchange/workspace/install/tiago_pro_rgbd_sensors:/home/user/exchange/workspace/install/tiago_pro_mujoco:/home/user/exchange/workspace/install/tiago_pro_moveit_config:/home/user/exchange/workspace/install/tiago_pro_laser_sensors:/home/user/exchange/workspace/install/tiago_pro_description:/home/user/exchange/workspace/install/tiago_pro_bringup:/home/user/exchange/workspace/install/tiago_pro_controller_configuration:/home/user/exchange/workspace/install/tiago_pro_2dnav:/home/user/exchange/workspace/install/ros2_linkattacher:/home/user/exchange/workspace/install/pal_sea_arm_moveit_config:/home/user/exchange/workspace/install/pal_sea_arm:/home/user/exchange/workspace/install/pal_sea_arm_bringup:/home/user/exchange/workspace/install/pal_sea_arm_description:/home/user/exchange/workspace/install/pal_sea_arm_controller_configuration:/home/user/exchange/workspace/install/pal_pro_gripper_simulation:/home/user/exchange/workspace/install/pal_pro_gripper_bringup:/home/user/exchange/workspace/install/pal_pro_gripper:/home/user/exchange/workspace/install/pal_pro_gripper_controller_configuration:/home/user/exchange/workspace/install/pal_pro_gripper_description:/home/user/exchange/workspace/install/pal_gazebo_worlds:/home/user/exchange/workspace/install/linkattacher_msgs:/opt/ros/humble CMAKE_PREFIX_PATH=/home/user/exchange/workspace/install/pal_sea_arm_description:/home/user/exchange/workspace/install/pal_sea_arm_controller_configuration:/home/user/exchange/workspace/install/pal_pro_gripper_controller_configuration:/home/user/exchange/workspace/install/pal_pro_gripper_description:/home/user/exchange/workspace/install/tiago_manipulation_tasks:/home/user/exchange/workspace/install/tiago_pro_simulation:/home/user/exchange/workspace/install/tiago_pro_robot:/home/user/exchange/workspace/install/tiago_pro_navigation:/home/user/exchange/workspace/install/tiago_pro_gazebo:/home/user/exchange/workspace/install/tiago_pro_rgbd_sensors:/home/user/exchange/workspace/install/tiago_pro_mujoco:/home/user/exchange/workspace/install/tiago_pro_moveit_config:/home/user/exchange/workspace/install/tiago_pro_laser_sensors:/home/user/exchange/workspace/install/tiago_pro_description:/home/user/exchange/workspace/install/tiago_pro_bringup:/home/user/exchange/workspace/install/tiago_pro_controller_configuration:/home/user/exchange/workspace/install/tiago_pro_2dnav:/home/user/exchange/workspace/install/ros2_linkattacher:/home/user/exchange/workspace/install/pal_sea_arm_moveit_config:/home/user/exchange/workspace/install/pal_sea_arm:/home/user/exchange/workspace/install/pal_sea_arm_bringup:/home/user/exchange/workspace/install/pal_pro_gripper_simulation:/home/user/exchange/workspace/install/pal_pro_gripper_bringup:/home/user/exchange/workspace/install/pal_pro_gripper:/home/user/exchange/workspace/install/pal_gazebo_worlds:/home/user/exchange/workspace/install/linkattacher_msgs:/home/user/exchange/workspace/install/pick_task:/home/user/exchange/workspace/install/pal_pro_gripper_wrapper:/opt/ros/humble PYTHONPATH=/home/user/exchange/workspace/install/pal_pro_gripper_wrapper/lib/python3.10/site-packages:/home/user/exchange/workspace/install/pick_task/lib/python3.10/site-packages:/home/user/exchange/workspace/install/tiago_pro_description/local/lib/python3.10/dist-packages:/home/user/exchange/workspace/install/pal_sea_arm_description/local/lib/python3.10/dist-packages:/home/user/exchange/workspace/install/pal_pro_gripper_description/local/lib/python3.10/dist-packages:/home/user/exchange/workspace/install/linkattacher_msgs/local/lib/python3.10/dist-packages:/opt/ros/humble/lib/python3.10/site-packages:/opt/ros/humble/local/lib/python3.10/dist-packages /usr/bin/cmake --build /home/user/exchange/workspace/build/pal_sea_arm_bringup -- -j12 -l12
[1.215s] DEBUG:colcon.colcon_core.event_handler.log_command:Invoked command in '/home/user/exchange/workspace/build/pal_sea_arm_moveit_config' returned '0': AMENT_PREFIX_PATH=/home/user/exchange/workspace/install/pal_pro_gripper_wrapper:/home/user/exchange/workspace/install/tiago_manipulation_tasks:/home/user/exchange/workspace/install/pick_task:/home/user/exchange/workspace/install/tiago_pro_simulation:/home/user/exchange/workspace/install/tiago_pro_robot:/home/user/exchange/workspace/install/tiago_pro_navigation:/home/user/exchange/workspace/install/tiago_pro_gazebo:/home/user/exchange/workspace/install/tiago_pro_rgbd_sensors:/home/user/exchange/workspace/install/tiago_pro_mujoco:/home/user/exchange/workspace/install/tiago_pro_moveit_config:/home/user/exchange/workspace/install/tiago_pro_laser_sensors:/home/user/exchange/workspace/install/tiago_pro_description:/home/user/exchange/workspace/install/tiago_pro_bringup:/home/user/exchange/workspace/install/tiago_pro_controller_configuration:/home/user/exchange/workspace/install/tiago_pro_2dnav:/home/user/exchange/workspace/install/ros2_linkattacher:/home/user/exchange/workspace/install/pal_sea_arm_moveit_config:/home/user/exchange/workspace/install/pal_sea_arm:/home/user/exchange/workspace/install/pal_sea_arm_bringup:/home/user/exchange/workspace/install/pal_sea_arm_description:/home/user/exchange/workspace/install/pal_sea_arm_controller_configuration:/home/user/exchange/workspace/install/pal_pro_gripper_simulation:/home/user/exchange/workspace/install/pal_pro_gripper_bringup:/home/user/exchange/workspace/install/pal_pro_gripper:/home/user/exchange/workspace/install/pal_pro_gripper_controller_configuration:/home/user/exchange/workspace/install/pal_pro_gripper_description:/home/user/exchange/workspace/install/pal_gazebo_worlds:/home/user/exchange/workspace/install/linkattacher_msgs:/opt/ros/humble CMAKE_PREFIX_PATH=/home/user/exchange/workspace/install/pal_sea_arm_description:/home/user/exchange/workspace/install/pal_sea_arm_controller_configuration:/home/user/exchange/workspace/install/pal_pro_gripper_controller_configuration:/home/user/exchange/workspace/install/pal_pro_gripper_description:/home/user/exchange/workspace/install/tiago_manipulation_tasks:/home/user/exchange/workspace/install/tiago_pro_simulation:/home/user/exchange/workspace/install/tiago_pro_robot:/home/user/exchange/workspace/install/tiago_pro_navigation:/home/user/exchange/workspace/install/tiago_pro_gazebo:/home/user/exchange/workspace/install/tiago_pro_rgbd_sensors:/home/user/exchange/workspace/install/tiago_pro_mujoco:/home/user/exchange/workspace/install/tiago_pro_moveit_config:/home/user/exchange/workspace/install/tiago_pro_laser_sensors:/home/user/exchange/workspace/install/tiago_pro_description:/home/user/exchange/workspace/install/tiago_pro_bringup:/home/user/exchange/workspace/install/tiago_pro_controller_configuration:/home/user/exchange/workspace/install/tiago_pro_2dnav:/home/user/exchange/workspace/install/ros2_linkattacher:/home/user/exchange/workspace/install/pal_sea_arm_moveit_config:/home/user/exchange/workspace/install/pal_sea_arm:/home/user/exchange/workspace/install/pal_sea_arm_bringup:/home/user/exchange/workspace/install/pal_pro_gripper_simulation:/home/user/exchange/workspace/install/pal_pro_gripper_bringup:/home/user/exchange/workspace/install/pal_pro_gripper:/home/user/exchange/workspace/install/pal_gazebo_worlds:/home/user/exchange/workspace/install/linkattacher_msgs:/home/user/exchange/workspace/install/pick_task:/home/user/exchange/workspace/install/pal_pro_gripper_wrapper:/opt/ros/humble PYTHONPATH=/home/user/exchange/workspace/install/pal_pro_gripper_wrapper/lib/python3.10/site-packages:/home/user/exchange/workspace/install/pick_task/lib/python3.10/site-packages:/home/user/exchange/workspace/install/tiago_pro_description/local/lib/python3.10/dist-packages:/home/user/exchange/workspace/install/pal_sea_arm_description/local/lib/python3.10/dist-packages:/home/user/exchange/workspace/install/pal_pro_gripper_description/local/lib/python3.10/dist-packages:/home/user/exchange/workspace/install/linkattacher_msgs/local/lib/python3.10/dist-packages:/opt/ros/humble/lib/python3.10/site-packages:/opt/ros/humble/local/lib/python3.10/dist-packages /usr/bin/cmake --build /home/user/exchange/workspace/build/pal_sea_arm_moveit_config -- -j12 -l12
[1.216s] DEBUG:colcon.colcon_core.event_handler.log_command:Invoking command in '/home/user/exchange/workspace/build/pal_sea_arm_moveit_config': AMENT_PREFIX_PATH=/home/user/exchange/workspace/install/pal_pro_gripper_wrapper:/home/user/exchange/workspace/install/tiago_manipulation_tasks:/home/user/exchange/workspace/install/pick_task:/home/user/exchange/workspace/install/tiago_pro_simulation:/home/user/exchange/workspace/install/tiago_pro_robot:/home/user/exchange/workspace/install/tiago_pro_navigation:/home/user/exchange/workspace/install/tiago_pro_gazebo:/home/user/exchange/workspace/install/tiago_pro_rgbd_sensors:/home/user/exchange/workspace/install/tiago_pro_mujoco:/home/user/exchange/workspace/install/tiago_pro_moveit_config:/home/user/exchange/workspace/install/tiago_pro_laser_sensors:/home/user/exchange/workspace/install/tiago_pro_description:/home/user/exchange/workspace/install/tiago_pro_bringup:/home/user/exchange/workspace/install/tiago_pro_controller_configuration:/home/user/exchange/workspace/install/tiago_pro_2dnav:/home/user/exchange/workspace/install/ros2_linkattacher:/home/user/exchange/workspace/install/pal_sea_arm_moveit_config:/home/user/exchange/workspace/install/pal_sea_arm:/home/user/exchange/workspace/install/pal_sea_arm_bringup:/home/user/exchange/workspace/install/pal_sea_arm_description:/home/user/exchange/workspace/install/pal_sea_arm_controller_configuration:/home/user/exchange/workspace/install/pal_pro_gripper_simulation:/home/user/exchange/workspace/install/pal_pro_gripper_bringup:/home/user/exchange/workspace/install/pal_pro_gripper:/home/user/exchange/workspace/install/pal_pro_gripper_controller_configuration:/home/user/exchange/workspace/install/pal_pro_gripper_description:/home/user/exchange/workspace/install/pal_gazebo_worlds:/home/user/exchange/workspace/install/linkattacher_msgs:/opt/ros/humble CMAKE_PREFIX_PATH=/home/user/exchange/workspace/install/pal_sea_arm_description:/home/user/exchange/workspace/install/pal_sea_arm_controller_configuration:/home/user/exchange/workspace/install/pal_pro_gripper_controller_configuration:/home/user/exchange/workspace/install/pal_pro_gripper_description:/home/user/exchange/workspace/install/tiago_manipulation_tasks:/home/user/exchange/workspace/install/tiago_pro_simulation:/home/user/exchange/workspace/install/tiago_pro_robot:/home/user/exchange/workspace/install/tiago_pro_navigation:/home/user/exchange/workspace/install/tiago_pro_gazebo:/home/user/exchange/workspace/install/tiago_pro_rgbd_sensors:/home/user/exchange/workspace/install/tiago_pro_mujoco:/home/user/exchange/workspace/install/tiago_pro_moveit_config:/home/user/exchange/workspace/install/tiago_pro_laser_sensors:/home/user/exchange/workspace/install/tiago_pro_description:/home/user/exchange/workspace/install/tiago_pro_bringup:/home/user/exchange/workspace/install/tiago_pro_controller_configuration:/home/user/exchange/workspace/install/tiago_pro_2dnav:/home/user/exchange/workspace/install/ros2_linkattacher:/home/user/exchange/workspace/install/pal_sea_arm_moveit_config:/home/user/exchange/workspace/install/pal_sea_arm:/home/user/exchange/workspace/install/pal_sea_arm_bringup:/home/user/exchange/workspace/install/pal_pro_gripper_simulation:/home/user/exchange/workspace/install/pal_pro_gripper_bringup:/home/user/exchange/workspace/install/pal_pro_gripper:/home/user/exchange/workspace/install/pal_gazebo_worlds:/home/user/exchange/workspace/install/linkattacher_msgs:/home/user/exchange/workspace/install/pick_task:/home/user/exchange/workspace/install/pal_pro_gripper_wrapper:/opt/ros/humble PYTHONPATH=/home/user/exchange/workspace/install/pal_pro_gripper_wrapper/lib/python3.10/site-packages:/home/user/exchange/workspace/install/pick_task/lib/python3.10/site-packages:/home/user/exchange/workspace/install/tiago_pro_description/local/lib/python3.10/dist-packages:/home/user/exchange/workspace/install/pal_sea_arm_description/local/lib/python3.10/dist-packages:/home/user/exchange/workspace/install/pal_pro_gripper_description/local/lib/python3.10/dist-packages:/home/user/exchange/workspace/install/linkattacher_msgs/local/lib/python3.10/dist-packages:/opt/ros/humble/lib/python3.10/site-packages:/opt/ros/humble/local/lib/python3.10/dist-packages /usr/bin/cmake --install /home/user/exchange/workspace/build/pal_sea_arm_moveit_config
[1.217s] DEBUG:colcon.colcon_core.event_handler.log_command:Invoked command in '/home/user/exchange/workspace/build/pal_sea_arm_bringup' returned '0': AMENT_PREFIX_PATH=/home/user/exchange/workspace/install/pal_pro_gripper_wrapper:/home/user/exchange/workspace/install/tiago_manipulation_tasks:/home/user/exchange/workspace/install/pick_task:/home/user/exchange/workspace/install/tiago_pro_simulation:/home/user/exchange/workspace/install/tiago_pro_robot:/home/user/exchange/workspace/install/tiago_pro_navigation:/home/user/exchange/workspace/install/tiago_pro_gazebo:/home/user/exchange/workspace/install/tiago_pro_rgbd_sensors:/home/user/exchange/workspace/install/tiago_pro_mujoco:/home/user/exchange/workspace/install/tiago_pro_moveit_config:/home/user/exchange/workspace/install/tiago_pro_laser_sensors:/home/user/exchange/workspace/install/tiago_pro_description:/home/user/exchange/workspace/install/tiago_pro_bringup:/home/user/exchange/workspace/install/tiago_pro_controller_configuration:/home/user/exchange/workspace/install/tiago_pro_2dnav:/home/user/exchange/workspace/install/ros2_linkattacher:/home/user/exchange/workspace/install/pal_sea_arm_moveit_config:/home/user/exchange/workspace/install/pal_sea_arm:/home/user/exchange/workspace/install/pal_sea_arm_bringup:/home/user/exchange/workspace/install/pal_sea_arm_description:/home/user/exchange/workspace/install/pal_sea_arm_controller_configuration:/home/user/exchange/workspace/install/pal_pro_gripper_simulation:/home/user/exchange/workspace/install/pal_pro_gripper_bringup:/home/user/exchange/workspace/install/pal_pro_gripper:/home/user/exchange/workspace/install/pal_pro_gripper_controller_configuration:/home/user/exchange/workspace/install/pal_pro_gripper_description:/home/user/exchange/workspace/install/pal_gazebo_worlds:/home/user/exchange/workspace/install/linkattacher_msgs:/opt/ros/humble CMAKE_PREFIX_PATH=/home/user/exchange/workspace/install/pal_sea_arm_description:/home/user/exchange/workspace/install/pal_sea_arm_controller_configuration:/home/user/exchange/workspace/install/pal_pro_gripper_controller_configuration:/home/user/exchange/workspace/install/pal_pro_gripper_description:/home/user/exchange/workspace/install/tiago_manipulation_tasks:/home/user/exchange/workspace/install/tiago_pro_simulation:/home/user/exchange/workspace/install/tiago_pro_robot:/home/user/exchange/workspace/install/tiago_pro_navigation:/home/user/exchange/workspace/install/tiago_pro_gazebo:/home/user/exchange/workspace/install/tiago_pro_rgbd_sensors:/home/user/exchange/workspace/install/tiago_pro_mujoco:/home/user/exchange/workspace/install/tiago_pro_moveit_config:/home/user/exchange/workspace/install/tiago_pro_laser_sensors:/home/user/exchange/workspace/install/tiago_pro_description:/home/user/exchange/workspace/install/tiago_pro_bringup:/home/user/exchange/workspace/install/tiago_pro_controller_configuration:/home/user/exchange/workspace/install/tiago_pro_2dnav:/home/user/exchange/workspace/install/ros2_linkattacher:/home/user/exchange/workspace/install/pal_sea_arm_moveit_config:/home/user/exchange/workspace/install/pal_sea_arm:/home/user/exchange/workspace/install/pal_sea_arm_bringup:/home/user/exchange/workspace/install/pal_pro_gripper_simulation:/home/user/exchange/workspace/install/pal_pro_gripper_bringup:/home/user/exchange/workspace/install/pal_pro_gripper:/home/user/exchange/workspace/install/pal_gazebo_worlds:/home/user/exchange/workspace/install/linkattacher_msgs:/home/user/exchange/workspace/install/pick_task:/home/user/exchange/workspace/install/pal_pro_gripper_wrapper:/opt/ros/humble PYTHONPATH=/home/user/exchange/workspace/install/pal_pro_gripper_wrapper/lib/python3.10/site-packages:/home/user/exchange/workspace/install/pick_task/lib/python3.10/site-packages:/home/user/exchange/workspace/install/tiago_pro_description/local/lib/python3.10/dist-packages:/home/user/exchange/workspace/install/pal_sea_arm_description/local/lib/python3.10/dist-packages:/home/user/exchange/workspace/install/pal_pro_gripper_description/local/lib/python3.10/dist-packages:/home/user/exchange/workspace/install/linkattacher_msgs/local/lib/python3.10/dist-packages:/opt/ros/humble/lib/python3.10/site-packages:/opt/ros/humble/local/lib/python3.10/dist-packages /usr/bin/cmake --build /home/user/exchange/workspace/build/pal_sea_arm_bringup -- -j12 -l12
[1.218s] DEBUG:colcon.colcon_core.event_handler.log_command:Invoking command in '/home/user/exchange/workspace/build/pal_sea_arm_bringup': AMENT_PREFIX_PATH=/home/user/exchange/workspace/install/pal_pro_gripper_wrapper:/home/user/exchange/workspace/install/tiago_manipulation_tasks:/home/user/exchange/workspace/install/pick_task:/home/user/exchange/workspace/install/tiago_pro_simulation:/home/user/exchange/workspace/install/tiago_pro_robot:/home/user/exchange/workspace/install/tiago_pro_navigation:/home/user/exchange/workspace/install/tiago_pro_gazebo:/home/user/exchange/workspace/install/tiago_pro_rgbd_sensors:/home/user/exchange/workspace/install/tiago_pro_mujoco:/home/user/exchange/workspace/install/tiago_pro_moveit_config:/home/user/exchange/workspace/install/tiago_pro_laser_sensors:/home/user/exchange/workspace/install/tiago_pro_description:/home/user/exchange/workspace/install/tiago_pro_bringup:/home/user/exchange/workspace/install/tiago_pro_controller_configuration:/home/user/exchange/workspace/install/tiago_pro_2dnav:/home/user/exchange/workspace/install/ros2_linkattacher:/home/user/exchange/workspace/install/pal_sea_arm_moveit_config:/home/user/exchange/workspace/install/pal_sea_arm:/home/user/exchange/workspace/install/pal_sea_arm_bringup:/home/user/exchange/workspace/install/pal_sea_arm_description:/home/user/exchange/workspace/install/pal_sea_arm_controller_configuration:/home/user/exchange/workspace/install/pal_pro_gripper_simulation:/home/user/exchange/workspace/install/pal_pro_gripper_bringup:/home/user/exchange/workspace/install/pal_pro_gripper:/home/user/exchange/workspace/install/pal_pro_gripper_controller_configuration:/home/user/exchange/workspace/install/pal_pro_gripper_description:/home/user/exchange/workspace/install/pal_gazebo_worlds:/home/user/exchange/workspace/install/linkattacher_msgs:/opt/ros/humble CMAKE_PREFIX_PATH=/home/user/exchange/workspace/install/pal_sea_arm_description:/home/user/exchange/workspace/install/pal_sea_arm_controller_configuration:/home/user/exchange/workspace/install/pal_pro_gripper_controller_configuration:/home/user/exchange/workspace/install/pal_pro_gripper_description:/home/user/exchange/workspace/install/tiago_manipulation_tasks:/home/user/exchange/workspace/install/tiago_pro_simulation:/home/user/exchange/workspace/install/tiago_pro_robot:/home/user/exchange/workspace/install/tiago_pro_navigation:/home/user/exchange/workspace/install/tiago_pro_gazebo:/home/user/exchange/workspace/install/tiago_pro_rgbd_sensors:/home/user/exchange/workspace/install/tiago_pro_mujoco:/home/user/exchange/workspace/install/tiago_pro_moveit_config:/home/user/exchange/workspace/install/tiago_pro_laser_sensors:/home/user/exchange/workspace/install/tiago_pro_description:/home/user/exchange/workspace/install/tiago_pro_bringup:/home/user/exchange/workspace/install/tiago_pro_controller_configuration:/home/user/exchange/workspace/install/tiago_pro_2dnav:/home/user/exchange/workspace/install/ros2_linkattacher:/home/user/exchange/workspace/install/pal_sea_arm_moveit_config:/home/user/exchange/workspace/install/pal_sea_arm:/home/user/exchange/workspace/install/pal_sea_arm_bringup:/home/user/exchange/workspace/install/pal_pro_gripper_simulation:/home/user/exchange/workspace/install/pal_pro_gripper_bringup:/home/user/exchange/workspace/install/pal_pro_gripper:/home/user/exchange/workspace/install/pal_gazebo_worlds:/home/user/exchange/workspace/install/linkattacher_msgs:/home/user/exchange/workspace/install/pick_task:/home/user/exchange/workspace/install/pal_pro_gripper_wrapper:/opt/ros/humble PYTHONPATH=/home/user/exchange/workspace/install/pal_pro_gripper_wrapper/lib/python3.10/site-packages:/home/user/exchange/workspace/install/pick_task/lib/python3.10/site-packages:/home/user/exchange/workspace/install/tiago_pro_description/local/lib/python3.10/dist-packages:/home/user/exchange/workspace/install/pal_sea_arm_description/local/lib/python3.10/dist-packages:/home/user/exchange/workspace/install/pal_pro_gripper_description/local/lib/python3.10/dist-packages:/home/user/exchange/workspace/install/linkattacher_msgs/local/lib/python3.10/dist-packages:/opt/ros/humble/lib/python3.10/site-packages:/opt/ros/humble/local/lib/python3.10/dist-packages /usr/bin/cmake --install /home/user/exchange/workspace/build/pal_sea_arm_bringup
[1.223s] Level 1:colcon.colcon_core.environment:create_environment_scripts_only(pal_sea_arm_moveit_config)
[1.223s] Level 1:colcon.colcon_core.environment:checking '/home/user/exchange/workspace/install/pal_sea_arm_moveit_config' for CMake module files
[1.224s] DEBUG:colcon.colcon_core.event_handler.log_command:Invoked command in '/home/user/exchange/workspace/build/pal_sea_arm_moveit_config' returned '0': AMENT_PREFIX_PATH=/home/user/exchange/workspace/install/pal_pro_gripper_wrapper:/home/user/exchange/workspace/install/tiago_manipulation_tasks:/home/user/exchange/workspace/install/pick_task:/home/user/exchange/workspace/install/tiago_pro_simulation:/home/user/exchange/workspace/install/tiago_pro_robot:/home/user/exchange/workspace/install/tiago_pro_navigation:/home/user/exchange/workspace/install/tiago_pro_gazebo:/home/user/exchange/workspace/install/tiago_pro_rgbd_sensors:/home/user/exchange/workspace/install/tiago_pro_mujoco:/home/user/exchange/workspace/install/tiago_pro_moveit_config:/home/user/exchange/workspace/install/tiago_pro_laser_sensors:/home/user/exchange/workspace/install/tiago_pro_description:/home/user/exchange/workspace/install/tiago_pro_bringup:/home/user/exchange/workspace/install/tiago_pro_controller_configuration:/home/user/exchange/workspace/install/tiago_pro_2dnav:/home/user/exchange/workspace/install/ros2_linkattacher:/home/user/exchange/workspace/install/pal_sea_arm_moveit_config:/home/user/exchange/workspace/install/pal_sea_arm:/home/user/exchange/workspace/install/pal_sea_arm_bringup:/home/user/exchange/workspace/install/pal_sea_arm_description:/home/user/exchange/workspace/install/pal_sea_arm_controller_configuration:/home/user/exchange/workspace/install/pal_pro_gripper_simulation:/home/user/exchange/workspace/install/pal_pro_gripper_bringup:/home/user/exchange/workspace/install/pal_pro_gripper:/home/user/exchange/workspace/install/pal_pro_gripper_controller_configuration:/home/user/exchange/workspace/install/pal_pro_gripper_description:/home/user/exchange/workspace/install/pal_gazebo_worlds:/home/user/exchange/workspace/install/linkattacher_msgs:/opt/ros/humble CMAKE_PREFIX_PATH=/home/user/exchange/workspace/install/pal_sea_arm_description:/home/user/exchange/workspace/install/pal_sea_arm_controller_configuration:/home/user/exchange/workspace/install/pal_pro_gripper_controller_configuration:/home/user/exchange/workspace/install/pal_pro_gripper_description:/home/user/exchange/workspace/install/tiago_manipulation_tasks:/home/user/exchange/workspace/install/tiago_pro_simulation:/home/user/exchange/workspace/install/tiago_pro_robot:/home/user/exchange/workspace/install/tiago_pro_navigation:/home/user/exchange/workspace/install/tiago_pro_gazebo:/home/user/exchange/workspace/install/tiago_pro_rgbd_sensors:/home/user/exchange/workspace/install/tiago_pro_mujoco:/home/user/exchange/workspace/install/tiago_pro_moveit_config:/home/user/exchange/workspace/install/tiago_pro_laser_sensors:/home/user/exchange/workspace/install/tiago_pro_description:/home/user/exchange/workspace/install/tiago_pro_bringup:/home/user/exchange/workspace/install/tiago_pro_controller_configuration:/home/user/exchange/workspace/install/tiago_pro_2dnav:/home/user/exchange/workspace/install/ros2_linkattacher:/home/user/exchange/workspace/install/pal_sea_arm_moveit_config:/home/user/exchange/workspace/install/pal_sea_arm:/home/user/exchange/workspace/install/pal_sea_arm_bringup:/home/user/exchange/workspace/install/pal_pro_gripper_simulation:/home/user/exchange/workspace/install/pal_pro_gripper_bringup:/home/user/exchange/workspace/install/pal_pro_gripper:/home/user/exchange/workspace/install/pal_gazebo_worlds:/home/user/exchange/workspace/install/linkattacher_msgs:/home/user/exchange/workspace/install/pick_task:/home/user/exchange/workspace/install/pal_pro_gripper_wrapper:/opt/ros/humble PYTHONPATH=/home/user/exchange/workspace/install/pal_pro_gripper_wrapper/lib/python3.10/site-packages:/home/user/exchange/workspace/install/pick_task/lib/python3.10/site-packages:/home/user/exchange/workspace/install/tiago_pro_description/local/lib/python3.10/dist-packages:/home/user/exchange/workspace/install/pal_sea_arm_description/local/lib/python3.10/dist-packages:/home/user/exchange/workspace/install/pal_pro_gripper_description/local/lib/python3.10/dist-packages:/home/user/exchange/workspace/install/linkattacher_msgs/local/lib/python3.10/dist-packages:/opt/ros/humble/lib/python3.10/site-packages:/opt/ros/humble/local/lib/python3.10/dist-packages /usr/bin/cmake --install /home/user/exchange/workspace/build/pal_sea_arm_moveit_config
[1.224s] Level 1:colcon.colcon_core.environment:checking '/home/user/exchange/workspace/install/pal_sea_arm_moveit_config' for CMake config files
[1.224s] Level 1:colcon.colcon_core.shell:create_environment_hook('pal_sea_arm_moveit_config', 'cmake_prefix_path')
[1.225s] INFO:colcon.colcon_core.shell:Creating environment hook '/home/user/exchange/workspace/install/pal_sea_arm_moveit_config/share/pal_sea_arm_moveit_config/hook/cmake_prefix_path.ps1'
[1.225s] INFO:colcon.colcon_core.shell:Creating environment descriptor '/home/user/exchange/workspace/install/pal_sea_arm_moveit_config/share/pal_sea_arm_moveit_config/hook/cmake_prefix_path.dsv'
[1.225s] INFO:colcon.colcon_core.shell:Creating environment hook '/home/user/exchange/workspace/install/pal_sea_arm_moveit_config/share/pal_sea_arm_moveit_config/hook/cmake_prefix_path.sh'
[1.226s] Level 1:colcon.colcon_core.environment:checking '/home/user/exchange/workspace/install/pal_sea_arm_moveit_config/bin'
[1.226s] Level 1:colcon.colcon_core.environment:checking '/home/user/exchange/workspace/install/pal_sea_arm_moveit_config/lib/pkgconfig/pal_sea_arm_moveit_config.pc'
[1.226s] Level 1:colcon.colcon_core.environment:checking '/home/user/exchange/workspace/install/pal_sea_arm_moveit_config/lib/python3.10/site-packages'
[1.226s] Level 1:colcon.colcon_core.environment:checking '/home/user/exchange/workspace/install/pal_sea_arm_moveit_config/bin'
[1.226s] INFO:colcon.colcon_core.shell:Creating package script '/home/user/exchange/workspace/install/pal_sea_arm_moveit_config/share/pal_sea_arm_moveit_config/package.ps1'
[1.226s] INFO:colcon.colcon_core.shell:Creating package descriptor '/home/user/exchange/workspace/install/pal_sea_arm_moveit_config/share/pal_sea_arm_moveit_config/package.dsv'
[1.227s] INFO:colcon.colcon_core.shell:Creating package script '/home/user/exchange/workspace/install/pal_sea_arm_moveit_config/share/pal_sea_arm_moveit_config/package.sh'
[1.227s] INFO:colcon.colcon_core.shell:Creating package script '/home/user/exchange/workspace/install/pal_sea_arm_moveit_config/share/pal_sea_arm_moveit_config/package.bash'
[1.227s] INFO:colcon.colcon_core.shell:Creating package script '/home/user/exchange/workspace/install/pal_sea_arm_moveit_config/share/pal_sea_arm_moveit_config/package.zsh'
[1.227s] Level 1:colcon.colcon_core.environment:create_file_with_runtime_dependencies(/home/user/exchange/workspace/install/pal_sea_arm_moveit_config/share/colcon-core/packages/pal_sea_arm_moveit_config)
[1.228s] Level 1:colcon.colcon_core.environment:create_environment_scripts_only(pal_sea_arm_moveit_config)
[1.228s] Level 1:colcon.colcon_core.environment:checking '/home/user/exchange/workspace/install/pal_sea_arm_moveit_config' for CMake module files
[1.228s] Level 1:colcon.colcon_core.environment:checking '/home/user/exchange/workspace/install/pal_sea_arm_moveit_config' for CMake config files
[1.228s] Level 1:colcon.colcon_core.shell:create_environment_hook('pal_sea_arm_moveit_config', 'cmake_prefix_path')
[1.228s] INFO:colcon.colcon_core.shell:Creating environment hook '/home/user/exchange/workspace/install/pal_sea_arm_moveit_config/share/pal_sea_arm_moveit_config/hook/cmake_prefix_path.ps1'
[1.228s] INFO:colcon.colcon_core.shell:Creating environment descriptor '/home/user/exchange/workspace/install/pal_sea_arm_moveit_config/share/pal_sea_arm_moveit_config/hook/cmake_prefix_path.dsv'
[1.229s] INFO:colcon.colcon_core.shell:Creating environment hook '/home/user/exchange/workspace/install/pal_sea_arm_moveit_config/share/pal_sea_arm_moveit_config/hook/cmake_prefix_path.sh'
[1.229s] Level 1:colcon.colcon_core.environment:checking '/home/user/exchange/workspace/install/pal_sea_arm_moveit_config/bin'
[1.229s] Level 1:colcon.colcon_core.environment:checking '/home/user/exchange/workspace/install/pal_sea_arm_moveit_config/lib/pkgconfig/pal_sea_arm_moveit_config.pc'
[1.229s] Level 1:colcon.colcon_core.environment:checking '/home/user/exchange/workspace/install/pal_sea_arm_moveit_config/lib/python3.10/site-packages'
[1.229s] Level 1:colcon.colcon_core.environment:checking '/home/user/exchange/workspace/install/pal_sea_arm_moveit_config/bin'
[1.230s] INFO:colcon.colcon_core.shell:Creating package script '/home/user/exchange/workspace/install/pal_sea_arm_moveit_config/share/pal_sea_arm_moveit_config/package.ps1'
[1.230s] INFO:colcon.colcon_core.shell:Creating package descriptor '/home/user/exchange/workspace/install/pal_sea_arm_moveit_config/share/pal_sea_arm_moveit_config/package.dsv'
[1.230s] INFO:colcon.colcon_core.shell:Creating package script '/home/user/exchange/workspace/install/pal_sea_arm_moveit_config/share/pal_sea_arm_moveit_config/package.sh'
[1.230s] INFO:colcon.colcon_core.shell:Creating package script '/home/user/exchange/workspace/install/pal_sea_arm_moveit_config/share/pal_sea_arm_moveit_config/package.bash'
[1.231s] INFO:colcon.colcon_core.shell:Creating package script '/home/user/exchange/workspace/install/pal_sea_arm_moveit_config/share/pal_sea_arm_moveit_config/package.zsh'
[1.231s] Level 1:colcon.colcon_core.environment:create_file_with_runtime_dependencies(/home/user/exchange/workspace/install/pal_sea_arm_moveit_config/share/colcon-core/packages/pal_sea_arm_moveit_config)
[1.231s] Level 1:colcon.colcon_core.environment:create_environment_scripts_only(pal_sea_arm_bringup)
[1.231s] Level 1:colcon.colcon_core.environment:checking '/home/user/exchange/workspace/install/pal_sea_arm_bringup' for CMake module files
[1.232s] DEBUG:colcon.colcon_core.event_handler.log_command:Invoked command in '/home/user/exchange/workspace/build/pal_sea_arm_bringup' returned '0': AMENT_PREFIX_PATH=/home/user/exchange/workspace/install/pal_pro_gripper_wrapper:/home/user/exchange/workspace/install/tiago_manipulation_tasks:/home/user/exchange/workspace/install/pick_task:/home/user/exchange/workspace/install/tiago_pro_simulation:/home/user/exchange/workspace/install/tiago_pro_robot:/home/user/exchange/workspace/install/tiago_pro_navigation:/home/user/exchange/workspace/install/tiago_pro_gazebo:/home/user/exchange/workspace/install/tiago_pro_rgbd_sensors:/home/user/exchange/workspace/install/tiago_pro_mujoco:/home/user/exchange/workspace/install/tiago_pro_moveit_config:/home/user/exchange/workspace/install/tiago_pro_laser_sensors:/home/user/exchange/workspace/install/tiago_pro_description:/home/user/exchange/workspace/install/tiago_pro_bringup:/home/user/exchange/workspace/install/tiago_pro_controller_configuration:/home/user/exchange/workspace/install/tiago_pro_2dnav:/home/user/exchange/workspace/install/ros2_linkattacher:/home/user/exchange/workspace/install/pal_sea_arm_moveit_config:/home/user/exchange/workspace/install/pal_sea_arm:/home/user/exchange/workspace/install/pal_sea_arm_bringup:/home/user/exchange/workspace/install/pal_sea_arm_description:/home/user/exchange/workspace/install/pal_sea_arm_controller_configuration:/home/user/exchange/workspace/install/pal_pro_gripper_simulation:/home/user/exchange/workspace/install/pal_pro_gripper_bringup:/home/user/exchange/workspace/install/pal_pro_gripper:/home/user/exchange/workspace/install/pal_pro_gripper_controller_configuration:/home/user/exchange/workspace/install/pal_pro_gripper_description:/home/user/exchange/workspace/install/pal_gazebo_worlds:/home/user/exchange/workspace/install/linkattacher_msgs:/opt/ros/humble CMAKE_PREFIX_PATH=/home/user/exchange/workspace/install/pal_sea_arm_description:/home/user/exchange/workspace/install/pal_sea_arm_controller_configuration:/home/user/exchange/workspace/install/pal_pro_gripper_controller_configuration:/home/user/exchange/workspace/install/pal_pro_gripper_description:/home/user/exchange/workspace/install/tiago_manipulation_tasks:/home/user/exchange/workspace/install/tiago_pro_simulation:/home/user/exchange/workspace/install/tiago_pro_robot:/home/user/exchange/workspace/install/tiago_pro_navigation:/home/user/exchange/workspace/install/tiago_pro_gazebo:/home/user/exchange/workspace/install/tiago_pro_rgbd_sensors:/home/user/exchange/workspace/install/tiago_pro_mujoco:/home/user/exchange/workspace/install/tiago_pro_moveit_config:/home/user/exchange/workspace/install/tiago_pro_laser_sensors:/home/user/exchange/workspace/install/tiago_pro_description:/home/user/exchange/workspace/install/tiago_pro_bringup:/home/user/exchange/workspace/install/tiago_pro_controller_configuration:/home/user/exchange/workspace/install/tiago_pro_2dnav:/home/user/exchange/workspace/install/ros2_linkattacher:/home/user/exchange/workspace/install/pal_sea_arm_moveit_config:/home/user/exchange/workspace/install/pal_sea_arm:/home/user/exchange/workspace/install/pal_sea_arm_bringup:/home/user/exchange/workspace/install/pal_pro_gripper_simulation:/home/user/exchange/workspace/install/pal_pro_gripper_bringup:/home/user/exchange/workspace/install/pal_pro_gripper:/home/user/exchange/workspace/install/pal_gazebo_worlds:/home/user/exchange/workspace/install/linkattacher_msgs:/home/user/exchange/workspace/install/pick_task:/home/user/exchange/workspace/install/pal_pro_gripper_wrapper:/opt/ros/humble PYTHONPATH=/home/user/exchange/workspace/install/pal_pro_gripper_wrapper/lib/python3.10/site-packages:/home/user/exchange/workspace/install/pick_task/lib/python3.10/site-packages:/home/user/exchange/workspace/install/tiago_pro_description/local/lib/python3.10/dist-packages:/home/user/exchange/workspace/install/pal_sea_arm_description/local/lib/python3.10/dist-packages:/home/user/exchange/workspace/install/pal_pro_gripper_description/local/lib/python3.10/dist-packages:/home/user/exchange/workspace/install/linkattacher_msgs/local/lib/python3.10/dist-packages:/opt/ros/humble/lib/python3.10/site-packages:/opt/ros/humble/local/lib/python3.10/dist-packages /usr/bin/cmake --install /home/user/exchange/workspace/build/pal_sea_arm_bringup
[1.232s] Level 1:colcon.colcon_core.environment:checking '/home/user/exchange/workspace/install/pal_sea_arm_bringup' for CMake config files
[1.232s] Level 1:colcon.colcon_core.shell:create_environment_hook('pal_sea_arm_bringup', 'cmake_prefix_path')
[1.232s] INFO:colcon.colcon_core.shell:Creating environment hook '/home/user/exchange/workspace/install/pal_sea_arm_bringup/share/pal_sea_arm_bringup/hook/cmake_prefix_path.ps1'
[1.232s] INFO:colcon.colcon_core.shell:Creating environment descriptor '/home/user/exchange/workspace/install/pal_sea_arm_bringup/share/pal_sea_arm_bringup/hook/cmake_prefix_path.dsv'
[1.233s] INFO:colcon.colcon_core.shell:Creating environment hook '/home/user/exchange/workspace/install/pal_sea_arm_bringup/share/pal_sea_arm_bringup/hook/cmake_prefix_path.sh'
[1.233s] Level 1:colcon.colcon_core.environment:checking '/home/user/exchange/workspace/install/pal_sea_arm_bringup/lib'
[1.233s] Level 1:colcon.colcon_core.environment:checking '/home/user/exchange/workspace/install/pal_sea_arm_bringup/bin'
[1.233s] Level 1:colcon.colcon_core.environment:checking '/home/user/exchange/workspace/install/pal_sea_arm_bringup/lib/pkgconfig/pal_sea_arm_bringup.pc'
[1.233s] Level 1:colcon.colcon_core.environment:checking '/home/user/exchange/workspace/install/pal_sea_arm_bringup/lib/python3.10/site-packages'
[1.233s] Level 1:colcon.colcon_core.environment:checking '/home/user/exchange/workspace/install/pal_sea_arm_bringup/bin'
[1.234s] INFO:colcon.colcon_core.shell:Creating package script '/home/user/exchange/workspace/install/pal_sea_arm_bringup/share/pal_sea_arm_bringup/package.ps1'
[1.234s] INFO:colcon.colcon_core.shell:Creating package descriptor '/home/user/exchange/workspace/install/pal_sea_arm_bringup/share/pal_sea_arm_bringup/package.dsv'
[1.234s] INFO:colcon.colcon_core.shell:Creating package script '/home/user/exchange/workspace/install/pal_sea_arm_bringup/share/pal_sea_arm_bringup/package.sh'
[1.234s] INFO:colcon.colcon_core.shell:Creating package script '/home/user/exchange/workspace/install/pal_sea_arm_bringup/share/pal_sea_arm_bringup/package.bash'
[1.235s] INFO:colcon.colcon_core.shell:Creating package script '/home/user/exchange/workspace/install/pal_sea_arm_bringup/share/pal_sea_arm_bringup/package.zsh'
[1.235s] Level 1:colcon.colcon_core.environment:create_file_with_runtime_dependencies(/home/user/exchange/workspace/install/pal_sea_arm_bringup/share/colcon-core/packages/pal_sea_arm_bringup)
[1.235s] Level 1:colcon.colcon_core.environment:create_environment_scripts_only(pal_sea_arm_bringup)
[1.236s] Level 1:colcon.colcon_core.environment:checking '/home/user/exchange/workspace/install/pal_sea_arm_bringup' for CMake module files
[1.236s] Level 1:colcon.colcon_core.environment:checking '/home/user/exchange/workspace/install/pal_sea_arm_bringup' for CMake config files
[1.236s] Level 1:colcon.colcon_core.shell:create_environment_hook('pal_sea_arm_bringup', 'cmake_prefix_path')
[1.236s] INFO:colcon.colcon_core.shell:Creating environment hook '/home/user/exchange/workspace/install/pal_sea_arm_bringup/share/pal_sea_arm_bringup/hook/cmake_prefix_path.ps1'
[1.236s] INFO:colcon.colcon_core.shell:Creating environment descriptor '/home/user/exchange/workspace/install/pal_sea_arm_bringup/share/pal_sea_arm_bringup/hook/cmake_prefix_path.dsv'
[1.236s] INFO:colcon.colcon_core.shell:Creating environment hook '/home/user/exchange/workspace/install/pal_sea_arm_bringup/share/pal_sea_arm_bringup/hook/cmake_prefix_path.sh'
[1.237s] Level 1:colcon.colcon_core.environment:checking '/home/user/exchange/workspace/install/pal_sea_arm_bringup/lib'
[1.237s] Level 1:colcon.colcon_core.environment:checking '/home/user/exchange/workspace/install/pal_sea_arm_bringup/bin'
[1.237s] Level 1:colcon.colcon_core.environment:checking '/home/user/exchange/workspace/install/pal_sea_arm_bringup/lib/pkgconfig/pal_sea_arm_bringup.pc'
[1.237s] Level 1:colcon.colcon_core.environment:checking '/home/user/exchange/workspace/install/pal_sea_arm_bringup/lib/python3.10/site-packages'
[1.237s] Level 1:colcon.colcon_core.environment:checking '/home/user/exchange/workspace/install/pal_sea_arm_bringup/bin'
[1.237s] INFO:colcon.colcon_core.shell:Creating package script '/home/user/exchange/workspace/install/pal_sea_arm_bringup/share/pal_sea_arm_bringup/package.ps1'
[1.238s] INFO:colcon.colcon_core.shell:Creating package descriptor '/home/user/exchange/workspace/install/pal_sea_arm_bringup/share/pal_sea_arm_bringup/package.dsv'
[1.238s] INFO:colcon.colcon_core.shell:Creating package script '/home/user/exchange/workspace/install/pal_sea_arm_bringup/share/pal_sea_arm_bringup/package.sh'
[1.238s] INFO:colcon.colcon_core.shell:Creating package script '/home/user/exchange/workspace/install/pal_sea_arm_bringup/share/pal_sea_arm_bringup/package.bash'
[1.238s] INFO:colcon.colcon_core.shell:Creating package script '/home/user/exchange/workspace/install/pal_sea_arm_bringup/share/pal_sea_arm_bringup/package.zsh'
[1.239s] Level 1:colcon.colcon_core.environment:create_file_with_runtime_dependencies(/home/user/exchange/workspace/install/pal_sea_arm_bringup/share/colcon-core/packages/pal_sea_arm_bringup)
[1.239s] INFO:colcon.colcon_ros.task.ament_cmake.build:Building ROS package in '/home/user/exchange/workspace/src/pal_sea_arm/pal_sea_arm' with build type 'ament_cmake'
[1.239s] INFO:colcon.colcon_cmake.task.cmake.build:Building CMake package in '/home/user/exchange/workspace/src/pal_sea_arm/pal_sea_arm'
[1.239s] INFO:colcon.colcon_core.shell:Skip shell extension 'powershell' for command environment: Not usable outside of PowerShell
[1.239s] DEBUG:colcon.colcon_core.shell:Skip shell extension 'dsv' for command environment
[1.247s] DEBUG:colcon.colcon_core.event_handler.log_command:Invoking command in '/home/user/exchange/workspace/build/pal_sea_arm': AMENT_PREFIX_PATH=/home/user/exchange/workspace/install/pal_pro_gripper_wrapper:/home/user/exchange/workspace/install/tiago_manipulation_tasks:/home/user/exchange/workspace/install/pick_task:/home/user/exchange/workspace/install/tiago_pro_simulation:/home/user/exchange/workspace/install/tiago_pro_robot:/home/user/exchange/workspace/install/tiago_pro_navigation:/home/user/exchange/workspace/install/tiago_pro_gazebo:/home/user/exchange/workspace/install/tiago_pro_rgbd_sensors:/home/user/exchange/workspace/install/tiago_pro_mujoco:/home/user/exchange/workspace/install/tiago_pro_moveit_config:/home/user/exchange/workspace/install/tiago_pro_laser_sensors:/home/user/exchange/workspace/install/tiago_pro_description:/home/user/exchange/workspace/install/tiago_pro_bringup:/home/user/exchange/workspace/install/tiago_pro_controller_configuration:/home/user/exchange/workspace/install/tiago_pro_2dnav:/home/user/exchange/workspace/install/ros2_linkattacher:/home/user/exchange/workspace/install/pal_sea_arm_moveit_config:/home/user/exchange/workspace/install/pal_sea_arm:/home/user/exchange/workspace/install/pal_sea_arm_bringup:/home/user/exchange/workspace/install/pal_sea_arm_description:/home/user/exchange/workspace/install/pal_sea_arm_controller_configuration:/home/user/exchange/workspace/install/pal_pro_gripper_simulation:/home/user/exchange/workspace/install/pal_pro_gripper_bringup:/home/user/exchange/workspace/install/pal_pro_gripper:/home/user/exchange/workspace/install/pal_pro_gripper_controller_configuration:/home/user/exchange/workspace/install/pal_pro_gripper_description:/home/user/exchange/workspace/install/pal_gazebo_worlds:/home/user/exchange/workspace/install/linkattacher_msgs:/opt/ros/humble CMAKE_PREFIX_PATH=/home/user/exchange/workspace/install/pal_sea_arm_bringup:/home/user/exchange/workspace/install/pal_sea_arm_description:/home/user/exchange/workspace/install/pal_sea_arm_controller_configuration:/home/user/exchange/workspace/install/pal_pro_gripper_controller_configuration:/home/user/exchange/workspace/install/pal_pro_gripper_description:/home/user/exchange/workspace/install/tiago_manipulation_tasks:/home/user/exchange/workspace/install/tiago_pro_simulation:/home/user/exchange/workspace/install/tiago_pro_robot:/home/user/exchange/workspace/install/tiago_pro_navigation:/home/user/exchange/workspace/install/tiago_pro_gazebo:/home/user/exchange/workspace/install/tiago_pro_rgbd_sensors:/home/user/exchange/workspace/install/tiago_pro_mujoco:/home/user/exchange/workspace/install/tiago_pro_moveit_config:/home/user/exchange/workspace/install/tiago_pro_laser_sensors:/home/user/exchange/workspace/install/tiago_pro_description:/home/user/exchange/workspace/install/tiago_pro_bringup:/home/user/exchange/workspace/install/tiago_pro_controller_configuration:/home/user/exchange/workspace/install/tiago_pro_2dnav:/home/user/exchange/workspace/install/ros2_linkattacher:/home/user/exchange/workspace/install/pal_sea_arm_moveit_config:/home/user/exchange/workspace/install/pal_sea_arm:/home/user/exchange/workspace/install/pal_pro_gripper_simulation:/home/user/exchange/workspace/install/pal_pro_gripper_bringup:/home/user/exchange/workspace/install/pal_pro_gripper:/home/user/exchange/workspace/install/pal_gazebo_worlds:/home/user/exchange/workspace/install/linkattacher_msgs:/home/user/exchange/workspace/install/pick_task:/home/user/exchange/workspace/install/pal_pro_gripper_wrapper:/opt/ros/humble PYTHONPATH=/home/user/exchange/workspace/install/pal_pro_gripper_wrapper/lib/python3.10/site-packages:/home/user/exchange/workspace/install/pick_task/lib/python3.10/site-packages:/home/user/exchange/workspace/install/tiago_pro_description/local/lib/python3.10/dist-packages:/home/user/exchange/workspace/install/pal_sea_arm_description/local/lib/python3.10/dist-packages:/home/user/exchange/workspace/install/pal_pro_gripper_description/local/lib/python3.10/dist-packages:/home/user/exchange/workspace/install/linkattacher_msgs/local/lib/python3.10/dist-packages:/opt/ros/humble/lib/python3.10/site-packages:/opt/ros/humble/local/lib/python3.10/dist-packages /usr/bin/cmake --build /home/user/exchange/workspace/build/pal_sea_arm -- -j12 -l12
[1.268s] DEBUG:colcon.colcon_core.event_handler.log_command:Invoked command in '/home/user/exchange/workspace/build/pal_sea_arm' returned '0': AMENT_PREFIX_PATH=/home/user/exchange/workspace/install/pal_pro_gripper_wrapper:/home/user/exchange/workspace/install/tiago_manipulation_tasks:/home/user/exchange/workspace/install/pick_task:/home/user/exchange/workspace/install/tiago_pro_simulation:/home/user/exchange/workspace/install/tiago_pro_robot:/home/user/exchange/workspace/install/tiago_pro_navigation:/home/user/exchange/workspace/install/tiago_pro_gazebo:/home/user/exchange/workspace/install/tiago_pro_rgbd_sensors:/home/user/exchange/workspace/install/tiago_pro_mujoco:/home/user/exchange/workspace/install/tiago_pro_moveit_config:/home/user/exchange/workspace/install/tiago_pro_laser_sensors:/home/user/exchange/workspace/install/tiago_pro_description:/home/user/exchange/workspace/install/tiago_pro_bringup:/home/user/exchange/workspace/install/tiago_pro_controller_configuration:/home/user/exchange/workspace/install/tiago_pro_2dnav:/home/user/exchange/workspace/install/ros2_linkattacher:/home/user/exchange/workspace/install/pal_sea_arm_moveit_config:/home/user/exchange/workspace/install/pal_sea_arm:/home/user/exchange/workspace/install/pal_sea_arm_bringup:/home/user/exchange/workspace/install/pal_sea_arm_description:/home/user/exchange/workspace/install/pal_sea_arm_controller_configuration:/home/user/exchange/workspace/install/pal_pro_gripper_simulation:/home/user/exchange/workspace/install/pal_pro_gripper_bringup:/home/user/exchange/workspace/install/pal_pro_gripper:/home/user/exchange/workspace/install/pal_pro_gripper_controller_configuration:/home/user/exchange/workspace/install/pal_pro_gripper_description:/home/user/exchange/workspace/install/pal_gazebo_worlds:/home/user/exchange/workspace/install/linkattacher_msgs:/opt/ros/humble CMAKE_PREFIX_PATH=/home/user/exchange/workspace/install/pal_sea_arm_bringup:/home/user/exchange/workspace/install/pal_sea_arm_description:/home/user/exchange/workspace/install/pal_sea_arm_controller_configuration:/home/user/exchange/workspace/install/pal_pro_gripper_controller_configuration:/home/user/exchange/workspace/install/pal_pro_gripper_description:/home/user/exchange/workspace/install/tiago_manipulation_tasks:/home/user/exchange/workspace/install/tiago_pro_simulation:/home/user/exchange/workspace/install/tiago_pro_robot:/home/user/exchange/workspace/install/tiago_pro_navigation:/home/user/exchange/workspace/install/tiago_pro_gazebo:/home/user/exchange/workspace/install/tiago_pro_rgbd_sensors:/home/user/exchange/workspace/install/tiago_pro_mujoco:/home/user/exchange/workspace/install/tiago_pro_moveit_config:/home/user/exchange/workspace/install/tiago_pro_laser_sensors:/home/user/exchange/workspace/install/tiago_pro_description:/home/user/exchange/workspace/install/tiago_pro_bringup:/home/user/exchange/workspace/install/tiago_pro_controller_configuration:/home/user/exchange/workspace/install/tiago_pro_2dnav:/home/user/exchange/workspace/install/ros2_linkattacher:/home/user/exchange/workspace/install/pal_sea_arm_moveit_config:/home/user/exchange/workspace/install/pal_sea_arm:/home/user/exchange/workspace/install/pal_pro_gripper_simulation:/home/user/exchange/workspace/install/pal_pro_gripper_bringup:/home/user/exchange/workspace/install/pal_pro_gripper:/home/user/exchange/workspace/install/pal_gazebo_worlds:/home/user/exchange/workspace/install/linkattacher_msgs:/home/user/exchange/workspace/install/pick_task:/home/user/exchange/workspace/install/pal_pro_gripper_wrapper:/opt/ros/humble PYTHONPATH=/home/user/exchange/workspace/install/pal_pro_gripper_wrapper/lib/python3.10/site-packages:/home/user/exchange/workspace/install/pick_task/lib/python3.10/site-packages:/home/user/exchange/workspace/install/tiago_pro_description/local/lib/python3.10/dist-packages:/home/user/exchange/workspace/install/pal_sea_arm_description/local/lib/python3.10/dist-packages:/home/user/exchange/workspace/install/pal_pro_gripper_description/local/lib/python3.10/dist-packages:/home/user/exchange/workspace/install/linkattacher_msgs/local/lib/python3.10/dist-packages:/opt/ros/humble/lib/python3.10/site-packages:/opt/ros/humble/local/lib/python3.10/dist-packages /usr/bin/cmake --build /home/user/exchange/workspace/build/pal_sea_arm -- -j12 -l12
[1.269s] DEBUG:colcon.colcon_core.event_handler.log_command:Invoking command in '/home/user/exchange/workspace/build/pal_sea_arm': AMENT_PREFIX_PATH=/home/user/exchange/workspace/install/pal_pro_gripper_wrapper:/home/user/exchange/workspace/install/tiago_manipulation_tasks:/home/user/exchange/workspace/install/pick_task:/home/user/exchange/workspace/install/tiago_pro_simulation:/home/user/exchange/workspace/install/tiago_pro_robot:/home/user/exchange/workspace/install/tiago_pro_navigation:/home/user/exchange/workspace/install/tiago_pro_gazebo:/home/user/exchange/workspace/install/tiago_pro_rgbd_sensors:/home/user/exchange/workspace/install/tiago_pro_mujoco:/home/user/exchange/workspace/install/tiago_pro_moveit_config:/home/user/exchange/workspace/install/tiago_pro_laser_sensors:/home/user/exchange/workspace/install/tiago_pro_description:/home/user/exchange/workspace/install/tiago_pro_bringup:/home/user/exchange/workspace/install/tiago_pro_controller_configuration:/home/user/exchange/workspace/install/tiago_pro_2dnav:/home/user/exchange/workspace/install/ros2_linkattacher:/home/user/exchange/workspace/install/pal_sea_arm_moveit_config:/home/user/exchange/workspace/install/pal_sea_arm:/home/user/exchange/workspace/install/pal_sea_arm_bringup:/home/user/exchange/workspace/install/pal_sea_arm_description:/home/user/exchange/workspace/install/pal_sea_arm_controller_configuration:/home/user/exchange/workspace/install/pal_pro_gripper_simulation:/home/user/exchange/workspace/install/pal_pro_gripper_bringup:/home/user/exchange/workspace/install/pal_pro_gripper:/home/user/exchange/workspace/install/pal_pro_gripper_controller_configuration:/home/user/exchange/workspace/install/pal_pro_gripper_description:/home/user/exchange/workspace/install/pal_gazebo_worlds:/home/user/exchange/workspace/install/linkattacher_msgs:/opt/ros/humble CMAKE_PREFIX_PATH=/home/user/exchange/workspace/install/pal_sea_arm_bringup:/home/user/exchange/workspace/install/pal_sea_arm_description:/home/user/exchange/workspace/install/pal_sea_arm_controller_configuration:/home/user/exchange/workspace/install/pal_pro_gripper_controller_configuration:/home/user/exchange/workspace/install/pal_pro_gripper_description:/home/user/exchange/workspace/install/tiago_manipulation_tasks:/home/user/exchange/workspace/install/tiago_pro_simulation:/home/user/exchange/workspace/install/tiago_pro_robot:/home/user/exchange/workspace/install/tiago_pro_navigation:/home/user/exchange/workspace/install/tiago_pro_gazebo:/home/user/exchange/workspace/install/tiago_pro_rgbd_sensors:/home/user/exchange/workspace/install/tiago_pro_mujoco:/home/user/exchange/workspace/install/tiago_pro_moveit_config:/home/user/exchange/workspace/install/tiago_pro_laser_sensors:/home/user/exchange/workspace/install/tiago_pro_description:/home/user/exchange/workspace/install/tiago_pro_bringup:/home/user/exchange/workspace/install/tiago_pro_controller_configuration:/home/user/exchange/workspace/install/tiago_pro_2dnav:/home/user/exchange/workspace/install/ros2_linkattacher:/home/user/exchange/workspace/install/pal_sea_arm_moveit_config:/home/user/exchange/workspace/install/pal_sea_arm:/home/user/exchange/workspace/install/pal_pro_gripper_simulation:/home/user/exchange/workspace/install/pal_pro_gripper_bringup:/home/user/exchange/workspace/install/pal_pro_gripper:/home/user/exchange/workspace/install/pal_gazebo_worlds:/home/user/exchange/workspace/install/linkattacher_msgs:/home/user/exchange/workspace/install/pick_task:/home/user/exchange/workspace/install/pal_pro_gripper_wrapper:/opt/ros/humble PYTHONPATH=/home/user/exchange/workspace/install/pal_pro_gripper_wrapper/lib/python3.10/site-packages:/home/user/exchange/workspace/install/pick_task/lib/python3.10/site-packages:/home/user/exchange/workspace/install/tiago_pro_description/local/lib/python3.10/dist-packages:/home/user/exchange/workspace/install/pal_sea_arm_description/local/lib/python3.10/dist-packages:/home/user/exchange/workspace/install/pal_pro_gripper_description/local/lib/python3.10/dist-packages:/home/user/exchange/workspace/install/linkattacher_msgs/local/lib/python3.10/dist-packages:/opt/ros/humble/lib/python3.10/site-packages:/opt/ros/humble/local/lib/python3.10/dist-packages /usr/bin/cmake --install /home/user/exchange/workspace/build/pal_sea_arm
[1.275s] Level 1:colcon.colcon_core.environment:create_environment_scripts_only(pal_sea_arm)
[1.275s] Level 1:colcon.colcon_core.environment:checking '/home/user/exchange/workspace/install/pal_sea_arm' for CMake module files
[1.275s] DEBUG:colcon.colcon_core.event_handler.log_command:Invoked command in '/home/user/exchange/workspace/build/pal_sea_arm' returned '0': AMENT_PREFIX_PATH=/home/user/exchange/workspace/install/pal_pro_gripper_wrapper:/home/user/exchange/workspace/install/tiago_manipulation_tasks:/home/user/exchange/workspace/install/pick_task:/home/user/exchange/workspace/install/tiago_pro_simulation:/home/user/exchange/workspace/install/tiago_pro_robot:/home/user/exchange/workspace/install/tiago_pro_navigation:/home/user/exchange/workspace/install/tiago_pro_gazebo:/home/user/exchange/workspace/install/tiago_pro_rgbd_sensors:/home/user/exchange/workspace/install/tiago_pro_mujoco:/home/user/exchange/workspace/install/tiago_pro_moveit_config:/home/user/exchange/workspace/install/tiago_pro_laser_sensors:/home/user/exchange/workspace/install/tiago_pro_description:/home/user/exchange/workspace/install/tiago_pro_bringup:/home/user/exchange/workspace/install/tiago_pro_controller_configuration:/home/user/exchange/workspace/install/tiago_pro_2dnav:/home/user/exchange/workspace/install/ros2_linkattacher:/home/user/exchange/workspace/install/pal_sea_arm_moveit_config:/home/user/exchange/workspace/install/pal_sea_arm:/home/user/exchange/workspace/install/pal_sea_arm_bringup:/home/user/exchange/workspace/install/pal_sea_arm_description:/home/user/exchange/workspace/install/pal_sea_arm_controller_configuration:/home/user/exchange/workspace/install/pal_pro_gripper_simulation:/home/user/exchange/workspace/install/pal_pro_gripper_bringup:/home/user/exchange/workspace/install/pal_pro_gripper:/home/user/exchange/workspace/install/pal_pro_gripper_controller_configuration:/home/user/exchange/workspace/install/pal_pro_gripper_description:/home/user/exchange/workspace/install/pal_gazebo_worlds:/home/user/exchange/workspace/install/linkattacher_msgs:/opt/ros/humble CMAKE_PREFIX_PATH=/home/user/exchange/workspace/install/pal_sea_arm_bringup:/home/user/exchange/workspace/install/pal_sea_arm_description:/home/user/exchange/workspace/install/pal_sea_arm_controller_configuration:/home/user/exchange/workspace/install/pal_pro_gripper_controller_configuration:/home/user/exchange/workspace/install/pal_pro_gripper_description:/home/user/exchange/workspace/install/tiago_manipulation_tasks:/home/user/exchange/workspace/install/tiago_pro_simulation:/home/user/exchange/workspace/install/tiago_pro_robot:/home/user/exchange/workspace/install/tiago_pro_navigation:/home/user/exchange/workspace/install/tiago_pro_gazebo:/home/user/exchange/workspace/install/tiago_pro_rgbd_sensors:/home/user/exchange/workspace/install/tiago_pro_mujoco:/home/user/exchange/workspace/install/tiago_pro_moveit_config:/home/user/exchange/workspace/install/tiago_pro_laser_sensors:/home/user/exchange/workspace/install/tiago_pro_description:/home/user/exchange/workspace/install/tiago_pro_bringup:/home/user/exchange/workspace/install/tiago_pro_controller_configuration:/home/user/exchange/workspace/install/tiago_pro_2dnav:/home/user/exchange/workspace/install/ros2_linkattacher:/home/user/exchange/workspace/install/pal_sea_arm_moveit_config:/home/user/exchange/workspace/install/pal_sea_arm:/home/user/exchange/workspace/install/pal_pro_gripper_simulation:/home/user/exchange/workspace/install/pal_pro_gripper_bringup:/home/user/exchange/workspace/install/pal_pro_gripper:/home/user/exchange/workspace/install/pal_gazebo_worlds:/home/user/exchange/workspace/install/linkattacher_msgs:/home/user/exchange/workspace/install/pick_task:/home/user/exchange/workspace/install/pal_pro_gripper_wrapper:/opt/ros/humble PYTHONPATH=/home/user/exchange/workspace/install/pal_pro_gripper_wrapper/lib/python3.10/site-packages:/home/user/exchange/workspace/install/pick_task/lib/python3.10/site-packages:/home/user/exchange/workspace/install/tiago_pro_description/local/lib/python3.10/dist-packages:/home/user/exchange/workspace/install/pal_sea_arm_description/local/lib/python3.10/dist-packages:/home/user/exchange/workspace/install/pal_pro_gripper_description/local/lib/python3.10/dist-packages:/home/user/exchange/workspace/install/linkattacher_msgs/local/lib/python3.10/dist-packages:/opt/ros/humble/lib/python3.10/site-packages:/opt/ros/humble/local/lib/python3.10/dist-packages /usr/bin/cmake --install /home/user/exchange/workspace/build/pal_sea_arm
[1.275s] Level 1:colcon.colcon_core.environment:checking '/home/user/exchange/workspace/install/pal_sea_arm' for CMake config files
[1.275s] Level 1:colcon.colcon_core.shell:create_environment_hook('pal_sea_arm', 'cmake_prefix_path')
[1.275s] INFO:colcon.colcon_core.shell:Creating environment hook '/home/user/exchange/workspace/install/pal_sea_arm/share/pal_sea_arm/hook/cmake_prefix_path.ps1'
[1.276s] INFO:colcon.colcon_core.shell:Creating environment descriptor '/home/user/exchange/workspace/install/pal_sea_arm/share/pal_sea_arm/hook/cmake_prefix_path.dsv'
[1.276s] INFO:colcon.colcon_core.shell:Creating environment hook '/home/user/exchange/workspace/install/pal_sea_arm/share/pal_sea_arm/hook/cmake_prefix_path.sh'
[1.276s] Level 1:colcon.colcon_core.environment:checking '/home/user/exchange/workspace/install/pal_sea_arm/bin'
[1.276s] Level 1:colcon.colcon_core.environment:checking '/home/user/exchange/workspace/install/pal_sea_arm/lib/pkgconfig/pal_sea_arm.pc'
[1.276s] Level 1:colcon.colcon_core.environment:checking '/home/user/exchange/workspace/install/pal_sea_arm/lib/python3.10/site-packages'
[1.277s] Level 1:colcon.colcon_core.environment:checking '/home/user/exchange/workspace/install/pal_sea_arm/bin'
[1.277s] INFO:colcon.colcon_core.shell:Creating package script '/home/user/exchange/workspace/install/pal_sea_arm/share/pal_sea_arm/package.ps1'
[1.277s] INFO:colcon.colcon_core.shell:Creating package descriptor '/home/user/exchange/workspace/install/pal_sea_arm/share/pal_sea_arm/package.dsv'
[1.277s] INFO:colcon.colcon_core.shell:Creating package script '/home/user/exchange/workspace/install/pal_sea_arm/share/pal_sea_arm/package.sh'
[1.278s] INFO:colcon.colcon_core.shell:Creating package script '/home/user/exchange/workspace/install/pal_sea_arm/share/pal_sea_arm/package.bash'
[1.278s] INFO:colcon.colcon_core.shell:Creating package script '/home/user/exchange/workspace/install/pal_sea_arm/share/pal_sea_arm/package.zsh'
[1.278s] Level 1:colcon.colcon_core.environment:create_file_with_runtime_dependencies(/home/user/exchange/workspace/install/pal_sea_arm/share/colcon-core/packages/pal_sea_arm)
[1.278s] Level 1:colcon.colcon_core.environment:create_environment_scripts_only(pal_sea_arm)
[1.278s] Level 1:colcon.colcon_core.environment:checking '/home/user/exchange/workspace/install/pal_sea_arm' for CMake module files
[1.279s] Level 1:colcon.colcon_core.environment:checking '/home/user/exchange/workspace/install/pal_sea_arm' for CMake config files
[1.279s] Level 1:colcon.colcon_core.shell:create_environment_hook('pal_sea_arm', 'cmake_prefix_path')
[1.279s] INFO:colcon.colcon_core.shell:Creating environment hook '/home/user/exchange/workspace/install/pal_sea_arm/share/pal_sea_arm/hook/cmake_prefix_path.ps1'
[1.279s] INFO:colcon.colcon_core.shell:Creating environment descriptor '/home/user/exchange/workspace/install/pal_sea_arm/share/pal_sea_arm/hook/cmake_prefix_path.dsv'
[1.279s] INFO:colcon.colcon_core.shell:Creating environment hook '/home/user/exchange/workspace/install/pal_sea_arm/share/pal_sea_arm/hook/cmake_prefix_path.sh'
[1.279s] Level 1:colcon.colcon_core.environment:checking '/home/user/exchange/workspace/install/pal_sea_arm/bin'
[1.280s] Level 1:colcon.colcon_core.environment:checking '/home/user/exchange/workspace/install/pal_sea_arm/lib/pkgconfig/pal_sea_arm.pc'
[1.280s] Level 1:colcon.colcon_core.environment:checking '/home/user/exchange/workspace/install/pal_sea_arm/lib/python3.10/site-packages'
[1.280s] Level 1:colcon.colcon_core.environment:checking '/home/user/exchange/workspace/install/pal_sea_arm/bin'
[1.280s] INFO:colcon.colcon_core.shell:Creating package script '/home/user/exchange/workspace/install/pal_sea_arm/share/pal_sea_arm/package.ps1'
[1.280s] INFO:colcon.colcon_core.shell:Creating package descriptor '/home/user/exchange/workspace/install/pal_sea_arm/share/pal_sea_arm/package.dsv'
[1.281s] INFO:colcon.colcon_core.shell:Creating package script '/home/user/exchange/workspace/install/pal_sea_arm/share/pal_sea_arm/package.sh'
[1.281s] INFO:colcon.colcon_core.shell:Creating package script '/home/user/exchange/workspace/install/pal_sea_arm/share/pal_sea_arm/package.bash'
[1.281s] INFO:colcon.colcon_core.shell:Creating package script '/home/user/exchange/workspace/install/pal_sea_arm/share/pal_sea_arm/package.zsh'
[1.281s] Level 1:colcon.colcon_core.environment:create_file_with_runtime_dependencies(/home/user/exchange/workspace/install/pal_sea_arm/share/colcon-core/packages/pal_sea_arm)
[1.380s] DEBUG:colcon.colcon_core.event_handler.log_command:Invoked command in '/home/user/exchange/workspace/build/tiago_pro_description' returned '0': AMENT_PREFIX_PATH=/home/user/exchange/workspace/install/pal_pro_gripper_wrapper:/home/user/exchange/workspace/install/tiago_manipulation_tasks:/home/user/exchange/workspace/install/pick_task:/home/user/exchange/workspace/install/tiago_pro_simulation:/home/user/exchange/workspace/install/tiago_pro_robot:/home/user/exchange/workspace/install/tiago_pro_navigation:/home/user/exchange/workspace/install/tiago_pro_gazebo:/home/user/exchange/workspace/install/tiago_pro_rgbd_sensors:/home/user/exchange/workspace/install/tiago_pro_mujoco:/home/user/exchange/workspace/install/tiago_pro_moveit_config:/home/user/exchange/workspace/install/tiago_pro_laser_sensors:/home/user/exchange/workspace/install/tiago_pro_description:/home/user/exchange/workspace/install/tiago_pro_bringup:/home/user/exchange/workspace/install/tiago_pro_controller_configuration:/home/user/exchange/workspace/install/tiago_pro_2dnav:/home/user/exchange/workspace/install/ros2_linkattacher:/home/user/exchange/workspace/install/pal_sea_arm_moveit_config:/home/user/exchange/workspace/install/pal_sea_arm:/home/user/exchange/workspace/install/pal_sea_arm_bringup:/home/user/exchange/workspace/install/pal_sea_arm_description:/home/user/exchange/workspace/install/pal_sea_arm_controller_configuration:/home/user/exchange/workspace/install/pal_pro_gripper_simulation:/home/user/exchange/workspace/install/pal_pro_gripper_bringup:/home/user/exchange/workspace/install/pal_pro_gripper:/home/user/exchange/workspace/install/pal_pro_gripper_controller_configuration:/home/user/exchange/workspace/install/pal_pro_gripper_description:/home/user/exchange/workspace/install/pal_gazebo_worlds:/home/user/exchange/workspace/install/linkattacher_msgs:/opt/ros/humble CMAKE_PREFIX_PATH=/home/user/exchange/workspace/install/pal_sea_arm_description:/home/user/exchange/workspace/install/pal_sea_arm_controller_configuration:/home/user/exchange/workspace/install/pal_pro_gripper_controller_configuration:/home/user/exchange/workspace/install/pal_pro_gripper_description:/home/user/exchange/workspace/install/tiago_manipulation_tasks:/home/user/exchange/workspace/install/tiago_pro_simulation:/home/user/exchange/workspace/install/tiago_pro_robot:/home/user/exchange/workspace/install/tiago_pro_navigation:/home/user/exchange/workspace/install/tiago_pro_gazebo:/home/user/exchange/workspace/install/tiago_pro_rgbd_sensors:/home/user/exchange/workspace/install/tiago_pro_mujoco:/home/user/exchange/workspace/install/tiago_pro_moveit_config:/home/user/exchange/workspace/install/tiago_pro_laser_sensors:/home/user/exchange/workspace/install/tiago_pro_description:/home/user/exchange/workspace/install/tiago_pro_bringup:/home/user/exchange/workspace/install/tiago_pro_controller_configuration:/home/user/exchange/workspace/install/tiago_pro_2dnav:/home/user/exchange/workspace/install/ros2_linkattacher:/home/user/exchange/workspace/install/pal_sea_arm_moveit_config:/home/user/exchange/workspace/install/pal_sea_arm:/home/user/exchange/workspace/install/pal_sea_arm_bringup:/home/user/exchange/workspace/install/pal_pro_gripper_simulation:/home/user/exchange/workspace/install/pal_pro_gripper_bringup:/home/user/exchange/workspace/install/pal_pro_gripper:/home/user/exchange/workspace/install/pal_gazebo_worlds:/home/user/exchange/workspace/install/linkattacher_msgs:/home/user/exchange/workspace/install/pick_task:/home/user/exchange/workspace/install/pal_pro_gripper_wrapper:/opt/ros/humble PYTHONPATH=/home/user/exchange/workspace/install/pal_pro_gripper_wrapper/lib/python3.10/site-packages:/home/user/exchange/workspace/install/pick_task/lib/python3.10/site-packages:/home/user/exchange/workspace/install/tiago_pro_description/local/lib/python3.10/dist-packages:/home/user/exchange/workspace/install/pal_sea_arm_description/local/lib/python3.10/dist-packages:/home/user/exchange/workspace/install/pal_pro_gripper_description/local/lib/python3.10/dist-packages:/home/user/exchange/workspace/install/linkattacher_msgs/local/lib/python3.10/dist-packages:/opt/ros/humble/lib/python3.10/site-packages:/opt/ros/humble/local/lib/python3.10/dist-packages /usr/bin/cmake --build /home/user/exchange/workspace/build/tiago_pro_description -- -j12 -l12
[1.381s] DEBUG:colcon.colcon_core.event_handler.log_command:Invoking command in '/home/user/exchange/workspace/build/tiago_pro_description': AMENT_PREFIX_PATH=/home/user/exchange/workspace/install/pal_pro_gripper_wrapper:/home/user/exchange/workspace/install/tiago_manipulation_tasks:/home/user/exchange/workspace/install/pick_task:/home/user/exchange/workspace/install/tiago_pro_simulation:/home/user/exchange/workspace/install/tiago_pro_robot:/home/user/exchange/workspace/install/tiago_pro_navigation:/home/user/exchange/workspace/install/tiago_pro_gazebo:/home/user/exchange/workspace/install/tiago_pro_rgbd_sensors:/home/user/exchange/workspace/install/tiago_pro_mujoco:/home/user/exchange/workspace/install/tiago_pro_moveit_config:/home/user/exchange/workspace/install/tiago_pro_laser_sensors:/home/user/exchange/workspace/install/tiago_pro_description:/home/user/exchange/workspace/install/tiago_pro_bringup:/home/user/exchange/workspace/install/tiago_pro_controller_configuration:/home/user/exchange/workspace/install/tiago_pro_2dnav:/home/user/exchange/workspace/install/ros2_linkattacher:/home/user/exchange/workspace/install/pal_sea_arm_moveit_config:/home/user/exchange/workspace/install/pal_sea_arm:/home/user/exchange/workspace/install/pal_sea_arm_bringup:/home/user/exchange/workspace/install/pal_sea_arm_description:/home/user/exchange/workspace/install/pal_sea_arm_controller_configuration:/home/user/exchange/workspace/install/pal_pro_gripper_simulation:/home/user/exchange/workspace/install/pal_pro_gripper_bringup:/home/user/exchange/workspace/install/pal_pro_gripper:/home/user/exchange/workspace/install/pal_pro_gripper_controller_configuration:/home/user/exchange/workspace/install/pal_pro_gripper_description:/home/user/exchange/workspace/install/pal_gazebo_worlds:/home/user/exchange/workspace/install/linkattacher_msgs:/opt/ros/humble CMAKE_PREFIX_PATH=/home/user/exchange/workspace/install/pal_sea_arm_description:/home/user/exchange/workspace/install/pal_sea_arm_controller_configuration:/home/user/exchange/workspace/install/pal_pro_gripper_controller_configuration:/home/user/exchange/workspace/install/pal_pro_gripper_description:/home/user/exchange/workspace/install/tiago_manipulation_tasks:/home/user/exchange/workspace/install/tiago_pro_simulation:/home/user/exchange/workspace/install/tiago_pro_robot:/home/user/exchange/workspace/install/tiago_pro_navigation:/home/user/exchange/workspace/install/tiago_pro_gazebo:/home/user/exchange/workspace/install/tiago_pro_rgbd_sensors:/home/user/exchange/workspace/install/tiago_pro_mujoco:/home/user/exchange/workspace/install/tiago_pro_moveit_config:/home/user/exchange/workspace/install/tiago_pro_laser_sensors:/home/user/exchange/workspace/install/tiago_pro_description:/home/user/exchange/workspace/install/tiago_pro_bringup:/home/user/exchange/workspace/install/tiago_pro_controller_configuration:/home/user/exchange/workspace/install/tiago_pro_2dnav:/home/user/exchange/workspace/install/ros2_linkattacher:/home/user/exchange/workspace/install/pal_sea_arm_moveit_config:/home/user/exchange/workspace/install/pal_sea_arm:/home/user/exchange/workspace/install/pal_sea_arm_bringup:/home/user/exchange/workspace/install/pal_pro_gripper_simulation:/home/user/exchange/workspace/install/pal_pro_gripper_bringup:/home/user/exchange/workspace/install/pal_pro_gripper:/home/user/exchange/workspace/install/pal_gazebo_worlds:/home/user/exchange/workspace/install/linkattacher_msgs:/home/user/exchange/workspace/install/pick_task:/home/user/exchange/workspace/install/pal_pro_gripper_wrapper:/opt/ros/humble PYTHONPATH=/home/user/exchange/workspace/install/pal_pro_gripper_wrapper/lib/python3.10/site-packages:/home/user/exchange/workspace/install/pick_task/lib/python3.10/site-packages:/home/user/exchange/workspace/install/tiago_pro_description/local/lib/python3.10/dist-packages:/home/user/exchange/workspace/install/pal_sea_arm_description/local/lib/python3.10/dist-packages:/home/user/exchange/workspace/install/pal_pro_gripper_description/local/lib/python3.10/dist-packages:/home/user/exchange/workspace/install/linkattacher_msgs/local/lib/python3.10/dist-packages:/opt/ros/humble/lib/python3.10/site-packages:/opt/ros/humble/local/lib/python3.10/dist-packages /usr/bin/cmake --install /home/user/exchange/workspace/build/tiago_pro_description
[1.410s] Level 1:colcon.colcon_core.environment:create_environment_scripts_only(tiago_pro_description)
[1.411s] Level 1:colcon.colcon_core.environment:checking '/home/user/exchange/workspace/install/tiago_pro_description' for CMake module files
[1.411s] DEBUG:colcon.colcon_core.event_handler.log_command:Invoked command in '/home/user/exchange/workspace/build/tiago_pro_description' returned '0': AMENT_PREFIX_PATH=/home/user/exchange/workspace/install/pal_pro_gripper_wrapper:/home/user/exchange/workspace/install/tiago_manipulation_tasks:/home/user/exchange/workspace/install/pick_task:/home/user/exchange/workspace/install/tiago_pro_simulation:/home/user/exchange/workspace/install/tiago_pro_robot:/home/user/exchange/workspace/install/tiago_pro_navigation:/home/user/exchange/workspace/install/tiago_pro_gazebo:/home/user/exchange/workspace/install/tiago_pro_rgbd_sensors:/home/user/exchange/workspace/install/tiago_pro_mujoco:/home/user/exchange/workspace/install/tiago_pro_moveit_config:/home/user/exchange/workspace/install/tiago_pro_laser_sensors:/home/user/exchange/workspace/install/tiago_pro_description:/home/user/exchange/workspace/install/tiago_pro_bringup:/home/user/exchange/workspace/install/tiago_pro_controller_configuration:/home/user/exchange/workspace/install/tiago_pro_2dnav:/home/user/exchange/workspace/install/ros2_linkattacher:/home/user/exchange/workspace/install/pal_sea_arm_moveit_config:/home/user/exchange/workspace/install/pal_sea_arm:/home/user/exchange/workspace/install/pal_sea_arm_bringup:/home/user/exchange/workspace/install/pal_sea_arm_description:/home/user/exchange/workspace/install/pal_sea_arm_controller_configuration:/home/user/exchange/workspace/install/pal_pro_gripper_simulation:/home/user/exchange/workspace/install/pal_pro_gripper_bringup:/home/user/exchange/workspace/install/pal_pro_gripper:/home/user/exchange/workspace/install/pal_pro_gripper_controller_configuration:/home/user/exchange/workspace/install/pal_pro_gripper_description:/home/user/exchange/workspace/install/pal_gazebo_worlds:/home/user/exchange/workspace/install/linkattacher_msgs:/opt/ros/humble CMAKE_PREFIX_PATH=/home/user/exchange/workspace/install/pal_sea_arm_description:/home/user/exchange/workspace/install/pal_sea_arm_controller_configuration:/home/user/exchange/workspace/install/pal_pro_gripper_controller_configuration:/home/user/exchange/workspace/install/pal_pro_gripper_description:/home/user/exchange/workspace/install/tiago_manipulation_tasks:/home/user/exchange/workspace/install/tiago_pro_simulation:/home/user/exchange/workspace/install/tiago_pro_robot:/home/user/exchange/workspace/install/tiago_pro_navigation:/home/user/exchange/workspace/install/tiago_pro_gazebo:/home/user/exchange/workspace/install/tiago_pro_rgbd_sensors:/home/user/exchange/workspace/install/tiago_pro_mujoco:/home/user/exchange/workspace/install/tiago_pro_moveit_config:/home/user/exchange/workspace/install/tiago_pro_laser_sensors:/home/user/exchange/workspace/install/tiago_pro_description:/home/user/exchange/workspace/install/tiago_pro_bringup:/home/user/exchange/workspace/install/tiago_pro_controller_configuration:/home/user/exchange/workspace/install/tiago_pro_2dnav:/home/user/exchange/workspace/install/ros2_linkattacher:/home/user/exchange/workspace/install/pal_sea_arm_moveit_config:/home/user/exchange/workspace/install/pal_sea_arm:/home/user/exchange/workspace/install/pal_sea_arm_bringup:/home/user/exchange/workspace/install/pal_pro_gripper_simulation:/home/user/exchange/workspace/install/pal_pro_gripper_bringup:/home/user/exchange/workspace/install/pal_pro_gripper:/home/user/exchange/workspace/install/pal_gazebo_worlds:/home/user/exchange/workspace/install/linkattacher_msgs:/home/user/exchange/workspace/install/pick_task:/home/user/exchange/workspace/install/pal_pro_gripper_wrapper:/opt/ros/humble PYTHONPATH=/home/user/exchange/workspace/install/pal_pro_gripper_wrapper/lib/python3.10/site-packages:/home/user/exchange/workspace/install/pick_task/lib/python3.10/site-packages:/home/user/exchange/workspace/install/tiago_pro_description/local/lib/python3.10/dist-packages:/home/user/exchange/workspace/install/pal_sea_arm_description/local/lib/python3.10/dist-packages:/home/user/exchange/workspace/install/pal_pro_gripper_description/local/lib/python3.10/dist-packages:/home/user/exchange/workspace/install/linkattacher_msgs/local/lib/python3.10/dist-packages:/opt/ros/humble/lib/python3.10/site-packages:/opt/ros/humble/local/lib/python3.10/dist-packages /usr/bin/cmake --install /home/user/exchange/workspace/build/tiago_pro_description
[1.411s] Level 1:colcon.colcon_core.environment:checking '/home/user/exchange/workspace/install/tiago_pro_description' for CMake config files
[1.411s] Level 1:colcon.colcon_core.shell:create_environment_hook('tiago_pro_description', 'cmake_prefix_path')
[1.411s] INFO:colcon.colcon_core.shell:Creating environment hook '/home/user/exchange/workspace/install/tiago_pro_description/share/tiago_pro_description/hook/cmake_prefix_path.ps1'
[1.412s] INFO:colcon.colcon_core.shell:Creating environment descriptor '/home/user/exchange/workspace/install/tiago_pro_description/share/tiago_pro_description/hook/cmake_prefix_path.dsv'
[1.412s] INFO:colcon.colcon_core.shell:Creating environment hook '/home/user/exchange/workspace/install/tiago_pro_description/share/tiago_pro_description/hook/cmake_prefix_path.sh'
[1.412s] Level 1:colcon.colcon_core.environment:checking '/home/user/exchange/workspace/install/tiago_pro_description/bin'
[1.412s] Level 1:colcon.colcon_core.environment:checking '/home/user/exchange/workspace/install/tiago_pro_description/lib/pkgconfig/tiago_pro_description.pc'
[1.412s] Level 1:colcon.colcon_core.environment:checking '/home/user/exchange/workspace/install/tiago_pro_description/lib/python3.10/site-packages'
[1.413s] Level 1:colcon.colcon_core.environment:checking '/home/user/exchange/workspace/install/tiago_pro_description/bin'
[1.413s] INFO:colcon.colcon_core.shell:Creating package script '/home/user/exchange/workspace/install/tiago_pro_description/share/tiago_pro_description/package.ps1'
[1.413s] INFO:colcon.colcon_core.shell:Creating package descriptor '/home/user/exchange/workspace/install/tiago_pro_description/share/tiago_pro_description/package.dsv'
[1.413s] INFO:colcon.colcon_core.shell:Creating package script '/home/user/exchange/workspace/install/tiago_pro_description/share/tiago_pro_description/package.sh'
[1.413s] INFO:colcon.colcon_core.shell:Creating package script '/home/user/exchange/workspace/install/tiago_pro_description/share/tiago_pro_description/package.bash'
[1.414s] INFO:colcon.colcon_core.shell:Creating package script '/home/user/exchange/workspace/install/tiago_pro_description/share/tiago_pro_description/package.zsh'
[1.414s] Level 1:colcon.colcon_core.environment:create_file_with_runtime_dependencies(/home/user/exchange/workspace/install/tiago_pro_description/share/colcon-core/packages/tiago_pro_description)
[1.414s] Level 1:colcon.colcon_core.environment:create_environment_scripts_only(tiago_pro_description)
[1.414s] Level 1:colcon.colcon_core.environment:checking '/home/user/exchange/workspace/install/tiago_pro_description' for CMake module files
[1.414s] Level 1:colcon.colcon_core.environment:checking '/home/user/exchange/workspace/install/tiago_pro_description' for CMake config files
[1.415s] Level 1:colcon.colcon_core.shell:create_environment_hook('tiago_pro_description', 'cmake_prefix_path')
[1.415s] INFO:colcon.colcon_core.shell:Creating environment hook '/home/user/exchange/workspace/install/tiago_pro_description/share/tiago_pro_description/hook/cmake_prefix_path.ps1'
[1.415s] INFO:colcon.colcon_core.shell:Creating environment descriptor '/home/user/exchange/workspace/install/tiago_pro_description/share/tiago_pro_description/hook/cmake_prefix_path.dsv'
[1.415s] INFO:colcon.colcon_core.shell:Creating environment hook '/home/user/exchange/workspace/install/tiago_pro_description/share/tiago_pro_description/hook/cmake_prefix_path.sh'
[1.415s] Level 1:colcon.colcon_core.environment:checking '/home/user/exchange/workspace/install/tiago_pro_description/bin'
[1.416s] Level 1:colcon.colcon_core.environment:checking '/home/user/exchange/workspace/install/tiago_pro_description/lib/pkgconfig/tiago_pro_description.pc'
[1.416s] Level 1:colcon.colcon_core.environment:checking '/home/user/exchange/workspace/install/tiago_pro_description/lib/python3.10/site-packages'
[1.416s] Level 1:colcon.colcon_core.environment:checking '/home/user/exchange/workspace/install/tiago_pro_description/bin'
[1.416s] INFO:colcon.colcon_core.shell:Creating package script '/home/user/exchange/workspace/install/tiago_pro_description/share/tiago_pro_description/package.ps1'
[1.416s] INFO:colcon.colcon_core.shell:Creating package descriptor '/home/user/exchange/workspace/install/tiago_pro_description/share/tiago_pro_description/package.dsv'
[1.417s] INFO:colcon.colcon_core.shell:Creating package script '/home/user/exchange/workspace/install/tiago_pro_description/share/tiago_pro_description/package.sh'
[1.417s] INFO:colcon.colcon_core.shell:Creating package script '/home/user/exchange/workspace/install/tiago_pro_description/share/tiago_pro_description/package.bash'
[1.417s] INFO:colcon.colcon_core.shell:Creating package script '/home/user/exchange/workspace/install/tiago_pro_description/share/tiago_pro_description/package.zsh'
[1.417s] Level 1:colcon.colcon_core.environment:create_file_with_runtime_dependencies(/home/user/exchange/workspace/install/tiago_pro_description/share/colcon-core/packages/tiago_pro_description)
[1.418s] INFO:colcon.colcon_ros.task.ament_cmake.build:Building ROS package in '/home/user/exchange/workspace/src/tiago_pro_moveit_config' with build type 'ament_cmake'
[1.418s] INFO:colcon.colcon_cmake.task.cmake.build:Building CMake package in '/home/user/exchange/workspace/src/tiago_pro_moveit_config'
[1.418s] INFO:colcon.colcon_core.shell:Skip shell extension 'powershell' for command environment: Not usable outside of PowerShell
[1.418s] DEBUG:colcon.colcon_core.shell:Skip shell extension 'dsv' for command environment
[1.421s] INFO:colcon.colcon_ros.task.ament_cmake.build:Building ROS package in '/home/user/exchange/workspace/src/tiago_pro_robot/tiago_pro_robot' with build type 'ament_cmake'
[1.421s] INFO:colcon.colcon_cmake.task.cmake.build:Building CMake package in '/home/user/exchange/workspace/src/tiago_pro_robot/tiago_pro_robot'
[1.421s] INFO:colcon.colcon_core.shell:Skip shell extension 'powershell' for command environment: Not usable outside of PowerShell
[1.421s] DEBUG:colcon.colcon_core.shell:Skip shell extension 'dsv' for command environment
[1.426s] DEBUG:colcon.colcon_core.event_handler.log_command:Invoking command in '/home/user/exchange/workspace/build/tiago_pro_moveit_config': AMENT_PREFIX_PATH=/home/user/exchange/workspace/install/pal_pro_gripper_wrapper:/home/user/exchange/workspace/install/tiago_manipulation_tasks:/home/user/exchange/workspace/install/pick_task:/home/user/exchange/workspace/install/tiago_pro_simulation:/home/user/exchange/workspace/install/tiago_pro_robot:/home/user/exchange/workspace/install/tiago_pro_navigation:/home/user/exchange/workspace/install/tiago_pro_gazebo:/home/user/exchange/workspace/install/tiago_pro_rgbd_sensors:/home/user/exchange/workspace/install/tiago_pro_mujoco:/home/user/exchange/workspace/install/tiago_pro_moveit_config:/home/user/exchange/workspace/install/tiago_pro_laser_sensors:/home/user/exchange/workspace/install/tiago_pro_description:/home/user/exchange/workspace/install/tiago_pro_bringup:/home/user/exchange/workspace/install/tiago_pro_controller_configuration:/home/user/exchange/workspace/install/tiago_pro_2dnav:/home/user/exchange/workspace/install/ros2_linkattacher:/home/user/exchange/workspace/install/pal_sea_arm_moveit_config:/home/user/exchange/workspace/install/pal_sea_arm:/home/user/exchange/workspace/install/pal_sea_arm_bringup:/home/user/exchange/workspace/install/pal_sea_arm_description:/home/user/exchange/workspace/install/pal_sea_arm_controller_configuration:/home/user/exchange/workspace/install/pal_pro_gripper_simulation:/home/user/exchange/workspace/install/pal_pro_gripper_bringup:/home/user/exchange/workspace/install/pal_pro_gripper:/home/user/exchange/workspace/install/pal_pro_gripper_controller_configuration:/home/user/exchange/workspace/install/pal_pro_gripper_description:/home/user/exchange/workspace/install/pal_gazebo_worlds:/home/user/exchange/workspace/install/linkattacher_msgs:/opt/ros/humble CMAKE_PREFIX_PATH=/home/user/exchange/workspace/install/tiago_pro_description:/home/user/exchange/workspace/install/pal_sea_arm_moveit_config:/home/user/exchange/workspace/install/pal_sea_arm_description:/home/user/exchange/workspace/install/pal_sea_arm_controller_configuration:/home/user/exchange/workspace/install/pal_pro_gripper_controller_configuration:/home/user/exchange/workspace/install/pal_pro_gripper_description:/home/user/exchange/workspace/install/tiago_manipulation_tasks:/home/user/exchange/workspace/install/tiago_pro_simulation:/home/user/exchange/workspace/install/tiago_pro_robot:/home/user/exchange/workspace/install/tiago_pro_navigation:/home/user/exchange/workspace/install/tiago_pro_gazebo:/home/user/exchange/workspace/install/tiago_pro_rgbd_sensors:/home/user/exchange/workspace/install/tiago_pro_mujoco:/home/user/exchange/workspace/install/tiago_pro_moveit_config:/home/user/exchange/workspace/install/tiago_pro_laser_sensors:/home/user/exchange/workspace/install/tiago_pro_bringup:/home/user/exchange/workspace/install/tiago_pro_controller_configuration:/home/user/exchange/workspace/install/tiago_pro_2dnav:/home/user/exchange/workspace/install/ros2_linkattacher:/home/user/exchange/workspace/install/pal_sea_arm:/home/user/exchange/workspace/install/pal_sea_arm_bringup:/home/user/exchange/workspace/install/pal_pro_gripper_simulation:/home/user/exchange/workspace/install/pal_pro_gripper_bringup:/home/user/exchange/workspace/install/pal_pro_gripper:/home/user/exchange/workspace/install/pal_gazebo_worlds:/home/user/exchange/workspace/install/linkattacher_msgs:/home/user/exchange/workspace/install/pick_task:/home/user/exchange/workspace/install/pal_pro_gripper_wrapper:/opt/ros/humble PYTHONPATH=/home/user/exchange/workspace/install/pal_pro_gripper_wrapper/lib/python3.10/site-packages:/home/user/exchange/workspace/install/pick_task/lib/python3.10/site-packages:/home/user/exchange/workspace/install/tiago_pro_description/local/lib/python3.10/dist-packages:/home/user/exchange/workspace/install/pal_sea_arm_description/local/lib/python3.10/dist-packages:/home/user/exchange/workspace/install/pal_pro_gripper_description/local/lib/python3.10/dist-packages:/home/user/exchange/workspace/install/linkattacher_msgs/local/lib/python3.10/dist-packages:/opt/ros/humble/lib/python3.10/site-packages:/opt/ros/humble/local/lib/python3.10/dist-packages /usr/bin/cmake --build /home/user/exchange/workspace/build/tiago_pro_moveit_config -- -j12 -l12
[1.430s] DEBUG:colcon.colcon_core.event_handler.log_command:Invoking command in '/home/user/exchange/workspace/build/tiago_pro_robot': AMENT_PREFIX_PATH=/home/user/exchange/workspace/install/pal_pro_gripper_wrapper:/home/user/exchange/workspace/install/tiago_manipulation_tasks:/home/user/exchange/workspace/install/pick_task:/home/user/exchange/workspace/install/tiago_pro_simulation:/home/user/exchange/workspace/install/tiago_pro_robot:/home/user/exchange/workspace/install/tiago_pro_navigation:/home/user/exchange/workspace/install/tiago_pro_gazebo:/home/user/exchange/workspace/install/tiago_pro_rgbd_sensors:/home/user/exchange/workspace/install/tiago_pro_mujoco:/home/user/exchange/workspace/install/tiago_pro_moveit_config:/home/user/exchange/workspace/install/tiago_pro_laser_sensors:/home/user/exchange/workspace/install/tiago_pro_description:/home/user/exchange/workspace/install/tiago_pro_bringup:/home/user/exchange/workspace/install/tiago_pro_controller_configuration:/home/user/exchange/workspace/install/tiago_pro_2dnav:/home/user/exchange/workspace/install/ros2_linkattacher:/home/user/exchange/workspace/install/pal_sea_arm_moveit_config:/home/user/exchange/workspace/install/pal_sea_arm:/home/user/exchange/workspace/install/pal_sea_arm_bringup:/home/user/exchange/workspace/install/pal_sea_arm_description:/home/user/exchange/workspace/install/pal_sea_arm_controller_configuration:/home/user/exchange/workspace/install/pal_pro_gripper_simulation:/home/user/exchange/workspace/install/pal_pro_gripper_bringup:/home/user/exchange/workspace/install/pal_pro_gripper:/home/user/exchange/workspace/install/pal_pro_gripper_controller_configuration:/home/user/exchange/workspace/install/pal_pro_gripper_description:/home/user/exchange/workspace/install/pal_gazebo_worlds:/home/user/exchange/workspace/install/linkattacher_msgs:/opt/ros/humble CMAKE_PREFIX_PATH=/home/user/exchange/workspace/install/tiago_pro_description:/home/user/exchange/workspace/install/tiago_pro_bringup:/home/user/exchange/workspace/install/tiago_pro_controller_configuration:/home/user/exchange/workspace/install/pal_sea_arm_description:/home/user/exchange/workspace/install/pal_sea_arm_controller_configuration:/home/user/exchange/workspace/install/pal_pro_gripper_controller_configuration:/home/user/exchange/workspace/install/pal_pro_gripper_description:/home/user/exchange/workspace/install/tiago_manipulation_tasks:/home/user/exchange/workspace/install/tiago_pro_simulation:/home/user/exchange/workspace/install/tiago_pro_robot:/home/user/exchange/workspace/install/tiago_pro_navigation:/home/user/exchange/workspace/install/tiago_pro_gazebo:/home/user/exchange/workspace/install/tiago_pro_rgbd_sensors:/home/user/exchange/workspace/install/tiago_pro_mujoco:/home/user/exchange/workspace/install/tiago_pro_moveit_config:/home/user/exchange/workspace/install/tiago_pro_laser_sensors:/home/user/exchange/workspace/install/tiago_pro_2dnav:/home/user/exchange/workspace/install/ros2_linkattacher:/home/user/exchange/workspace/install/pal_sea_arm_moveit_config:/home/user/exchange/workspace/install/pal_sea_arm:/home/user/exchange/workspace/install/pal_sea_arm_bringup:/home/user/exchange/workspace/install/pal_pro_gripper_simulation:/home/user/exchange/workspace/install/pal_pro_gripper_bringup:/home/user/exchange/workspace/install/pal_pro_gripper:/home/user/exchange/workspace/install/pal_gazebo_worlds:/home/user/exchange/workspace/install/linkattacher_msgs:/home/user/exchange/workspace/install/pick_task:/home/user/exchange/workspace/install/pal_pro_gripper_wrapper:/opt/ros/humble PYTHONPATH=/home/user/exchange/workspace/install/pal_pro_gripper_wrapper/lib/python3.10/site-packages:/home/user/exchange/workspace/install/pick_task/lib/python3.10/site-packages:/home/user/exchange/workspace/install/tiago_pro_description/local/lib/python3.10/dist-packages:/home/user/exchange/workspace/install/pal_sea_arm_description/local/lib/python3.10/dist-packages:/home/user/exchange/workspace/install/pal_pro_gripper_description/local/lib/python3.10/dist-packages:/home/user/exchange/workspace/install/linkattacher_msgs/local/lib/python3.10/dist-packages:/opt/ros/humble/lib/python3.10/site-packages:/opt/ros/humble/local/lib/python3.10/dist-packages /usr/bin/cmake --build /home/user/exchange/workspace/build/tiago_pro_robot -- -j12 -l12
[1.446s] DEBUG:colcon.colcon_core.event_handler.log_command:Invoked command in '/home/user/exchange/workspace/build/tiago_pro_moveit_config' returned '0': AMENT_PREFIX_PATH=/home/user/exchange/workspace/install/pal_pro_gripper_wrapper:/home/user/exchange/workspace/install/tiago_manipulation_tasks:/home/user/exchange/workspace/install/pick_task:/home/user/exchange/workspace/install/tiago_pro_simulation:/home/user/exchange/workspace/install/tiago_pro_robot:/home/user/exchange/workspace/install/tiago_pro_navigation:/home/user/exchange/workspace/install/tiago_pro_gazebo:/home/user/exchange/workspace/install/tiago_pro_rgbd_sensors:/home/user/exchange/workspace/install/tiago_pro_mujoco:/home/user/exchange/workspace/install/tiago_pro_moveit_config:/home/user/exchange/workspace/install/tiago_pro_laser_sensors:/home/user/exchange/workspace/install/tiago_pro_description:/home/user/exchange/workspace/install/tiago_pro_bringup:/home/user/exchange/workspace/install/tiago_pro_controller_configuration:/home/user/exchange/workspace/install/tiago_pro_2dnav:/home/user/exchange/workspace/install/ros2_linkattacher:/home/user/exchange/workspace/install/pal_sea_arm_moveit_config:/home/user/exchange/workspace/install/pal_sea_arm:/home/user/exchange/workspace/install/pal_sea_arm_bringup:/home/user/exchange/workspace/install/pal_sea_arm_description:/home/user/exchange/workspace/install/pal_sea_arm_controller_configuration:/home/user/exchange/workspace/install/pal_pro_gripper_simulation:/home/user/exchange/workspace/install/pal_pro_gripper_bringup:/home/user/exchange/workspace/install/pal_pro_gripper:/home/user/exchange/workspace/install/pal_pro_gripper_controller_configuration:/home/user/exchange/workspace/install/pal_pro_gripper_description:/home/user/exchange/workspace/install/pal_gazebo_worlds:/home/user/exchange/workspace/install/linkattacher_msgs:/opt/ros/humble CMAKE_PREFIX_PATH=/home/user/exchange/workspace/install/tiago_pro_description:/home/user/exchange/workspace/install/pal_sea_arm_moveit_config:/home/user/exchange/workspace/install/pal_sea_arm_description:/home/user/exchange/workspace/install/pal_sea_arm_controller_configuration:/home/user/exchange/workspace/install/pal_pro_gripper_controller_configuration:/home/user/exchange/workspace/install/pal_pro_gripper_description:/home/user/exchange/workspace/install/tiago_manipulation_tasks:/home/user/exchange/workspace/install/tiago_pro_simulation:/home/user/exchange/workspace/install/tiago_pro_robot:/home/user/exchange/workspace/install/tiago_pro_navigation:/home/user/exchange/workspace/install/tiago_pro_gazebo:/home/user/exchange/workspace/install/tiago_pro_rgbd_sensors:/home/user/exchange/workspace/install/tiago_pro_mujoco:/home/user/exchange/workspace/install/tiago_pro_moveit_config:/home/user/exchange/workspace/install/tiago_pro_laser_sensors:/home/user/exchange/workspace/install/tiago_pro_bringup:/home/user/exchange/workspace/install/tiago_pro_controller_configuration:/home/user/exchange/workspace/install/tiago_pro_2dnav:/home/user/exchange/workspace/install/ros2_linkattacher:/home/user/exchange/workspace/install/pal_sea_arm:/home/user/exchange/workspace/install/pal_sea_arm_bringup:/home/user/exchange/workspace/install/pal_pro_gripper_simulation:/home/user/exchange/workspace/install/pal_pro_gripper_bringup:/home/user/exchange/workspace/install/pal_pro_gripper:/home/user/exchange/workspace/install/pal_gazebo_worlds:/home/user/exchange/workspace/install/linkattacher_msgs:/home/user/exchange/workspace/install/pick_task:/home/user/exchange/workspace/install/pal_pro_gripper_wrapper:/opt/ros/humble PYTHONPATH=/home/user/exchange/workspace/install/pal_pro_gripper_wrapper/lib/python3.10/site-packages:/home/user/exchange/workspace/install/pick_task/lib/python3.10/site-packages:/home/user/exchange/workspace/install/tiago_pro_description/local/lib/python3.10/dist-packages:/home/user/exchange/workspace/install/pal_sea_arm_description/local/lib/python3.10/dist-packages:/home/user/exchange/workspace/install/pal_pro_gripper_description/local/lib/python3.10/dist-packages:/home/user/exchange/workspace/install/linkattacher_msgs/local/lib/python3.10/dist-packages:/opt/ros/humble/lib/python3.10/site-packages:/opt/ros/humble/local/lib/python3.10/dist-packages /usr/bin/cmake --build /home/user/exchange/workspace/build/tiago_pro_moveit_config -- -j12 -l12
[1.447s] DEBUG:colcon.colcon_core.event_handler.log_command:Invoking command in '/home/user/exchange/workspace/build/tiago_pro_moveit_config': AMENT_PREFIX_PATH=/home/user/exchange/workspace/install/pal_pro_gripper_wrapper:/home/user/exchange/workspace/install/tiago_manipulation_tasks:/home/user/exchange/workspace/install/pick_task:/home/user/exchange/workspace/install/tiago_pro_simulation:/home/user/exchange/workspace/install/tiago_pro_robot:/home/user/exchange/workspace/install/tiago_pro_navigation:/home/user/exchange/workspace/install/tiago_pro_gazebo:/home/user/exchange/workspace/install/tiago_pro_rgbd_sensors:/home/user/exchange/workspace/install/tiago_pro_mujoco:/home/user/exchange/workspace/install/tiago_pro_moveit_config:/home/user/exchange/workspace/install/tiago_pro_laser_sensors:/home/user/exchange/workspace/install/tiago_pro_description:/home/user/exchange/workspace/install/tiago_pro_bringup:/home/user/exchange/workspace/install/tiago_pro_controller_configuration:/home/user/exchange/workspace/install/tiago_pro_2dnav:/home/user/exchange/workspace/install/ros2_linkattacher:/home/user/exchange/workspace/install/pal_sea_arm_moveit_config:/home/user/exchange/workspace/install/pal_sea_arm:/home/user/exchange/workspace/install/pal_sea_arm_bringup:/home/user/exchange/workspace/install/pal_sea_arm_description:/home/user/exchange/workspace/install/pal_sea_arm_controller_configuration:/home/user/exchange/workspace/install/pal_pro_gripper_simulation:/home/user/exchange/workspace/install/pal_pro_gripper_bringup:/home/user/exchange/workspace/install/pal_pro_gripper:/home/user/exchange/workspace/install/pal_pro_gripper_controller_configuration:/home/user/exchange/workspace/install/pal_pro_gripper_description:/home/user/exchange/workspace/install/pal_gazebo_worlds:/home/user/exchange/workspace/install/linkattacher_msgs:/opt/ros/humble CMAKE_PREFIX_PATH=/home/user/exchange/workspace/install/tiago_pro_description:/home/user/exchange/workspace/install/pal_sea_arm_moveit_config:/home/user/exchange/workspace/install/pal_sea_arm_description:/home/user/exchange/workspace/install/pal_sea_arm_controller_configuration:/home/user/exchange/workspace/install/pal_pro_gripper_controller_configuration:/home/user/exchange/workspace/install/pal_pro_gripper_description:/home/user/exchange/workspace/install/tiago_manipulation_tasks:/home/user/exchange/workspace/install/tiago_pro_simulation:/home/user/exchange/workspace/install/tiago_pro_robot:/home/user/exchange/workspace/install/tiago_pro_navigation:/home/user/exchange/workspace/install/tiago_pro_gazebo:/home/user/exchange/workspace/install/tiago_pro_rgbd_sensors:/home/user/exchange/workspace/install/tiago_pro_mujoco:/home/user/exchange/workspace/install/tiago_pro_moveit_config:/home/user/exchange/workspace/install/tiago_pro_laser_sensors:/home/user/exchange/workspace/install/tiago_pro_bringup:/home/user/exchange/workspace/install/tiago_pro_controller_configuration:/home/user/exchange/workspace/install/tiago_pro_2dnav:/home/user/exchange/workspace/install/ros2_linkattacher:/home/user/exchange/workspace/install/pal_sea_arm:/home/user/exchange/workspace/install/pal_sea_arm_bringup:/home/user/exchange/workspace/install/pal_pro_gripper_simulation:/home/user/exchange/workspace/install/pal_pro_gripper_bringup:/home/user/exchange/workspace/install/pal_pro_gripper:/home/user/exchange/workspace/install/pal_gazebo_worlds:/home/user/exchange/workspace/install/linkattacher_msgs:/home/user/exchange/workspace/install/pick_task:/home/user/exchange/workspace/install/pal_pro_gripper_wrapper:/opt/ros/humble PYTHONPATH=/home/user/exchange/workspace/install/pal_pro_gripper_wrapper/lib/python3.10/site-packages:/home/user/exchange/workspace/install/pick_task/lib/python3.10/site-packages:/home/user/exchange/workspace/install/tiago_pro_description/local/lib/python3.10/dist-packages:/home/user/exchange/workspace/install/pal_sea_arm_description/local/lib/python3.10/dist-packages:/home/user/exchange/workspace/install/pal_pro_gripper_description/local/lib/python3.10/dist-packages:/home/user/exchange/workspace/install/linkattacher_msgs/local/lib/python3.10/dist-packages:/opt/ros/humble/lib/python3.10/site-packages:/opt/ros/humble/local/lib/python3.10/dist-packages /usr/bin/cmake --install /home/user/exchange/workspace/build/tiago_pro_moveit_config
[1.454s] DEBUG:colcon.colcon_core.event_handler.log_command:Invoked command in '/home/user/exchange/workspace/build/tiago_pro_robot' returned '0': AMENT_PREFIX_PATH=/home/user/exchange/workspace/install/pal_pro_gripper_wrapper:/home/user/exchange/workspace/install/tiago_manipulation_tasks:/home/user/exchange/workspace/install/pick_task:/home/user/exchange/workspace/install/tiago_pro_simulation:/home/user/exchange/workspace/install/tiago_pro_robot:/home/user/exchange/workspace/install/tiago_pro_navigation:/home/user/exchange/workspace/install/tiago_pro_gazebo:/home/user/exchange/workspace/install/tiago_pro_rgbd_sensors:/home/user/exchange/workspace/install/tiago_pro_mujoco:/home/user/exchange/workspace/install/tiago_pro_moveit_config:/home/user/exchange/workspace/install/tiago_pro_laser_sensors:/home/user/exchange/workspace/install/tiago_pro_description:/home/user/exchange/workspace/install/tiago_pro_bringup:/home/user/exchange/workspace/install/tiago_pro_controller_configuration:/home/user/exchange/workspace/install/tiago_pro_2dnav:/home/user/exchange/workspace/install/ros2_linkattacher:/home/user/exchange/workspace/install/pal_sea_arm_moveit_config:/home/user/exchange/workspace/install/pal_sea_arm:/home/user/exchange/workspace/install/pal_sea_arm_bringup:/home/user/exchange/workspace/install/pal_sea_arm_description:/home/user/exchange/workspace/install/pal_sea_arm_controller_configuration:/home/user/exchange/workspace/install/pal_pro_gripper_simulation:/home/user/exchange/workspace/install/pal_pro_gripper_bringup:/home/user/exchange/workspace/install/pal_pro_gripper:/home/user/exchange/workspace/install/pal_pro_gripper_controller_configuration:/home/user/exchange/workspace/install/pal_pro_gripper_description:/home/user/exchange/workspace/install/pal_gazebo_worlds:/home/user/exchange/workspace/install/linkattacher_msgs:/opt/ros/humble CMAKE_PREFIX_PATH=/home/user/exchange/workspace/install/tiago_pro_description:/home/user/exchange/workspace/install/tiago_pro_bringup:/home/user/exchange/workspace/install/tiago_pro_controller_configuration:/home/user/exchange/workspace/install/pal_sea_arm_description:/home/user/exchange/workspace/install/pal_sea_arm_controller_configuration:/home/user/exchange/workspace/install/pal_pro_gripper_controller_configuration:/home/user/exchange/workspace/install/pal_pro_gripper_description:/home/user/exchange/workspace/install/tiago_manipulation_tasks:/home/user/exchange/workspace/install/tiago_pro_simulation:/home/user/exchange/workspace/install/tiago_pro_robot:/home/user/exchange/workspace/install/tiago_pro_navigation:/home/user/exchange/workspace/install/tiago_pro_gazebo:/home/user/exchange/workspace/install/tiago_pro_rgbd_sensors:/home/user/exchange/workspace/install/tiago_pro_mujoco:/home/user/exchange/workspace/install/tiago_pro_moveit_config:/home/user/exchange/workspace/install/tiago_pro_laser_sensors:/home/user/exchange/workspace/install/tiago_pro_2dnav:/home/user/exchange/workspace/install/ros2_linkattacher:/home/user/exchange/workspace/install/pal_sea_arm_moveit_config:/home/user/exchange/workspace/install/pal_sea_arm:/home/user/exchange/workspace/install/pal_sea_arm_bringup:/home/user/exchange/workspace/install/pal_pro_gripper_simulation:/home/user/exchange/workspace/install/pal_pro_gripper_bringup:/home/user/exchange/workspace/install/pal_pro_gripper:/home/user/exchange/workspace/install/pal_gazebo_worlds:/home/user/exchange/workspace/install/linkattacher_msgs:/home/user/exchange/workspace/install/pick_task:/home/user/exchange/workspace/install/pal_pro_gripper_wrapper:/opt/ros/humble PYTHONPATH=/home/user/exchange/workspace/install/pal_pro_gripper_wrapper/lib/python3.10/site-packages:/home/user/exchange/workspace/install/pick_task/lib/python3.10/site-packages:/home/user/exchange/workspace/install/tiago_pro_description/local/lib/python3.10/dist-packages:/home/user/exchange/workspace/install/pal_sea_arm_description/local/lib/python3.10/dist-packages:/home/user/exchange/workspace/install/pal_pro_gripper_description/local/lib/python3.10/dist-packages:/home/user/exchange/workspace/install/linkattacher_msgs/local/lib/python3.10/dist-packages:/opt/ros/humble/lib/python3.10/site-packages:/opt/ros/humble/local/lib/python3.10/dist-packages /usr/bin/cmake --build /home/user/exchange/workspace/build/tiago_pro_robot -- -j12 -l12
[1.454s] Level 1:colcon.colcon_core.environment:create_environment_scripts_only(tiago_pro_moveit_config)
[1.454s] Level 1:colcon.colcon_core.environment:checking '/home/user/exchange/workspace/install/tiago_pro_moveit_config' for CMake module files
[1.455s] Level 1:colcon.colcon_core.environment:checking '/home/user/exchange/workspace/install/tiago_pro_moveit_config' for CMake config files
[1.456s] Level 1:colcon.colcon_core.shell:create_environment_hook('tiago_pro_moveit_config', 'cmake_prefix_path')
[1.456s] INFO:colcon.colcon_core.shell:Creating environment hook '/home/user/exchange/workspace/install/tiago_pro_moveit_config/share/tiago_pro_moveit_config/hook/cmake_prefix_path.ps1'
[1.456s] INFO:colcon.colcon_core.shell:Creating environment descriptor '/home/user/exchange/workspace/install/tiago_pro_moveit_config/share/tiago_pro_moveit_config/hook/cmake_prefix_path.dsv'
[1.457s] INFO:colcon.colcon_core.shell:Creating environment hook '/home/user/exchange/workspace/install/tiago_pro_moveit_config/share/tiago_pro_moveit_config/hook/cmake_prefix_path.sh'
[1.457s] Level 1:colcon.colcon_core.environment:checking '/home/user/exchange/workspace/install/tiago_pro_moveit_config/lib'
[1.458s] Level 1:colcon.colcon_core.environment:checking '/home/user/exchange/workspace/install/tiago_pro_moveit_config/bin'
[1.458s] Level 1:colcon.colcon_core.environment:checking '/home/user/exchange/workspace/install/tiago_pro_moveit_config/lib/pkgconfig/tiago_pro_moveit_config.pc'
[1.458s] Level 1:colcon.colcon_core.environment:checking '/home/user/exchange/workspace/install/tiago_pro_moveit_config/lib/python3.10/site-packages'
[1.458s] Level 1:colcon.colcon_core.environment:checking '/home/user/exchange/workspace/install/tiago_pro_moveit_config/bin'
[1.458s] INFO:colcon.colcon_core.shell:Creating package script '/home/user/exchange/workspace/install/tiago_pro_moveit_config/share/tiago_pro_moveit_config/package.ps1'
[1.459s] INFO:colcon.colcon_core.shell:Creating package descriptor '/home/user/exchange/workspace/install/tiago_pro_moveit_config/share/tiago_pro_moveit_config/package.dsv'
[1.459s] DEBUG:colcon.colcon_core.event_handler.log_command:Invoking command in '/home/user/exchange/workspace/build/tiago_pro_robot': AMENT_PREFIX_PATH=/home/user/exchange/workspace/install/pal_pro_gripper_wrapper:/home/user/exchange/workspace/install/tiago_manipulation_tasks:/home/user/exchange/workspace/install/pick_task:/home/user/exchange/workspace/install/tiago_pro_simulation:/home/user/exchange/workspace/install/tiago_pro_robot:/home/user/exchange/workspace/install/tiago_pro_navigation:/home/user/exchange/workspace/install/tiago_pro_gazebo:/home/user/exchange/workspace/install/tiago_pro_rgbd_sensors:/home/user/exchange/workspace/install/tiago_pro_mujoco:/home/user/exchange/workspace/install/tiago_pro_moveit_config:/home/user/exchange/workspace/install/tiago_pro_laser_sensors:/home/user/exchange/workspace/install/tiago_pro_description:/home/user/exchange/workspace/install/tiago_pro_bringup:/home/user/exchange/workspace/install/tiago_pro_controller_configuration:/home/user/exchange/workspace/install/tiago_pro_2dnav:/home/user/exchange/workspace/install/ros2_linkattacher:/home/user/exchange/workspace/install/pal_sea_arm_moveit_config:/home/user/exchange/workspace/install/pal_sea_arm:/home/user/exchange/workspace/install/pal_sea_arm_bringup:/home/user/exchange/workspace/install/pal_sea_arm_description:/home/user/exchange/workspace/install/pal_sea_arm_controller_configuration:/home/user/exchange/workspace/install/pal_pro_gripper_simulation:/home/user/exchange/workspace/install/pal_pro_gripper_bringup:/home/user/exchange/workspace/install/pal_pro_gripper:/home/user/exchange/workspace/install/pal_pro_gripper_controller_configuration:/home/user/exchange/workspace/install/pal_pro_gripper_description:/home/user/exchange/workspace/install/pal_gazebo_worlds:/home/user/exchange/workspace/install/linkattacher_msgs:/opt/ros/humble CMAKE_PREFIX_PATH=/home/user/exchange/workspace/install/tiago_pro_description:/home/user/exchange/workspace/install/tiago_pro_bringup:/home/user/exchange/workspace/install/tiago_pro_controller_configuration:/home/user/exchange/workspace/install/pal_sea_arm_description:/home/user/exchange/workspace/install/pal_sea_arm_controller_configuration:/home/user/exchange/workspace/install/pal_pro_gripper_controller_configuration:/home/user/exchange/workspace/install/pal_pro_gripper_description:/home/user/exchange/workspace/install/tiago_manipulation_tasks:/home/user/exchange/workspace/install/tiago_pro_simulation:/home/user/exchange/workspace/install/tiago_pro_robot:/home/user/exchange/workspace/install/tiago_pro_navigation:/home/user/exchange/workspace/install/tiago_pro_gazebo:/home/user/exchange/workspace/install/tiago_pro_rgbd_sensors:/home/user/exchange/workspace/install/tiago_pro_mujoco:/home/user/exchange/workspace/install/tiago_pro_moveit_config:/home/user/exchange/workspace/install/tiago_pro_laser_sensors:/home/user/exchange/workspace/install/tiago_pro_2dnav:/home/user/exchange/workspace/install/ros2_linkattacher:/home/user/exchange/workspace/install/pal_sea_arm_moveit_config:/home/user/exchange/workspace/install/pal_sea_arm:/home/user/exchange/workspace/install/pal_sea_arm_bringup:/home/user/exchange/workspace/install/pal_pro_gripper_simulation:/home/user/exchange/workspace/install/pal_pro_gripper_bringup:/home/user/exchange/workspace/install/pal_pro_gripper:/home/user/exchange/workspace/install/pal_gazebo_worlds:/home/user/exchange/workspace/install/linkattacher_msgs:/home/user/exchange/workspace/install/pick_task:/home/user/exchange/workspace/install/pal_pro_gripper_wrapper:/opt/ros/humble PYTHONPATH=/home/user/exchange/workspace/install/pal_pro_gripper_wrapper/lib/python3.10/site-packages:/home/user/exchange/workspace/install/pick_task/lib/python3.10/site-packages:/home/user/exchange/workspace/install/tiago_pro_description/local/lib/python3.10/dist-packages:/home/user/exchange/workspace/install/pal_sea_arm_description/local/lib/python3.10/dist-packages:/home/user/exchange/workspace/install/pal_pro_gripper_description/local/lib/python3.10/dist-packages:/home/user/exchange/workspace/install/linkattacher_msgs/local/lib/python3.10/dist-packages:/opt/ros/humble/lib/python3.10/site-packages:/opt/ros/humble/local/lib/python3.10/dist-packages /usr/bin/cmake --install /home/user/exchange/workspace/build/tiago_pro_robot
[1.459s] INFO:colcon.colcon_core.shell:Creating package script '/home/user/exchange/workspace/install/tiago_pro_moveit_config/share/tiago_pro_moveit_config/package.sh'
[1.460s] INFO:colcon.colcon_core.shell:Creating package script '/home/user/exchange/workspace/install/tiago_pro_moveit_config/share/tiago_pro_moveit_config/package.bash'
[1.460s] INFO:colcon.colcon_core.shell:Creating package script '/home/user/exchange/workspace/install/tiago_pro_moveit_config/share/tiago_pro_moveit_config/package.zsh'
[1.460s] Level 1:colcon.colcon_core.environment:create_file_with_runtime_dependencies(/home/user/exchange/workspace/install/tiago_pro_moveit_config/share/colcon-core/packages/tiago_pro_moveit_config)
[1.461s] Level 1:colcon.colcon_core.environment:create_environment_scripts_only(tiago_pro_moveit_config)
[1.461s] Level 1:colcon.colcon_core.environment:checking '/home/user/exchange/workspace/install/tiago_pro_moveit_config' for CMake module files
[1.462s] Level 1:colcon.colcon_core.environment:checking '/home/user/exchange/workspace/install/tiago_pro_moveit_config' for CMake config files
[1.463s] Level 1:colcon.colcon_core.shell:create_environment_hook('tiago_pro_moveit_config', 'cmake_prefix_path')
[1.463s] INFO:colcon.colcon_core.shell:Creating environment hook '/home/user/exchange/workspace/install/tiago_pro_moveit_config/share/tiago_pro_moveit_config/hook/cmake_prefix_path.ps1'
[1.463s] INFO:colcon.colcon_core.shell:Creating environment descriptor '/home/user/exchange/workspace/install/tiago_pro_moveit_config/share/tiago_pro_moveit_config/hook/cmake_prefix_path.dsv'
[1.464s] INFO:colcon.colcon_core.shell:Creating environment hook '/home/user/exchange/workspace/install/tiago_pro_moveit_config/share/tiago_pro_moveit_config/hook/cmake_prefix_path.sh'
[1.464s] Level 1:colcon.colcon_core.environment:checking '/home/user/exchange/workspace/install/tiago_pro_moveit_config/lib'
[1.464s] Level 1:colcon.colcon_core.environment:checking '/home/user/exchange/workspace/install/tiago_pro_moveit_config/bin'
[1.464s] Level 1:colcon.colcon_core.environment:checking '/home/user/exchange/workspace/install/tiago_pro_moveit_config/lib/pkgconfig/tiago_pro_moveit_config.pc'
[1.464s] Level 1:colcon.colcon_core.environment:checking '/home/user/exchange/workspace/install/tiago_pro_moveit_config/lib/python3.10/site-packages'
[1.465s] Level 1:colcon.colcon_core.environment:checking '/home/user/exchange/workspace/install/tiago_pro_moveit_config/bin'
[1.465s] INFO:colcon.colcon_core.shell:Creating package script '/home/user/exchange/workspace/install/tiago_pro_moveit_config/share/tiago_pro_moveit_config/package.ps1'
[1.466s] DEBUG:colcon.colcon_core.event_handler.log_command:Invoked command in '/home/user/exchange/workspace/build/tiago_pro_moveit_config' returned '0': AMENT_PREFIX_PATH=/home/user/exchange/workspace/install/pal_pro_gripper_wrapper:/home/user/exchange/workspace/install/tiago_manipulation_tasks:/home/user/exchange/workspace/install/pick_task:/home/user/exchange/workspace/install/tiago_pro_simulation:/home/user/exchange/workspace/install/tiago_pro_robot:/home/user/exchange/workspace/install/tiago_pro_navigation:/home/user/exchange/workspace/install/tiago_pro_gazebo:/home/user/exchange/workspace/install/tiago_pro_rgbd_sensors:/home/user/exchange/workspace/install/tiago_pro_mujoco:/home/user/exchange/workspace/install/tiago_pro_moveit_config:/home/user/exchange/workspace/install/tiago_pro_laser_sensors:/home/user/exchange/workspace/install/tiago_pro_description:/home/user/exchange/workspace/install/tiago_pro_bringup:/home/user/exchange/workspace/install/tiago_pro_controller_configuration:/home/user/exchange/workspace/install/tiago_pro_2dnav:/home/user/exchange/workspace/install/ros2_linkattacher:/home/user/exchange/workspace/install/pal_sea_arm_moveit_config:/home/user/exchange/workspace/install/pal_sea_arm:/home/user/exchange/workspace/install/pal_sea_arm_bringup:/home/user/exchange/workspace/install/pal_sea_arm_description:/home/user/exchange/workspace/install/pal_sea_arm_controller_configuration:/home/user/exchange/workspace/install/pal_pro_gripper_simulation:/home/user/exchange/workspace/install/pal_pro_gripper_bringup:/home/user/exchange/workspace/install/pal_pro_gripper:/home/user/exchange/workspace/install/pal_pro_gripper_controller_configuration:/home/user/exchange/workspace/install/pal_pro_gripper_description:/home/user/exchange/workspace/install/pal_gazebo_worlds:/home/user/exchange/workspace/install/linkattacher_msgs:/opt/ros/humble CMAKE_PREFIX_PATH=/home/user/exchange/workspace/install/tiago_pro_description:/home/user/exchange/workspace/install/pal_sea_arm_moveit_config:/home/user/exchange/workspace/install/pal_sea_arm_description:/home/user/exchange/workspace/install/pal_sea_arm_controller_configuration:/home/user/exchange/workspace/install/pal_pro_gripper_controller_configuration:/home/user/exchange/workspace/install/pal_pro_gripper_description:/home/user/exchange/workspace/install/tiago_manipulation_tasks:/home/user/exchange/workspace/install/tiago_pro_simulation:/home/user/exchange/workspace/install/tiago_pro_robot:/home/user/exchange/workspace/install/tiago_pro_navigation:/home/user/exchange/workspace/install/tiago_pro_gazebo:/home/user/exchange/workspace/install/tiago_pro_rgbd_sensors:/home/user/exchange/workspace/install/tiago_pro_mujoco:/home/user/exchange/workspace/install/tiago_pro_moveit_config:/home/user/exchange/workspace/install/tiago_pro_laser_sensors:/home/user/exchange/workspace/install/tiago_pro_bringup:/home/user/exchange/workspace/install/tiago_pro_controller_configuration:/home/user/exchange/workspace/install/tiago_pro_2dnav:/home/user/exchange/workspace/install/ros2_linkattacher:/home/user/exchange/workspace/install/pal_sea_arm:/home/user/exchange/workspace/install/pal_sea_arm_bringup:/home/user/exchange/workspace/install/pal_pro_gripper_simulation:/home/user/exchange/workspace/install/pal_pro_gripper_bringup:/home/user/exchange/workspace/install/pal_pro_gripper:/home/user/exchange/workspace/install/pal_gazebo_worlds:/home/user/exchange/workspace/install/linkattacher_msgs:/home/user/exchange/workspace/install/pick_task:/home/user/exchange/workspace/install/pal_pro_gripper_wrapper:/opt/ros/humble PYTHONPATH=/home/user/exchange/workspace/install/pal_pro_gripper_wrapper/lib/python3.10/site-packages:/home/user/exchange/workspace/install/pick_task/lib/python3.10/site-packages:/home/user/exchange/workspace/install/tiago_pro_description/local/lib/python3.10/dist-packages:/home/user/exchange/workspace/install/pal_sea_arm_description/local/lib/python3.10/dist-packages:/home/user/exchange/workspace/install/pal_pro_gripper_description/local/lib/python3.10/dist-packages:/home/user/exchange/workspace/install/linkattacher_msgs/local/lib/python3.10/dist-packages:/opt/ros/humble/lib/python3.10/site-packages:/opt/ros/humble/local/lib/python3.10/dist-packages /usr/bin/cmake --install /home/user/exchange/workspace/build/tiago_pro_moveit_config
[1.467s] INFO:colcon.colcon_core.shell:Creating package descriptor '/home/user/exchange/workspace/install/tiago_pro_moveit_config/share/tiago_pro_moveit_config/package.dsv'
[1.467s] INFO:colcon.colcon_core.shell:Creating package script '/home/user/exchange/workspace/install/tiago_pro_moveit_config/share/tiago_pro_moveit_config/package.sh'
[1.467s] INFO:colcon.colcon_core.shell:Creating package script '/home/user/exchange/workspace/install/tiago_pro_moveit_config/share/tiago_pro_moveit_config/package.bash'
[1.467s] INFO:colcon.colcon_core.shell:Creating package script '/home/user/exchange/workspace/install/tiago_pro_moveit_config/share/tiago_pro_moveit_config/package.zsh'
[1.468s] Level 1:colcon.colcon_core.environment:create_file_with_runtime_dependencies(/home/user/exchange/workspace/install/tiago_pro_moveit_config/share/colcon-core/packages/tiago_pro_moveit_config)
[1.468s] INFO:colcon.colcon_ros.task.ament_cmake.build:Building ROS package in '/home/user/exchange/workspace/src/tiago_pro_simulation/tiago_pro_gazebo' with build type 'ament_cmake'
[1.468s] INFO:colcon.colcon_cmake.task.cmake.build:Building CMake package in '/home/user/exchange/workspace/src/tiago_pro_simulation/tiago_pro_gazebo'
[1.468s] INFO:colcon.colcon_core.shell:Skip shell extension 'powershell' for command environment: Not usable outside of PowerShell
[1.468s] DEBUG:colcon.colcon_core.shell:Skip shell extension 'dsv' for command environment
[1.472s] INFO:colcon.colcon_ros.task.ament_cmake.build:Building ROS package in '/home/user/exchange/workspace/src/tiago_pro_simulation/tiago_pro_mujoco' with build type 'ament_cmake'
[1.472s] INFO:colcon.colcon_cmake.task.cmake.build:Building CMake package in '/home/user/exchange/workspace/src/tiago_pro_simulation/tiago_pro_mujoco'
[1.472s] INFO:colcon.colcon_core.shell:Skip shell extension 'powershell' for command environment: Not usable outside of PowerShell
[1.472s] DEBUG:colcon.colcon_core.shell:Skip shell extension 'dsv' for command environment
[1.476s] Level 1:colcon.colcon_core.environment:create_environment_scripts_only(tiago_pro_robot)
[1.476s] Level 1:colcon.colcon_core.environment:checking '/home/user/exchange/workspace/install/tiago_pro_robot' for CMake module files
[1.476s] DEBUG:colcon.colcon_core.event_handler.log_command:Invoked command in '/home/user/exchange/workspace/build/tiago_pro_robot' returned '0': AMENT_PREFIX_PATH=/home/user/exchange/workspace/install/pal_pro_gripper_wrapper:/home/user/exchange/workspace/install/tiago_manipulation_tasks:/home/user/exchange/workspace/install/pick_task:/home/user/exchange/workspace/install/tiago_pro_simulation:/home/user/exchange/workspace/install/tiago_pro_robot:/home/user/exchange/workspace/install/tiago_pro_navigation:/home/user/exchange/workspace/install/tiago_pro_gazebo:/home/user/exchange/workspace/install/tiago_pro_rgbd_sensors:/home/user/exchange/workspace/install/tiago_pro_mujoco:/home/user/exchange/workspace/install/tiago_pro_moveit_config:/home/user/exchange/workspace/install/tiago_pro_laser_sensors:/home/user/exchange/workspace/install/tiago_pro_description:/home/user/exchange/workspace/install/tiago_pro_bringup:/home/user/exchange/workspace/install/tiago_pro_controller_configuration:/home/user/exchange/workspace/install/tiago_pro_2dnav:/home/user/exchange/workspace/install/ros2_linkattacher:/home/user/exchange/workspace/install/pal_sea_arm_moveit_config:/home/user/exchange/workspace/install/pal_sea_arm:/home/user/exchange/workspace/install/pal_sea_arm_bringup:/home/user/exchange/workspace/install/pal_sea_arm_description:/home/user/exchange/workspace/install/pal_sea_arm_controller_configuration:/home/user/exchange/workspace/install/pal_pro_gripper_simulation:/home/user/exchange/workspace/install/pal_pro_gripper_bringup:/home/user/exchange/workspace/install/pal_pro_gripper:/home/user/exchange/workspace/install/pal_pro_gripper_controller_configuration:/home/user/exchange/workspace/install/pal_pro_gripper_description:/home/user/exchange/workspace/install/pal_gazebo_worlds:/home/user/exchange/workspace/install/linkattacher_msgs:/opt/ros/humble CMAKE_PREFIX_PATH=/home/user/exchange/workspace/install/tiago_pro_description:/home/user/exchange/workspace/install/tiago_pro_bringup:/home/user/exchange/workspace/install/tiago_pro_controller_configuration:/home/user/exchange/workspace/install/pal_sea_arm_description:/home/user/exchange/workspace/install/pal_sea_arm_controller_configuration:/home/user/exchange/workspace/install/pal_pro_gripper_controller_configuration:/home/user/exchange/workspace/install/pal_pro_gripper_description:/home/user/exchange/workspace/install/tiago_manipulation_tasks:/home/user/exchange/workspace/install/tiago_pro_simulation:/home/user/exchange/workspace/install/tiago_pro_robot:/home/user/exchange/workspace/install/tiago_pro_navigation:/home/user/exchange/workspace/install/tiago_pro_gazebo:/home/user/exchange/workspace/install/tiago_pro_rgbd_sensors:/home/user/exchange/workspace/install/tiago_pro_mujoco:/home/user/exchange/workspace/install/tiago_pro_moveit_config:/home/user/exchange/workspace/install/tiago_pro_laser_sensors:/home/user/exchange/workspace/install/tiago_pro_2dnav:/home/user/exchange/workspace/install/ros2_linkattacher:/home/user/exchange/workspace/install/pal_sea_arm_moveit_config:/home/user/exchange/workspace/install/pal_sea_arm:/home/user/exchange/workspace/install/pal_sea_arm_bringup:/home/user/exchange/workspace/install/pal_pro_gripper_simulation:/home/user/exchange/workspace/install/pal_pro_gripper_bringup:/home/user/exchange/workspace/install/pal_pro_gripper:/home/user/exchange/workspace/install/pal_gazebo_worlds:/home/user/exchange/workspace/install/linkattacher_msgs:/home/user/exchange/workspace/install/pick_task:/home/user/exchange/workspace/install/pal_pro_gripper_wrapper:/opt/ros/humble PYTHONPATH=/home/user/exchange/workspace/install/pal_pro_gripper_wrapper/lib/python3.10/site-packages:/home/user/exchange/workspace/install/pick_task/lib/python3.10/site-packages:/home/user/exchange/workspace/install/tiago_pro_description/local/lib/python3.10/dist-packages:/home/user/exchange/workspace/install/pal_sea_arm_description/local/lib/python3.10/dist-packages:/home/user/exchange/workspace/install/pal_pro_gripper_description/local/lib/python3.10/dist-packages:/home/user/exchange/workspace/install/linkattacher_msgs/local/lib/python3.10/dist-packages:/opt/ros/humble/lib/python3.10/site-packages:/opt/ros/humble/local/lib/python3.10/dist-packages /usr/bin/cmake --install /home/user/exchange/workspace/build/tiago_pro_robot
[1.476s] Level 1:colcon.colcon_core.environment:checking '/home/user/exchange/workspace/install/tiago_pro_robot' for CMake config files
[1.477s] Level 1:colcon.colcon_core.shell:create_environment_hook('tiago_pro_robot', 'cmake_prefix_path')
[1.477s] INFO:colcon.colcon_core.shell:Creating environment hook '/home/user/exchange/workspace/install/tiago_pro_robot/share/tiago_pro_robot/hook/cmake_prefix_path.ps1'
[1.477s] INFO:colcon.colcon_core.shell:Creating environment descriptor '/home/user/exchange/workspace/install/tiago_pro_robot/share/tiago_pro_robot/hook/cmake_prefix_path.dsv'
[1.477s] INFO:colcon.colcon_core.shell:Creating environment hook '/home/user/exchange/workspace/install/tiago_pro_robot/share/tiago_pro_robot/hook/cmake_prefix_path.sh'
[1.478s] Level 1:colcon.colcon_core.environment:checking '/home/user/exchange/workspace/install/tiago_pro_robot/bin'
[1.478s] Level 1:colcon.colcon_core.environment:checking '/home/user/exchange/workspace/install/tiago_pro_robot/lib/pkgconfig/tiago_pro_robot.pc'
[1.478s] Level 1:colcon.colcon_core.environment:checking '/home/user/exchange/workspace/install/tiago_pro_robot/lib/python3.10/site-packages'
[1.478s] Level 1:colcon.colcon_core.environment:checking '/home/user/exchange/workspace/install/tiago_pro_robot/bin'
[1.479s] INFO:colcon.colcon_core.shell:Creating package script '/home/user/exchange/workspace/install/tiago_pro_robot/share/tiago_pro_robot/package.ps1'
[1.479s] INFO:colcon.colcon_core.shell:Creating package descriptor '/home/user/exchange/workspace/install/tiago_pro_robot/share/tiago_pro_robot/package.dsv'
[1.479s] INFO:colcon.colcon_core.shell:Creating package script '/home/user/exchange/workspace/install/tiago_pro_robot/share/tiago_pro_robot/package.sh'
[1.480s] INFO:colcon.colcon_core.shell:Creating package script '/home/user/exchange/workspace/install/tiago_pro_robot/share/tiago_pro_robot/package.bash'
[1.480s] INFO:colcon.colcon_core.shell:Creating package script '/home/user/exchange/workspace/install/tiago_pro_robot/share/tiago_pro_robot/package.zsh'
[1.480s] Level 1:colcon.colcon_core.environment:create_file_with_runtime_dependencies(/home/user/exchange/workspace/install/tiago_pro_robot/share/colcon-core/packages/tiago_pro_robot)
[1.481s] Level 1:colcon.colcon_core.environment:create_environment_scripts_only(tiago_pro_robot)
[1.481s] Level 1:colcon.colcon_core.environment:checking '/home/user/exchange/workspace/install/tiago_pro_robot' for CMake module files
[1.481s] Level 1:colcon.colcon_core.environment:checking '/home/user/exchange/workspace/install/tiago_pro_robot' for CMake config files
[1.481s] Level 1:colcon.colcon_core.shell:create_environment_hook('tiago_pro_robot', 'cmake_prefix_path')
[1.481s] INFO:colcon.colcon_core.shell:Creating environment hook '/home/user/exchange/workspace/install/tiago_pro_robot/share/tiago_pro_robot/hook/cmake_prefix_path.ps1'
[1.482s] INFO:colcon.colcon_core.shell:Creating environment descriptor '/home/user/exchange/workspace/install/tiago_pro_robot/share/tiago_pro_robot/hook/cmake_prefix_path.dsv'
[1.482s] INFO:colcon.colcon_core.shell:Creating environment hook '/home/user/exchange/workspace/install/tiago_pro_robot/share/tiago_pro_robot/hook/cmake_prefix_path.sh'
[1.482s] Level 1:colcon.colcon_core.environment:checking '/home/user/exchange/workspace/install/tiago_pro_robot/bin'
[1.483s] Level 1:colcon.colcon_core.environment:checking '/home/user/exchange/workspace/install/tiago_pro_robot/lib/pkgconfig/tiago_pro_robot.pc'
[1.483s] Level 1:colcon.colcon_core.environment:checking '/home/user/exchange/workspace/install/tiago_pro_robot/lib/python3.10/site-packages'
[1.483s] Level 1:colcon.colcon_core.environment:checking '/home/user/exchange/workspace/install/tiago_pro_robot/bin'
[1.483s] INFO:colcon.colcon_core.shell:Creating package script '/home/user/exchange/workspace/install/tiago_pro_robot/share/tiago_pro_robot/package.ps1'
[1.483s] INFO:colcon.colcon_core.shell:Creating package descriptor '/home/user/exchange/workspace/install/tiago_pro_robot/share/tiago_pro_robot/package.dsv'
[1.484s] INFO:colcon.colcon_core.shell:Creating package script '/home/user/exchange/workspace/install/tiago_pro_robot/share/tiago_pro_robot/package.sh'
[1.484s] INFO:colcon.colcon_core.shell:Creating package script '/home/user/exchange/workspace/install/tiago_pro_robot/share/tiago_pro_robot/package.bash'
[1.484s] INFO:colcon.colcon_core.shell:Creating package script '/home/user/exchange/workspace/install/tiago_pro_robot/share/tiago_pro_robot/package.zsh'
[1.484s] Level 1:colcon.colcon_core.environment:create_file_with_runtime_dependencies(/home/user/exchange/workspace/install/tiago_pro_robot/share/colcon-core/packages/tiago_pro_robot)
[1.486s] DEBUG:colcon.colcon_core.event_handler.log_command:Invoking command in '/home/user/exchange/workspace/build/tiago_pro_gazebo': AMENT_PREFIX_PATH=/home/user/exchange/workspace/install/pal_pro_gripper_wrapper:/home/user/exchange/workspace/install/tiago_manipulation_tasks:/home/user/exchange/workspace/install/pick_task:/home/user/exchange/workspace/install/tiago_pro_simulation:/home/user/exchange/workspace/install/tiago_pro_robot:/home/user/exchange/workspace/install/tiago_pro_navigation:/home/user/exchange/workspace/install/tiago_pro_gazebo:/home/user/exchange/workspace/install/tiago_pro_rgbd_sensors:/home/user/exchange/workspace/install/tiago_pro_mujoco:/home/user/exchange/workspace/install/tiago_pro_moveit_config:/home/user/exchange/workspace/install/tiago_pro_laser_sensors:/home/user/exchange/workspace/install/tiago_pro_description:/home/user/exchange/workspace/install/tiago_pro_bringup:/home/user/exchange/workspace/install/tiago_pro_controller_configuration:/home/user/exchange/workspace/install/tiago_pro_2dnav:/home/user/exchange/workspace/install/ros2_linkattacher:/home/user/exchange/workspace/install/pal_sea_arm_moveit_config:/home/user/exchange/workspace/install/pal_sea_arm:/home/user/exchange/workspace/install/pal_sea_arm_bringup:/home/user/exchange/workspace/install/pal_sea_arm_description:/home/user/exchange/workspace/install/pal_sea_arm_controller_configuration:/home/user/exchange/workspace/install/pal_pro_gripper_simulation:/home/user/exchange/workspace/install/pal_pro_gripper_bringup:/home/user/exchange/workspace/install/pal_pro_gripper:/home/user/exchange/workspace/install/pal_pro_gripper_controller_configuration:/home/user/exchange/workspace/install/pal_pro_gripper_description:/home/user/exchange/workspace/install/pal_gazebo_worlds:/home/user/exchange/workspace/install/linkattacher_msgs:/opt/ros/humble CMAKE_PREFIX_PATH=/home/user/exchange/workspace/install/tiago_pro_moveit_config:/home/user/exchange/workspace/install/tiago_pro_description:/home/user/exchange/workspace/install/tiago_pro_bringup:/home/user/exchange/workspace/install/pal_sea_arm_moveit_config:/home/user/exchange/workspace/install/tiago_pro_controller_configuration:/home/user/exchange/workspace/install/pal_sea_arm_description:/home/user/exchange/workspace/install/pal_sea_arm_controller_configuration:/home/user/exchange/workspace/install/pal_pro_gripper_controller_configuration:/home/user/exchange/workspace/install/tiago_pro_rgbd_sensors:/home/user/exchange/workspace/install/tiago_pro_laser_sensors:/home/user/exchange/workspace/install/tiago_pro_2dnav:/home/user/exchange/workspace/install/pal_pro_gripper_description:/home/user/exchange/workspace/install/pal_gazebo_worlds:/home/user/exchange/workspace/install/tiago_manipulation_tasks:/home/user/exchange/workspace/install/tiago_pro_simulation:/home/user/exchange/workspace/install/tiago_pro_robot:/home/user/exchange/workspace/install/tiago_pro_navigation:/home/user/exchange/workspace/install/tiago_pro_gazebo:/home/user/exchange/workspace/install/tiago_pro_mujoco:/home/user/exchange/workspace/install/ros2_linkattacher:/home/user/exchange/workspace/install/pal_sea_arm:/home/user/exchange/workspace/install/pal_sea_arm_bringup:/home/user/exchange/workspace/install/pal_pro_gripper_simulation:/home/user/exchange/workspace/install/pal_pro_gripper_bringup:/home/user/exchange/workspace/install/pal_pro_gripper:/home/user/exchange/workspace/install/linkattacher_msgs:/home/user/exchange/workspace/install/pick_task:/home/user/exchange/workspace/install/pal_pro_gripper_wrapper:/opt/ros/humble PYTHONPATH=/home/user/exchange/workspace/install/pal_pro_gripper_wrapper/lib/python3.10/site-packages:/home/user/exchange/workspace/install/pick_task/lib/python3.10/site-packages:/home/user/exchange/workspace/install/tiago_pro_description/local/lib/python3.10/dist-packages:/home/user/exchange/workspace/install/pal_sea_arm_description/local/lib/python3.10/dist-packages:/home/user/exchange/workspace/install/pal_pro_gripper_description/local/lib/python3.10/dist-packages:/home/user/exchange/workspace/install/linkattacher_msgs/local/lib/python3.10/dist-packages:/opt/ros/humble/lib/python3.10/site-packages:/opt/ros/humble/local/lib/python3.10/dist-packages /usr/bin/cmake --build /home/user/exchange/workspace/build/tiago_pro_gazebo -- -j12 -l12
[1.488s] DEBUG:colcon.colcon_core.event_handler.log_command:Invoking command in '/home/user/exchange/workspace/build/tiago_pro_mujoco': AMENT_PREFIX_PATH=/home/user/exchange/workspace/install/pal_pro_gripper_wrapper:/home/user/exchange/workspace/install/tiago_manipulation_tasks:/home/user/exchange/workspace/install/pick_task:/home/user/exchange/workspace/install/tiago_pro_simulation:/home/user/exchange/workspace/install/tiago_pro_robot:/home/user/exchange/workspace/install/tiago_pro_navigation:/home/user/exchange/workspace/install/tiago_pro_gazebo:/home/user/exchange/workspace/install/tiago_pro_rgbd_sensors:/home/user/exchange/workspace/install/tiago_pro_mujoco:/home/user/exchange/workspace/install/tiago_pro_moveit_config:/home/user/exchange/workspace/install/tiago_pro_laser_sensors:/home/user/exchange/workspace/install/tiago_pro_description:/home/user/exchange/workspace/install/tiago_pro_bringup:/home/user/exchange/workspace/install/tiago_pro_controller_configuration:/home/user/exchange/workspace/install/tiago_pro_2dnav:/home/user/exchange/workspace/install/ros2_linkattacher:/home/user/exchange/workspace/install/pal_sea_arm_moveit_config:/home/user/exchange/workspace/install/pal_sea_arm:/home/user/exchange/workspace/install/pal_sea_arm_bringup:/home/user/exchange/workspace/install/pal_sea_arm_description:/home/user/exchange/workspace/install/pal_sea_arm_controller_configuration:/home/user/exchange/workspace/install/pal_pro_gripper_simulation:/home/user/exchange/workspace/install/pal_pro_gripper_bringup:/home/user/exchange/workspace/install/pal_pro_gripper:/home/user/exchange/workspace/install/pal_pro_gripper_controller_configuration:/home/user/exchange/workspace/install/pal_pro_gripper_description:/home/user/exchange/workspace/install/pal_gazebo_worlds:/home/user/exchange/workspace/install/linkattacher_msgs:/opt/ros/humble CMAKE_PREFIX_PATH=/home/user/exchange/workspace/install/tiago_pro_moveit_config:/home/user/exchange/workspace/install/tiago_pro_description:/home/user/exchange/workspace/install/tiago_pro_bringup:/home/user/exchange/workspace/install/pal_sea_arm_moveit_config:/home/user/exchange/workspace/install/tiago_pro_controller_configuration:/home/user/exchange/workspace/install/pal_sea_arm_description:/home/user/exchange/workspace/install/pal_sea_arm_controller_configuration:/home/user/exchange/workspace/install/pal_pro_gripper_controller_configuration:/home/user/exchange/workspace/install/tiago_pro_laser_sensors:/home/user/exchange/workspace/install/pal_pro_gripper_description:/home/user/exchange/workspace/install/tiago_manipulation_tasks:/home/user/exchange/workspace/install/tiago_pro_simulation:/home/user/exchange/workspace/install/tiago_pro_robot:/home/user/exchange/workspace/install/tiago_pro_navigation:/home/user/exchange/workspace/install/tiago_pro_gazebo:/home/user/exchange/workspace/install/tiago_pro_rgbd_sensors:/home/user/exchange/workspace/install/tiago_pro_mujoco:/home/user/exchange/workspace/install/tiago_pro_2dnav:/home/user/exchange/workspace/install/ros2_linkattacher:/home/user/exchange/workspace/install/pal_sea_arm:/home/user/exchange/workspace/install/pal_sea_arm_bringup:/home/user/exchange/workspace/install/pal_pro_gripper_simulation:/home/user/exchange/workspace/install/pal_pro_gripper_bringup:/home/user/exchange/workspace/install/pal_pro_gripper:/home/user/exchange/workspace/install/pal_gazebo_worlds:/home/user/exchange/workspace/install/linkattacher_msgs:/home/user/exchange/workspace/install/pick_task:/home/user/exchange/workspace/install/pal_pro_gripper_wrapper:/opt/ros/humble PYTHONPATH=/home/user/exchange/workspace/install/pal_pro_gripper_wrapper/lib/python3.10/site-packages:/home/user/exchange/workspace/install/pick_task/lib/python3.10/site-packages:/home/user/exchange/workspace/install/tiago_pro_description/local/lib/python3.10/dist-packages:/home/user/exchange/workspace/install/pal_sea_arm_description/local/lib/python3.10/dist-packages:/home/user/exchange/workspace/install/pal_pro_gripper_description/local/lib/python3.10/dist-packages:/home/user/exchange/workspace/install/linkattacher_msgs/local/lib/python3.10/dist-packages:/opt/ros/humble/lib/python3.10/site-packages:/opt/ros/humble/local/lib/python3.10/dist-packages /usr/bin/cmake --build /home/user/exchange/workspace/build/tiago_pro_mujoco -- -j12 -l12
[1.506s] DEBUG:colcon.colcon_core.event_handler.log_command:Invoked command in '/home/user/exchange/workspace/build/tiago_pro_gazebo' returned '0': AMENT_PREFIX_PATH=/home/user/exchange/workspace/install/pal_pro_gripper_wrapper:/home/user/exchange/workspace/install/tiago_manipulation_tasks:/home/user/exchange/workspace/install/pick_task:/home/user/exchange/workspace/install/tiago_pro_simulation:/home/user/exchange/workspace/install/tiago_pro_robot:/home/user/exchange/workspace/install/tiago_pro_navigation:/home/user/exchange/workspace/install/tiago_pro_gazebo:/home/user/exchange/workspace/install/tiago_pro_rgbd_sensors:/home/user/exchange/workspace/install/tiago_pro_mujoco:/home/user/exchange/workspace/install/tiago_pro_moveit_config:/home/user/exchange/workspace/install/tiago_pro_laser_sensors:/home/user/exchange/workspace/install/tiago_pro_description:/home/user/exchange/workspace/install/tiago_pro_bringup:/home/user/exchange/workspace/install/tiago_pro_controller_configuration:/home/user/exchange/workspace/install/tiago_pro_2dnav:/home/user/exchange/workspace/install/ros2_linkattacher:/home/user/exchange/workspace/install/pal_sea_arm_moveit_config:/home/user/exchange/workspace/install/pal_sea_arm:/home/user/exchange/workspace/install/pal_sea_arm_bringup:/home/user/exchange/workspace/install/pal_sea_arm_description:/home/user/exchange/workspace/install/pal_sea_arm_controller_configuration:/home/user/exchange/workspace/install/pal_pro_gripper_simulation:/home/user/exchange/workspace/install/pal_pro_gripper_bringup:/home/user/exchange/workspace/install/pal_pro_gripper:/home/user/exchange/workspace/install/pal_pro_gripper_controller_configuration:/home/user/exchange/workspace/install/pal_pro_gripper_description:/home/user/exchange/workspace/install/pal_gazebo_worlds:/home/user/exchange/workspace/install/linkattacher_msgs:/opt/ros/humble CMAKE_PREFIX_PATH=/home/user/exchange/workspace/install/tiago_pro_moveit_config:/home/user/exchange/workspace/install/tiago_pro_description:/home/user/exchange/workspace/install/tiago_pro_bringup:/home/user/exchange/workspace/install/pal_sea_arm_moveit_config:/home/user/exchange/workspace/install/tiago_pro_controller_configuration:/home/user/exchange/workspace/install/pal_sea_arm_description:/home/user/exchange/workspace/install/pal_sea_arm_controller_configuration:/home/user/exchange/workspace/install/pal_pro_gripper_controller_configuration:/home/user/exchange/workspace/install/tiago_pro_rgbd_sensors:/home/user/exchange/workspace/install/tiago_pro_laser_sensors:/home/user/exchange/workspace/install/tiago_pro_2dnav:/home/user/exchange/workspace/install/pal_pro_gripper_description:/home/user/exchange/workspace/install/pal_gazebo_worlds:/home/user/exchange/workspace/install/tiago_manipulation_tasks:/home/user/exchange/workspace/install/tiago_pro_simulation:/home/user/exchange/workspace/install/tiago_pro_robot:/home/user/exchange/workspace/install/tiago_pro_navigation:/home/user/exchange/workspace/install/tiago_pro_gazebo:/home/user/exchange/workspace/install/tiago_pro_mujoco:/home/user/exchange/workspace/install/ros2_linkattacher:/home/user/exchange/workspace/install/pal_sea_arm:/home/user/exchange/workspace/install/pal_sea_arm_bringup:/home/user/exchange/workspace/install/pal_pro_gripper_simulation:/home/user/exchange/workspace/install/pal_pro_gripper_bringup:/home/user/exchange/workspace/install/pal_pro_gripper:/home/user/exchange/workspace/install/linkattacher_msgs:/home/user/exchange/workspace/install/pick_task:/home/user/exchange/workspace/install/pal_pro_gripper_wrapper:/opt/ros/humble PYTHONPATH=/home/user/exchange/workspace/install/pal_pro_gripper_wrapper/lib/python3.10/site-packages:/home/user/exchange/workspace/install/pick_task/lib/python3.10/site-packages:/home/user/exchange/workspace/install/tiago_pro_description/local/lib/python3.10/dist-packages:/home/user/exchange/workspace/install/pal_sea_arm_description/local/lib/python3.10/dist-packages:/home/user/exchange/workspace/install/pal_pro_gripper_description/local/lib/python3.10/dist-packages:/home/user/exchange/workspace/install/linkattacher_msgs/local/lib/python3.10/dist-packages:/opt/ros/humble/lib/python3.10/site-packages:/opt/ros/humble/local/lib/python3.10/dist-packages /usr/bin/cmake --build /home/user/exchange/workspace/build/tiago_pro_gazebo -- -j12 -l12
[1.507s] DEBUG:colcon.colcon_core.event_handler.log_command:Invoking command in '/home/user/exchange/workspace/build/tiago_pro_gazebo': AMENT_PREFIX_PATH=/home/user/exchange/workspace/install/pal_pro_gripper_wrapper:/home/user/exchange/workspace/install/tiago_manipulation_tasks:/home/user/exchange/workspace/install/pick_task:/home/user/exchange/workspace/install/tiago_pro_simulation:/home/user/exchange/workspace/install/tiago_pro_robot:/home/user/exchange/workspace/install/tiago_pro_navigation:/home/user/exchange/workspace/install/tiago_pro_gazebo:/home/user/exchange/workspace/install/tiago_pro_rgbd_sensors:/home/user/exchange/workspace/install/tiago_pro_mujoco:/home/user/exchange/workspace/install/tiago_pro_moveit_config:/home/user/exchange/workspace/install/tiago_pro_laser_sensors:/home/user/exchange/workspace/install/tiago_pro_description:/home/user/exchange/workspace/install/tiago_pro_bringup:/home/user/exchange/workspace/install/tiago_pro_controller_configuration:/home/user/exchange/workspace/install/tiago_pro_2dnav:/home/user/exchange/workspace/install/ros2_linkattacher:/home/user/exchange/workspace/install/pal_sea_arm_moveit_config:/home/user/exchange/workspace/install/pal_sea_arm:/home/user/exchange/workspace/install/pal_sea_arm_bringup:/home/user/exchange/workspace/install/pal_sea_arm_description:/home/user/exchange/workspace/install/pal_sea_arm_controller_configuration:/home/user/exchange/workspace/install/pal_pro_gripper_simulation:/home/user/exchange/workspace/install/pal_pro_gripper_bringup:/home/user/exchange/workspace/install/pal_pro_gripper:/home/user/exchange/workspace/install/pal_pro_gripper_controller_configuration:/home/user/exchange/workspace/install/pal_pro_gripper_description:/home/user/exchange/workspace/install/pal_gazebo_worlds:/home/user/exchange/workspace/install/linkattacher_msgs:/opt/ros/humble CMAKE_PREFIX_PATH=/home/user/exchange/workspace/install/tiago_pro_moveit_config:/home/user/exchange/workspace/install/tiago_pro_description:/home/user/exchange/workspace/install/tiago_pro_bringup:/home/user/exchange/workspace/install/pal_sea_arm_moveit_config:/home/user/exchange/workspace/install/tiago_pro_controller_configuration:/home/user/exchange/workspace/install/pal_sea_arm_description:/home/user/exchange/workspace/install/pal_sea_arm_controller_configuration:/home/user/exchange/workspace/install/pal_pro_gripper_controller_configuration:/home/user/exchange/workspace/install/tiago_pro_rgbd_sensors:/home/user/exchange/workspace/install/tiago_pro_laser_sensors:/home/user/exchange/workspace/install/tiago_pro_2dnav:/home/user/exchange/workspace/install/pal_pro_gripper_description:/home/user/exchange/workspace/install/pal_gazebo_worlds:/home/user/exchange/workspace/install/tiago_manipulation_tasks:/home/user/exchange/workspace/install/tiago_pro_simulation:/home/user/exchange/workspace/install/tiago_pro_robot:/home/user/exchange/workspace/install/tiago_pro_navigation:/home/user/exchange/workspace/install/tiago_pro_gazebo:/home/user/exchange/workspace/install/tiago_pro_mujoco:/home/user/exchange/workspace/install/ros2_linkattacher:/home/user/exchange/workspace/install/pal_sea_arm:/home/user/exchange/workspace/install/pal_sea_arm_bringup:/home/user/exchange/workspace/install/pal_pro_gripper_simulation:/home/user/exchange/workspace/install/pal_pro_gripper_bringup:/home/user/exchange/workspace/install/pal_pro_gripper:/home/user/exchange/workspace/install/linkattacher_msgs:/home/user/exchange/workspace/install/pick_task:/home/user/exchange/workspace/install/pal_pro_gripper_wrapper:/opt/ros/humble PYTHONPATH=/home/user/exchange/workspace/install/pal_pro_gripper_wrapper/lib/python3.10/site-packages:/home/user/exchange/workspace/install/pick_task/lib/python3.10/site-packages:/home/user/exchange/workspace/install/tiago_pro_description/local/lib/python3.10/dist-packages:/home/user/exchange/workspace/install/pal_sea_arm_description/local/lib/python3.10/dist-packages:/home/user/exchange/workspace/install/pal_pro_gripper_description/local/lib/python3.10/dist-packages:/home/user/exchange/workspace/install/linkattacher_msgs/local/lib/python3.10/dist-packages:/opt/ros/humble/lib/python3.10/site-packages:/opt/ros/humble/local/lib/python3.10/dist-packages /usr/bin/cmake --install /home/user/exchange/workspace/build/tiago_pro_gazebo
[1.507s] DEBUG:colcon.colcon_core.event_handler.log_command:Invoked command in '/home/user/exchange/workspace/build/tiago_pro_mujoco' returned '0': AMENT_PREFIX_PATH=/home/user/exchange/workspace/install/pal_pro_gripper_wrapper:/home/user/exchange/workspace/install/tiago_manipulation_tasks:/home/user/exchange/workspace/install/pick_task:/home/user/exchange/workspace/install/tiago_pro_simulation:/home/user/exchange/workspace/install/tiago_pro_robot:/home/user/exchange/workspace/install/tiago_pro_navigation:/home/user/exchange/workspace/install/tiago_pro_gazebo:/home/user/exchange/workspace/install/tiago_pro_rgbd_sensors:/home/user/exchange/workspace/install/tiago_pro_mujoco:/home/user/exchange/workspace/install/tiago_pro_moveit_config:/home/user/exchange/workspace/install/tiago_pro_laser_sensors:/home/user/exchange/workspace/install/tiago_pro_description:/home/user/exchange/workspace/install/tiago_pro_bringup:/home/user/exchange/workspace/install/tiago_pro_controller_configuration:/home/user/exchange/workspace/install/tiago_pro_2dnav:/home/user/exchange/workspace/install/ros2_linkattacher:/home/user/exchange/workspace/install/pal_sea_arm_moveit_config:/home/user/exchange/workspace/install/pal_sea_arm:/home/user/exchange/workspace/install/pal_sea_arm_bringup:/home/user/exchange/workspace/install/pal_sea_arm_description:/home/user/exchange/workspace/install/pal_sea_arm_controller_configuration:/home/user/exchange/workspace/install/pal_pro_gripper_simulation:/home/user/exchange/workspace/install/pal_pro_gripper_bringup:/home/user/exchange/workspace/install/pal_pro_gripper:/home/user/exchange/workspace/install/pal_pro_gripper_controller_configuration:/home/user/exchange/workspace/install/pal_pro_gripper_description:/home/user/exchange/workspace/install/pal_gazebo_worlds:/home/user/exchange/workspace/install/linkattacher_msgs:/opt/ros/humble CMAKE_PREFIX_PATH=/home/user/exchange/workspace/install/tiago_pro_moveit_config:/home/user/exchange/workspace/install/tiago_pro_description:/home/user/exchange/workspace/install/tiago_pro_bringup:/home/user/exchange/workspace/install/pal_sea_arm_moveit_config:/home/user/exchange/workspace/install/tiago_pro_controller_configuration:/home/user/exchange/workspace/install/pal_sea_arm_description:/home/user/exchange/workspace/install/pal_sea_arm_controller_configuration:/home/user/exchange/workspace/install/pal_pro_gripper_controller_configuration:/home/user/exchange/workspace/install/tiago_pro_laser_sensors:/home/user/exchange/workspace/install/pal_pro_gripper_description:/home/user/exchange/workspace/install/tiago_manipulation_tasks:/home/user/exchange/workspace/install/tiago_pro_simulation:/home/user/exchange/workspace/install/tiago_pro_robot:/home/user/exchange/workspace/install/tiago_pro_navigation:/home/user/exchange/workspace/install/tiago_pro_gazebo:/home/user/exchange/workspace/install/tiago_pro_rgbd_sensors:/home/user/exchange/workspace/install/tiago_pro_mujoco:/home/user/exchange/workspace/install/tiago_pro_2dnav:/home/user/exchange/workspace/install/ros2_linkattacher:/home/user/exchange/workspace/install/pal_sea_arm:/home/user/exchange/workspace/install/pal_sea_arm_bringup:/home/user/exchange/workspace/install/pal_pro_gripper_simulation:/home/user/exchange/workspace/install/pal_pro_gripper_bringup:/home/user/exchange/workspace/install/pal_pro_gripper:/home/user/exchange/workspace/install/pal_gazebo_worlds:/home/user/exchange/workspace/install/linkattacher_msgs:/home/user/exchange/workspace/install/pick_task:/home/user/exchange/workspace/install/pal_pro_gripper_wrapper:/opt/ros/humble PYTHONPATH=/home/user/exchange/workspace/install/pal_pro_gripper_wrapper/lib/python3.10/site-packages:/home/user/exchange/workspace/install/pick_task/lib/python3.10/site-packages:/home/user/exchange/workspace/install/tiago_pro_description/local/lib/python3.10/dist-packages:/home/user/exchange/workspace/install/pal_sea_arm_description/local/lib/python3.10/dist-packages:/home/user/exchange/workspace/install/pal_pro_gripper_description/local/lib/python3.10/dist-packages:/home/user/exchange/workspace/install/linkattacher_msgs/local/lib/python3.10/dist-packages:/opt/ros/humble/lib/python3.10/site-packages:/opt/ros/humble/local/lib/python3.10/dist-packages /usr/bin/cmake --build /home/user/exchange/workspace/build/tiago_pro_mujoco -- -j12 -l12
[1.508s] DEBUG:colcon.colcon_core.event_handler.log_command:Invoking command in '/home/user/exchange/workspace/build/tiago_pro_mujoco': AMENT_PREFIX_PATH=/home/user/exchange/workspace/install/pal_pro_gripper_wrapper:/home/user/exchange/workspace/install/tiago_manipulation_tasks:/home/user/exchange/workspace/install/pick_task:/home/user/exchange/workspace/install/tiago_pro_simulation:/home/user/exchange/workspace/install/tiago_pro_robot:/home/user/exchange/workspace/install/tiago_pro_navigation:/home/user/exchange/workspace/install/tiago_pro_gazebo:/home/user/exchange/workspace/install/tiago_pro_rgbd_sensors:/home/user/exchange/workspace/install/tiago_pro_mujoco:/home/user/exchange/workspace/install/tiago_pro_moveit_config:/home/user/exchange/workspace/install/tiago_pro_laser_sensors:/home/user/exchange/workspace/install/tiago_pro_description:/home/user/exchange/workspace/install/tiago_pro_bringup:/home/user/exchange/workspace/install/tiago_pro_controller_configuration:/home/user/exchange/workspace/install/tiago_pro_2dnav:/home/user/exchange/workspace/install/ros2_linkattacher:/home/user/exchange/workspace/install/pal_sea_arm_moveit_config:/home/user/exchange/workspace/install/pal_sea_arm:/home/user/exchange/workspace/install/pal_sea_arm_bringup:/home/user/exchange/workspace/install/pal_sea_arm_description:/home/user/exchange/workspace/install/pal_sea_arm_controller_configuration:/home/user/exchange/workspace/install/pal_pro_gripper_simulation:/home/user/exchange/workspace/install/pal_pro_gripper_bringup:/home/user/exchange/workspace/install/pal_pro_gripper:/home/user/exchange/workspace/install/pal_pro_gripper_controller_configuration:/home/user/exchange/workspace/install/pal_pro_gripper_description:/home/user/exchange/workspace/install/pal_gazebo_worlds:/home/user/exchange/workspace/install/linkattacher_msgs:/opt/ros/humble CMAKE_PREFIX_PATH=/home/user/exchange/workspace/install/tiago_pro_moveit_config:/home/user/exchange/workspace/install/tiago_pro_description:/home/user/exchange/workspace/install/tiago_pro_bringup:/home/user/exchange/workspace/install/pal_sea_arm_moveit_config:/home/user/exchange/workspace/install/tiago_pro_controller_configuration:/home/user/exchange/workspace/install/pal_sea_arm_description:/home/user/exchange/workspace/install/pal_sea_arm_controller_configuration:/home/user/exchange/workspace/install/pal_pro_gripper_controller_configuration:/home/user/exchange/workspace/install/tiago_pro_laser_sensors:/home/user/exchange/workspace/install/pal_pro_gripper_description:/home/user/exchange/workspace/install/tiago_manipulation_tasks:/home/user/exchange/workspace/install/tiago_pro_simulation:/home/user/exchange/workspace/install/tiago_pro_robot:/home/user/exchange/workspace/install/tiago_pro_navigation:/home/user/exchange/workspace/install/tiago_pro_gazebo:/home/user/exchange/workspace/install/tiago_pro_rgbd_sensors:/home/user/exchange/workspace/install/tiago_pro_mujoco:/home/user/exchange/workspace/install/tiago_pro_2dnav:/home/user/exchange/workspace/install/ros2_linkattacher:/home/user/exchange/workspace/install/pal_sea_arm:/home/user/exchange/workspace/install/pal_sea_arm_bringup:/home/user/exchange/workspace/install/pal_pro_gripper_simulation:/home/user/exchange/workspace/install/pal_pro_gripper_bringup:/home/user/exchange/workspace/install/pal_pro_gripper:/home/user/exchange/workspace/install/pal_gazebo_worlds:/home/user/exchange/workspace/install/linkattacher_msgs:/home/user/exchange/workspace/install/pick_task:/home/user/exchange/workspace/install/pal_pro_gripper_wrapper:/opt/ros/humble PYTHONPATH=/home/user/exchange/workspace/install/pal_pro_gripper_wrapper/lib/python3.10/site-packages:/home/user/exchange/workspace/install/pick_task/lib/python3.10/site-packages:/home/user/exchange/workspace/install/tiago_pro_description/local/lib/python3.10/dist-packages:/home/user/exchange/workspace/install/pal_sea_arm_description/local/lib/python3.10/dist-packages:/home/user/exchange/workspace/install/pal_pro_gripper_description/local/lib/python3.10/dist-packages:/home/user/exchange/workspace/install/linkattacher_msgs/local/lib/python3.10/dist-packages:/opt/ros/humble/lib/python3.10/site-packages:/opt/ros/humble/local/lib/python3.10/dist-packages /usr/bin/cmake --install /home/user/exchange/workspace/build/tiago_pro_mujoco
[1.512s] Level 1:colcon.colcon_core.environment:create_environment_scripts_only(tiago_pro_gazebo)
[1.512s] Level 1:colcon.colcon_core.environment:checking '/home/user/exchange/workspace/install/tiago_pro_gazebo' for CMake module files
[1.513s] DEBUG:colcon.colcon_core.event_handler.log_command:Invoked command in '/home/user/exchange/workspace/build/tiago_pro_gazebo' returned '0': AMENT_PREFIX_PATH=/home/user/exchange/workspace/install/pal_pro_gripper_wrapper:/home/user/exchange/workspace/install/tiago_manipulation_tasks:/home/user/exchange/workspace/install/pick_task:/home/user/exchange/workspace/install/tiago_pro_simulation:/home/user/exchange/workspace/install/tiago_pro_robot:/home/user/exchange/workspace/install/tiago_pro_navigation:/home/user/exchange/workspace/install/tiago_pro_gazebo:/home/user/exchange/workspace/install/tiago_pro_rgbd_sensors:/home/user/exchange/workspace/install/tiago_pro_mujoco:/home/user/exchange/workspace/install/tiago_pro_moveit_config:/home/user/exchange/workspace/install/tiago_pro_laser_sensors:/home/user/exchange/workspace/install/tiago_pro_description:/home/user/exchange/workspace/install/tiago_pro_bringup:/home/user/exchange/workspace/install/tiago_pro_controller_configuration:/home/user/exchange/workspace/install/tiago_pro_2dnav:/home/user/exchange/workspace/install/ros2_linkattacher:/home/user/exchange/workspace/install/pal_sea_arm_moveit_config:/home/user/exchange/workspace/install/pal_sea_arm:/home/user/exchange/workspace/install/pal_sea_arm_bringup:/home/user/exchange/workspace/install/pal_sea_arm_description:/home/user/exchange/workspace/install/pal_sea_arm_controller_configuration:/home/user/exchange/workspace/install/pal_pro_gripper_simulation:/home/user/exchange/workspace/install/pal_pro_gripper_bringup:/home/user/exchange/workspace/install/pal_pro_gripper:/home/user/exchange/workspace/install/pal_pro_gripper_controller_configuration:/home/user/exchange/workspace/install/pal_pro_gripper_description:/home/user/exchange/workspace/install/pal_gazebo_worlds:/home/user/exchange/workspace/install/linkattacher_msgs:/opt/ros/humble CMAKE_PREFIX_PATH=/home/user/exchange/workspace/install/tiago_pro_moveit_config:/home/user/exchange/workspace/install/tiago_pro_description:/home/user/exchange/workspace/install/tiago_pro_bringup:/home/user/exchange/workspace/install/pal_sea_arm_moveit_config:/home/user/exchange/workspace/install/tiago_pro_controller_configuration:/home/user/exchange/workspace/install/pal_sea_arm_description:/home/user/exchange/workspace/install/pal_sea_arm_controller_configuration:/home/user/exchange/workspace/install/pal_pro_gripper_controller_configuration:/home/user/exchange/workspace/install/tiago_pro_rgbd_sensors:/home/user/exchange/workspace/install/tiago_pro_laser_sensors:/home/user/exchange/workspace/install/tiago_pro_2dnav:/home/user/exchange/workspace/install/pal_pro_gripper_description:/home/user/exchange/workspace/install/pal_gazebo_worlds:/home/user/exchange/workspace/install/tiago_manipulation_tasks:/home/user/exchange/workspace/install/tiago_pro_simulation:/home/user/exchange/workspace/install/tiago_pro_robot:/home/user/exchange/workspace/install/tiago_pro_navigation:/home/user/exchange/workspace/install/tiago_pro_gazebo:/home/user/exchange/workspace/install/tiago_pro_mujoco:/home/user/exchange/workspace/install/ros2_linkattacher:/home/user/exchange/workspace/install/pal_sea_arm:/home/user/exchange/workspace/install/pal_sea_arm_bringup:/home/user/exchange/workspace/install/pal_pro_gripper_simulation:/home/user/exchange/workspace/install/pal_pro_gripper_bringup:/home/user/exchange/workspace/install/pal_pro_gripper:/home/user/exchange/workspace/install/linkattacher_msgs:/home/user/exchange/workspace/install/pick_task:/home/user/exchange/workspace/install/pal_pro_gripper_wrapper:/opt/ros/humble PYTHONPATH=/home/user/exchange/workspace/install/pal_pro_gripper_wrapper/lib/python3.10/site-packages:/home/user/exchange/workspace/install/pick_task/lib/python3.10/site-packages:/home/user/exchange/workspace/install/tiago_pro_description/local/lib/python3.10/dist-packages:/home/user/exchange/workspace/install/pal_sea_arm_description/local/lib/python3.10/dist-packages:/home/user/exchange/workspace/install/pal_pro_gripper_description/local/lib/python3.10/dist-packages:/home/user/exchange/workspace/install/linkattacher_msgs/local/lib/python3.10/dist-packages:/opt/ros/humble/lib/python3.10/site-packages:/opt/ros/humble/local/lib/python3.10/dist-packages /usr/bin/cmake --install /home/user/exchange/workspace/build/tiago_pro_gazebo
[1.513s] Level 1:colcon.colcon_core.environment:checking '/home/user/exchange/workspace/install/tiago_pro_gazebo' for CMake config files
[1.514s] Level 1:colcon.colcon_core.shell:create_environment_hook('tiago_pro_gazebo', 'cmake_prefix_path')
[1.514s] INFO:colcon.colcon_core.shell:Creating environment hook '/home/user/exchange/workspace/install/tiago_pro_gazebo/share/tiago_pro_gazebo/hook/cmake_prefix_path.ps1'
[1.514s] INFO:colcon.colcon_core.shell:Creating environment descriptor '/home/user/exchange/workspace/install/tiago_pro_gazebo/share/tiago_pro_gazebo/hook/cmake_prefix_path.dsv'
[1.514s] INFO:colcon.colcon_core.shell:Creating environment hook '/home/user/exchange/workspace/install/tiago_pro_gazebo/share/tiago_pro_gazebo/hook/cmake_prefix_path.sh'
[1.515s] Level 1:colcon.colcon_core.environment:checking '/home/user/exchange/workspace/install/tiago_pro_gazebo/lib'
[1.515s] Level 1:colcon.colcon_core.environment:checking '/home/user/exchange/workspace/install/tiago_pro_gazebo/bin'
[1.515s] Level 1:colcon.colcon_core.environment:checking '/home/user/exchange/workspace/install/tiago_pro_gazebo/lib/pkgconfig/tiago_pro_gazebo.pc'
[1.515s] Level 1:colcon.colcon_core.environment:checking '/home/user/exchange/workspace/install/tiago_pro_gazebo/lib/python3.10/site-packages'
[1.515s] Level 1:colcon.colcon_core.environment:checking '/home/user/exchange/workspace/install/tiago_pro_gazebo/bin'
[1.515s] INFO:colcon.colcon_core.shell:Creating package script '/home/user/exchange/workspace/install/tiago_pro_gazebo/share/tiago_pro_gazebo/package.ps1'
[1.516s] INFO:colcon.colcon_core.shell:Creating package descriptor '/home/user/exchange/workspace/install/tiago_pro_gazebo/share/tiago_pro_gazebo/package.dsv'
[1.516s] INFO:colcon.colcon_core.shell:Creating package script '/home/user/exchange/workspace/install/tiago_pro_gazebo/share/tiago_pro_gazebo/package.sh'
[1.516s] INFO:colcon.colcon_core.shell:Creating package script '/home/user/exchange/workspace/install/tiago_pro_gazebo/share/tiago_pro_gazebo/package.bash'
[1.516s] INFO:colcon.colcon_core.shell:Creating package script '/home/user/exchange/workspace/install/tiago_pro_gazebo/share/tiago_pro_gazebo/package.zsh'
[1.517s] Level 1:colcon.colcon_core.environment:create_file_with_runtime_dependencies(/home/user/exchange/workspace/install/tiago_pro_gazebo/share/colcon-core/packages/tiago_pro_gazebo)
[1.517s] Level 1:colcon.colcon_core.environment:create_environment_scripts_only(tiago_pro_gazebo)
[1.517s] Level 1:colcon.colcon_core.environment:checking '/home/user/exchange/workspace/install/tiago_pro_gazebo' for CMake module files
[1.517s] Level 1:colcon.colcon_core.environment:checking '/home/user/exchange/workspace/install/tiago_pro_gazebo' for CMake config files
[1.517s] Level 1:colcon.colcon_core.shell:create_environment_hook('tiago_pro_gazebo', 'cmake_prefix_path')
[1.518s] INFO:colcon.colcon_core.shell:Creating environment hook '/home/user/exchange/workspace/install/tiago_pro_gazebo/share/tiago_pro_gazebo/hook/cmake_prefix_path.ps1'
[1.518s] INFO:colcon.colcon_core.shell:Creating environment descriptor '/home/user/exchange/workspace/install/tiago_pro_gazebo/share/tiago_pro_gazebo/hook/cmake_prefix_path.dsv'
[1.518s] INFO:colcon.colcon_core.shell:Creating environment hook '/home/user/exchange/workspace/install/tiago_pro_gazebo/share/tiago_pro_gazebo/hook/cmake_prefix_path.sh'
[1.518s] Level 1:colcon.colcon_core.environment:checking '/home/user/exchange/workspace/install/tiago_pro_gazebo/lib'
[1.518s] Level 1:colcon.colcon_core.environment:checking '/home/user/exchange/workspace/install/tiago_pro_gazebo/bin'
[1.518s] Level 1:colcon.colcon_core.environment:checking '/home/user/exchange/workspace/install/tiago_pro_gazebo/lib/pkgconfig/tiago_pro_gazebo.pc'
[1.518s] Level 1:colcon.colcon_core.environment:checking '/home/user/exchange/workspace/install/tiago_pro_gazebo/lib/python3.10/site-packages'
[1.519s] Level 1:colcon.colcon_core.environment:checking '/home/user/exchange/workspace/install/tiago_pro_gazebo/bin'
[1.519s] INFO:colcon.colcon_core.shell:Creating package script '/home/user/exchange/workspace/install/tiago_pro_gazebo/share/tiago_pro_gazebo/package.ps1'
[1.519s] INFO:colcon.colcon_core.shell:Creating package descriptor '/home/user/exchange/workspace/install/tiago_pro_gazebo/share/tiago_pro_gazebo/package.dsv'
[1.520s] INFO:colcon.colcon_core.shell:Creating package script '/home/user/exchange/workspace/install/tiago_pro_gazebo/share/tiago_pro_gazebo/package.sh'
[1.520s] INFO:colcon.colcon_core.shell:Creating package script '/home/user/exchange/workspace/install/tiago_pro_gazebo/share/tiago_pro_gazebo/package.bash'
[1.520s] INFO:colcon.colcon_core.shell:Creating package script '/home/user/exchange/workspace/install/tiago_pro_gazebo/share/tiago_pro_gazebo/package.zsh'
[1.520s] Level 1:colcon.colcon_core.environment:create_file_with_runtime_dependencies(/home/user/exchange/workspace/install/tiago_pro_gazebo/share/colcon-core/packages/tiago_pro_gazebo)
[1.521s] Level 1:colcon.colcon_core.environment:create_environment_scripts_only(tiago_pro_mujoco)
[1.521s] Level 1:colcon.colcon_core.environment:checking '/home/user/exchange/workspace/install/tiago_pro_mujoco' for CMake module files
[1.521s] DEBUG:colcon.colcon_core.event_handler.log_command:Invoked command in '/home/user/exchange/workspace/build/tiago_pro_mujoco' returned '0': AMENT_PREFIX_PATH=/home/user/exchange/workspace/install/pal_pro_gripper_wrapper:/home/user/exchange/workspace/install/tiago_manipulation_tasks:/home/user/exchange/workspace/install/pick_task:/home/user/exchange/workspace/install/tiago_pro_simulation:/home/user/exchange/workspace/install/tiago_pro_robot:/home/user/exchange/workspace/install/tiago_pro_navigation:/home/user/exchange/workspace/install/tiago_pro_gazebo:/home/user/exchange/workspace/install/tiago_pro_rgbd_sensors:/home/user/exchange/workspace/install/tiago_pro_mujoco:/home/user/exchange/workspace/install/tiago_pro_moveit_config:/home/user/exchange/workspace/install/tiago_pro_laser_sensors:/home/user/exchange/workspace/install/tiago_pro_description:/home/user/exchange/workspace/install/tiago_pro_bringup:/home/user/exchange/workspace/install/tiago_pro_controller_configuration:/home/user/exchange/workspace/install/tiago_pro_2dnav:/home/user/exchange/workspace/install/ros2_linkattacher:/home/user/exchange/workspace/install/pal_sea_arm_moveit_config:/home/user/exchange/workspace/install/pal_sea_arm:/home/user/exchange/workspace/install/pal_sea_arm_bringup:/home/user/exchange/workspace/install/pal_sea_arm_description:/home/user/exchange/workspace/install/pal_sea_arm_controller_configuration:/home/user/exchange/workspace/install/pal_pro_gripper_simulation:/home/user/exchange/workspace/install/pal_pro_gripper_bringup:/home/user/exchange/workspace/install/pal_pro_gripper:/home/user/exchange/workspace/install/pal_pro_gripper_controller_configuration:/home/user/exchange/workspace/install/pal_pro_gripper_description:/home/user/exchange/workspace/install/pal_gazebo_worlds:/home/user/exchange/workspace/install/linkattacher_msgs:/opt/ros/humble CMAKE_PREFIX_PATH=/home/user/exchange/workspace/install/tiago_pro_moveit_config:/home/user/exchange/workspace/install/tiago_pro_description:/home/user/exchange/workspace/install/tiago_pro_bringup:/home/user/exchange/workspace/install/pal_sea_arm_moveit_config:/home/user/exchange/workspace/install/tiago_pro_controller_configuration:/home/user/exchange/workspace/install/pal_sea_arm_description:/home/user/exchange/workspace/install/pal_sea_arm_controller_configuration:/home/user/exchange/workspace/install/pal_pro_gripper_controller_configuration:/home/user/exchange/workspace/install/tiago_pro_laser_sensors:/home/user/exchange/workspace/install/pal_pro_gripper_description:/home/user/exchange/workspace/install/tiago_manipulation_tasks:/home/user/exchange/workspace/install/tiago_pro_simulation:/home/user/exchange/workspace/install/tiago_pro_robot:/home/user/exchange/workspace/install/tiago_pro_navigation:/home/user/exchange/workspace/install/tiago_pro_gazebo:/home/user/exchange/workspace/install/tiago_pro_rgbd_sensors:/home/user/exchange/workspace/install/tiago_pro_mujoco:/home/user/exchange/workspace/install/tiago_pro_2dnav:/home/user/exchange/workspace/install/ros2_linkattacher:/home/user/exchange/workspace/install/pal_sea_arm:/home/user/exchange/workspace/install/pal_sea_arm_bringup:/home/user/exchange/workspace/install/pal_pro_gripper_simulation:/home/user/exchange/workspace/install/pal_pro_gripper_bringup:/home/user/exchange/workspace/install/pal_pro_gripper:/home/user/exchange/workspace/install/pal_gazebo_worlds:/home/user/exchange/workspace/install/linkattacher_msgs:/home/user/exchange/workspace/install/pick_task:/home/user/exchange/workspace/install/pal_pro_gripper_wrapper:/opt/ros/humble PYTHONPATH=/home/user/exchange/workspace/install/pal_pro_gripper_wrapper/lib/python3.10/site-packages:/home/user/exchange/workspace/install/pick_task/lib/python3.10/site-packages:/home/user/exchange/workspace/install/tiago_pro_description/local/lib/python3.10/dist-packages:/home/user/exchange/workspace/install/pal_sea_arm_description/local/lib/python3.10/dist-packages:/home/user/exchange/workspace/install/pal_pro_gripper_description/local/lib/python3.10/dist-packages:/home/user/exchange/workspace/install/linkattacher_msgs/local/lib/python3.10/dist-packages:/opt/ros/humble/lib/python3.10/site-packages:/opt/ros/humble/local/lib/python3.10/dist-packages /usr/bin/cmake --install /home/user/exchange/workspace/build/tiago_pro_mujoco
[1.521s] Level 1:colcon.colcon_core.environment:checking '/home/user/exchange/workspace/install/tiago_pro_mujoco' for CMake config files
[1.521s] Level 1:colcon.colcon_core.shell:create_environment_hook('tiago_pro_mujoco', 'cmake_prefix_path')
[1.522s] INFO:colcon.colcon_core.shell:Creating environment hook '/home/user/exchange/workspace/install/tiago_pro_mujoco/share/tiago_pro_mujoco/hook/cmake_prefix_path.ps1'
[1.522s] INFO:colcon.colcon_core.shell:Creating environment descriptor '/home/user/exchange/workspace/install/tiago_pro_mujoco/share/tiago_pro_mujoco/hook/cmake_prefix_path.dsv'
[1.522s] INFO:colcon.colcon_core.shell:Creating environment hook '/home/user/exchange/workspace/install/tiago_pro_mujoco/share/tiago_pro_mujoco/hook/cmake_prefix_path.sh'
[1.522s] Level 1:colcon.colcon_core.environment:checking '/home/user/exchange/workspace/install/tiago_pro_mujoco/bin'
[1.522s] Level 1:colcon.colcon_core.environment:checking '/home/user/exchange/workspace/install/tiago_pro_mujoco/lib/pkgconfig/tiago_pro_mujoco.pc'
[1.523s] Level 1:colcon.colcon_core.environment:checking '/home/user/exchange/workspace/install/tiago_pro_mujoco/lib/python3.10/site-packages'
[1.523s] Level 1:colcon.colcon_core.environment:checking '/home/user/exchange/workspace/install/tiago_pro_mujoco/bin'
[1.523s] INFO:colcon.colcon_core.shell:Creating package script '/home/user/exchange/workspace/install/tiago_pro_mujoco/share/tiago_pro_mujoco/package.ps1'
[1.523s] INFO:colcon.colcon_core.shell:Creating package descriptor '/home/user/exchange/workspace/install/tiago_pro_mujoco/share/tiago_pro_mujoco/package.dsv'
[1.523s] INFO:colcon.colcon_core.shell:Creating package script '/home/user/exchange/workspace/install/tiago_pro_mujoco/share/tiago_pro_mujoco/package.sh'
[1.524s] INFO:colcon.colcon_core.shell:Creating package script '/home/user/exchange/workspace/install/tiago_pro_mujoco/share/tiago_pro_mujoco/package.bash'
[1.524s] INFO:colcon.colcon_core.shell:Creating package script '/home/user/exchange/workspace/install/tiago_pro_mujoco/share/tiago_pro_mujoco/package.zsh'
[1.524s] Level 1:colcon.colcon_core.environment:create_file_with_runtime_dependencies(/home/user/exchange/workspace/install/tiago_pro_mujoco/share/colcon-core/packages/tiago_pro_mujoco)
[1.524s] Level 1:colcon.colcon_core.environment:create_environment_scripts_only(tiago_pro_mujoco)
[1.524s] Level 1:colcon.colcon_core.environment:checking '/home/user/exchange/workspace/install/tiago_pro_mujoco' for CMake module files
[1.525s] Level 1:colcon.colcon_core.environment:checking '/home/user/exchange/workspace/install/tiago_pro_mujoco' for CMake config files
[1.525s] Level 1:colcon.colcon_core.shell:create_environment_hook('tiago_pro_mujoco', 'cmake_prefix_path')
[1.525s] INFO:colcon.colcon_core.shell:Creating environment hook '/home/user/exchange/workspace/install/tiago_pro_mujoco/share/tiago_pro_mujoco/hook/cmake_prefix_path.ps1'
[1.525s] INFO:colcon.colcon_core.shell:Creating environment descriptor '/home/user/exchange/workspace/install/tiago_pro_mujoco/share/tiago_pro_mujoco/hook/cmake_prefix_path.dsv'
[1.525s] INFO:colcon.colcon_core.shell:Creating environment hook '/home/user/exchange/workspace/install/tiago_pro_mujoco/share/tiago_pro_mujoco/hook/cmake_prefix_path.sh'
[1.526s] Level 1:colcon.colcon_core.environment:checking '/home/user/exchange/workspace/install/tiago_pro_mujoco/bin'
[1.526s] Level 1:colcon.colcon_core.environment:checking '/home/user/exchange/workspace/install/tiago_pro_mujoco/lib/pkgconfig/tiago_pro_mujoco.pc'
[1.526s] Level 1:colcon.colcon_core.environment:checking '/home/user/exchange/workspace/install/tiago_pro_mujoco/lib/python3.10/site-packages'
[1.526s] Level 1:colcon.colcon_core.environment:checking '/home/user/exchange/workspace/install/tiago_pro_mujoco/bin'
[1.526s] INFO:colcon.colcon_core.shell:Creating package script '/home/user/exchange/workspace/install/tiago_pro_mujoco/share/tiago_pro_mujoco/package.ps1'
[1.526s] INFO:colcon.colcon_core.shell:Creating package descriptor '/home/user/exchange/workspace/install/tiago_pro_mujoco/share/tiago_pro_mujoco/package.dsv'
[1.527s] INFO:colcon.colcon_core.shell:Creating package script '/home/user/exchange/workspace/install/tiago_pro_mujoco/share/tiago_pro_mujoco/package.sh'
[1.527s] INFO:colcon.colcon_core.shell:Creating package script '/home/user/exchange/workspace/install/tiago_pro_mujoco/share/tiago_pro_mujoco/package.bash'
[1.527s] INFO:colcon.colcon_core.shell:Creating package script '/home/user/exchange/workspace/install/tiago_pro_mujoco/share/tiago_pro_mujoco/package.zsh'
[1.527s] Level 1:colcon.colcon_core.environment:create_file_with_runtime_dependencies(/home/user/exchange/workspace/install/tiago_pro_mujoco/share/colcon-core/packages/tiago_pro_mujoco)
[1.527s] INFO:colcon.colcon_ros.task.ament_cmake.build:Building ROS package in '/home/user/exchange/workspace/src/tiago_pro_simulation/tiago_pro_simulation' with build type 'ament_cmake'
[1.528s] INFO:colcon.colcon_cmake.task.cmake.build:Building CMake package in '/home/user/exchange/workspace/src/tiago_pro_simulation/tiago_pro_simulation'
[1.528s] INFO:colcon.colcon_core.shell:Skip shell extension 'powershell' for command environment: Not usable outside of PowerShell
[1.528s] DEBUG:colcon.colcon_core.shell:Skip shell extension 'dsv' for command environment
[1.540s] DEBUG:colcon.colcon_core.event_handler.log_command:Invoking command in '/home/user/exchange/workspace/build/tiago_pro_simulation': AMENT_PREFIX_PATH=/home/user/exchange/workspace/install/pal_pro_gripper_wrapper:/home/user/exchange/workspace/install/tiago_manipulation_tasks:/home/user/exchange/workspace/install/pick_task:/home/user/exchange/workspace/install/tiago_pro_simulation:/home/user/exchange/workspace/install/tiago_pro_robot:/home/user/exchange/workspace/install/tiago_pro_navigation:/home/user/exchange/workspace/install/tiago_pro_gazebo:/home/user/exchange/workspace/install/tiago_pro_rgbd_sensors:/home/user/exchange/workspace/install/tiago_pro_mujoco:/home/user/exchange/workspace/install/tiago_pro_moveit_config:/home/user/exchange/workspace/install/tiago_pro_laser_sensors:/home/user/exchange/workspace/install/tiago_pro_description:/home/user/exchange/workspace/install/tiago_pro_bringup:/home/user/exchange/workspace/install/tiago_pro_controller_configuration:/home/user/exchange/workspace/install/tiago_pro_2dnav:/home/user/exchange/workspace/install/ros2_linkattacher:/home/user/exchange/workspace/install/pal_sea_arm_moveit_config:/home/user/exchange/workspace/install/pal_sea_arm:/home/user/exchange/workspace/install/pal_sea_arm_bringup:/home/user/exchange/workspace/install/pal_sea_arm_description:/home/user/exchange/workspace/install/pal_sea_arm_controller_configuration:/home/user/exchange/workspace/install/pal_pro_gripper_simulation:/home/user/exchange/workspace/install/pal_pro_gripper_bringup:/home/user/exchange/workspace/install/pal_pro_gripper:/home/user/exchange/workspace/install/pal_pro_gripper_controller_configuration:/home/user/exchange/workspace/install/pal_pro_gripper_description:/home/user/exchange/workspace/install/pal_gazebo_worlds:/home/user/exchange/workspace/install/linkattacher_msgs:/opt/ros/humble CMAKE_PREFIX_PATH=/home/user/exchange/workspace/install/tiago_pro_mujoco:/home/user/exchange/workspace/install/tiago_pro_gazebo:/home/user/exchange/workspace/install/tiago_pro_moveit_config:/home/user/exchange/workspace/install/tiago_pro_description:/home/user/exchange/workspace/install/tiago_pro_bringup:/home/user/exchange/workspace/install/pal_sea_arm_moveit_config:/home/user/exchange/workspace/install/tiago_pro_controller_configuration:/home/user/exchange/workspace/install/pal_sea_arm_description:/home/user/exchange/workspace/install/pal_sea_arm_controller_configuration:/home/user/exchange/workspace/install/pal_pro_gripper_controller_configuration:/home/user/exchange/workspace/install/tiago_pro_rgbd_sensors:/home/user/exchange/workspace/install/tiago_pro_laser_sensors:/home/user/exchange/workspace/install/tiago_pro_2dnav:/home/user/exchange/workspace/install/pal_pro_gripper_description:/home/user/exchange/workspace/install/pal_gazebo_worlds:/home/user/exchange/workspace/install/tiago_manipulation_tasks:/home/user/exchange/workspace/install/tiago_pro_simulation:/home/user/exchange/workspace/install/tiago_pro_robot:/home/user/exchange/workspace/install/tiago_pro_navigation:/home/user/exchange/workspace/install/ros2_linkattacher:/home/user/exchange/workspace/install/pal_sea_arm:/home/user/exchange/workspace/install/pal_sea_arm_bringup:/home/user/exchange/workspace/install/pal_pro_gripper_simulation:/home/user/exchange/workspace/install/pal_pro_gripper_bringup:/home/user/exchange/workspace/install/pal_pro_gripper:/home/user/exchange/workspace/install/linkattacher_msgs:/home/user/exchange/workspace/install/pick_task:/home/user/exchange/workspace/install/pal_pro_gripper_wrapper:/opt/ros/humble PYTHONPATH=/home/user/exchange/workspace/install/pal_pro_gripper_wrapper/lib/python3.10/site-packages:/home/user/exchange/workspace/install/pick_task/lib/python3.10/site-packages:/home/user/exchange/workspace/install/tiago_pro_description/local/lib/python3.10/dist-packages:/home/user/exchange/workspace/install/pal_sea_arm_description/local/lib/python3.10/dist-packages:/home/user/exchange/workspace/install/pal_pro_gripper_description/local/lib/python3.10/dist-packages:/home/user/exchange/workspace/install/linkattacher_msgs/local/lib/python3.10/dist-packages:/opt/ros/humble/lib/python3.10/site-packages:/opt/ros/humble/local/lib/python3.10/dist-packages /usr/bin/cmake --build /home/user/exchange/workspace/build/tiago_pro_simulation -- -j12 -l12
[1.569s] DEBUG:colcon.colcon_core.event_handler.log_command:Invoked command in '/home/user/exchange/workspace/build/tiago_pro_simulation' returned '0': AMENT_PREFIX_PATH=/home/user/exchange/workspace/install/pal_pro_gripper_wrapper:/home/user/exchange/workspace/install/tiago_manipulation_tasks:/home/user/exchange/workspace/install/pick_task:/home/user/exchange/workspace/install/tiago_pro_simulation:/home/user/exchange/workspace/install/tiago_pro_robot:/home/user/exchange/workspace/install/tiago_pro_navigation:/home/user/exchange/workspace/install/tiago_pro_gazebo:/home/user/exchange/workspace/install/tiago_pro_rgbd_sensors:/home/user/exchange/workspace/install/tiago_pro_mujoco:/home/user/exchange/workspace/install/tiago_pro_moveit_config:/home/user/exchange/workspace/install/tiago_pro_laser_sensors:/home/user/exchange/workspace/install/tiago_pro_description:/home/user/exchange/workspace/install/tiago_pro_bringup:/home/user/exchange/workspace/install/tiago_pro_controller_configuration:/home/user/exchange/workspace/install/tiago_pro_2dnav:/home/user/exchange/workspace/install/ros2_linkattacher:/home/user/exchange/workspace/install/pal_sea_arm_moveit_config:/home/user/exchange/workspace/install/pal_sea_arm:/home/user/exchange/workspace/install/pal_sea_arm_bringup:/home/user/exchange/workspace/install/pal_sea_arm_description:/home/user/exchange/workspace/install/pal_sea_arm_controller_configuration:/home/user/exchange/workspace/install/pal_pro_gripper_simulation:/home/user/exchange/workspace/install/pal_pro_gripper_bringup:/home/user/exchange/workspace/install/pal_pro_gripper:/home/user/exchange/workspace/install/pal_pro_gripper_controller_configuration:/home/user/exchange/workspace/install/pal_pro_gripper_description:/home/user/exchange/workspace/install/pal_gazebo_worlds:/home/user/exchange/workspace/install/linkattacher_msgs:/opt/ros/humble CMAKE_PREFIX_PATH=/home/user/exchange/workspace/install/tiago_pro_mujoco:/home/user/exchange/workspace/install/tiago_pro_gazebo:/home/user/exchange/workspace/install/tiago_pro_moveit_config:/home/user/exchange/workspace/install/tiago_pro_description:/home/user/exchange/workspace/install/tiago_pro_bringup:/home/user/exchange/workspace/install/pal_sea_arm_moveit_config:/home/user/exchange/workspace/install/tiago_pro_controller_configuration:/home/user/exchange/workspace/install/pal_sea_arm_description:/home/user/exchange/workspace/install/pal_sea_arm_controller_configuration:/home/user/exchange/workspace/install/pal_pro_gripper_controller_configuration:/home/user/exchange/workspace/install/tiago_pro_rgbd_sensors:/home/user/exchange/workspace/install/tiago_pro_laser_sensors:/home/user/exchange/workspace/install/tiago_pro_2dnav:/home/user/exchange/workspace/install/pal_pro_gripper_description:/home/user/exchange/workspace/install/pal_gazebo_worlds:/home/user/exchange/workspace/install/tiago_manipulation_tasks:/home/user/exchange/workspace/install/tiago_pro_simulation:/home/user/exchange/workspace/install/tiago_pro_robot:/home/user/exchange/workspace/install/tiago_pro_navigation:/home/user/exchange/workspace/install/ros2_linkattacher:/home/user/exchange/workspace/install/pal_sea_arm:/home/user/exchange/workspace/install/pal_sea_arm_bringup:/home/user/exchange/workspace/install/pal_pro_gripper_simulation:/home/user/exchange/workspace/install/pal_pro_gripper_bringup:/home/user/exchange/workspace/install/pal_pro_gripper:/home/user/exchange/workspace/install/linkattacher_msgs:/home/user/exchange/workspace/install/pick_task:/home/user/exchange/workspace/install/pal_pro_gripper_wrapper:/opt/ros/humble PYTHONPATH=/home/user/exchange/workspace/install/pal_pro_gripper_wrapper/lib/python3.10/site-packages:/home/user/exchange/workspace/install/pick_task/lib/python3.10/site-packages:/home/user/exchange/workspace/install/tiago_pro_description/local/lib/python3.10/dist-packages:/home/user/exchange/workspace/install/pal_sea_arm_description/local/lib/python3.10/dist-packages:/home/user/exchange/workspace/install/pal_pro_gripper_description/local/lib/python3.10/dist-packages:/home/user/exchange/workspace/install/linkattacher_msgs/local/lib/python3.10/dist-packages:/opt/ros/humble/lib/python3.10/site-packages:/opt/ros/humble/local/lib/python3.10/dist-packages /usr/bin/cmake --build /home/user/exchange/workspace/build/tiago_pro_simulation -- -j12 -l12
[1.570s] DEBUG:colcon.colcon_core.event_handler.log_command:Invoking command in '/home/user/exchange/workspace/build/tiago_pro_simulation': AMENT_PREFIX_PATH=/home/user/exchange/workspace/install/pal_pro_gripper_wrapper:/home/user/exchange/workspace/install/tiago_manipulation_tasks:/home/user/exchange/workspace/install/pick_task:/home/user/exchange/workspace/install/tiago_pro_simulation:/home/user/exchange/workspace/install/tiago_pro_robot:/home/user/exchange/workspace/install/tiago_pro_navigation:/home/user/exchange/workspace/install/tiago_pro_gazebo:/home/user/exchange/workspace/install/tiago_pro_rgbd_sensors:/home/user/exchange/workspace/install/tiago_pro_mujoco:/home/user/exchange/workspace/install/tiago_pro_moveit_config:/home/user/exchange/workspace/install/tiago_pro_laser_sensors:/home/user/exchange/workspace/install/tiago_pro_description:/home/user/exchange/workspace/install/tiago_pro_bringup:/home/user/exchange/workspace/install/tiago_pro_controller_configuration:/home/user/exchange/workspace/install/tiago_pro_2dnav:/home/user/exchange/workspace/install/ros2_linkattacher:/home/user/exchange/workspace/install/pal_sea_arm_moveit_config:/home/user/exchange/workspace/install/pal_sea_arm:/home/user/exchange/workspace/install/pal_sea_arm_bringup:/home/user/exchange/workspace/install/pal_sea_arm_description:/home/user/exchange/workspace/install/pal_sea_arm_controller_configuration:/home/user/exchange/workspace/install/pal_pro_gripper_simulation:/home/user/exchange/workspace/install/pal_pro_gripper_bringup:/home/user/exchange/workspace/install/pal_pro_gripper:/home/user/exchange/workspace/install/pal_pro_gripper_controller_configuration:/home/user/exchange/workspace/install/pal_pro_gripper_description:/home/user/exchange/workspace/install/pal_gazebo_worlds:/home/user/exchange/workspace/install/linkattacher_msgs:/opt/ros/humble CMAKE_PREFIX_PATH=/home/user/exchange/workspace/install/tiago_pro_mujoco:/home/user/exchange/workspace/install/tiago_pro_gazebo:/home/user/exchange/workspace/install/tiago_pro_moveit_config:/home/user/exchange/workspace/install/tiago_pro_description:/home/user/exchange/workspace/install/tiago_pro_bringup:/home/user/exchange/workspace/install/pal_sea_arm_moveit_config:/home/user/exchange/workspace/install/tiago_pro_controller_configuration:/home/user/exchange/workspace/install/pal_sea_arm_description:/home/user/exchange/workspace/install/pal_sea_arm_controller_configuration:/home/user/exchange/workspace/install/pal_pro_gripper_controller_configuration:/home/user/exchange/workspace/install/tiago_pro_rgbd_sensors:/home/user/exchange/workspace/install/tiago_pro_laser_sensors:/home/user/exchange/workspace/install/tiago_pro_2dnav:/home/user/exchange/workspace/install/pal_pro_gripper_description:/home/user/exchange/workspace/install/pal_gazebo_worlds:/home/user/exchange/workspace/install/tiago_manipulation_tasks:/home/user/exchange/workspace/install/tiago_pro_simulation:/home/user/exchange/workspace/install/tiago_pro_robot:/home/user/exchange/workspace/install/tiago_pro_navigation:/home/user/exchange/workspace/install/ros2_linkattacher:/home/user/exchange/workspace/install/pal_sea_arm:/home/user/exchange/workspace/install/pal_sea_arm_bringup:/home/user/exchange/workspace/install/pal_pro_gripper_simulation:/home/user/exchange/workspace/install/pal_pro_gripper_bringup:/home/user/exchange/workspace/install/pal_pro_gripper:/home/user/exchange/workspace/install/linkattacher_msgs:/home/user/exchange/workspace/install/pick_task:/home/user/exchange/workspace/install/pal_pro_gripper_wrapper:/opt/ros/humble PYTHONPATH=/home/user/exchange/workspace/install/pal_pro_gripper_wrapper/lib/python3.10/site-packages:/home/user/exchange/workspace/install/pick_task/lib/python3.10/site-packages:/home/user/exchange/workspace/install/tiago_pro_description/local/lib/python3.10/dist-packages:/home/user/exchange/workspace/install/pal_sea_arm_description/local/lib/python3.10/dist-packages:/home/user/exchange/workspace/install/pal_pro_gripper_description/local/lib/python3.10/dist-packages:/home/user/exchange/workspace/install/linkattacher_msgs/local/lib/python3.10/dist-packages:/opt/ros/humble/lib/python3.10/site-packages:/opt/ros/humble/local/lib/python3.10/dist-packages /usr/bin/cmake --install /home/user/exchange/workspace/build/tiago_pro_simulation
[1.577s] Level 1:colcon.colcon_core.environment:create_environment_scripts_only(tiago_pro_simulation)
[1.577s] Level 1:colcon.colcon_core.environment:checking '/home/user/exchange/workspace/install/tiago_pro_simulation' for CMake module files
[1.577s] DEBUG:colcon.colcon_core.event_handler.log_command:Invoked command in '/home/user/exchange/workspace/build/tiago_pro_simulation' returned '0': AMENT_PREFIX_PATH=/home/user/exchange/workspace/install/pal_pro_gripper_wrapper:/home/user/exchange/workspace/install/tiago_manipulation_tasks:/home/user/exchange/workspace/install/pick_task:/home/user/exchange/workspace/install/tiago_pro_simulation:/home/user/exchange/workspace/install/tiago_pro_robot:/home/user/exchange/workspace/install/tiago_pro_navigation:/home/user/exchange/workspace/install/tiago_pro_gazebo:/home/user/exchange/workspace/install/tiago_pro_rgbd_sensors:/home/user/exchange/workspace/install/tiago_pro_mujoco:/home/user/exchange/workspace/install/tiago_pro_moveit_config:/home/user/exchange/workspace/install/tiago_pro_laser_sensors:/home/user/exchange/workspace/install/tiago_pro_description:/home/user/exchange/workspace/install/tiago_pro_bringup:/home/user/exchange/workspace/install/tiago_pro_controller_configuration:/home/user/exchange/workspace/install/tiago_pro_2dnav:/home/user/exchange/workspace/install/ros2_linkattacher:/home/user/exchange/workspace/install/pal_sea_arm_moveit_config:/home/user/exchange/workspace/install/pal_sea_arm:/home/user/exchange/workspace/install/pal_sea_arm_bringup:/home/user/exchange/workspace/install/pal_sea_arm_description:/home/user/exchange/workspace/install/pal_sea_arm_controller_configuration:/home/user/exchange/workspace/install/pal_pro_gripper_simulation:/home/user/exchange/workspace/install/pal_pro_gripper_bringup:/home/user/exchange/workspace/install/pal_pro_gripper:/home/user/exchange/workspace/install/pal_pro_gripper_controller_configuration:/home/user/exchange/workspace/install/pal_pro_gripper_description:/home/user/exchange/workspace/install/pal_gazebo_worlds:/home/user/exchange/workspace/install/linkattacher_msgs:/opt/ros/humble CMAKE_PREFIX_PATH=/home/user/exchange/workspace/install/tiago_pro_mujoco:/home/user/exchange/workspace/install/tiago_pro_gazebo:/home/user/exchange/workspace/install/tiago_pro_moveit_config:/home/user/exchange/workspace/install/tiago_pro_description:/home/user/exchange/workspace/install/tiago_pro_bringup:/home/user/exchange/workspace/install/pal_sea_arm_moveit_config:/home/user/exchange/workspace/install/tiago_pro_controller_configuration:/home/user/exchange/workspace/install/pal_sea_arm_description:/home/user/exchange/workspace/install/pal_sea_arm_controller_configuration:/home/user/exchange/workspace/install/pal_pro_gripper_controller_configuration:/home/user/exchange/workspace/install/tiago_pro_rgbd_sensors:/home/user/exchange/workspace/install/tiago_pro_laser_sensors:/home/user/exchange/workspace/install/tiago_pro_2dnav:/home/user/exchange/workspace/install/pal_pro_gripper_description:/home/user/exchange/workspace/install/pal_gazebo_worlds:/home/user/exchange/workspace/install/tiago_manipulation_tasks:/home/user/exchange/workspace/install/tiago_pro_simulation:/home/user/exchange/workspace/install/tiago_pro_robot:/home/user/exchange/workspace/install/tiago_pro_navigation:/home/user/exchange/workspace/install/ros2_linkattacher:/home/user/exchange/workspace/install/pal_sea_arm:/home/user/exchange/workspace/install/pal_sea_arm_bringup:/home/user/exchange/workspace/install/pal_pro_gripper_simulation:/home/user/exchange/workspace/install/pal_pro_gripper_bringup:/home/user/exchange/workspace/install/pal_pro_gripper:/home/user/exchange/workspace/install/linkattacher_msgs:/home/user/exchange/workspace/install/pick_task:/home/user/exchange/workspace/install/pal_pro_gripper_wrapper:/opt/ros/humble PYTHONPATH=/home/user/exchange/workspace/install/pal_pro_gripper_wrapper/lib/python3.10/site-packages:/home/user/exchange/workspace/install/pick_task/lib/python3.10/site-packages:/home/user/exchange/workspace/install/tiago_pro_description/local/lib/python3.10/dist-packages:/home/user/exchange/workspace/install/pal_sea_arm_description/local/lib/python3.10/dist-packages:/home/user/exchange/workspace/install/pal_pro_gripper_description/local/lib/python3.10/dist-packages:/home/user/exchange/workspace/install/linkattacher_msgs/local/lib/python3.10/dist-packages:/opt/ros/humble/lib/python3.10/site-packages:/opt/ros/humble/local/lib/python3.10/dist-packages /usr/bin/cmake --install /home/user/exchange/workspace/build/tiago_pro_simulation
[1.577s] Level 1:colcon.colcon_core.environment:checking '/home/user/exchange/workspace/install/tiago_pro_simulation' for CMake config files
[1.578s] Level 1:colcon.colcon_core.shell:create_environment_hook('tiago_pro_simulation', 'cmake_prefix_path')
[1.578s] INFO:colcon.colcon_core.shell:Creating environment hook '/home/user/exchange/workspace/install/tiago_pro_simulation/share/tiago_pro_simulation/hook/cmake_prefix_path.ps1'
[1.578s] INFO:colcon.colcon_core.shell:Creating environment descriptor '/home/user/exchange/workspace/install/tiago_pro_simulation/share/tiago_pro_simulation/hook/cmake_prefix_path.dsv'
[1.578s] INFO:colcon.colcon_core.shell:Creating environment hook '/home/user/exchange/workspace/install/tiago_pro_simulation/share/tiago_pro_simulation/hook/cmake_prefix_path.sh'
[1.579s] Level 1:colcon.colcon_core.environment:checking '/home/user/exchange/workspace/install/tiago_pro_simulation/bin'
[1.579s] Level 1:colcon.colcon_core.environment:checking '/home/user/exchange/workspace/install/tiago_pro_simulation/lib/pkgconfig/tiago_pro_simulation.pc'
[1.579s] Level 1:colcon.colcon_core.environment:checking '/home/user/exchange/workspace/install/tiago_pro_simulation/lib/python3.10/site-packages'
[1.579s] Level 1:colcon.colcon_core.environment:checking '/home/user/exchange/workspace/install/tiago_pro_simulation/bin'
[1.579s] INFO:colcon.colcon_core.shell:Creating package script '/home/user/exchange/workspace/install/tiago_pro_simulation/share/tiago_pro_simulation/package.ps1'
[1.580s] INFO:colcon.colcon_core.shell:Creating package descriptor '/home/user/exchange/workspace/install/tiago_pro_simulation/share/tiago_pro_simulation/package.dsv'
[1.580s] INFO:colcon.colcon_core.shell:Creating package script '/home/user/exchange/workspace/install/tiago_pro_simulation/share/tiago_pro_simulation/package.sh'
[1.580s] INFO:colcon.colcon_core.shell:Creating package script '/home/user/exchange/workspace/install/tiago_pro_simulation/share/tiago_pro_simulation/package.bash'
[1.580s] INFO:colcon.colcon_core.shell:Creating package script '/home/user/exchange/workspace/install/tiago_pro_simulation/share/tiago_pro_simulation/package.zsh'
[1.580s] Level 1:colcon.colcon_core.environment:create_file_with_runtime_dependencies(/home/user/exchange/workspace/install/tiago_pro_simulation/share/colcon-core/packages/tiago_pro_simulation)
[1.581s] Level 1:colcon.colcon_core.environment:create_environment_scripts_only(tiago_pro_simulation)
[1.581s] Level 1:colcon.colcon_core.environment:checking '/home/user/exchange/workspace/install/tiago_pro_simulation' for CMake module files
[1.581s] Level 1:colcon.colcon_core.environment:checking '/home/user/exchange/workspace/install/tiago_pro_simulation' for CMake config files
[1.581s] Level 1:colcon.colcon_core.shell:create_environment_hook('tiago_pro_simulation', 'cmake_prefix_path')
[1.581s] INFO:colcon.colcon_core.shell:Creating environment hook '/home/user/exchange/workspace/install/tiago_pro_simulation/share/tiago_pro_simulation/hook/cmake_prefix_path.ps1'
[1.582s] INFO:colcon.colcon_core.shell:Creating environment descriptor '/home/user/exchange/workspace/install/tiago_pro_simulation/share/tiago_pro_simulation/hook/cmake_prefix_path.dsv'
[1.582s] INFO:colcon.colcon_core.shell:Creating environment hook '/home/user/exchange/workspace/install/tiago_pro_simulation/share/tiago_pro_simulation/hook/cmake_prefix_path.sh'
[1.582s] Level 1:colcon.colcon_core.environment:checking '/home/user/exchange/workspace/install/tiago_pro_simulation/bin'
[1.582s] Level 1:colcon.colcon_core.environment:checking '/home/user/exchange/workspace/install/tiago_pro_simulation/lib/pkgconfig/tiago_pro_simulation.pc'
[1.583s] Level 1:colcon.colcon_core.environment:checking '/home/user/exchange/workspace/install/tiago_pro_simulation/lib/python3.10/site-packages'
[1.583s] Level 1:colcon.colcon_core.environment:checking '/home/user/exchange/workspace/install/tiago_pro_simulation/bin'
[1.583s] INFO:colcon.colcon_core.shell:Creating package script '/home/user/exchange/workspace/install/tiago_pro_simulation/share/tiago_pro_simulation/package.ps1'
[1.584s] INFO:colcon.colcon_core.shell:Creating package descriptor '/home/user/exchange/workspace/install/tiago_pro_simulation/share/tiago_pro_simulation/package.dsv'
[1.584s] INFO:colcon.colcon_core.shell:Creating package script '/home/user/exchange/workspace/install/tiago_pro_simulation/share/tiago_pro_simulation/package.sh'
[1.584s] INFO:colcon.colcon_core.shell:Creating package script '/home/user/exchange/workspace/install/tiago_pro_simulation/share/tiago_pro_simulation/package.bash'
[1.585s] INFO:colcon.colcon_core.shell:Creating package script '/home/user/exchange/workspace/install/tiago_pro_simulation/share/tiago_pro_simulation/package.zsh'
[1.585s] Level 1:colcon.colcon_core.environment:create_file_with_runtime_dependencies(/home/user/exchange/workspace/install/tiago_pro_simulation/share/colcon-core/packages/tiago_pro_simulation)
[1.585s] INFO:colcon.colcon_ros.task.ament_python.build:Building ROS package in '/home/user/exchange/workspace/src/pick_task' with build type 'ament_python'
[1.585s] Level 1:colcon.colcon_core.shell:create_environment_hook('pick_task', 'ament_prefix_path')
[1.586s] INFO:colcon.colcon_core.shell:Creating environment hook '/home/user/exchange/workspace/install/pick_task/share/pick_task/hook/ament_prefix_path.ps1'
[1.586s] INFO:colcon.colcon_core.shell:Creating environment descriptor '/home/user/exchange/workspace/install/pick_task/share/pick_task/hook/ament_prefix_path.dsv'
[1.586s] INFO:colcon.colcon_core.shell:Creating environment hook '/home/user/exchange/workspace/install/pick_task/share/pick_task/hook/ament_prefix_path.sh'
[1.587s] INFO:colcon.colcon_core.shell:Skip shell extension 'powershell' for command environment: Not usable outside of PowerShell
[1.587s] DEBUG:colcon.colcon_core.shell:Skip shell extension 'dsv' for command environment
[1.590s] INFO:colcon.colcon_ros.task.ament_cmake.build:Building ROS package in '/home/user/exchange/workspace/src/tiago_manipulation_tasks' with build type 'ament_cmake'
[1.591s] INFO:colcon.colcon_cmake.task.cmake.build:Building CMake package in '/home/user/exchange/workspace/src/tiago_manipulation_tasks'
[1.591s] INFO:colcon.colcon_core.shell:Skip shell extension 'powershell' for command environment: Not usable outside of PowerShell
[1.591s] DEBUG:colcon.colcon_core.shell:Skip shell extension 'dsv' for command environment
[1.743s] INFO:colcon.colcon_core.task.python.build:Building Python package in '/home/user/exchange/workspace/src/pick_task'
[1.743s] INFO:colcon.colcon_core.shell:Skip shell extension 'powershell' for command environment: Not usable outside of PowerShell
[1.743s] DEBUG:colcon.colcon_core.shell:Skip shell extension 'dsv' for command environment
[1.749s] DEBUG:colcon.colcon_core.event_handler.log_command:Invoking command in '/home/user/exchange/workspace/build/tiago_manipulation_tasks': AMENT_PREFIX_PATH=/home/user/exchange/workspace/install/pal_pro_gripper_wrapper:/home/user/exchange/workspace/install/tiago_manipulation_tasks:/home/user/exchange/workspace/install/pick_task:/home/user/exchange/workspace/install/tiago_pro_simulation:/home/user/exchange/workspace/install/tiago_pro_robot:/home/user/exchange/workspace/install/tiago_pro_navigation:/home/user/exchange/workspace/install/tiago_pro_gazebo:/home/user/exchange/workspace/install/tiago_pro_rgbd_sensors:/home/user/exchange/workspace/install/tiago_pro_mujoco:/home/user/exchange/workspace/install/tiago_pro_moveit_config:/home/user/exchange/workspace/install/tiago_pro_laser_sensors:/home/user/exchange/workspace/install/tiago_pro_description:/home/user/exchange/workspace/install/tiago_pro_bringup:/home/user/exchange/workspace/install/tiago_pro_controller_configuration:/home/user/exchange/workspace/install/tiago_pro_2dnav:/home/user/exchange/workspace/install/ros2_linkattacher:/home/user/exchange/workspace/install/pal_sea_arm_moveit_config:/home/user/exchange/workspace/install/pal_sea_arm:/home/user/exchange/workspace/install/pal_sea_arm_bringup:/home/user/exchange/workspace/install/pal_sea_arm_description:/home/user/exchange/workspace/install/pal_sea_arm_controller_configuration:/home/user/exchange/workspace/install/pal_pro_gripper_simulation:/home/user/exchange/workspace/install/pal_pro_gripper_bringup:/home/user/exchange/workspace/install/pal_pro_gripper:/home/user/exchange/workspace/install/pal_pro_gripper_controller_configuration:/home/user/exchange/workspace/install/pal_pro_gripper_description:/home/user/exchange/workspace/install/pal_gazebo_worlds:/home/user/exchange/workspace/install/linkattacher_msgs:/opt/ros/humble CMAKE_PREFIX_PATH=/home/user/exchange/workspace/install/tiago_pro_simulation:/home/user/exchange/workspace/install/tiago_pro_mujoco:/home/user/exchange/workspace/install/tiago_pro_gazebo:/home/user/exchange/workspace/install/tiago_pro_robot:/home/user/exchange/workspace/install/tiago_pro_moveit_config:/home/user/exchange/workspace/install/pal_sea_arm:/home/user/exchange/workspace/install/tiago_pro_description:/home/user/exchange/workspace/install/tiago_pro_bringup:/home/user/exchange/workspace/install/pal_sea_arm_moveit_config:/home/user/exchange/workspace/install/pal_sea_arm_bringup:/home/user/exchange/workspace/install/tiago_pro_controller_configuration:/home/user/exchange/workspace/install/pal_sea_arm_description:/home/user/exchange/workspace/install/pal_sea_arm_controller_configuration:/home/user/exchange/workspace/install/pal_pro_gripper:/home/user/exchange/workspace/install/pal_pro_gripper_controller_configuration:/home/user/exchange/workspace/install/tiago_pro_rgbd_sensors:/home/user/exchange/workspace/install/tiago_pro_laser_sensors:/home/user/exchange/workspace/install/tiago_pro_2dnav:/home/user/exchange/workspace/install/pal_pro_gripper_description:/home/user/exchange/workspace/install/pal_gazebo_worlds:/home/user/exchange/workspace/install/linkattacher_msgs:/home/user/exchange/workspace/install/tiago_manipulation_tasks:/home/user/exchange/workspace/install/tiago_pro_navigation:/home/user/exchange/workspace/install/ros2_linkattacher:/home/user/exchange/workspace/install/pal_pro_gripper_simulation:/home/user/exchange/workspace/install/pal_pro_gripper_bringup:/home/user/exchange/workspace/install/pick_task:/home/user/exchange/workspace/install/pal_pro_gripper_wrapper:/opt/ros/humble LD_LIBRARY_PATH=/home/user/exchange/workspace/install/linkattacher_msgs/lib:/home/user/exchange/workspace/install/ros2_linkattacher/lib:/usr/lib/x86_64-linux-gnu/gazebo-11/plugins:/opt/ros/humble/opt/rviz_ogre_vendor/lib:/opt/ros/humble/lib/x86_64-linux-gnu:/opt/ros/humble/lib PYTHONPATH=/home/user/exchange/workspace/install/pal_pro_gripper_wrapper/lib/python3.10/site-packages:/home/user/exchange/workspace/install/pick_task/lib/python3.10/site-packages:/home/user/exchange/workspace/install/tiago_pro_description/local/lib/python3.10/dist-packages:/home/user/exchange/workspace/install/pal_sea_arm_description/local/lib/python3.10/dist-packages:/home/user/exchange/workspace/install/pal_pro_gripper_description/local/lib/python3.10/dist-packages:/home/user/exchange/workspace/install/linkattacher_msgs/local/lib/python3.10/dist-packages:/opt/ros/humble/lib/python3.10/site-packages:/opt/ros/humble/local/lib/python3.10/dist-packages /usr/bin/cmake --build /home/user/exchange/workspace/build/tiago_manipulation_tasks -- -j12 -l12
[1.800s] DEBUG:colcon.colcon_core.event_handler.log_command:Invoked command in '/home/user/exchange/workspace/build/tiago_manipulation_tasks' returned '0': AMENT_PREFIX_PATH=/home/user/exchange/workspace/install/pal_pro_gripper_wrapper:/home/user/exchange/workspace/install/tiago_manipulation_tasks:/home/user/exchange/workspace/install/pick_task:/home/user/exchange/workspace/install/tiago_pro_simulation:/home/user/exchange/workspace/install/tiago_pro_robot:/home/user/exchange/workspace/install/tiago_pro_navigation:/home/user/exchange/workspace/install/tiago_pro_gazebo:/home/user/exchange/workspace/install/tiago_pro_rgbd_sensors:/home/user/exchange/workspace/install/tiago_pro_mujoco:/home/user/exchange/workspace/install/tiago_pro_moveit_config:/home/user/exchange/workspace/install/tiago_pro_laser_sensors:/home/user/exchange/workspace/install/tiago_pro_description:/home/user/exchange/workspace/install/tiago_pro_bringup:/home/user/exchange/workspace/install/tiago_pro_controller_configuration:/home/user/exchange/workspace/install/tiago_pro_2dnav:/home/user/exchange/workspace/install/ros2_linkattacher:/home/user/exchange/workspace/install/pal_sea_arm_moveit_config:/home/user/exchange/workspace/install/pal_sea_arm:/home/user/exchange/workspace/install/pal_sea_arm_bringup:/home/user/exchange/workspace/install/pal_sea_arm_description:/home/user/exchange/workspace/install/pal_sea_arm_controller_configuration:/home/user/exchange/workspace/install/pal_pro_gripper_simulation:/home/user/exchange/workspace/install/pal_pro_gripper_bringup:/home/user/exchange/workspace/install/pal_pro_gripper:/home/user/exchange/workspace/install/pal_pro_gripper_controller_configuration:/home/user/exchange/workspace/install/pal_pro_gripper_description:/home/user/exchange/workspace/install/pal_gazebo_worlds:/home/user/exchange/workspace/install/linkattacher_msgs:/opt/ros/humble CMAKE_PREFIX_PATH=/home/user/exchange/workspace/install/tiago_pro_simulation:/home/user/exchange/workspace/install/tiago_pro_mujoco:/home/user/exchange/workspace/install/tiago_pro_gazebo:/home/user/exchange/workspace/install/tiago_pro_robot:/home/user/exchange/workspace/install/tiago_pro_moveit_config:/home/user/exchange/workspace/install/pal_sea_arm:/home/user/exchange/workspace/install/tiago_pro_description:/home/user/exchange/workspace/install/tiago_pro_bringup:/home/user/exchange/workspace/install/pal_sea_arm_moveit_config:/home/user/exchange/workspace/install/pal_sea_arm_bringup:/home/user/exchange/workspace/install/tiago_pro_controller_configuration:/home/user/exchange/workspace/install/pal_sea_arm_description:/home/user/exchange/workspace/install/pal_sea_arm_controller_configuration:/home/user/exchange/workspace/install/pal_pro_gripper:/home/user/exchange/workspace/install/pal_pro_gripper_controller_configuration:/home/user/exchange/workspace/install/tiago_pro_rgbd_sensors:/home/user/exchange/workspace/install/tiago_pro_laser_sensors:/home/user/exchange/workspace/install/tiago_pro_2dnav:/home/user/exchange/workspace/install/pal_pro_gripper_description:/home/user/exchange/workspace/install/pal_gazebo_worlds:/home/user/exchange/workspace/install/linkattacher_msgs:/home/user/exchange/workspace/install/tiago_manipulation_tasks:/home/user/exchange/workspace/install/tiago_pro_navigation:/home/user/exchange/workspace/install/ros2_linkattacher:/home/user/exchange/workspace/install/pal_pro_gripper_simulation:/home/user/exchange/workspace/install/pal_pro_gripper_bringup:/home/user/exchange/workspace/install/pick_task:/home/user/exchange/workspace/install/pal_pro_gripper_wrapper:/opt/ros/humble LD_LIBRARY_PATH=/home/user/exchange/workspace/install/linkattacher_msgs/lib:/home/user/exchange/workspace/install/ros2_linkattacher/lib:/usr/lib/x86_64-linux-gnu/gazebo-11/plugins:/opt/ros/humble/opt/rviz_ogre_vendor/lib:/opt/ros/humble/lib/x86_64-linux-gnu:/opt/ros/humble/lib PYTHONPATH=/home/user/exchange/workspace/install/pal_pro_gripper_wrapper/lib/python3.10/site-packages:/home/user/exchange/workspace/install/pick_task/lib/python3.10/site-packages:/home/user/exchange/workspace/install/tiago_pro_description/local/lib/python3.10/dist-packages:/home/user/exchange/workspace/install/pal_sea_arm_description/local/lib/python3.10/dist-packages:/home/user/exchange/workspace/install/pal_pro_gripper_description/local/lib/python3.10/dist-packages:/home/user/exchange/workspace/install/linkattacher_msgs/local/lib/python3.10/dist-packages:/opt/ros/humble/lib/python3.10/site-packages:/opt/ros/humble/local/lib/python3.10/dist-packages /usr/bin/cmake --build /home/user/exchange/workspace/build/tiago_manipulation_tasks -- -j12 -l12
[1.801s] DEBUG:colcon.colcon_core.event_handler.log_command:Invoking command in '/home/user/exchange/workspace/build/tiago_manipulation_tasks': AMENT_PREFIX_PATH=/home/user/exchange/workspace/install/pal_pro_gripper_wrapper:/home/user/exchange/workspace/install/tiago_manipulation_tasks:/home/user/exchange/workspace/install/pick_task:/home/user/exchange/workspace/install/tiago_pro_simulation:/home/user/exchange/workspace/install/tiago_pro_robot:/home/user/exchange/workspace/install/tiago_pro_navigation:/home/user/exchange/workspace/install/tiago_pro_gazebo:/home/user/exchange/workspace/install/tiago_pro_rgbd_sensors:/home/user/exchange/workspace/install/tiago_pro_mujoco:/home/user/exchange/workspace/install/tiago_pro_moveit_config:/home/user/exchange/workspace/install/tiago_pro_laser_sensors:/home/user/exchange/workspace/install/tiago_pro_description:/home/user/exchange/workspace/install/tiago_pro_bringup:/home/user/exchange/workspace/install/tiago_pro_controller_configuration:/home/user/exchange/workspace/install/tiago_pro_2dnav:/home/user/exchange/workspace/install/ros2_linkattacher:/home/user/exchange/workspace/install/pal_sea_arm_moveit_config:/home/user/exchange/workspace/install/pal_sea_arm:/home/user/exchange/workspace/install/pal_sea_arm_bringup:/home/user/exchange/workspace/install/pal_sea_arm_description:/home/user/exchange/workspace/install/pal_sea_arm_controller_configuration:/home/user/exchange/workspace/install/pal_pro_gripper_simulation:/home/user/exchange/workspace/install/pal_pro_gripper_bringup:/home/user/exchange/workspace/install/pal_pro_gripper:/home/user/exchange/workspace/install/pal_pro_gripper_controller_configuration:/home/user/exchange/workspace/install/pal_pro_gripper_description:/home/user/exchange/workspace/install/pal_gazebo_worlds:/home/user/exchange/workspace/install/linkattacher_msgs:/opt/ros/humble CMAKE_PREFIX_PATH=/home/user/exchange/workspace/install/tiago_pro_simulation:/home/user/exchange/workspace/install/tiago_pro_mujoco:/home/user/exchange/workspace/install/tiago_pro_gazebo:/home/user/exchange/workspace/install/tiago_pro_robot:/home/user/exchange/workspace/install/tiago_pro_moveit_config:/home/user/exchange/workspace/install/pal_sea_arm:/home/user/exchange/workspace/install/tiago_pro_description:/home/user/exchange/workspace/install/tiago_pro_bringup:/home/user/exchange/workspace/install/pal_sea_arm_moveit_config:/home/user/exchange/workspace/install/pal_sea_arm_bringup:/home/user/exchange/workspace/install/tiago_pro_controller_configuration:/home/user/exchange/workspace/install/pal_sea_arm_description:/home/user/exchange/workspace/install/pal_sea_arm_controller_configuration:/home/user/exchange/workspace/install/pal_pro_gripper:/home/user/exchange/workspace/install/pal_pro_gripper_controller_configuration:/home/user/exchange/workspace/install/tiago_pro_rgbd_sensors:/home/user/exchange/workspace/install/tiago_pro_laser_sensors:/home/user/exchange/workspace/install/tiago_pro_2dnav:/home/user/exchange/workspace/install/pal_pro_gripper_description:/home/user/exchange/workspace/install/pal_gazebo_worlds:/home/user/exchange/workspace/install/linkattacher_msgs:/home/user/exchange/workspace/install/tiago_manipulation_tasks:/home/user/exchange/workspace/install/tiago_pro_navigation:/home/user/exchange/workspace/install/ros2_linkattacher:/home/user/exchange/workspace/install/pal_pro_gripper_simulation:/home/user/exchange/workspace/install/pal_pro_gripper_bringup:/home/user/exchange/workspace/install/pick_task:/home/user/exchange/workspace/install/pal_pro_gripper_wrapper:/opt/ros/humble LD_LIBRARY_PATH=/home/user/exchange/workspace/install/linkattacher_msgs/lib:/home/user/exchange/workspace/install/ros2_linkattacher/lib:/usr/lib/x86_64-linux-gnu/gazebo-11/plugins:/opt/ros/humble/opt/rviz_ogre_vendor/lib:/opt/ros/humble/lib/x86_64-linux-gnu:/opt/ros/humble/lib PYTHONPATH=/home/user/exchange/workspace/install/pal_pro_gripper_wrapper/lib/python3.10/site-packages:/home/user/exchange/workspace/install/pick_task/lib/python3.10/site-packages:/home/user/exchange/workspace/install/tiago_pro_description/local/lib/python3.10/dist-packages:/home/user/exchange/workspace/install/pal_sea_arm_description/local/lib/python3.10/dist-packages:/home/user/exchange/workspace/install/pal_pro_gripper_description/local/lib/python3.10/dist-packages:/home/user/exchange/workspace/install/linkattacher_msgs/local/lib/python3.10/dist-packages:/opt/ros/humble/lib/python3.10/site-packages:/opt/ros/humble/local/lib/python3.10/dist-packages /usr/bin/cmake --install /home/user/exchange/workspace/build/tiago_manipulation_tasks
[1.807s] Level 1:colcon.colcon_core.environment:create_environment_scripts_only(tiago_manipulation_tasks)
[1.807s] Level 1:colcon.colcon_core.environment:checking '/home/user/exchange/workspace/install/tiago_manipulation_tasks' for CMake module files
[1.807s] DEBUG:colcon.colcon_core.event_handler.log_command:Invoked command in '/home/user/exchange/workspace/build/tiago_manipulation_tasks' returned '0': AMENT_PREFIX_PATH=/home/user/exchange/workspace/install/pal_pro_gripper_wrapper:/home/user/exchange/workspace/install/tiago_manipulation_tasks:/home/user/exchange/workspace/install/pick_task:/home/user/exchange/workspace/install/tiago_pro_simulation:/home/user/exchange/workspace/install/tiago_pro_robot:/home/user/exchange/workspace/install/tiago_pro_navigation:/home/user/exchange/workspace/install/tiago_pro_gazebo:/home/user/exchange/workspace/install/tiago_pro_rgbd_sensors:/home/user/exchange/workspace/install/tiago_pro_mujoco:/home/user/exchange/workspace/install/tiago_pro_moveit_config:/home/user/exchange/workspace/install/tiago_pro_laser_sensors:/home/user/exchange/workspace/install/tiago_pro_description:/home/user/exchange/workspace/install/tiago_pro_bringup:/home/user/exchange/workspace/install/tiago_pro_controller_configuration:/home/user/exchange/workspace/install/tiago_pro_2dnav:/home/user/exchange/workspace/install/ros2_linkattacher:/home/user/exchange/workspace/install/pal_sea_arm_moveit_config:/home/user/exchange/workspace/install/pal_sea_arm:/home/user/exchange/workspace/install/pal_sea_arm_bringup:/home/user/exchange/workspace/install/pal_sea_arm_description:/home/user/exchange/workspace/install/pal_sea_arm_controller_configuration:/home/user/exchange/workspace/install/pal_pro_gripper_simulation:/home/user/exchange/workspace/install/pal_pro_gripper_bringup:/home/user/exchange/workspace/install/pal_pro_gripper:/home/user/exchange/workspace/install/pal_pro_gripper_controller_configuration:/home/user/exchange/workspace/install/pal_pro_gripper_description:/home/user/exchange/workspace/install/pal_gazebo_worlds:/home/user/exchange/workspace/install/linkattacher_msgs:/opt/ros/humble CMAKE_PREFIX_PATH=/home/user/exchange/workspace/install/tiago_pro_simulation:/home/user/exchange/workspace/install/tiago_pro_mujoco:/home/user/exchange/workspace/install/tiago_pro_gazebo:/home/user/exchange/workspace/install/tiago_pro_robot:/home/user/exchange/workspace/install/tiago_pro_moveit_config:/home/user/exchange/workspace/install/pal_sea_arm:/home/user/exchange/workspace/install/tiago_pro_description:/home/user/exchange/workspace/install/tiago_pro_bringup:/home/user/exchange/workspace/install/pal_sea_arm_moveit_config:/home/user/exchange/workspace/install/pal_sea_arm_bringup:/home/user/exchange/workspace/install/tiago_pro_controller_configuration:/home/user/exchange/workspace/install/pal_sea_arm_description:/home/user/exchange/workspace/install/pal_sea_arm_controller_configuration:/home/user/exchange/workspace/install/pal_pro_gripper:/home/user/exchange/workspace/install/pal_pro_gripper_controller_configuration:/home/user/exchange/workspace/install/tiago_pro_rgbd_sensors:/home/user/exchange/workspace/install/tiago_pro_laser_sensors:/home/user/exchange/workspace/install/tiago_pro_2dnav:/home/user/exchange/workspace/install/pal_pro_gripper_description:/home/user/exchange/workspace/install/pal_gazebo_worlds:/home/user/exchange/workspace/install/linkattacher_msgs:/home/user/exchange/workspace/install/tiago_manipulation_tasks:/home/user/exchange/workspace/install/tiago_pro_navigation:/home/user/exchange/workspace/install/ros2_linkattacher:/home/user/exchange/workspace/install/pal_pro_gripper_simulation:/home/user/exchange/workspace/install/pal_pro_gripper_bringup:/home/user/exchange/workspace/install/pick_task:/home/user/exchange/workspace/install/pal_pro_gripper_wrapper:/opt/ros/humble LD_LIBRARY_PATH=/home/user/exchange/workspace/install/linkattacher_msgs/lib:/home/user/exchange/workspace/install/ros2_linkattacher/lib:/usr/lib/x86_64-linux-gnu/gazebo-11/plugins:/opt/ros/humble/opt/rviz_ogre_vendor/lib:/opt/ros/humble/lib/x86_64-linux-gnu:/opt/ros/humble/lib PYTHONPATH=/home/user/exchange/workspace/install/pal_pro_gripper_wrapper/lib/python3.10/site-packages:/home/user/exchange/workspace/install/pick_task/lib/python3.10/site-packages:/home/user/exchange/workspace/install/tiago_pro_description/local/lib/python3.10/dist-packages:/home/user/exchange/workspace/install/pal_sea_arm_description/local/lib/python3.10/dist-packages:/home/user/exchange/workspace/install/pal_pro_gripper_description/local/lib/python3.10/dist-packages:/home/user/exchange/workspace/install/linkattacher_msgs/local/lib/python3.10/dist-packages:/opt/ros/humble/lib/python3.10/site-packages:/opt/ros/humble/local/lib/python3.10/dist-packages /usr/bin/cmake --install /home/user/exchange/workspace/build/tiago_manipulation_tasks
[1.807s] Level 1:colcon.colcon_core.environment:checking '/home/user/exchange/workspace/install/tiago_manipulation_tasks' for CMake config files
[1.807s] Level 1:colcon.colcon_core.shell:create_environment_hook('tiago_manipulation_tasks', 'cmake_prefix_path')
[1.808s] INFO:colcon.colcon_core.shell:Creating environment hook '/home/user/exchange/workspace/install/tiago_manipulation_tasks/share/tiago_manipulation_tasks/hook/cmake_prefix_path.ps1'
[1.808s] INFO:colcon.colcon_core.shell:Creating environment descriptor '/home/user/exchange/workspace/install/tiago_manipulation_tasks/share/tiago_manipulation_tasks/hook/cmake_prefix_path.dsv'
[1.808s] INFO:colcon.colcon_core.shell:Creating environment hook '/home/user/exchange/workspace/install/tiago_manipulation_tasks/share/tiago_manipulation_tasks/hook/cmake_prefix_path.sh'
[1.808s] Level 1:colcon.colcon_core.environment:checking '/home/user/exchange/workspace/install/tiago_manipulation_tasks/lib'
[1.809s] Level 1:colcon.colcon_core.environment:checking '/home/user/exchange/workspace/install/tiago_manipulation_tasks/bin'
[1.809s] Level 1:colcon.colcon_core.environment:checking '/home/user/exchange/workspace/install/tiago_manipulation_tasks/lib/pkgconfig/tiago_manipulation_tasks.pc'
[1.809s] Level 1:colcon.colcon_core.environment:checking '/home/user/exchange/workspace/install/tiago_manipulation_tasks/lib/python3.10/site-packages'
[1.809s] Level 1:colcon.colcon_core.environment:checking '/home/user/exchange/workspace/install/tiago_manipulation_tasks/bin'
[1.809s] INFO:colcon.colcon_core.shell:Creating package script '/home/user/exchange/workspace/install/tiago_manipulation_tasks/share/tiago_manipulation_tasks/package.ps1'
[1.809s] INFO:colcon.colcon_core.shell:Creating package descriptor '/home/user/exchange/workspace/install/tiago_manipulation_tasks/share/tiago_manipulation_tasks/package.dsv'
[1.810s] INFO:colcon.colcon_core.shell:Creating package script '/home/user/exchange/workspace/install/tiago_manipulation_tasks/share/tiago_manipulation_tasks/package.sh'
[1.810s] INFO:colcon.colcon_core.shell:Creating package script '/home/user/exchange/workspace/install/tiago_manipulation_tasks/share/tiago_manipulation_tasks/package.bash'
[1.810s] INFO:colcon.colcon_core.shell:Creating package script '/home/user/exchange/workspace/install/tiago_manipulation_tasks/share/tiago_manipulation_tasks/package.zsh'
[1.810s] Level 1:colcon.colcon_core.environment:create_file_with_runtime_dependencies(/home/user/exchange/workspace/install/tiago_manipulation_tasks/share/colcon-core/packages/tiago_manipulation_tasks)
[1.811s] Level 1:colcon.colcon_core.environment:create_environment_scripts_only(tiago_manipulation_tasks)
[1.811s] Level 1:colcon.colcon_core.environment:checking '/home/user/exchange/workspace/install/tiago_manipulation_tasks' for CMake module files
[1.811s] Level 1:colcon.colcon_core.environment:checking '/home/user/exchange/workspace/install/tiago_manipulation_tasks' for CMake config files
[1.811s] Level 1:colcon.colcon_core.shell:create_environment_hook('tiago_manipulation_tasks', 'cmake_prefix_path')
[1.811s] INFO:colcon.colcon_core.shell:Creating environment hook '/home/user/exchange/workspace/install/tiago_manipulation_tasks/share/tiago_manipulation_tasks/hook/cmake_prefix_path.ps1'
[1.811s] INFO:colcon.colcon_core.shell:Creating environment descriptor '/home/user/exchange/workspace/install/tiago_manipulation_tasks/share/tiago_manipulation_tasks/hook/cmake_prefix_path.dsv'
[1.812s] INFO:colcon.colcon_core.shell:Creating environment hook '/home/user/exchange/workspace/install/tiago_manipulation_tasks/share/tiago_manipulation_tasks/hook/cmake_prefix_path.sh'
[1.812s] Level 1:colcon.colcon_core.environment:checking '/home/user/exchange/workspace/install/tiago_manipulation_tasks/lib'
[1.812s] Level 1:colcon.colcon_core.environment:checking '/home/user/exchange/workspace/install/tiago_manipulation_tasks/bin'
[1.812s] Level 1:colcon.colcon_core.environment:checking '/home/user/exchange/workspace/install/tiago_manipulation_tasks/lib/pkgconfig/tiago_manipulation_tasks.pc'
[1.812s] Level 1:colcon.colcon_core.environment:checking '/home/user/exchange/workspace/install/tiago_manipulation_tasks/lib/python3.10/site-packages'
[1.812s] Level 1:colcon.colcon_core.environment:checking '/home/user/exchange/workspace/install/tiago_manipulation_tasks/bin'
[1.813s] INFO:colcon.colcon_core.shell:Creating package script '/home/user/exchange/workspace/install/tiago_manipulation_tasks/share/tiago_manipulation_tasks/package.ps1'
[1.813s] INFO:colcon.colcon_core.shell:Creating package descriptor '/home/user/exchange/workspace/install/tiago_manipulation_tasks/share/tiago_manipulation_tasks/package.dsv'
[1.813s] INFO:colcon.colcon_core.shell:Creating package script '/home/user/exchange/workspace/install/tiago_manipulation_tasks/share/tiago_manipulation_tasks/package.sh'
[1.813s] INFO:colcon.colcon_core.shell:Creating package script '/home/user/exchange/workspace/install/tiago_manipulation_tasks/share/tiago_manipulation_tasks/package.bash'
[1.814s] INFO:colcon.colcon_core.shell:Creating package script '/home/user/exchange/workspace/install/tiago_manipulation_tasks/share/tiago_manipulation_tasks/package.zsh'
[1.814s] Level 1:colcon.colcon_core.environment:create_file_with_runtime_dependencies(/home/user/exchange/workspace/install/tiago_manipulation_tasks/share/colcon-core/packages/tiago_manipulation_tasks)
[1.964s] DEBUG:colcon.colcon_core.event_handler.log_command:Invoking command in '/home/user/exchange/workspace/src/pick_task': AMENT_PREFIX_PATH=/home/user/exchange/workspace/install/pal_pro_gripper_wrapper:/home/user/exchange/workspace/install/tiago_manipulation_tasks:/home/user/exchange/workspace/install/pick_task:/home/user/exchange/workspace/install/tiago_pro_simulation:/home/user/exchange/workspace/install/tiago_pro_robot:/home/user/exchange/workspace/install/tiago_pro_navigation:/home/user/exchange/workspace/install/tiago_pro_gazebo:/home/user/exchange/workspace/install/tiago_pro_rgbd_sensors:/home/user/exchange/workspace/install/tiago_pro_mujoco:/home/user/exchange/workspace/install/tiago_pro_moveit_config:/home/user/exchange/workspace/install/tiago_pro_laser_sensors:/home/user/exchange/workspace/install/tiago_pro_description:/home/user/exchange/workspace/install/tiago_pro_bringup:/home/user/exchange/workspace/install/tiago_pro_controller_configuration:/home/user/exchange/workspace/install/tiago_pro_2dnav:/home/user/exchange/workspace/install/ros2_linkattacher:/home/user/exchange/workspace/install/pal_sea_arm_moveit_config:/home/user/exchange/workspace/install/pal_sea_arm:/home/user/exchange/workspace/install/pal_sea_arm_bringup:/home/user/exchange/workspace/install/pal_sea_arm_description:/home/user/exchange/workspace/install/pal_sea_arm_controller_configuration:/home/user/exchange/workspace/install/pal_pro_gripper_simulation:/home/user/exchange/workspace/install/pal_pro_gripper_bringup:/home/user/exchange/workspace/install/pal_pro_gripper:/home/user/exchange/workspace/install/pal_pro_gripper_controller_configuration:/home/user/exchange/workspace/install/pal_pro_gripper_description:/home/user/exchange/workspace/install/pal_gazebo_worlds:/home/user/exchange/workspace/install/linkattacher_msgs:/opt/ros/humble CMAKE_PREFIX_PATH=/home/user/exchange/workspace/install/tiago_pro_simulation:/home/user/exchange/workspace/install/tiago_pro_mujoco:/home/user/exchange/workspace/install/tiago_pro_gazebo:/home/user/exchange/workspace/install/tiago_pro_robot:/home/user/exchange/workspace/install/tiago_pro_moveit_config:/home/user/exchange/workspace/install/pal_sea_arm:/home/user/exchange/workspace/install/tiago_pro_description:/home/user/exchange/workspace/install/tiago_pro_bringup:/home/user/exchange/workspace/install/pal_sea_arm_moveit_config:/home/user/exchange/workspace/install/pal_sea_arm_bringup:/home/user/exchange/workspace/install/tiago_pro_controller_configuration:/home/user/exchange/workspace/install/pal_sea_arm_description:/home/user/exchange/workspace/install/pal_sea_arm_controller_configuration:/home/user/exchange/workspace/install/pal_pro_gripper:/home/user/exchange/workspace/install/pal_pro_gripper_controller_configuration:/home/user/exchange/workspace/install/tiago_pro_rgbd_sensors:/home/user/exchange/workspace/install/tiago_pro_laser_sensors:/home/user/exchange/workspace/install/tiago_pro_2dnav:/home/user/exchange/workspace/install/pal_pro_gripper_description:/home/user/exchange/workspace/install/pal_gazebo_worlds:/home/user/exchange/workspace/install/tiago_manipulation_tasks:/home/user/exchange/workspace/install/tiago_pro_navigation:/home/user/exchange/workspace/install/ros2_linkattacher:/home/user/exchange/workspace/install/pal_pro_gripper_simulation:/home/user/exchange/workspace/install/pal_pro_gripper_bringup:/home/user/exchange/workspace/install/linkattacher_msgs PYTHONPATH=/home/user/exchange/workspace/build/pick_task/prefix_override:/usr/lib/python3/dist-packages/colcon_core/task/python/colcon_distutils_commands:/home/user/exchange/workspace/install/pick_task/lib/python3.10/site-packages:/home/user/exchange/workspace/install/pal_pro_gripper_wrapper/lib/python3.10/site-packages:/home/user/exchange/workspace/install/pick_task/lib/python3.10/site-packages:/home/user/exchange/workspace/install/tiago_pro_description/local/lib/python3.10/dist-packages:/home/user/exchange/workspace/install/pal_sea_arm_description/local/lib/python3.10/dist-packages:/home/user/exchange/workspace/install/pal_pro_gripper_description/local/lib/python3.10/dist-packages:/home/user/exchange/workspace/install/linkattacher_msgs/local/lib/python3.10/dist-packages:/opt/ros/humble/lib/python3.10/site-packages:/opt/ros/humble/local/lib/python3.10/dist-packages /usr/bin/python3 -W ignore:setup.py install is deprecated -W ignore:easy_install command is deprecated setup.py egg_info --egg-base ../../build/pick_task build --build-base /home/user/exchange/workspace/build/pick_task/build install --record /home/user/exchange/workspace/build/pick_task/install.log --single-version-externally-managed install_data
[2.117s] Level 1:colcon.colcon_core.environment:checking '/home/user/exchange/workspace/install/pick_task' for CMake module files
[2.118s] DEBUG:colcon.colcon_core.event_handler.log_command:Invoked command in '/home/user/exchange/workspace/src/pick_task' returned '0': AMENT_PREFIX_PATH=/home/user/exchange/workspace/install/pal_pro_gripper_wrapper:/home/user/exchange/workspace/install/tiago_manipulation_tasks:/home/user/exchange/workspace/install/pick_task:/home/user/exchange/workspace/install/tiago_pro_simulation:/home/user/exchange/workspace/install/tiago_pro_robot:/home/user/exchange/workspace/install/tiago_pro_navigation:/home/user/exchange/workspace/install/tiago_pro_gazebo:/home/user/exchange/workspace/install/tiago_pro_rgbd_sensors:/home/user/exchange/workspace/install/tiago_pro_mujoco:/home/user/exchange/workspace/install/tiago_pro_moveit_config:/home/user/exchange/workspace/install/tiago_pro_laser_sensors:/home/user/exchange/workspace/install/tiago_pro_description:/home/user/exchange/workspace/install/tiago_pro_bringup:/home/user/exchange/workspace/install/tiago_pro_controller_configuration:/home/user/exchange/workspace/install/tiago_pro_2dnav:/home/user/exchange/workspace/install/ros2_linkattacher:/home/user/exchange/workspace/install/pal_sea_arm_moveit_config:/home/user/exchange/workspace/install/pal_sea_arm:/home/user/exchange/workspace/install/pal_sea_arm_bringup:/home/user/exchange/workspace/install/pal_sea_arm_description:/home/user/exchange/workspace/install/pal_sea_arm_controller_configuration:/home/user/exchange/workspace/install/pal_pro_gripper_simulation:/home/user/exchange/workspace/install/pal_pro_gripper_bringup:/home/user/exchange/workspace/install/pal_pro_gripper:/home/user/exchange/workspace/install/pal_pro_gripper_controller_configuration:/home/user/exchange/workspace/install/pal_pro_gripper_description:/home/user/exchange/workspace/install/pal_gazebo_worlds:/home/user/exchange/workspace/install/linkattacher_msgs:/opt/ros/humble CMAKE_PREFIX_PATH=/home/user/exchange/workspace/install/tiago_pro_simulation:/home/user/exchange/workspace/install/tiago_pro_mujoco:/home/user/exchange/workspace/install/tiago_pro_gazebo:/home/user/exchange/workspace/install/tiago_pro_robot:/home/user/exchange/workspace/install/tiago_pro_moveit_config:/home/user/exchange/workspace/install/pal_sea_arm:/home/user/exchange/workspace/install/tiago_pro_description:/home/user/exchange/workspace/install/tiago_pro_bringup:/home/user/exchange/workspace/install/pal_sea_arm_moveit_config:/home/user/exchange/workspace/install/pal_sea_arm_bringup:/home/user/exchange/workspace/install/tiago_pro_controller_configuration:/home/user/exchange/workspace/install/pal_sea_arm_description:/home/user/exchange/workspace/install/pal_sea_arm_controller_configuration:/home/user/exchange/workspace/install/pal_pro_gripper:/home/user/exchange/workspace/install/pal_pro_gripper_controller_configuration:/home/user/exchange/workspace/install/tiago_pro_rgbd_sensors:/home/user/exchange/workspace/install/tiago_pro_laser_sensors:/home/user/exchange/workspace/install/tiago_pro_2dnav:/home/user/exchange/workspace/install/pal_pro_gripper_description:/home/user/exchange/workspace/install/pal_gazebo_worlds:/home/user/exchange/workspace/install/tiago_manipulation_tasks:/home/user/exchange/workspace/install/tiago_pro_navigation:/home/user/exchange/workspace/install/ros2_linkattacher:/home/user/exchange/workspace/install/pal_pro_gripper_simulation:/home/user/exchange/workspace/install/pal_pro_gripper_bringup:/home/user/exchange/workspace/install/linkattacher_msgs PYTHONPATH=/home/user/exchange/workspace/build/pick_task/prefix_override:/usr/lib/python3/dist-packages/colcon_core/task/python/colcon_distutils_commands:/home/user/exchange/workspace/install/pick_task/lib/python3.10/site-packages:/home/user/exchange/workspace/install/pal_pro_gripper_wrapper/lib/python3.10/site-packages:/home/user/exchange/workspace/install/pick_task/lib/python3.10/site-packages:/home/user/exchange/workspace/install/tiago_pro_description/local/lib/python3.10/dist-packages:/home/user/exchange/workspace/install/pal_sea_arm_description/local/lib/python3.10/dist-packages:/home/user/exchange/workspace/install/pal_pro_gripper_description/local/lib/python3.10/dist-packages:/home/user/exchange/workspace/install/linkattacher_msgs/local/lib/python3.10/dist-packages:/opt/ros/humble/lib/python3.10/site-packages:/opt/ros/humble/local/lib/python3.10/dist-packages /usr/bin/python3 -W ignore:setup.py install is deprecated -W ignore:easy_install command is deprecated setup.py egg_info --egg-base ../../build/pick_task build --build-base /home/user/exchange/workspace/build/pick_task/build install --record /home/user/exchange/workspace/build/pick_task/install.log --single-version-externally-managed install_data
[2.118s] Level 1:colcon.colcon_core.environment:checking '/home/user/exchange/workspace/install/pick_task' for CMake config files
[2.118s] Level 1:colcon.colcon_core.environment:checking '/home/user/exchange/workspace/install/pick_task/lib'
[2.118s] Level 1:colcon.colcon_core.environment:checking '/home/user/exchange/workspace/install/pick_task/bin'
[2.118s] Level 1:colcon.colcon_core.environment:checking '/home/user/exchange/workspace/install/pick_task/lib/pkgconfig/pick_task.pc'
[2.118s] Level 1:colcon.colcon_core.environment:checking '/home/user/exchange/workspace/install/pick_task/lib/python3.10/site-packages'
[2.118s] Level 1:colcon.colcon_core.shell:create_environment_hook('pick_task', 'pythonpath')
[2.118s] INFO:colcon.colcon_core.shell:Creating environment hook '/home/user/exchange/workspace/install/pick_task/share/pick_task/hook/pythonpath.ps1'
[2.119s] INFO:colcon.colcon_core.shell:Creating environment descriptor '/home/user/exchange/workspace/install/pick_task/share/pick_task/hook/pythonpath.dsv'
[2.119s] INFO:colcon.colcon_core.shell:Creating environment hook '/home/user/exchange/workspace/install/pick_task/share/pick_task/hook/pythonpath.sh'
[2.119s] Level 1:colcon.colcon_core.environment:checking '/home/user/exchange/workspace/install/pick_task/bin'
[2.119s] Level 1:colcon.colcon_core.environment:create_environment_scripts_only(pick_task)
[2.120s] INFO:colcon.colcon_core.shell:Creating package script '/home/user/exchange/workspace/install/pick_task/share/pick_task/package.ps1'
[2.120s] INFO:colcon.colcon_core.shell:Creating package descriptor '/home/user/exchange/workspace/install/pick_task/share/pick_task/package.dsv'
[2.120s] INFO:colcon.colcon_core.shell:Creating package script '/home/user/exchange/workspace/install/pick_task/share/pick_task/package.sh'
[2.120s] INFO:colcon.colcon_core.shell:Creating package script '/home/user/exchange/workspace/install/pick_task/share/pick_task/package.bash'
[2.120s] INFO:colcon.colcon_core.shell:Creating package script '/home/user/exchange/workspace/install/pick_task/share/pick_task/package.zsh'
[2.121s] Level 1:colcon.colcon_core.environment:create_file_with_runtime_dependencies(/home/user/exchange/workspace/install/pick_task/share/colcon-core/packages/pick_task)
[2.121s] DEBUG:colcon.colcon_parallel_executor.executor.parallel:closing loop
[2.121s] DEBUG:colcon.colcon_parallel_executor.executor.parallel:loop closed
[2.121s] DEBUG:colcon.colcon_parallel_executor.executor.parallel:run_until_complete finished with '0'
[2.121s] DEBUG:colcon.colcon_core.event_reactor:joining thread
[2.124s] INFO:colcon.colcon_core.plugin_system:Skipping extension 'colcon_notification.desktop_notification.notify_send': Could not find 'notify-send'
[2.125s] INFO:colcon.colcon_core.plugin_system:Skipping extension 'colcon_notification.desktop_notification.terminal_notifier': Not used on non-Darwin systems
[2.125s] INFO:colcon.colcon_core.plugin_system:Skipping extension 'colcon_notification.desktop_notification.win32': Not used on non-Windows systems
[2.125s] INFO:colcon.colcon_notification.desktop_notification:Sending desktop notification using 'notify2'
[2.126s] DEBUG:colcon.colcon_notification.desktop_notification.notify2:Failed to initialize notify2: org.freedesktop.DBus.Error.Spawn.ExecFailed: /usr/bin/dbus-launch terminated abnormally without any error message
[2.126s] DEBUG:colcon.colcon_core.event_reactor:joined thread
[2.127s] INFO:colcon.colcon_core.shell:Creating prefix script '/home/user/exchange/workspace/install/local_setup.ps1'
[2.127s] INFO:colcon.colcon_core.shell:Creating prefix util module '/home/user/exchange/workspace/install/_local_setup_util_ps1.py'
[2.128s] INFO:colcon.colcon_core.shell:Creating prefix chain script '/home/user/exchange/workspace/install/setup.ps1'
[2.129s] INFO:colcon.colcon_core.shell:Creating prefix script '/home/user/exchange/workspace/install/local_setup.sh'
[2.129s] INFO:colcon.colcon_core.shell:Creating prefix util module '/home/user/exchange/workspace/install/_local_setup_util_sh.py'
[2.130s] INFO:colcon.colcon_core.shell:Creating prefix chain script '/home/user/exchange/workspace/install/setup.sh'
[2.131s] INFO:colcon.colcon_core.shell:Creating prefix script '/home/user/exchange/workspace/install/local_setup.bash'
[2.131s] INFO:colcon.colcon_core.shell:Creating prefix chain script '/home/user/exchange/workspace/install/setup.bash'
[2.132s] INFO:colcon.colcon_core.shell:Creating prefix script '/home/user/exchange/workspace/install/local_setup.zsh'
[2.132s] INFO:colcon.colcon_core.shell:Creating prefix chain script '/home/user/exchange/workspace/install/setup.zsh'
