[0.060s] DEBUG:colcon:Command line arguments: ['/usr/bin/colcon', 'build']
[0.060s] DEBUG:colcon:Parsed command line arguments: Namespace(log_base=None, log_level=None, verb_name='build', build_base='build', install_base='install', merge_install=False, symlink_install=False, test_result_base=None, continue_on_error=False, executor='parallel', parallel_workers=12, event_handlers=None, ignore_user_meta=False, metas=['./colcon.meta'], base_paths=['.'], packages_ignore=None, packages_ignore_regex=None, paths=None, packages_up_to=None, packages_up_to_regex=None, packages_above=None, packages_above_and_dependencies=None, packages_above_depth=None, packages_select_by_dep=None, packages_skip_by_dep=None, packages_skip_up_to=None, packages_select_build_failed=False, packages_skip_build_finished=False, packages_select_test_failures=False, packages_skip_test_passed=False, packages_select=None, packages_skip=None, packages_select_regex=None, packages_skip_regex=None, packages_start=None, packages_end=None, cmake_args=None, cmake_target=None, cmake_target_skip_unavailable=False, cmake_clean_cache=False, cmake_clean_first=False, cmake_force_configure=False, ament_cmake_args=None, catkin_cmake_args=None, catkin_skip_building_tests=False, verb_parser=<colcon_defaults.argument_parser.defaults.DefaultArgumentsDecorator object at 0x77c7a18febc0>, verb_extension=<colcon_core.verb.build.BuildVerb object at 0x77c7a18fe5f0>, main=<bound method BuildVerb.main of <colcon_core.verb.build.BuildVerb object at 0x77c7a18fe5f0>>)
[0.138s] Level 1:colcon.colcon_core.package_discovery:discover_packages(colcon_meta) check parameters
[0.138s] Level 1:colcon.colcon_core.package_discovery:discover_packages(recursive) check parameters
[0.138s] Level 1:colcon.colcon_core.package_discovery:discover_packages(ignore) check parameters
[0.138s] Level 1:colcon.colcon_core.package_discovery:discover_packages(path) check parameters
[0.138s] Level 1:colcon.colcon_core.package_discovery:discover_packages(colcon_meta) discover
[0.138s] Level 1:colcon.colcon_core.package_discovery:discover_packages(recursive) discover
[0.138s] INFO:colcon.colcon_core.package_discovery:Crawling recursively for packages in '/home/user/exchange/workspace'
[0.138s] Level 1:colcon.colcon_core.package_identification:_identify(.) by extensions ['ignore', 'ignore_ament_install']
[0.138s] Level 1:colcon.colcon_core.package_identification:_identify(.) by extension 'ignore'
[0.138s] Level 1:colcon.colcon_core.package_identification:_identify(.) by extension 'ignore_ament_install'
[0.138s] Level 1:colcon.colcon_core.package_identification:_identify(.) by extensions ['colcon_pkg']
[0.138s] Level 1:colcon.colcon_core.package_identification:_identify(.) by extension 'colcon_pkg'
[0.138s] Level 1:colcon.colcon_core.package_identification:_identify(.) by extensions ['colcon_meta']
[0.138s] Level 1:colcon.colcon_core.package_identification:_identify(.) by extension 'colcon_meta'
[0.138s] Level 1:colcon.colcon_core.package_identification:_identify(.) by extensions ['ros']
[0.138s] Level 1:colcon.colcon_core.package_identification:_identify(.) by extension 'ros'
[0.146s] Level 1:colcon.colcon_core.package_identification:_identify(.) by extensions ['cmake', 'python']
[0.146s] Level 1:colcon.colcon_core.package_identification:_identify(.) by extension 'cmake'
[0.146s] Level 1:colcon.colcon_core.package_identification:_identify(.) by extension 'python'
[0.146s] Level 1:colcon.colcon_core.package_identification:_identify(.) by extensions ['python_setup_py']
[0.146s] Level 1:colcon.colcon_core.package_identification:_identify(.) by extension 'python_setup_py'
[0.146s] Level 1:colcon.colcon_core.package_identification:_identify(build) by extensions ['ignore', 'ignore_ament_install']
[0.146s] Level 1:colcon.colcon_core.package_identification:_identify(build) by extension 'ignore'
[0.146s] Level 1:colcon.colcon_core.package_identification:_identify(build) ignored
[0.146s] Level 1:colcon.colcon_core.package_identification:_identify(install) by extensions ['ignore', 'ignore_ament_install']
[0.146s] Level 1:colcon.colcon_core.package_identification:_identify(install) by extension 'ignore'
[0.146s] Level 1:colcon.colcon_core.package_identification:_identify(install) ignored
[0.146s] Level 1:colcon.colcon_core.package_identification:_identify(log) by extensions ['ignore', 'ignore_ament_install']
[0.146s] Level 1:colcon.colcon_core.package_identification:_identify(log) by extension 'ignore'
[0.146s] Level 1:colcon.colcon_core.package_identification:_identify(log) ignored
[0.147s] Level 1:colcon.colcon_core.package_identification:_identify(src) by extensions ['ignore', 'ignore_ament_install']
[0.147s] Level 1:colcon.colcon_core.package_identification:_identify(src) by extension 'ignore'
[0.147s] Level 1:colcon.colcon_core.package_identification:_identify(src) by extension 'ignore_ament_install'
[0.147s] Level 1:colcon.colcon_core.package_identification:_identify(src) by extensions ['colcon_pkg']
[0.147s] Level 1:colcon.colcon_core.package_identification:_identify(src) by extension 'colcon_pkg'
[0.147s] Level 1:colcon.colcon_core.package_identification:_identify(src) by extensions ['colcon_meta']
[0.147s] Level 1:colcon.colcon_core.package_identification:_identify(src) by extension 'colcon_meta'
[0.147s] Level 1:colcon.colcon_core.package_identification:_identify(src) by extensions ['ros']
[0.147s] Level 1:colcon.colcon_core.package_identification:_identify(src) by extension 'ros'
[0.147s] Level 1:colcon.colcon_core.package_identification:_identify(src) by extensions ['cmake', 'python']
[0.147s] Level 1:colcon.colcon_core.package_identification:_identify(src) by extension 'cmake'
[0.147s] Level 1:colcon.colcon_core.package_identification:_identify(src) by extension 'python'
[0.147s] Level 1:colcon.colcon_core.package_identification:_identify(src) by extensions ['python_setup_py']
[0.147s] Level 1:colcon.colcon_core.package_identification:_identify(src) by extension 'python_setup_py'
[0.147s] Level 1:colcon.colcon_core.package_identification:_identify(src/pal_gazebo_worlds) by extensions ['ignore', 'ignore_ament_install']
[0.147s] Level 1:colcon.colcon_core.package_identification:_identify(src/pal_gazebo_worlds) by extension 'ignore'
[0.147s] Level 1:colcon.colcon_core.package_identification:_identify(src/pal_gazebo_worlds) by extension 'ignore_ament_install'
[0.147s] Level 1:colcon.colcon_core.package_identification:_identify(src/pal_gazebo_worlds) by extensions ['colcon_pkg']
[0.147s] Level 1:colcon.colcon_core.package_identification:_identify(src/pal_gazebo_worlds) by extension 'colcon_pkg'
[0.147s] Level 1:colcon.colcon_core.package_identification:_identify(src/pal_gazebo_worlds) by extensions ['colcon_meta']
[0.147s] Level 1:colcon.colcon_core.package_identification:_identify(src/pal_gazebo_worlds) by extension 'colcon_meta'
[0.147s] Level 1:colcon.colcon_core.package_identification:_identify(src/pal_gazebo_worlds) by extensions ['ros']
[0.147s] Level 1:colcon.colcon_core.package_identification:_identify(src/pal_gazebo_worlds) by extension 'ros'
[0.149s] DEBUG:colcon.colcon_core.package_identification:Package 'src/pal_gazebo_worlds' with type 'ros.ament_cmake' and name 'pal_gazebo_worlds'
[0.150s] Level 1:colcon.colcon_core.package_identification:_identify(src/pal_pro_gripper) by extensions ['ignore', 'ignore_ament_install']
[0.150s] Level 1:colcon.colcon_core.package_identification:_identify(src/pal_pro_gripper) by extension 'ignore'
[0.150s] Level 1:colcon.colcon_core.package_identification:_identify(src/pal_pro_gripper) by extension 'ignore_ament_install'
[0.150s] Level 1:colcon.colcon_core.package_identification:_identify(src/pal_pro_gripper) by extensions ['colcon_pkg']
[0.150s] Level 1:colcon.colcon_core.package_identification:_identify(src/pal_pro_gripper) by extension 'colcon_pkg'
[0.150s] Level 1:colcon.colcon_core.package_identification:_identify(src/pal_pro_gripper) by extensions ['colcon_meta']
[0.150s] Level 1:colcon.colcon_core.package_identification:_identify(src/pal_pro_gripper) by extension 'colcon_meta'
[0.150s] Level 1:colcon.colcon_core.package_identification:_identify(src/pal_pro_gripper) by extensions ['ros']
[0.150s] Level 1:colcon.colcon_core.package_identification:_identify(src/pal_pro_gripper) by extension 'ros'
[0.150s] Level 1:colcon.colcon_core.package_identification:_identify(src/pal_pro_gripper) by extensions ['cmake', 'python']
[0.150s] Level 1:colcon.colcon_core.package_identification:_identify(src/pal_pro_gripper) by extension 'cmake'
[0.150s] Level 1:colcon.colcon_core.package_identification:_identify(src/pal_pro_gripper) by extension 'python'
[0.150s] Level 1:colcon.colcon_core.package_identification:_identify(src/pal_pro_gripper) by extensions ['python_setup_py']
[0.150s] Level 1:colcon.colcon_core.package_identification:_identify(src/pal_pro_gripper) by extension 'python_setup_py'
[0.150s] Level 1:colcon.colcon_core.package_identification:_identify(src/pal_pro_gripper/pal_pro_gripper) by extensions ['ignore', 'ignore_ament_install']
[0.150s] Level 1:colcon.colcon_core.package_identification:_identify(src/pal_pro_gripper/pal_pro_gripper) by extension 'ignore'
[0.150s] Level 1:colcon.colcon_core.package_identification:_identify(src/pal_pro_gripper/pal_pro_gripper) by extension 'ignore_ament_install'
[0.150s] Level 1:colcon.colcon_core.package_identification:_identify(src/pal_pro_gripper/pal_pro_gripper) by extensions ['colcon_pkg']
[0.150s] Level 1:colcon.colcon_core.package_identification:_identify(src/pal_pro_gripper/pal_pro_gripper) by extension 'colcon_pkg'
[0.150s] Level 1:colcon.colcon_core.package_identification:_identify(src/pal_pro_gripper/pal_pro_gripper) by extensions ['colcon_meta']
[0.150s] Level 1:colcon.colcon_core.package_identification:_identify(src/pal_pro_gripper/pal_pro_gripper) by extension 'colcon_meta'
[0.150s] Level 1:colcon.colcon_core.package_identification:_identify(src/pal_pro_gripper/pal_pro_gripper) by extensions ['ros']
[0.150s] Level 1:colcon.colcon_core.package_identification:_identify(src/pal_pro_gripper/pal_pro_gripper) by extension 'ros'
[0.150s] DEBUG:colcon.colcon_core.package_identification:Package 'src/pal_pro_gripper/pal_pro_gripper' with type 'ros.ament_cmake' and name 'pal_pro_gripper'
[0.150s] Level 1:colcon.colcon_core.package_identification:_identify(src/pal_pro_gripper/pal_pro_gripper_bringup) by extensions ['ignore', 'ignore_ament_install']
[0.151s] Level 1:colcon.colcon_core.package_identification:_identify(src/pal_pro_gripper/pal_pro_gripper_bringup) by extension 'ignore'
[0.151s] Level 1:colcon.colcon_core.package_identification:_identify(src/pal_pro_gripper/pal_pro_gripper_bringup) by extension 'ignore_ament_install'
[0.151s] Level 1:colcon.colcon_core.package_identification:_identify(src/pal_pro_gripper/pal_pro_gripper_bringup) by extensions ['colcon_pkg']
[0.151s] Level 1:colcon.colcon_core.package_identification:_identify(src/pal_pro_gripper/pal_pro_gripper_bringup) by extension 'colcon_pkg'
[0.151s] Level 1:colcon.colcon_core.package_identification:_identify(src/pal_pro_gripper/pal_pro_gripper_bringup) by extensions ['colcon_meta']
[0.151s] Level 1:colcon.colcon_core.package_identification:_identify(src/pal_pro_gripper/pal_pro_gripper_bringup) by extension 'colcon_meta'
[0.151s] Level 1:colcon.colcon_core.package_identification:_identify(src/pal_pro_gripper/pal_pro_gripper_bringup) by extensions ['ros']
[0.151s] Level 1:colcon.colcon_core.package_identification:_identify(src/pal_pro_gripper/pal_pro_gripper_bringup) by extension 'ros'
[0.151s] DEBUG:colcon.colcon_core.package_identification:Package 'src/pal_pro_gripper/pal_pro_gripper_bringup' with type 'ros.ament_cmake' and name 'pal_pro_gripper_bringup'
[0.151s] Level 1:colcon.colcon_core.package_identification:_identify(src/pal_pro_gripper/pal_pro_gripper_controller_configuration) by extensions ['ignore', 'ignore_ament_install']
[0.151s] Level 1:colcon.colcon_core.package_identification:_identify(src/pal_pro_gripper/pal_pro_gripper_controller_configuration) by extension 'ignore'
[0.151s] Level 1:colcon.colcon_core.package_identification:_identify(src/pal_pro_gripper/pal_pro_gripper_controller_configuration) by extension 'ignore_ament_install'
[0.151s] Level 1:colcon.colcon_core.package_identification:_identify(src/pal_pro_gripper/pal_pro_gripper_controller_configuration) by extensions ['colcon_pkg']
[0.151s] Level 1:colcon.colcon_core.package_identification:_identify(src/pal_pro_gripper/pal_pro_gripper_controller_configuration) by extension 'colcon_pkg'
[0.151s] Level 1:colcon.colcon_core.package_identification:_identify(src/pal_pro_gripper/pal_pro_gripper_controller_configuration) by extensions ['colcon_meta']
[0.151s] Level 1:colcon.colcon_core.package_identification:_identify(src/pal_pro_gripper/pal_pro_gripper_controller_configuration) by extension 'colcon_meta'
[0.151s] Level 1:colcon.colcon_core.package_identification:_identify(src/pal_pro_gripper/pal_pro_gripper_controller_configuration) by extensions ['ros']
[0.151s] Level 1:colcon.colcon_core.package_identification:_identify(src/pal_pro_gripper/pal_pro_gripper_controller_configuration) by extension 'ros'
[0.152s] DEBUG:colcon.colcon_core.package_identification:Package 'src/pal_pro_gripper/pal_pro_gripper_controller_configuration' with type 'ros.ament_cmake' and name 'pal_pro_gripper_controller_configuration'
[0.152s] Level 1:colcon.colcon_core.package_identification:_identify(src/pal_pro_gripper/pal_pro_gripper_description) by extensions ['ignore', 'ignore_ament_install']
[0.152s] Level 1:colcon.colcon_core.package_identification:_identify(src/pal_pro_gripper/pal_pro_gripper_description) by extension 'ignore'
[0.152s] Level 1:colcon.colcon_core.package_identification:_identify(src/pal_pro_gripper/pal_pro_gripper_description) by extension 'ignore_ament_install'
[0.152s] Level 1:colcon.colcon_core.package_identification:_identify(src/pal_pro_gripper/pal_pro_gripper_description) by extensions ['colcon_pkg']
[0.152s] Level 1:colcon.colcon_core.package_identification:_identify(src/pal_pro_gripper/pal_pro_gripper_description) by extension 'colcon_pkg'
[0.152s] Level 1:colcon.colcon_core.package_identification:_identify(src/pal_pro_gripper/pal_pro_gripper_description) by extensions ['colcon_meta']
[0.152s] Level 1:colcon.colcon_core.package_identification:_identify(src/pal_pro_gripper/pal_pro_gripper_description) by extension 'colcon_meta'
[0.152s] Level 1:colcon.colcon_core.package_identification:_identify(src/pal_pro_gripper/pal_pro_gripper_description) by extensions ['ros']
[0.152s] Level 1:colcon.colcon_core.package_identification:_identify(src/pal_pro_gripper/pal_pro_gripper_description) by extension 'ros'
[0.152s] DEBUG:colcon.colcon_core.package_identification:Package 'src/pal_pro_gripper/pal_pro_gripper_description' with type 'ros.ament_cmake' and name 'pal_pro_gripper_description'
[0.152s] Level 1:colcon.colcon_core.package_identification:_identify(src/pal_pro_gripper/pal_pro_gripper_simulation) by extensions ['ignore', 'ignore_ament_install']
[0.152s] Level 1:colcon.colcon_core.package_identification:_identify(src/pal_pro_gripper/pal_pro_gripper_simulation) by extension 'ignore'
[0.153s] Level 1:colcon.colcon_core.package_identification:_identify(src/pal_pro_gripper/pal_pro_gripper_simulation) by extension 'ignore_ament_install'
[0.153s] Level 1:colcon.colcon_core.package_identification:_identify(src/pal_pro_gripper/pal_pro_gripper_simulation) by extensions ['colcon_pkg']
[0.153s] Level 1:colcon.colcon_core.package_identification:_identify(src/pal_pro_gripper/pal_pro_gripper_simulation) by extension 'colcon_pkg'
[0.153s] Level 1:colcon.colcon_core.package_identification:_identify(src/pal_pro_gripper/pal_pro_gripper_simulation) by extensions ['colcon_meta']
[0.153s] Level 1:colcon.colcon_core.package_identification:_identify(src/pal_pro_gripper/pal_pro_gripper_simulation) by extension 'colcon_meta'
[0.153s] Level 1:colcon.colcon_core.package_identification:_identify(src/pal_pro_gripper/pal_pro_gripper_simulation) by extensions ['ros']
[0.153s] Level 1:colcon.colcon_core.package_identification:_identify(src/pal_pro_gripper/pal_pro_gripper_simulation) by extension 'ros'
[0.153s] DEBUG:colcon.colcon_core.package_identification:Package 'src/pal_pro_gripper/pal_pro_gripper_simulation' with type 'ros.ament_cmake' and name 'pal_pro_gripper_simulation'
[0.153s] Level 1:colcon.colcon_core.package_identification:_identify(src/pal_pro_gripper/pal_pro_gripper_wrapper) by extensions ['ignore', 'ignore_ament_install']
[0.153s] Level 1:colcon.colcon_core.package_identification:_identify(src/pal_pro_gripper/pal_pro_gripper_wrapper) by extension 'ignore'
[0.153s] Level 1:colcon.colcon_core.package_identification:_identify(src/pal_pro_gripper/pal_pro_gripper_wrapper) by extension 'ignore_ament_install'
[0.153s] Level 1:colcon.colcon_core.package_identification:_identify(src/pal_pro_gripper/pal_pro_gripper_wrapper) by extensions ['colcon_pkg']
[0.153s] Level 1:colcon.colcon_core.package_identification:_identify(src/pal_pro_gripper/pal_pro_gripper_wrapper) by extension 'colcon_pkg'
[0.153s] Level 1:colcon.colcon_core.package_identification:_identify(src/pal_pro_gripper/pal_pro_gripper_wrapper) by extensions ['colcon_meta']
[0.153s] Level 1:colcon.colcon_core.package_identification:_identify(src/pal_pro_gripper/pal_pro_gripper_wrapper) by extension 'colcon_meta'
[0.153s] Level 1:colcon.colcon_core.package_identification:_identify(src/pal_pro_gripper/pal_pro_gripper_wrapper) by extensions ['ros']
[0.153s] Level 1:colcon.colcon_core.package_identification:_identify(src/pal_pro_gripper/pal_pro_gripper_wrapper) by extension 'ros'
[0.154s] DEBUG:colcon.colcon_core.package_identification:Package 'src/pal_pro_gripper/pal_pro_gripper_wrapper' with type 'ros.ament_python' and name 'pal_pro_gripper_wrapper'
[0.154s] Level 1:colcon.colcon_core.package_identification:_identify(src/pal_sea_arm) by extensions ['ignore', 'ignore_ament_install']
[0.154s] Level 1:colcon.colcon_core.package_identification:_identify(src/pal_sea_arm) by extension 'ignore'
[0.154s] Level 1:colcon.colcon_core.package_identification:_identify(src/pal_sea_arm) by extension 'ignore_ament_install'
[0.154s] Level 1:colcon.colcon_core.package_identification:_identify(src/pal_sea_arm) by extensions ['colcon_pkg']
[0.154s] Level 1:colcon.colcon_core.package_identification:_identify(src/pal_sea_arm) by extension 'colcon_pkg'
[0.154s] Level 1:colcon.colcon_core.package_identification:_identify(src/pal_sea_arm) by extensions ['colcon_meta']
[0.154s] Level 1:colcon.colcon_core.package_identification:_identify(src/pal_sea_arm) by extension 'colcon_meta'
[0.154s] Level 1:colcon.colcon_core.package_identification:_identify(src/pal_sea_arm) by extensions ['ros']
[0.154s] Level 1:colcon.colcon_core.package_identification:_identify(src/pal_sea_arm) by extension 'ros'
[0.154s] Level 1:colcon.colcon_core.package_identification:_identify(src/pal_sea_arm) by extensions ['cmake', 'python']
[0.154s] Level 1:colcon.colcon_core.package_identification:_identify(src/pal_sea_arm) by extension 'cmake'
[0.154s] Level 1:colcon.colcon_core.package_identification:_identify(src/pal_sea_arm) by extension 'python'
[0.154s] Level 1:colcon.colcon_core.package_identification:_identify(src/pal_sea_arm) by extensions ['python_setup_py']
[0.154s] Level 1:colcon.colcon_core.package_identification:_identify(src/pal_sea_arm) by extension 'python_setup_py'
[0.154s] Level 1:colcon.colcon_core.package_identification:_identify(src/pal_sea_arm/pal_sea_arm) by extensions ['ignore', 'ignore_ament_install']
[0.154s] Level 1:colcon.colcon_core.package_identification:_identify(src/pal_sea_arm/pal_sea_arm) by extension 'ignore'
[0.154s] Level 1:colcon.colcon_core.package_identification:_identify(src/pal_sea_arm/pal_sea_arm) by extension 'ignore_ament_install'
[0.154s] Level 1:colcon.colcon_core.package_identification:_identify(src/pal_sea_arm/pal_sea_arm) by extensions ['colcon_pkg']
[0.154s] Level 1:colcon.colcon_core.package_identification:_identify(src/pal_sea_arm/pal_sea_arm) by extension 'colcon_pkg'
[0.154s] Level 1:colcon.colcon_core.package_identification:_identify(src/pal_sea_arm/pal_sea_arm) by extensions ['colcon_meta']
[0.154s] Level 1:colcon.colcon_core.package_identification:_identify(src/pal_sea_arm/pal_sea_arm) by extension 'colcon_meta'
[0.154s] Level 1:colcon.colcon_core.package_identification:_identify(src/pal_sea_arm/pal_sea_arm) by extensions ['ros']
[0.154s] Level 1:colcon.colcon_core.package_identification:_identify(src/pal_sea_arm/pal_sea_arm) by extension 'ros'
[0.154s] DEBUG:colcon.colcon_core.package_identification:Package 'src/pal_sea_arm/pal_sea_arm' with type 'ros.ament_cmake' and name 'pal_sea_arm'
[0.155s] Level 1:colcon.colcon_core.package_identification:_identify(src/pal_sea_arm/pal_sea_arm_bringup) by extensions ['ignore', 'ignore_ament_install']
[0.155s] Level 1:colcon.colcon_core.package_identification:_identify(src/pal_sea_arm/pal_sea_arm_bringup) by extension 'ignore'
[0.155s] Level 1:colcon.colcon_core.package_identification:_identify(src/pal_sea_arm/pal_sea_arm_bringup) by extension 'ignore_ament_install'
[0.155s] Level 1:colcon.colcon_core.package_identification:_identify(src/pal_sea_arm/pal_sea_arm_bringup) by extensions ['colcon_pkg']
[0.155s] Level 1:colcon.colcon_core.package_identification:_identify(src/pal_sea_arm/pal_sea_arm_bringup) by extension 'colcon_pkg'
[0.155s] Level 1:colcon.colcon_core.package_identification:_identify(src/pal_sea_arm/pal_sea_arm_bringup) by extensions ['colcon_meta']
[0.155s] Level 1:colcon.colcon_core.package_identification:_identify(src/pal_sea_arm/pal_sea_arm_bringup) by extension 'colcon_meta'
[0.155s] Level 1:colcon.colcon_core.package_identification:_identify(src/pal_sea_arm/pal_sea_arm_bringup) by extensions ['ros']
[0.155s] Level 1:colcon.colcon_core.package_identification:_identify(src/pal_sea_arm/pal_sea_arm_bringup) by extension 'ros'
[0.155s] DEBUG:colcon.colcon_core.package_identification:Package 'src/pal_sea_arm/pal_sea_arm_bringup' with type 'ros.ament_cmake' and name 'pal_sea_arm_bringup'
[0.156s] Level 1:colcon.colcon_core.package_identification:_identify(src/pal_sea_arm/pal_sea_arm_controller_configuration) by extensions ['ignore', 'ignore_ament_install']
[0.156s] Level 1:colcon.colcon_core.package_identification:_identify(src/pal_sea_arm/pal_sea_arm_controller_configuration) by extension 'ignore'
[0.156s] Level 1:colcon.colcon_core.package_identification:_identify(src/pal_sea_arm/pal_sea_arm_controller_configuration) by extension 'ignore_ament_install'
[0.156s] Level 1:colcon.colcon_core.package_identification:_identify(src/pal_sea_arm/pal_sea_arm_controller_configuration) by extensions ['colcon_pkg']
[0.156s] Level 1:colcon.colcon_core.package_identification:_identify(src/pal_sea_arm/pal_sea_arm_controller_configuration) by extension 'colcon_pkg'
[0.156s] Level 1:colcon.colcon_core.package_identification:_identify(src/pal_sea_arm/pal_sea_arm_controller_configuration) by extensions ['colcon_meta']
[0.156s] Level 1:colcon.colcon_core.package_identification:_identify(src/pal_sea_arm/pal_sea_arm_controller_configuration) by extension 'colcon_meta'
[0.156s] Level 1:colcon.colcon_core.package_identification:_identify(src/pal_sea_arm/pal_sea_arm_controller_configuration) by extensions ['ros']
[0.156s] Level 1:colcon.colcon_core.package_identification:_identify(src/pal_sea_arm/pal_sea_arm_controller_configuration) by extension 'ros'
[0.157s] DEBUG:colcon.colcon_core.package_identification:Package 'src/pal_sea_arm/pal_sea_arm_controller_configuration' with type 'ros.ament_cmake' and name 'pal_sea_arm_controller_configuration'
[0.157s] Level 1:colcon.colcon_core.package_identification:_identify(src/pal_sea_arm/pal_sea_arm_description) by extensions ['ignore', 'ignore_ament_install']
[0.157s] Level 1:colcon.colcon_core.package_identification:_identify(src/pal_sea_arm/pal_sea_arm_description) by extension 'ignore'
[0.157s] Level 1:colcon.colcon_core.package_identification:_identify(src/pal_sea_arm/pal_sea_arm_description) by extension 'ignore_ament_install'
[0.157s] Level 1:colcon.colcon_core.package_identification:_identify(src/pal_sea_arm/pal_sea_arm_description) by extensions ['colcon_pkg']
[0.157s] Level 1:colcon.colcon_core.package_identification:_identify(src/pal_sea_arm/pal_sea_arm_description) by extension 'colcon_pkg'
[0.157s] Level 1:colcon.colcon_core.package_identification:_identify(src/pal_sea_arm/pal_sea_arm_description) by extensions ['colcon_meta']
[0.157s] Level 1:colcon.colcon_core.package_identification:_identify(src/pal_sea_arm/pal_sea_arm_description) by extension 'colcon_meta'
[0.157s] Level 1:colcon.colcon_core.package_identification:_identify(src/pal_sea_arm/pal_sea_arm_description) by extensions ['ros']
[0.157s] Level 1:colcon.colcon_core.package_identification:_identify(src/pal_sea_arm/pal_sea_arm_description) by extension 'ros'
[0.158s] DEBUG:colcon.colcon_core.package_identification:Package 'src/pal_sea_arm/pal_sea_arm_description' with type 'ros.ament_cmake' and name 'pal_sea_arm_description'
[0.158s] Level 1:colcon.colcon_core.package_identification:_identify(src/pal_sea_arm_moveit_config) by extensions ['ignore', 'ignore_ament_install']
[0.158s] Level 1:colcon.colcon_core.package_identification:_identify(src/pal_sea_arm_moveit_config) by extension 'ignore'
[0.158s] Level 1:colcon.colcon_core.package_identification:_identify(src/pal_sea_arm_moveit_config) by extension 'ignore_ament_install'
[0.158s] Level 1:colcon.colcon_core.package_identification:_identify(src/pal_sea_arm_moveit_config) by extensions ['colcon_pkg']
[0.158s] Level 1:colcon.colcon_core.package_identification:_identify(src/pal_sea_arm_moveit_config) by extension 'colcon_pkg'
[0.158s] Level 1:colcon.colcon_core.package_identification:_identify(src/pal_sea_arm_moveit_config) by extensions ['colcon_meta']
[0.158s] Level 1:colcon.colcon_core.package_identification:_identify(src/pal_sea_arm_moveit_config) by extension 'colcon_meta'
[0.158s] Level 1:colcon.colcon_core.package_identification:_identify(src/pal_sea_arm_moveit_config) by extensions ['ros']
[0.158s] Level 1:colcon.colcon_core.package_identification:_identify(src/pal_sea_arm_moveit_config) by extension 'ros'
[0.159s] DEBUG:colcon.colcon_core.package_identification:Package 'src/pal_sea_arm_moveit_config' with type 'ros.ament_cmake' and name 'pal_sea_arm_moveit_config'
[0.159s] Level 1:colcon.colcon_core.package_identification:_identify(src/pick_task) by extensions ['ignore', 'ignore_ament_install']
[0.159s] Level 1:colcon.colcon_core.package_identification:_identify(src/pick_task) by extension 'ignore'
[0.159s] Level 1:colcon.colcon_core.package_identification:_identify(src/pick_task) by extension 'ignore_ament_install'
[0.159s] Level 1:colcon.colcon_core.package_identification:_identify(src/pick_task) by extensions ['colcon_pkg']
[0.159s] Level 1:colcon.colcon_core.package_identification:_identify(src/pick_task) by extension 'colcon_pkg'
[0.159s] Level 1:colcon.colcon_core.package_identification:_identify(src/pick_task) by extensions ['colcon_meta']
[0.159s] Level 1:colcon.colcon_core.package_identification:_identify(src/pick_task) by extension 'colcon_meta'
[0.159s] Level 1:colcon.colcon_core.package_identification:_identify(src/pick_task) by extensions ['ros']
[0.159s] Level 1:colcon.colcon_core.package_identification:_identify(src/pick_task) by extension 'ros'
[0.160s] DEBUG:colcon.colcon_core.package_identification:Package 'src/pick_task' with type 'ros.ament_python' and name 'pick_task'
[0.160s] Level 1:colcon.colcon_core.package_identification:_identify(src/tiago_manipulation_tasks) by extensions ['ignore', 'ignore_ament_install']
[0.160s] Level 1:colcon.colcon_core.package_identification:_identify(src/tiago_manipulation_tasks) by extension 'ignore'
[0.160s] Level 1:colcon.colcon_core.package_identification:_identify(src/tiago_manipulation_tasks) by extension 'ignore_ament_install'
[0.160s] Level 1:colcon.colcon_core.package_identification:_identify(src/tiago_manipulation_tasks) by extensions ['colcon_pkg']
[0.160s] Level 1:colcon.colcon_core.package_identification:_identify(src/tiago_manipulation_tasks) by extension 'colcon_pkg'
[0.160s] Level 1:colcon.colcon_core.package_identification:_identify(src/tiago_manipulation_tasks) by extensions ['colcon_meta']
[0.160s] Level 1:colcon.colcon_core.package_identification:_identify(src/tiago_manipulation_tasks) by extension 'colcon_meta'
[0.160s] Level 1:colcon.colcon_core.package_identification:_identify(src/tiago_manipulation_tasks) by extensions ['ros']
[0.160s] Level 1:colcon.colcon_core.package_identification:_identify(src/tiago_manipulation_tasks) by extension 'ros'
[0.161s] DEBUG:colcon.colcon_core.package_identification:Package 'src/tiago_manipulation_tasks' with type 'ros.ament_cmake' and name 'tiago_manipulation_tasks'
[0.161s] Level 1:colcon.colcon_core.package_identification:_identify(src/tiago_pro_moveit_config) by extensions ['ignore', 'ignore_ament_install']
[0.161s] Level 1:colcon.colcon_core.package_identification:_identify(src/tiago_pro_moveit_config) by extension 'ignore'
[0.161s] Level 1:colcon.colcon_core.package_identification:_identify(src/tiago_pro_moveit_config) by extension 'ignore_ament_install'
[0.161s] Level 1:colcon.colcon_core.package_identification:_identify(src/tiago_pro_moveit_config) by extensions ['colcon_pkg']
[0.161s] Level 1:colcon.colcon_core.package_identification:_identify(src/tiago_pro_moveit_config) by extension 'colcon_pkg'
[0.161s] Level 1:colcon.colcon_core.package_identification:_identify(src/tiago_pro_moveit_config) by extensions ['colcon_meta']
[0.161s] Level 1:colcon.colcon_core.package_identification:_identify(src/tiago_pro_moveit_config) by extension 'colcon_meta'
[0.161s] Level 1:colcon.colcon_core.package_identification:_identify(src/tiago_pro_moveit_config) by extensions ['ros']
[0.161s] Level 1:colcon.colcon_core.package_identification:_identify(src/tiago_pro_moveit_config) by extension 'ros'
[0.162s] DEBUG:colcon.colcon_core.package_identification:Package 'src/tiago_pro_moveit_config' with type 'ros.ament_cmake' and name 'tiago_pro_moveit_config'
[0.162s] Level 1:colcon.colcon_core.package_identification:_identify(src/tiago_pro_navigation) by extensions ['ignore', 'ignore_ament_install']
[0.162s] Level 1:colcon.colcon_core.package_identification:_identify(src/tiago_pro_navigation) by extension 'ignore'
[0.162s] Level 1:colcon.colcon_core.package_identification:_identify(src/tiago_pro_navigation) by extension 'ignore_ament_install'
[0.162s] Level 1:colcon.colcon_core.package_identification:_identify(src/tiago_pro_navigation) by extensions ['colcon_pkg']
[0.162s] Level 1:colcon.colcon_core.package_identification:_identify(src/tiago_pro_navigation) by extension 'colcon_pkg'
[0.162s] Level 1:colcon.colcon_core.package_identification:_identify(src/tiago_pro_navigation) by extensions ['colcon_meta']
[0.162s] Level 1:colcon.colcon_core.package_identification:_identify(src/tiago_pro_navigation) by extension 'colcon_meta'
[0.162s] Level 1:colcon.colcon_core.package_identification:_identify(src/tiago_pro_navigation) by extensions ['ros']
[0.162s] Level 1:colcon.colcon_core.package_identification:_identify(src/tiago_pro_navigation) by extension 'ros'
[0.162s] Level 1:colcon.colcon_core.package_identification:_identify(src/tiago_pro_navigation) by extensions ['cmake', 'python']
[0.162s] Level 1:colcon.colcon_core.package_identification:_identify(src/tiago_pro_navigation) by extension 'cmake'
[0.162s] Level 1:colcon.colcon_core.package_identification:_identify(src/tiago_pro_navigation) by extension 'python'
[0.162s] Level 1:colcon.colcon_core.package_identification:_identify(src/tiago_pro_navigation) by extensions ['python_setup_py']
[0.162s] Level 1:colcon.colcon_core.package_identification:_identify(src/tiago_pro_navigation) by extension 'python_setup_py'
[0.162s] Level 1:colcon.colcon_core.package_identification:_identify(src/tiago_pro_navigation/tiago_pro_2dnav) by extensions ['ignore', 'ignore_ament_install']
[0.162s] Level 1:colcon.colcon_core.package_identification:_identify(src/tiago_pro_navigation/tiago_pro_2dnav) by extension 'ignore'
[0.162s] Level 1:colcon.colcon_core.package_identification:_identify(src/tiago_pro_navigation/tiago_pro_2dnav) by extension 'ignore_ament_install'
[0.162s] Level 1:colcon.colcon_core.package_identification:_identify(src/tiago_pro_navigation/tiago_pro_2dnav) by extensions ['colcon_pkg']
[0.162s] Level 1:colcon.colcon_core.package_identification:_identify(src/tiago_pro_navigation/tiago_pro_2dnav) by extension 'colcon_pkg'
[0.162s] Level 1:colcon.colcon_core.package_identification:_identify(src/tiago_pro_navigation/tiago_pro_2dnav) by extensions ['colcon_meta']
[0.162s] Level 1:colcon.colcon_core.package_identification:_identify(src/tiago_pro_navigation/tiago_pro_2dnav) by extension 'colcon_meta'
[0.162s] Level 1:colcon.colcon_core.package_identification:_identify(src/tiago_pro_navigation/tiago_pro_2dnav) by extensions ['ros']
[0.163s] Level 1:colcon.colcon_core.package_identification:_identify(src/tiago_pro_navigation/tiago_pro_2dnav) by extension 'ros'
[0.163s] DEBUG:colcon.colcon_core.package_identification:Package 'src/tiago_pro_navigation/tiago_pro_2dnav' with type 'ros.ament_cmake' and name 'tiago_pro_2dnav'
[0.163s] Level 1:colcon.colcon_core.package_identification:_identify(src/tiago_pro_navigation/tiago_pro_laser_sensors) by extensions ['ignore', 'ignore_ament_install']
[0.163s] Level 1:colcon.colcon_core.package_identification:_identify(src/tiago_pro_navigation/tiago_pro_laser_sensors) by extension 'ignore'
[0.163s] Level 1:colcon.colcon_core.package_identification:_identify(src/tiago_pro_navigation/tiago_pro_laser_sensors) by extension 'ignore_ament_install'
[0.163s] Level 1:colcon.colcon_core.package_identification:_identify(src/tiago_pro_navigation/tiago_pro_laser_sensors) by extensions ['colcon_pkg']
[0.163s] Level 1:colcon.colcon_core.package_identification:_identify(src/tiago_pro_navigation/tiago_pro_laser_sensors) by extension 'colcon_pkg'
[0.163s] Level 1:colcon.colcon_core.package_identification:_identify(src/tiago_pro_navigation/tiago_pro_laser_sensors) by extensions ['colcon_meta']
[0.163s] Level 1:colcon.colcon_core.package_identification:_identify(src/tiago_pro_navigation/tiago_pro_laser_sensors) by extension 'colcon_meta'
[0.163s] Level 1:colcon.colcon_core.package_identification:_identify(src/tiago_pro_navigation/tiago_pro_laser_sensors) by extensions ['ros']
[0.163s] Level 1:colcon.colcon_core.package_identification:_identify(src/tiago_pro_navigation/tiago_pro_laser_sensors) by extension 'ros'
[0.164s] DEBUG:colcon.colcon_core.package_identification:Package 'src/tiago_pro_navigation/tiago_pro_laser_sensors' with type 'ros.ament_cmake' and name 'tiago_pro_laser_sensors'
[0.164s] Level 1:colcon.colcon_core.package_identification:_identify(src/tiago_pro_navigation/tiago_pro_navigation) by extensions ['ignore', 'ignore_ament_install']
[0.164s] Level 1:colcon.colcon_core.package_identification:_identify(src/tiago_pro_navigation/tiago_pro_navigation) by extension 'ignore'
[0.164s] Level 1:colcon.colcon_core.package_identification:_identify(src/tiago_pro_navigation/tiago_pro_navigation) by extension 'ignore_ament_install'
[0.164s] Level 1:colcon.colcon_core.package_identification:_identify(src/tiago_pro_navigation/tiago_pro_navigation) by extensions ['colcon_pkg']
[0.164s] Level 1:colcon.colcon_core.package_identification:_identify(src/tiago_pro_navigation/tiago_pro_navigation) by extension 'colcon_pkg'
[0.164s] Level 1:colcon.colcon_core.package_identification:_identify(src/tiago_pro_navigation/tiago_pro_navigation) by extensions ['colcon_meta']
[0.164s] Level 1:colcon.colcon_core.package_identification:_identify(src/tiago_pro_navigation/tiago_pro_navigation) by extension 'colcon_meta'
[0.164s] Level 1:colcon.colcon_core.package_identification:_identify(src/tiago_pro_navigation/tiago_pro_navigation) by extensions ['ros']
[0.164s] Level 1:colcon.colcon_core.package_identification:_identify(src/tiago_pro_navigation/tiago_pro_navigation) by extension 'ros'
[0.164s] DEBUG:colcon.colcon_core.package_identification:Package 'src/tiago_pro_navigation/tiago_pro_navigation' with type 'ros.ament_cmake' and name 'tiago_pro_navigation'
[0.164s] Level 1:colcon.colcon_core.package_identification:_identify(src/tiago_pro_navigation/tiago_pro_rgbd_sensors) by extensions ['ignore', 'ignore_ament_install']
[0.164s] Level 1:colcon.colcon_core.package_identification:_identify(src/tiago_pro_navigation/tiago_pro_rgbd_sensors) by extension 'ignore'
[0.164s] Level 1:colcon.colcon_core.package_identification:_identify(src/tiago_pro_navigation/tiago_pro_rgbd_sensors) by extension 'ignore_ament_install'
[0.164s] Level 1:colcon.colcon_core.package_identification:_identify(src/tiago_pro_navigation/tiago_pro_rgbd_sensors) by extensions ['colcon_pkg']
[0.164s] Level 1:colcon.colcon_core.package_identification:_identify(src/tiago_pro_navigation/tiago_pro_rgbd_sensors) by extension 'colcon_pkg'
[0.164s] Level 1:colcon.colcon_core.package_identification:_identify(src/tiago_pro_navigation/tiago_pro_rgbd_sensors) by extensions ['colcon_meta']
[0.164s] Level 1:colcon.colcon_core.package_identification:_identify(src/tiago_pro_navigation/tiago_pro_rgbd_sensors) by extension 'colcon_meta'
[0.165s] Level 1:colcon.colcon_core.package_identification:_identify(src/tiago_pro_navigation/tiago_pro_rgbd_sensors) by extensions ['ros']
[0.165s] Level 1:colcon.colcon_core.package_identification:_identify(src/tiago_pro_navigation/tiago_pro_rgbd_sensors) by extension 'ros'
[0.165s] DEBUG:colcon.colcon_core.package_identification:Package 'src/tiago_pro_navigation/tiago_pro_rgbd_sensors' with type 'ros.ament_cmake' and name 'tiago_pro_rgbd_sensors'
[0.166s] Level 1:colcon.colcon_core.package_identification:_identify(src/tiago_pro_robot) by extensions ['ignore', 'ignore_ament_install']
[0.166s] Level 1:colcon.colcon_core.package_identification:_identify(src/tiago_pro_robot) by extension 'ignore'
[0.166s] Level 1:colcon.colcon_core.package_identification:_identify(src/tiago_pro_robot) by extension 'ignore_ament_install'
[0.166s] Level 1:colcon.colcon_core.package_identification:_identify(src/tiago_pro_robot) by extensions ['colcon_pkg']
[0.166s] Level 1:colcon.colcon_core.package_identification:_identify(src/tiago_pro_robot) by extension 'colcon_pkg'
[0.166s] Level 1:colcon.colcon_core.package_identification:_identify(src/tiago_pro_robot) by extensions ['colcon_meta']
[0.166s] Level 1:colcon.colcon_core.package_identification:_identify(src/tiago_pro_robot) by extension 'colcon_meta'
[0.166s] Level 1:colcon.colcon_core.package_identification:_identify(src/tiago_pro_robot) by extensions ['ros']
[0.166s] Level 1:colcon.colcon_core.package_identification:_identify(src/tiago_pro_robot) by extension 'ros'
[0.166s] Level 1:colcon.colcon_core.package_identification:_identify(src/tiago_pro_robot) by extensions ['cmake', 'python']
[0.166s] Level 1:colcon.colcon_core.package_identification:_identify(src/tiago_pro_robot) by extension 'cmake'
[0.166s] Level 1:colcon.colcon_core.package_identification:_identify(src/tiago_pro_robot) by extension 'python'
[0.166s] Level 1:colcon.colcon_core.package_identification:_identify(src/tiago_pro_robot) by extensions ['python_setup_py']
[0.166s] Level 1:colcon.colcon_core.package_identification:_identify(src/tiago_pro_robot) by extension 'python_setup_py'
[0.166s] Level 1:colcon.colcon_core.package_identification:_identify(src/tiago_pro_robot/tiago_pro_bringup) by extensions ['ignore', 'ignore_ament_install']
[0.166s] Level 1:colcon.colcon_core.package_identification:_identify(src/tiago_pro_robot/tiago_pro_bringup) by extension 'ignore'
[0.166s] Level 1:colcon.colcon_core.package_identification:_identify(src/tiago_pro_robot/tiago_pro_bringup) by extension 'ignore_ament_install'
[0.166s] Level 1:colcon.colcon_core.package_identification:_identify(src/tiago_pro_robot/tiago_pro_bringup) by extensions ['colcon_pkg']
[0.166s] Level 1:colcon.colcon_core.package_identification:_identify(src/tiago_pro_robot/tiago_pro_bringup) by extension 'colcon_pkg'
[0.166s] Level 1:colcon.colcon_core.package_identification:_identify(src/tiago_pro_robot/tiago_pro_bringup) by extensions ['colcon_meta']
[0.166s] Level 1:colcon.colcon_core.package_identification:_identify(src/tiago_pro_robot/tiago_pro_bringup) by extension 'colcon_meta'
[0.166s] Level 1:colcon.colcon_core.package_identification:_identify(src/tiago_pro_robot/tiago_pro_bringup) by extensions ['ros']
[0.166s] Level 1:colcon.colcon_core.package_identification:_identify(src/tiago_pro_robot/tiago_pro_bringup) by extension 'ros'
[0.167s] DEBUG:colcon.colcon_core.package_identification:Package 'src/tiago_pro_robot/tiago_pro_bringup' with type 'ros.ament_cmake' and name 'tiago_pro_bringup'
[0.167s] Level 1:colcon.colcon_core.package_identification:_identify(src/tiago_pro_robot/tiago_pro_controller_configuration) by extensions ['ignore', 'ignore_ament_install']
[0.167s] Level 1:colcon.colcon_core.package_identification:_identify(src/tiago_pro_robot/tiago_pro_controller_configuration) by extension 'ignore'
[0.167s] Level 1:colcon.colcon_core.package_identification:_identify(src/tiago_pro_robot/tiago_pro_controller_configuration) by extension 'ignore_ament_install'
[0.167s] Level 1:colcon.colcon_core.package_identification:_identify(src/tiago_pro_robot/tiago_pro_controller_configuration) by extensions ['colcon_pkg']
[0.167s] Level 1:colcon.colcon_core.package_identification:_identify(src/tiago_pro_robot/tiago_pro_controller_configuration) by extension 'colcon_pkg'
[0.167s] Level 1:colcon.colcon_core.package_identification:_identify(src/tiago_pro_robot/tiago_pro_controller_configuration) by extensions ['colcon_meta']
[0.167s] Level 1:colcon.colcon_core.package_identification:_identify(src/tiago_pro_robot/tiago_pro_controller_configuration) by extension 'colcon_meta'
[0.167s] Level 1:colcon.colcon_core.package_identification:_identify(src/tiago_pro_robot/tiago_pro_controller_configuration) by extensions ['ros']
[0.167s] Level 1:colcon.colcon_core.package_identification:_identify(src/tiago_pro_robot/tiago_pro_controller_configuration) by extension 'ros'
[0.169s] DEBUG:colcon.colcon_core.package_identification:Package 'src/tiago_pro_robot/tiago_pro_controller_configuration' with type 'ros.ament_cmake' and name 'tiago_pro_controller_configuration'
[0.169s] Level 1:colcon.colcon_core.package_identification:_identify(src/tiago_pro_robot/tiago_pro_description) by extensions ['ignore', 'ignore_ament_install']
[0.169s] Level 1:colcon.colcon_core.package_identification:_identify(src/tiago_pro_robot/tiago_pro_description) by extension 'ignore'
[0.169s] Level 1:colcon.colcon_core.package_identification:_identify(src/tiago_pro_robot/tiago_pro_description) by extension 'ignore_ament_install'
[0.169s] Level 1:colcon.colcon_core.package_identification:_identify(src/tiago_pro_robot/tiago_pro_description) by extensions ['colcon_pkg']
[0.169s] Level 1:colcon.colcon_core.package_identification:_identify(src/tiago_pro_robot/tiago_pro_description) by extension 'colcon_pkg'
[0.169s] Level 1:colcon.colcon_core.package_identification:_identify(src/tiago_pro_robot/tiago_pro_description) by extensions ['colcon_meta']
[0.169s] Level 1:colcon.colcon_core.package_identification:_identify(src/tiago_pro_robot/tiago_pro_description) by extension 'colcon_meta'
[0.169s] Level 1:colcon.colcon_core.package_identification:_identify(src/tiago_pro_robot/tiago_pro_description) by extensions ['ros']
[0.169s] Level 1:colcon.colcon_core.package_identification:_identify(src/tiago_pro_robot/tiago_pro_description) by extension 'ros'
[0.175s] DEBUG:colcon.colcon_core.package_identification:Package 'src/tiago_pro_robot/tiago_pro_description' with type 'ros.ament_cmake' and name 'tiago_pro_description'
[0.175s] Level 1:colcon.colcon_core.package_identification:_identify(src/tiago_pro_robot/tiago_pro_robot) by extensions ['ignore', 'ignore_ament_install']
[0.175s] Level 1:colcon.colcon_core.package_identification:_identify(src/tiago_pro_robot/tiago_pro_robot) by extension 'ignore'
[0.175s] Level 1:colcon.colcon_core.package_identification:_identify(src/tiago_pro_robot/tiago_pro_robot) by extension 'ignore_ament_install'
[0.175s] Level 1:colcon.colcon_core.package_identification:_identify(src/tiago_pro_robot/tiago_pro_robot) by extensions ['colcon_pkg']
[0.175s] Level 1:colcon.colcon_core.package_identification:_identify(src/tiago_pro_robot/tiago_pro_robot) by extension 'colcon_pkg'
[0.175s] Level 1:colcon.colcon_core.package_identification:_identify(src/tiago_pro_robot/tiago_pro_robot) by extensions ['colcon_meta']
[0.175s] Level 1:colcon.colcon_core.package_identification:_identify(src/tiago_pro_robot/tiago_pro_robot) by extension 'colcon_meta'
[0.175s] Level 1:colcon.colcon_core.package_identification:_identify(src/tiago_pro_robot/tiago_pro_robot) by extensions ['ros']
[0.175s] Level 1:colcon.colcon_core.package_identification:_identify(src/tiago_pro_robot/tiago_pro_robot) by extension 'ros'
[0.176s] DEBUG:colcon.colcon_core.package_identification:Package 'src/tiago_pro_robot/tiago_pro_robot' with type 'ros.ament_cmake' and name 'tiago_pro_robot'
[0.176s] Level 1:colcon.colcon_core.package_identification:_identify(src/tiago_pro_simulation) by extensions ['ignore', 'ignore_ament_install']
[0.176s] Level 1:colcon.colcon_core.package_identification:_identify(src/tiago_pro_simulation) by extension 'ignore'
[0.176s] Level 1:colcon.colcon_core.package_identification:_identify(src/tiago_pro_simulation) by extension 'ignore_ament_install'
[0.176s] Level 1:colcon.colcon_core.package_identification:_identify(src/tiago_pro_simulation) by extensions ['colcon_pkg']
[0.176s] Level 1:colcon.colcon_core.package_identification:_identify(src/tiago_pro_simulation) by extension 'colcon_pkg'
[0.176s] Level 1:colcon.colcon_core.package_identification:_identify(src/tiago_pro_simulation) by extensions ['colcon_meta']
[0.176s] Level 1:colcon.colcon_core.package_identification:_identify(src/tiago_pro_simulation) by extension 'colcon_meta'
[0.176s] Level 1:colcon.colcon_core.package_identification:_identify(src/tiago_pro_simulation) by extensions ['ros']
[0.176s] Level 1:colcon.colcon_core.package_identification:_identify(src/tiago_pro_simulation) by extension 'ros'
[0.176s] Level 1:colcon.colcon_core.package_identification:_identify(src/tiago_pro_simulation) by extensions ['cmake', 'python']
[0.176s] Level 1:colcon.colcon_core.package_identification:_identify(src/tiago_pro_simulation) by extension 'cmake'
[0.176s] Level 1:colcon.colcon_core.package_identification:_identify(src/tiago_pro_simulation) by extension 'python'
[0.176s] Level 1:colcon.colcon_core.package_identification:_identify(src/tiago_pro_simulation) by extensions ['python_setup_py']
[0.176s] Level 1:colcon.colcon_core.package_identification:_identify(src/tiago_pro_simulation) by extension 'python_setup_py'
[0.176s] Level 1:colcon.colcon_core.package_identification:_identify(src/tiago_pro_simulation/tiago_pro_gazebo) by extensions ['ignore', 'ignore_ament_install']
[0.176s] Level 1:colcon.colcon_core.package_identification:_identify(src/tiago_pro_simulation/tiago_pro_gazebo) by extension 'ignore'
[0.176s] Level 1:colcon.colcon_core.package_identification:_identify(src/tiago_pro_simulation/tiago_pro_gazebo) by extension 'ignore_ament_install'
[0.176s] Level 1:colcon.colcon_core.package_identification:_identify(src/tiago_pro_simulation/tiago_pro_gazebo) by extensions ['colcon_pkg']
[0.176s] Level 1:colcon.colcon_core.package_identification:_identify(src/tiago_pro_simulation/tiago_pro_gazebo) by extension 'colcon_pkg'
[0.176s] Level 1:colcon.colcon_core.package_identification:_identify(src/tiago_pro_simulation/tiago_pro_gazebo) by extensions ['colcon_meta']
[0.176s] Level 1:colcon.colcon_core.package_identification:_identify(src/tiago_pro_simulation/tiago_pro_gazebo) by extension 'colcon_meta'
[0.176s] Level 1:colcon.colcon_core.package_identification:_identify(src/tiago_pro_simulation/tiago_pro_gazebo) by extensions ['ros']
[0.176s] Level 1:colcon.colcon_core.package_identification:_identify(src/tiago_pro_simulation/tiago_pro_gazebo) by extension 'ros'
[0.177s] DEBUG:colcon.colcon_core.package_identification:Package 'src/tiago_pro_simulation/tiago_pro_gazebo' with type 'ros.ament_cmake' and name 'tiago_pro_gazebo'
[0.177s] Level 1:colcon.colcon_core.package_identification:_identify(src/tiago_pro_simulation/tiago_pro_mujoco) by extensions ['ignore', 'ignore_ament_install']
[0.177s] Level 1:colcon.colcon_core.package_identification:_identify(src/tiago_pro_simulation/tiago_pro_mujoco) by extension 'ignore'
[0.177s] Level 1:colcon.colcon_core.package_identification:_identify(src/tiago_pro_simulation/tiago_pro_mujoco) by extension 'ignore_ament_install'
[0.177s] Level 1:colcon.colcon_core.package_identification:_identify(src/tiago_pro_simulation/tiago_pro_mujoco) by extensions ['colcon_pkg']
[0.177s] Level 1:colcon.colcon_core.package_identification:_identify(src/tiago_pro_simulation/tiago_pro_mujoco) by extension 'colcon_pkg'
[0.177s] Level 1:colcon.colcon_core.package_identification:_identify(src/tiago_pro_simulation/tiago_pro_mujoco) by extensions ['colcon_meta']
[0.177s] Level 1:colcon.colcon_core.package_identification:_identify(src/tiago_pro_simulation/tiago_pro_mujoco) by extension 'colcon_meta'
[0.177s] Level 1:colcon.colcon_core.package_identification:_identify(src/tiago_pro_simulation/tiago_pro_mujoco) by extensions ['ros']
[0.177s] Level 1:colcon.colcon_core.package_identification:_identify(src/tiago_pro_simulation/tiago_pro_mujoco) by extension 'ros'
[0.178s] DEBUG:colcon.colcon_core.package_identification:Package 'src/tiago_pro_simulation/tiago_pro_mujoco' with type 'ros.ament_cmake' and name 'tiago_pro_mujoco'
[0.178s] Level 1:colcon.colcon_core.package_identification:_identify(src/tiago_pro_simulation/tiago_pro_simulation) by extensions ['ignore', 'ignore_ament_install']
[0.178s] Level 1:colcon.colcon_core.package_identification:_identify(src/tiago_pro_simulation/tiago_pro_simulation) by extension 'ignore'
[0.178s] Level 1:colcon.colcon_core.package_identification:_identify(src/tiago_pro_simulation/tiago_pro_simulation) by extension 'ignore_ament_install'
[0.178s] Level 1:colcon.colcon_core.package_identification:_identify(src/tiago_pro_simulation/tiago_pro_simulation) by extensions ['colcon_pkg']
[0.178s] Level 1:colcon.colcon_core.package_identification:_identify(src/tiago_pro_simulation/tiago_pro_simulation) by extension 'colcon_pkg'
[0.178s] Level 1:colcon.colcon_core.package_identification:_identify(src/tiago_pro_simulation/tiago_pro_simulation) by extensions ['colcon_meta']
[0.178s] Level 1:colcon.colcon_core.package_identification:_identify(src/tiago_pro_simulation/tiago_pro_simulation) by extension 'colcon_meta'
[0.178s] Level 1:colcon.colcon_core.package_identification:_identify(src/tiago_pro_simulation/tiago_pro_simulation) by extensions ['ros']
[0.178s] Level 1:colcon.colcon_core.package_identification:_identify(src/tiago_pro_simulation/tiago_pro_simulation) by extension 'ros'
[0.179s] DEBUG:colcon.colcon_core.package_identification:Package 'src/tiago_pro_simulation/tiago_pro_simulation' with type 'ros.ament_cmake' and name 'tiago_pro_simulation'
[0.179s] Level 1:colcon.colcon_core.package_discovery:discover_packages(recursive) using defaults
[0.179s] Level 1:colcon.colcon_core.package_discovery:discover_packages(ignore) discover
[0.179s] Level 1:colcon.colcon_core.package_discovery:discover_packages(ignore) using defaults
[0.179s] Level 1:colcon.colcon_core.package_discovery:discover_packages(path) discover
[0.179s] Level 1:colcon.colcon_core.package_discovery:discover_packages(path) using defaults
[0.198s] Level 5:colcon.colcon_core.verb:set package 'pal_gazebo_worlds' build argument 'cmake_args' from command line to 'None'
[0.198s] Level 5:colcon.colcon_core.verb:set package 'pal_gazebo_worlds' build argument 'cmake_target' from command line to 'None'
[0.198s] Level 5:colcon.colcon_core.verb:set package 'pal_gazebo_worlds' build argument 'cmake_target_skip_unavailable' from command line to 'False'
[0.198s] Level 5:colcon.colcon_core.verb:set package 'pal_gazebo_worlds' build argument 'cmake_clean_cache' from command line to 'False'
[0.198s] Level 5:colcon.colcon_core.verb:set package 'pal_gazebo_worlds' build argument 'cmake_clean_first' from command line to 'False'
[0.198s] Level 5:colcon.colcon_core.verb:set package 'pal_gazebo_worlds' build argument 'cmake_force_configure' from command line to 'False'
[0.198s] Level 5:colcon.colcon_core.verb:set package 'pal_gazebo_worlds' build argument 'ament_cmake_args' from command line to 'None'
[0.198s] Level 5:colcon.colcon_core.verb:set package 'pal_gazebo_worlds' build argument 'catkin_cmake_args' from command line to 'None'
[0.198s] Level 5:colcon.colcon_core.verb:set package 'pal_gazebo_worlds' build argument 'catkin_skip_building_tests' from command line to 'False'
[0.198s] DEBUG:colcon.colcon_core.verb:Building package 'pal_gazebo_worlds' with the following arguments: {'ament_cmake_args': None, 'build_base': '/home/user/exchange/workspace/build/pal_gazebo_worlds', 'catkin_cmake_args': None, 'catkin_skip_building_tests': False, 'cmake_args': None, 'cmake_clean_cache': False, 'cmake_clean_first': False, 'cmake_force_configure': False, 'cmake_target': None, 'cmake_target_skip_unavailable': False, 'install_base': '/home/user/exchange/workspace/install/pal_gazebo_worlds', 'merge_install': False, 'path': '/home/user/exchange/workspace/src/pal_gazebo_worlds', 'symlink_install': False, 'test_result_base': None}
[0.199s] Level 5:colcon.colcon_core.verb:set package 'pal_pro_gripper_description' build argument 'cmake_args' from command line to 'None'
[0.199s] Level 5:colcon.colcon_core.verb:set package 'pal_pro_gripper_description' build argument 'cmake_target' from command line to 'None'
[0.199s] Level 5:colcon.colcon_core.verb:set package 'pal_pro_gripper_description' build argument 'cmake_target_skip_unavailable' from command line to 'False'
[0.199s] Level 5:colcon.colcon_core.verb:set package 'pal_pro_gripper_description' build argument 'cmake_clean_cache' from command line to 'False'
[0.199s] Level 5:colcon.colcon_core.verb:set package 'pal_pro_gripper_description' build argument 'cmake_clean_first' from command line to 'False'
[0.199s] Level 5:colcon.colcon_core.verb:set package 'pal_pro_gripper_description' build argument 'cmake_force_configure' from command line to 'False'
[0.199s] Level 5:colcon.colcon_core.verb:set package 'pal_pro_gripper_description' build argument 'ament_cmake_args' from command line to 'None'
[0.199s] Level 5:colcon.colcon_core.verb:set package 'pal_pro_gripper_description' build argument 'catkin_cmake_args' from command line to 'None'
[0.199s] Level 5:colcon.colcon_core.verb:set package 'pal_pro_gripper_description' build argument 'catkin_skip_building_tests' from command line to 'False'
[0.199s] DEBUG:colcon.colcon_core.verb:Building package 'pal_pro_gripper_description' with the following arguments: {'ament_cmake_args': None, 'build_base': '/home/user/exchange/workspace/build/pal_pro_gripper_description', 'catkin_cmake_args': None, 'catkin_skip_building_tests': False, 'cmake_args': None, 'cmake_clean_cache': False, 'cmake_clean_first': False, 'cmake_force_configure': False, 'cmake_target': None, 'cmake_target_skip_unavailable': False, 'install_base': '/home/user/exchange/workspace/install/pal_pro_gripper_description', 'merge_install': False, 'path': '/home/user/exchange/workspace/src/pal_pro_gripper/pal_pro_gripper_description', 'symlink_install': False, 'test_result_base': None}
[0.199s] Level 5:colcon.colcon_core.verb:set package 'pal_pro_gripper_wrapper' build argument 'cmake_args' from command line to 'None'
[0.199s] Level 5:colcon.colcon_core.verb:set package 'pal_pro_gripper_wrapper' build argument 'cmake_target' from command line to 'None'
[0.199s] Level 5:colcon.colcon_core.verb:set package 'pal_pro_gripper_wrapper' build argument 'cmake_target_skip_unavailable' from command line to 'False'
[0.199s] Level 5:colcon.colcon_core.verb:set package 'pal_pro_gripper_wrapper' build argument 'cmake_clean_cache' from command line to 'False'
[0.199s] Level 5:colcon.colcon_core.verb:set package 'pal_pro_gripper_wrapper' build argument 'cmake_clean_first' from command line to 'False'
[0.199s] Level 5:colcon.colcon_core.verb:set package 'pal_pro_gripper_wrapper' build argument 'cmake_force_configure' from command line to 'False'
[0.199s] Level 5:colcon.colcon_core.verb:set package 'pal_pro_gripper_wrapper' build argument 'ament_cmake_args' from command line to 'None'
[0.199s] Level 5:colcon.colcon_core.verb:set package 'pal_pro_gripper_wrapper' build argument 'catkin_cmake_args' from command line to 'None'
[0.199s] Level 5:colcon.colcon_core.verb:set package 'pal_pro_gripper_wrapper' build argument 'catkin_skip_building_tests' from command line to 'False'
[0.199s] DEBUG:colcon.colcon_core.verb:Building package 'pal_pro_gripper_wrapper' with the following arguments: {'ament_cmake_args': None, 'build_base': '/home/user/exchange/workspace/build/pal_pro_gripper_wrapper', 'catkin_cmake_args': None, 'catkin_skip_building_tests': False, 'cmake_args': None, 'cmake_clean_cache': False, 'cmake_clean_first': False, 'cmake_force_configure': False, 'cmake_target': None, 'cmake_target_skip_unavailable': False, 'install_base': '/home/user/exchange/workspace/install/pal_pro_gripper_wrapper', 'merge_install': False, 'path': '/home/user/exchange/workspace/src/pal_pro_gripper/pal_pro_gripper_wrapper', 'symlink_install': False, 'test_result_base': None}
[0.199s] Level 5:colcon.colcon_core.verb:set package 'tiago_pro_2dnav' build argument 'cmake_args' from command line to 'None'
[0.199s] Level 5:colcon.colcon_core.verb:set package 'tiago_pro_2dnav' build argument 'cmake_target' from command line to 'None'
[0.199s] Level 5:colcon.colcon_core.verb:set package 'tiago_pro_2dnav' build argument 'cmake_target_skip_unavailable' from command line to 'False'
[0.199s] Level 5:colcon.colcon_core.verb:set package 'tiago_pro_2dnav' build argument 'cmake_clean_cache' from command line to 'False'
[0.199s] Level 5:colcon.colcon_core.verb:set package 'tiago_pro_2dnav' build argument 'cmake_clean_first' from command line to 'False'
[0.199s] Level 5:colcon.colcon_core.verb:set package 'tiago_pro_2dnav' build argument 'cmake_force_configure' from command line to 'False'
[0.199s] Level 5:colcon.colcon_core.verb:set package 'tiago_pro_2dnav' build argument 'ament_cmake_args' from command line to 'None'
[0.199s] Level 5:colcon.colcon_core.verb:set package 'tiago_pro_2dnav' build argument 'catkin_cmake_args' from command line to 'None'
[0.199s] Level 5:colcon.colcon_core.verb:set package 'tiago_pro_2dnav' build argument 'catkin_skip_building_tests' from command line to 'False'
[0.199s] DEBUG:colcon.colcon_core.verb:Building package 'tiago_pro_2dnav' with the following arguments: {'ament_cmake_args': None, 'build_base': '/home/user/exchange/workspace/build/tiago_pro_2dnav', 'catkin_cmake_args': None, 'catkin_skip_building_tests': False, 'cmake_args': None, 'cmake_clean_cache': False, 'cmake_clean_first': False, 'cmake_force_configure': False, 'cmake_target': None, 'cmake_target_skip_unavailable': False, 'install_base': '/home/user/exchange/workspace/install/tiago_pro_2dnav', 'merge_install': False, 'path': '/home/user/exchange/workspace/src/tiago_pro_navigation/tiago_pro_2dnav', 'symlink_install': False, 'test_result_base': None}
[0.199s] Level 5:colcon.colcon_core.verb:set package 'tiago_pro_laser_sensors' build argument 'cmake_args' from command line to 'None'
[0.199s] Level 5:colcon.colcon_core.verb:set package 'tiago_pro_laser_sensors' build argument 'cmake_target' from command line to 'None'
[0.199s] Level 5:colcon.colcon_core.verb:set package 'tiago_pro_laser_sensors' build argument 'cmake_target_skip_unavailable' from command line to 'False'
[0.199s] Level 5:colcon.colcon_core.verb:set package 'tiago_pro_laser_sensors' build argument 'cmake_clean_cache' from command line to 'False'
[0.199s] Level 5:colcon.colcon_core.verb:set package 'tiago_pro_laser_sensors' build argument 'cmake_clean_first' from command line to 'False'
[0.200s] Level 5:colcon.colcon_core.verb:set package 'tiago_pro_laser_sensors' build argument 'cmake_force_configure' from command line to 'False'
[0.200s] Level 5:colcon.colcon_core.verb:set package 'tiago_pro_laser_sensors' build argument 'ament_cmake_args' from command line to 'None'
[0.200s] Level 5:colcon.colcon_core.verb:set package 'tiago_pro_laser_sensors' build argument 'catkin_cmake_args' from command line to 'None'
[0.200s] Level 5:colcon.colcon_core.verb:set package 'tiago_pro_laser_sensors' build argument 'catkin_skip_building_tests' from command line to 'False'
[0.200s] DEBUG:colcon.colcon_core.verb:Building package 'tiago_pro_laser_sensors' with the following arguments: {'ament_cmake_args': None, 'build_base': '/home/user/exchange/workspace/build/tiago_pro_laser_sensors', 'catkin_cmake_args': None, 'catkin_skip_building_tests': False, 'cmake_args': None, 'cmake_clean_cache': False, 'cmake_clean_first': False, 'cmake_force_configure': False, 'cmake_target': None, 'cmake_target_skip_unavailable': False, 'install_base': '/home/user/exchange/workspace/install/tiago_pro_laser_sensors', 'merge_install': False, 'path': '/home/user/exchange/workspace/src/tiago_pro_navigation/tiago_pro_laser_sensors', 'symlink_install': False, 'test_result_base': None}
[0.200s] Level 5:colcon.colcon_core.verb:set package 'tiago_pro_rgbd_sensors' build argument 'cmake_args' from command line to 'None'
[0.200s] Level 5:colcon.colcon_core.verb:set package 'tiago_pro_rgbd_sensors' build argument 'cmake_target' from command line to 'None'
[0.200s] Level 5:colcon.colcon_core.verb:set package 'tiago_pro_rgbd_sensors' build argument 'cmake_target_skip_unavailable' from command line to 'False'
[0.200s] Level 5:colcon.colcon_core.verb:set package 'tiago_pro_rgbd_sensors' build argument 'cmake_clean_cache' from command line to 'False'
[0.200s] Level 5:colcon.colcon_core.verb:set package 'tiago_pro_rgbd_sensors' build argument 'cmake_clean_first' from command line to 'False'
[0.200s] Level 5:colcon.colcon_core.verb:set package 'tiago_pro_rgbd_sensors' build argument 'cmake_force_configure' from command line to 'False'
[0.200s] Level 5:colcon.colcon_core.verb:set package 'tiago_pro_rgbd_sensors' build argument 'ament_cmake_args' from command line to 'None'
[0.200s] Level 5:colcon.colcon_core.verb:set package 'tiago_pro_rgbd_sensors' build argument 'catkin_cmake_args' from command line to 'None'
[0.200s] Level 5:colcon.colcon_core.verb:set package 'tiago_pro_rgbd_sensors' build argument 'catkin_skip_building_tests' from command line to 'False'
[0.200s] DEBUG:colcon.colcon_core.verb:Building package 'tiago_pro_rgbd_sensors' with the following arguments: {'ament_cmake_args': None, 'build_base': '/home/user/exchange/workspace/build/tiago_pro_rgbd_sensors', 'catkin_cmake_args': None, 'catkin_skip_building_tests': False, 'cmake_args': None, 'cmake_clean_cache': False, 'cmake_clean_first': False, 'cmake_force_configure': False, 'cmake_target': None, 'cmake_target_skip_unavailable': False, 'install_base': '/home/user/exchange/workspace/install/tiago_pro_rgbd_sensors', 'merge_install': False, 'path': '/home/user/exchange/workspace/src/tiago_pro_navigation/tiago_pro_rgbd_sensors', 'symlink_install': False, 'test_result_base': None}
[0.200s] Level 5:colcon.colcon_core.verb:set package 'pal_pro_gripper_controller_configuration' build argument 'cmake_args' from command line to 'None'
[0.200s] Level 5:colcon.colcon_core.verb:set package 'pal_pro_gripper_controller_configuration' build argument 'cmake_target' from command line to 'None'
[0.200s] Level 5:colcon.colcon_core.verb:set package 'pal_pro_gripper_controller_configuration' build argument 'cmake_target_skip_unavailable' from command line to 'False'
[0.200s] Level 5:colcon.colcon_core.verb:set package 'pal_pro_gripper_controller_configuration' build argument 'cmake_clean_cache' from command line to 'False'
[0.200s] Level 5:colcon.colcon_core.verb:set package 'pal_pro_gripper_controller_configuration' build argument 'cmake_clean_first' from command line to 'False'
[0.200s] Level 5:colcon.colcon_core.verb:set package 'pal_pro_gripper_controller_configuration' build argument 'cmake_force_configure' from command line to 'False'
[0.200s] Level 5:colcon.colcon_core.verb:set package 'pal_pro_gripper_controller_configuration' build argument 'ament_cmake_args' from command line to 'None'
[0.200s] Level 5:colcon.colcon_core.verb:set package 'pal_pro_gripper_controller_configuration' build argument 'catkin_cmake_args' from command line to 'None'
[0.200s] Level 5:colcon.colcon_core.verb:set package 'pal_pro_gripper_controller_configuration' build argument 'catkin_skip_building_tests' from command line to 'False'
[0.200s] DEBUG:colcon.colcon_core.verb:Building package 'pal_pro_gripper_controller_configuration' with the following arguments: {'ament_cmake_args': None, 'build_base': '/home/user/exchange/workspace/build/pal_pro_gripper_controller_configuration', 'catkin_cmake_args': None, 'catkin_skip_building_tests': False, 'cmake_args': None, 'cmake_clean_cache': False, 'cmake_clean_first': False, 'cmake_force_configure': False, 'cmake_target': None, 'cmake_target_skip_unavailable': False, 'install_base': '/home/user/exchange/workspace/install/pal_pro_gripper_controller_configuration', 'merge_install': False, 'path': '/home/user/exchange/workspace/src/pal_pro_gripper/pal_pro_gripper_controller_configuration', 'symlink_install': False, 'test_result_base': None}
[0.200s] Level 5:colcon.colcon_core.verb:set package 'tiago_pro_navigation' build argument 'cmake_args' from command line to 'None'
[0.200s] Level 5:colcon.colcon_core.verb:set package 'tiago_pro_navigation' build argument 'cmake_target' from command line to 'None'
[0.200s] Level 5:colcon.colcon_core.verb:set package 'tiago_pro_navigation' build argument 'cmake_target_skip_unavailable' from command line to 'False'
[0.200s] Level 5:colcon.colcon_core.verb:set package 'tiago_pro_navigation' build argument 'cmake_clean_cache' from command line to 'False'
[0.200s] Level 5:colcon.colcon_core.verb:set package 'tiago_pro_navigation' build argument 'cmake_clean_first' from command line to 'False'
[0.200s] Level 5:colcon.colcon_core.verb:set package 'tiago_pro_navigation' build argument 'cmake_force_configure' from command line to 'False'
[0.200s] Level 5:colcon.colcon_core.verb:set package 'tiago_pro_navigation' build argument 'ament_cmake_args' from command line to 'None'
[0.200s] Level 5:colcon.colcon_core.verb:set package 'tiago_pro_navigation' build argument 'catkin_cmake_args' from command line to 'None'
[0.200s] Level 5:colcon.colcon_core.verb:set package 'tiago_pro_navigation' build argument 'catkin_skip_building_tests' from command line to 'False'
[0.200s] DEBUG:colcon.colcon_core.verb:Building package 'tiago_pro_navigation' with the following arguments: {'ament_cmake_args': None, 'build_base': '/home/user/exchange/workspace/build/tiago_pro_navigation', 'catkin_cmake_args': None, 'catkin_skip_building_tests': False, 'cmake_args': None, 'cmake_clean_cache': False, 'cmake_clean_first': False, 'cmake_force_configure': False, 'cmake_target': None, 'cmake_target_skip_unavailable': False, 'install_base': '/home/user/exchange/workspace/install/tiago_pro_navigation', 'merge_install': False, 'path': '/home/user/exchange/workspace/src/tiago_pro_navigation/tiago_pro_navigation', 'symlink_install': False, 'test_result_base': None}
[0.201s] Level 5:colcon.colcon_core.verb:set package 'pal_pro_gripper' build argument 'cmake_args' from command line to 'None'
[0.201s] Level 5:colcon.colcon_core.verb:set package 'pal_pro_gripper' build argument 'cmake_target' from command line to 'None'
[0.201s] Level 5:colcon.colcon_core.verb:set package 'pal_pro_gripper' build argument 'cmake_target_skip_unavailable' from command line to 'False'
[0.201s] Level 5:colcon.colcon_core.verb:set package 'pal_pro_gripper' build argument 'cmake_clean_cache' from command line to 'False'
[0.201s] Level 5:colcon.colcon_core.verb:set package 'pal_pro_gripper' build argument 'cmake_clean_first' from command line to 'False'
[0.201s] Level 5:colcon.colcon_core.verb:set package 'pal_pro_gripper' build argument 'cmake_force_configure' from command line to 'False'
[0.201s] Level 5:colcon.colcon_core.verb:set package 'pal_pro_gripper' build argument 'ament_cmake_args' from command line to 'None'
[0.201s] Level 5:colcon.colcon_core.verb:set package 'pal_pro_gripper' build argument 'catkin_cmake_args' from command line to 'None'
[0.201s] Level 5:colcon.colcon_core.verb:set package 'pal_pro_gripper' build argument 'catkin_skip_building_tests' from command line to 'False'
[0.201s] DEBUG:colcon.colcon_core.verb:Building package 'pal_pro_gripper' with the following arguments: {'ament_cmake_args': None, 'build_base': '/home/user/exchange/workspace/build/pal_pro_gripper', 'catkin_cmake_args': None, 'catkin_skip_building_tests': False, 'cmake_args': None, 'cmake_clean_cache': False, 'cmake_clean_first': False, 'cmake_force_configure': False, 'cmake_target': None, 'cmake_target_skip_unavailable': False, 'install_base': '/home/user/exchange/workspace/install/pal_pro_gripper', 'merge_install': False, 'path': '/home/user/exchange/workspace/src/pal_pro_gripper/pal_pro_gripper', 'symlink_install': False, 'test_result_base': None}
[0.201s] Level 5:colcon.colcon_core.verb:set package 'pal_pro_gripper_bringup' build argument 'cmake_args' from command line to 'None'
[0.201s] Level 5:colcon.colcon_core.verb:set package 'pal_pro_gripper_bringup' build argument 'cmake_target' from command line to 'None'
[0.201s] Level 5:colcon.colcon_core.verb:set package 'pal_pro_gripper_bringup' build argument 'cmake_target_skip_unavailable' from command line to 'False'
[0.201s] Level 5:colcon.colcon_core.verb:set package 'pal_pro_gripper_bringup' build argument 'cmake_clean_cache' from command line to 'False'
[0.201s] Level 5:colcon.colcon_core.verb:set package 'pal_pro_gripper_bringup' build argument 'cmake_clean_first' from command line to 'False'
[0.201s] Level 5:colcon.colcon_core.verb:set package 'pal_pro_gripper_bringup' build argument 'cmake_force_configure' from command line to 'False'
[0.201s] Level 5:colcon.colcon_core.verb:set package 'pal_pro_gripper_bringup' build argument 'ament_cmake_args' from command line to 'None'
[0.201s] Level 5:colcon.colcon_core.verb:set package 'pal_pro_gripper_bringup' build argument 'catkin_cmake_args' from command line to 'None'
[0.201s] Level 5:colcon.colcon_core.verb:set package 'pal_pro_gripper_bringup' build argument 'catkin_skip_building_tests' from command line to 'False'
[0.201s] DEBUG:colcon.colcon_core.verb:Building package 'pal_pro_gripper_bringup' with the following arguments: {'ament_cmake_args': None, 'build_base': '/home/user/exchange/workspace/build/pal_pro_gripper_bringup', 'catkin_cmake_args': None, 'catkin_skip_building_tests': False, 'cmake_args': None, 'cmake_clean_cache': False, 'cmake_clean_first': False, 'cmake_force_configure': False, 'cmake_target': None, 'cmake_target_skip_unavailable': False, 'install_base': '/home/user/exchange/workspace/install/pal_pro_gripper_bringup', 'merge_install': False, 'path': '/home/user/exchange/workspace/src/pal_pro_gripper/pal_pro_gripper_bringup', 'symlink_install': False, 'test_result_base': None}
[0.201s] Level 5:colcon.colcon_core.verb:set package 'pal_pro_gripper_simulation' build argument 'cmake_args' from command line to 'None'
[0.201s] Level 5:colcon.colcon_core.verb:set package 'pal_pro_gripper_simulation' build argument 'cmake_target' from command line to 'None'
[0.201s] Level 5:colcon.colcon_core.verb:set package 'pal_pro_gripper_simulation' build argument 'cmake_target_skip_unavailable' from command line to 'False'
[0.201s] Level 5:colcon.colcon_core.verb:set package 'pal_pro_gripper_simulation' build argument 'cmake_clean_cache' from command line to 'False'
[0.201s] Level 5:colcon.colcon_core.verb:set package 'pal_pro_gripper_simulation' build argument 'cmake_clean_first' from command line to 'False'
[0.201s] Level 5:colcon.colcon_core.verb:set package 'pal_pro_gripper_simulation' build argument 'cmake_force_configure' from command line to 'False'
[0.201s] Level 5:colcon.colcon_core.verb:set package 'pal_pro_gripper_simulation' build argument 'ament_cmake_args' from command line to 'None'
[0.201s] Level 5:colcon.colcon_core.verb:set package 'pal_pro_gripper_simulation' build argument 'catkin_cmake_args' from command line to 'None'
[0.201s] Level 5:colcon.colcon_core.verb:set package 'pal_pro_gripper_simulation' build argument 'catkin_skip_building_tests' from command line to 'False'
[0.201s] DEBUG:colcon.colcon_core.verb:Building package 'pal_pro_gripper_simulation' with the following arguments: {'ament_cmake_args': None, 'build_base': '/home/user/exchange/workspace/build/pal_pro_gripper_simulation', 'catkin_cmake_args': None, 'catkin_skip_building_tests': False, 'cmake_args': None, 'cmake_clean_cache': False, 'cmake_clean_first': False, 'cmake_force_configure': False, 'cmake_target': None, 'cmake_target_skip_unavailable': False, 'install_base': '/home/user/exchange/workspace/install/pal_pro_gripper_simulation', 'merge_install': False, 'path': '/home/user/exchange/workspace/src/pal_pro_gripper/pal_pro_gripper_simulation', 'symlink_install': False, 'test_result_base': None}
[0.202s] Level 5:colcon.colcon_core.verb:set package 'pal_sea_arm_controller_configuration' build argument 'cmake_args' from command line to 'None'
[0.202s] Level 5:colcon.colcon_core.verb:set package 'pal_sea_arm_controller_configuration' build argument 'cmake_target' from command line to 'None'
[0.202s] Level 5:colcon.colcon_core.verb:set package 'pal_sea_arm_controller_configuration' build argument 'cmake_target_skip_unavailable' from command line to 'False'
[0.202s] Level 5:colcon.colcon_core.verb:set package 'pal_sea_arm_controller_configuration' build argument 'cmake_clean_cache' from command line to 'False'
[0.202s] Level 5:colcon.colcon_core.verb:set package 'pal_sea_arm_controller_configuration' build argument 'cmake_clean_first' from command line to 'False'
[0.202s] Level 5:colcon.colcon_core.verb:set package 'pal_sea_arm_controller_configuration' build argument 'cmake_force_configure' from command line to 'False'
[0.202s] Level 5:colcon.colcon_core.verb:set package 'pal_sea_arm_controller_configuration' build argument 'ament_cmake_args' from command line to 'None'
[0.202s] Level 5:colcon.colcon_core.verb:set package 'pal_sea_arm_controller_configuration' build argument 'catkin_cmake_args' from command line to 'None'
[0.202s] Level 5:colcon.colcon_core.verb:set package 'pal_sea_arm_controller_configuration' build argument 'catkin_skip_building_tests' from command line to 'False'
[0.202s] DEBUG:colcon.colcon_core.verb:Building package 'pal_sea_arm_controller_configuration' with the following arguments: {'ament_cmake_args': None, 'build_base': '/home/user/exchange/workspace/build/pal_sea_arm_controller_configuration', 'catkin_cmake_args': None, 'catkin_skip_building_tests': False, 'cmake_args': None, 'cmake_clean_cache': False, 'cmake_clean_first': False, 'cmake_force_configure': False, 'cmake_target': None, 'cmake_target_skip_unavailable': False, 'install_base': '/home/user/exchange/workspace/install/pal_sea_arm_controller_configuration', 'merge_install': False, 'path': '/home/user/exchange/workspace/src/pal_sea_arm/pal_sea_arm_controller_configuration', 'symlink_install': False, 'test_result_base': None}
[0.202s] Level 5:colcon.colcon_core.verb:set package 'pal_sea_arm_description' build argument 'cmake_args' from command line to 'None'
[0.202s] Level 5:colcon.colcon_core.verb:set package 'pal_sea_arm_description' build argument 'cmake_target' from command line to 'None'
[0.202s] Level 5:colcon.colcon_core.verb:set package 'pal_sea_arm_description' build argument 'cmake_target_skip_unavailable' from command line to 'False'
[0.202s] Level 5:colcon.colcon_core.verb:set package 'pal_sea_arm_description' build argument 'cmake_clean_cache' from command line to 'False'
[0.202s] Level 5:colcon.colcon_core.verb:set package 'pal_sea_arm_description' build argument 'cmake_clean_first' from command line to 'False'
[0.202s] Level 5:colcon.colcon_core.verb:set package 'pal_sea_arm_description' build argument 'cmake_force_configure' from command line to 'False'
[0.202s] Level 5:colcon.colcon_core.verb:set package 'pal_sea_arm_description' build argument 'ament_cmake_args' from command line to 'None'
[0.202s] Level 5:colcon.colcon_core.verb:set package 'pal_sea_arm_description' build argument 'catkin_cmake_args' from command line to 'None'
[0.202s] Level 5:colcon.colcon_core.verb:set package 'pal_sea_arm_description' build argument 'catkin_skip_building_tests' from command line to 'False'
[0.202s] DEBUG:colcon.colcon_core.verb:Building package 'pal_sea_arm_description' with the following arguments: {'ament_cmake_args': None, 'build_base': '/home/user/exchange/workspace/build/pal_sea_arm_description', 'catkin_cmake_args': None, 'catkin_skip_building_tests': False, 'cmake_args': None, 'cmake_clean_cache': False, 'cmake_clean_first': False, 'cmake_force_configure': False, 'cmake_target': None, 'cmake_target_skip_unavailable': False, 'install_base': '/home/user/exchange/workspace/install/pal_sea_arm_description', 'merge_install': False, 'path': '/home/user/exchange/workspace/src/pal_sea_arm/pal_sea_arm_description', 'symlink_install': False, 'test_result_base': None}
[0.202s] Level 5:colcon.colcon_core.verb:set package 'tiago_pro_controller_configuration' build argument 'cmake_args' from command line to 'None'
[0.202s] Level 5:colcon.colcon_core.verb:set package 'tiago_pro_controller_configuration' build argument 'cmake_target' from command line to 'None'
[0.202s] Level 5:colcon.colcon_core.verb:set package 'tiago_pro_controller_configuration' build argument 'cmake_target_skip_unavailable' from command line to 'False'
[0.202s] Level 5:colcon.colcon_core.verb:set package 'tiago_pro_controller_configuration' build argument 'cmake_clean_cache' from command line to 'False'
[0.202s] Level 5:colcon.colcon_core.verb:set package 'tiago_pro_controller_configuration' build argument 'cmake_clean_first' from command line to 'False'
[0.202s] Level 5:colcon.colcon_core.verb:set package 'tiago_pro_controller_configuration' build argument 'cmake_force_configure' from command line to 'False'
[0.202s] Level 5:colcon.colcon_core.verb:set package 'tiago_pro_controller_configuration' build argument 'ament_cmake_args' from command line to 'None'
[0.202s] Level 5:colcon.colcon_core.verb:set package 'tiago_pro_controller_configuration' build argument 'catkin_cmake_args' from command line to 'None'
[0.202s] Level 5:colcon.colcon_core.verb:set package 'tiago_pro_controller_configuration' build argument 'catkin_skip_building_tests' from command line to 'False'
[0.202s] DEBUG:colcon.colcon_core.verb:Building package 'tiago_pro_controller_configuration' with the following arguments: {'ament_cmake_args': None, 'build_base': '/home/user/exchange/workspace/build/tiago_pro_controller_configuration', 'catkin_cmake_args': None, 'catkin_skip_building_tests': False, 'cmake_args': None, 'cmake_clean_cache': False, 'cmake_clean_first': False, 'cmake_force_configure': False, 'cmake_target': None, 'cmake_target_skip_unavailable': False, 'install_base': '/home/user/exchange/workspace/install/tiago_pro_controller_configuration', 'merge_install': False, 'path': '/home/user/exchange/workspace/src/tiago_pro_robot/tiago_pro_controller_configuration', 'symlink_install': False, 'test_result_base': None}
[0.202s] Level 5:colcon.colcon_core.verb:set package 'pal_sea_arm_bringup' build argument 'cmake_args' from command line to 'None'
[0.202s] Level 5:colcon.colcon_core.verb:set package 'pal_sea_arm_bringup' build argument 'cmake_target' from command line to 'None'
[0.202s] Level 5:colcon.colcon_core.verb:set package 'pal_sea_arm_bringup' build argument 'cmake_target_skip_unavailable' from command line to 'False'
[0.202s] Level 5:colcon.colcon_core.verb:set package 'pal_sea_arm_bringup' build argument 'cmake_clean_cache' from command line to 'False'
[0.202s] Level 5:colcon.colcon_core.verb:set package 'pal_sea_arm_bringup' build argument 'cmake_clean_first' from command line to 'False'
[0.202s] Level 5:colcon.colcon_core.verb:set package 'pal_sea_arm_bringup' build argument 'cmake_force_configure' from command line to 'False'
[0.202s] Level 5:colcon.colcon_core.verb:set package 'pal_sea_arm_bringup' build argument 'ament_cmake_args' from command line to 'None'
[0.202s] Level 5:colcon.colcon_core.verb:set package 'pal_sea_arm_bringup' build argument 'catkin_cmake_args' from command line to 'None'
[0.203s] Level 5:colcon.colcon_core.verb:set package 'pal_sea_arm_bringup' build argument 'catkin_skip_building_tests' from command line to 'False'
[0.203s] DEBUG:colcon.colcon_core.verb:Building package 'pal_sea_arm_bringup' with the following arguments: {'ament_cmake_args': None, 'build_base': '/home/user/exchange/workspace/build/pal_sea_arm_bringup', 'catkin_cmake_args': None, 'catkin_skip_building_tests': False, 'cmake_args': None, 'cmake_clean_cache': False, 'cmake_clean_first': False, 'cmake_force_configure': False, 'cmake_target': None, 'cmake_target_skip_unavailable': False, 'install_base': '/home/user/exchange/workspace/install/pal_sea_arm_bringup', 'merge_install': False, 'path': '/home/user/exchange/workspace/src/pal_sea_arm/pal_sea_arm_bringup', 'symlink_install': False, 'test_result_base': None}
[0.203s] Level 5:colcon.colcon_core.verb:set package 'pal_sea_arm_moveit_config' build argument 'cmake_args' from command line to 'None'
[0.203s] Level 5:colcon.colcon_core.verb:set package 'pal_sea_arm_moveit_config' build argument 'cmake_target' from command line to 'None'
[0.203s] Level 5:colcon.colcon_core.verb:set package 'pal_sea_arm_moveit_config' build argument 'cmake_target_skip_unavailable' from command line to 'False'
[0.203s] Level 5:colcon.colcon_core.verb:set package 'pal_sea_arm_moveit_config' build argument 'cmake_clean_cache' from command line to 'False'
[0.203s] Level 5:colcon.colcon_core.verb:set package 'pal_sea_arm_moveit_config' build argument 'cmake_clean_first' from command line to 'False'
[0.203s] Level 5:colcon.colcon_core.verb:set package 'pal_sea_arm_moveit_config' build argument 'cmake_force_configure' from command line to 'False'
[0.203s] Level 5:colcon.colcon_core.verb:set package 'pal_sea_arm_moveit_config' build argument 'ament_cmake_args' from command line to 'None'
[0.203s] Level 5:colcon.colcon_core.verb:set package 'pal_sea_arm_moveit_config' build argument 'catkin_cmake_args' from command line to 'None'
[0.203s] Level 5:colcon.colcon_core.verb:set package 'pal_sea_arm_moveit_config' build argument 'catkin_skip_building_tests' from command line to 'False'
[0.203s] DEBUG:colcon.colcon_core.verb:Building package 'pal_sea_arm_moveit_config' with the following arguments: {'ament_cmake_args': None, 'build_base': '/home/user/exchange/workspace/build/pal_sea_arm_moveit_config', 'catkin_cmake_args': None, 'catkin_skip_building_tests': False, 'cmake_args': None, 'cmake_clean_cache': False, 'cmake_clean_first': False, 'cmake_force_configure': False, 'cmake_target': None, 'cmake_target_skip_unavailable': False, 'install_base': '/home/user/exchange/workspace/install/pal_sea_arm_moveit_config', 'merge_install': False, 'path': '/home/user/exchange/workspace/src/pal_sea_arm_moveit_config', 'symlink_install': False, 'test_result_base': None}
[0.203s] Level 5:colcon.colcon_core.verb:set package 'tiago_pro_bringup' build argument 'cmake_args' from command line to 'None'
[0.203s] Level 5:colcon.colcon_core.verb:set package 'tiago_pro_bringup' build argument 'cmake_target' from command line to 'None'
[0.203s] Level 5:colcon.colcon_core.verb:set package 'tiago_pro_bringup' build argument 'cmake_target_skip_unavailable' from command line to 'False'
[0.203s] Level 5:colcon.colcon_core.verb:set package 'tiago_pro_bringup' build argument 'cmake_clean_cache' from command line to 'False'
[0.203s] Level 5:colcon.colcon_core.verb:set package 'tiago_pro_bringup' build argument 'cmake_clean_first' from command line to 'False'
[0.203s] Level 5:colcon.colcon_core.verb:set package 'tiago_pro_bringup' build argument 'cmake_force_configure' from command line to 'False'
[0.203s] Level 5:colcon.colcon_core.verb:set package 'tiago_pro_bringup' build argument 'ament_cmake_args' from command line to 'None'
[0.203s] Level 5:colcon.colcon_core.verb:set package 'tiago_pro_bringup' build argument 'catkin_cmake_args' from command line to 'None'
[0.203s] Level 5:colcon.colcon_core.verb:set package 'tiago_pro_bringup' build argument 'catkin_skip_building_tests' from command line to 'False'
[0.203s] DEBUG:colcon.colcon_core.verb:Building package 'tiago_pro_bringup' with the following arguments: {'ament_cmake_args': None, 'build_base': '/home/user/exchange/workspace/build/tiago_pro_bringup', 'catkin_cmake_args': None, 'catkin_skip_building_tests': False, 'cmake_args': None, 'cmake_clean_cache': False, 'cmake_clean_first': False, 'cmake_force_configure': False, 'cmake_target': None, 'cmake_target_skip_unavailable': False, 'install_base': '/home/user/exchange/workspace/install/tiago_pro_bringup', 'merge_install': False, 'path': '/home/user/exchange/workspace/src/tiago_pro_robot/tiago_pro_bringup', 'symlink_install': False, 'test_result_base': None}
[0.203s] Level 5:colcon.colcon_core.verb:set package 'tiago_pro_description' build argument 'cmake_args' from command line to 'None'
[0.203s] Level 5:colcon.colcon_core.verb:set package 'tiago_pro_description' build argument 'cmake_target' from command line to 'None'
[0.203s] Level 5:colcon.colcon_core.verb:set package 'tiago_pro_description' build argument 'cmake_target_skip_unavailable' from command line to 'False'
[0.203s] Level 5:colcon.colcon_core.verb:set package 'tiago_pro_description' build argument 'cmake_clean_cache' from command line to 'False'
[0.203s] Level 5:colcon.colcon_core.verb:set package 'tiago_pro_description' build argument 'cmake_clean_first' from command line to 'False'
[0.203s] Level 5:colcon.colcon_core.verb:set package 'tiago_pro_description' build argument 'cmake_force_configure' from command line to 'False'
[0.203s] Level 5:colcon.colcon_core.verb:set package 'tiago_pro_description' build argument 'ament_cmake_args' from command line to 'None'
[0.203s] Level 5:colcon.colcon_core.verb:set package 'tiago_pro_description' build argument 'catkin_cmake_args' from command line to 'None'
[0.203s] Level 5:colcon.colcon_core.verb:set package 'tiago_pro_description' build argument 'catkin_skip_building_tests' from command line to 'False'
[0.203s] DEBUG:colcon.colcon_core.verb:Building package 'tiago_pro_description' with the following arguments: {'ament_cmake_args': None, 'build_base': '/home/user/exchange/workspace/build/tiago_pro_description', 'catkin_cmake_args': None, 'catkin_skip_building_tests': False, 'cmake_args': None, 'cmake_clean_cache': False, 'cmake_clean_first': False, 'cmake_force_configure': False, 'cmake_target': None, 'cmake_target_skip_unavailable': False, 'install_base': '/home/user/exchange/workspace/install/tiago_pro_description', 'merge_install': False, 'path': '/home/user/exchange/workspace/src/tiago_pro_robot/tiago_pro_description', 'symlink_install': False, 'test_result_base': None}
[0.204s] Level 5:colcon.colcon_core.verb:set package 'pal_sea_arm' build argument 'cmake_args' from command line to 'None'
[0.204s] Level 5:colcon.colcon_core.verb:set package 'pal_sea_arm' build argument 'cmake_target' from command line to 'None'
[0.204s] Level 5:colcon.colcon_core.verb:set package 'pal_sea_arm' build argument 'cmake_target_skip_unavailable' from command line to 'False'
[0.204s] Level 5:colcon.colcon_core.verb:set package 'pal_sea_arm' build argument 'cmake_clean_cache' from command line to 'False'
[0.204s] Level 5:colcon.colcon_core.verb:set package 'pal_sea_arm' build argument 'cmake_clean_first' from command line to 'False'
[0.204s] Level 5:colcon.colcon_core.verb:set package 'pal_sea_arm' build argument 'cmake_force_configure' from command line to 'False'
[0.204s] Level 5:colcon.colcon_core.verb:set package 'pal_sea_arm' build argument 'ament_cmake_args' from command line to 'None'
[0.204s] Level 5:colcon.colcon_core.verb:set package 'pal_sea_arm' build argument 'catkin_cmake_args' from command line to 'None'
[0.204s] Level 5:colcon.colcon_core.verb:set package 'pal_sea_arm' build argument 'catkin_skip_building_tests' from command line to 'False'
[0.204s] DEBUG:colcon.colcon_core.verb:Building package 'pal_sea_arm' with the following arguments: {'ament_cmake_args': None, 'build_base': '/home/user/exchange/workspace/build/pal_sea_arm', 'catkin_cmake_args': None, 'catkin_skip_building_tests': False, 'cmake_args': None, 'cmake_clean_cache': False, 'cmake_clean_first': False, 'cmake_force_configure': False, 'cmake_target': None, 'cmake_target_skip_unavailable': False, 'install_base': '/home/user/exchange/workspace/install/pal_sea_arm', 'merge_install': False, 'path': '/home/user/exchange/workspace/src/pal_sea_arm/pal_sea_arm', 'symlink_install': False, 'test_result_base': None}
[0.204s] Level 5:colcon.colcon_core.verb:set package 'tiago_pro_moveit_config' build argument 'cmake_args' from command line to 'None'
[0.204s] Level 5:colcon.colcon_core.verb:set package 'tiago_pro_moveit_config' build argument 'cmake_target' from command line to 'None'
[0.204s] Level 5:colcon.colcon_core.verb:set package 'tiago_pro_moveit_config' build argument 'cmake_target_skip_unavailable' from command line to 'False'
[0.204s] Level 5:colcon.colcon_core.verb:set package 'tiago_pro_moveit_config' build argument 'cmake_clean_cache' from command line to 'False'
[0.204s] Level 5:colcon.colcon_core.verb:set package 'tiago_pro_moveit_config' build argument 'cmake_clean_first' from command line to 'False'
[0.204s] Level 5:colcon.colcon_core.verb:set package 'tiago_pro_moveit_config' build argument 'cmake_force_configure' from command line to 'False'
[0.204s] Level 5:colcon.colcon_core.verb:set package 'tiago_pro_moveit_config' build argument 'ament_cmake_args' from command line to 'None'
[0.204s] Level 5:colcon.colcon_core.verb:set package 'tiago_pro_moveit_config' build argument 'catkin_cmake_args' from command line to 'None'
[0.204s] Level 5:colcon.colcon_core.verb:set package 'tiago_pro_moveit_config' build argument 'catkin_skip_building_tests' from command line to 'False'
[0.204s] DEBUG:colcon.colcon_core.verb:Building package 'tiago_pro_moveit_config' with the following arguments: {'ament_cmake_args': None, 'build_base': '/home/user/exchange/workspace/build/tiago_pro_moveit_config', 'catkin_cmake_args': None, 'catkin_skip_building_tests': False, 'cmake_args': None, 'cmake_clean_cache': False, 'cmake_clean_first': False, 'cmake_force_configure': False, 'cmake_target': None, 'cmake_target_skip_unavailable': False, 'install_base': '/home/user/exchange/workspace/install/tiago_pro_moveit_config', 'merge_install': False, 'path': '/home/user/exchange/workspace/src/tiago_pro_moveit_config', 'symlink_install': False, 'test_result_base': None}
[0.204s] Level 5:colcon.colcon_core.verb:set package 'tiago_pro_robot' build argument 'cmake_args' from command line to 'None'
[0.204s] Level 5:colcon.colcon_core.verb:set package 'tiago_pro_robot' build argument 'cmake_target' from command line to 'None'
[0.204s] Level 5:colcon.colcon_core.verb:set package 'tiago_pro_robot' build argument 'cmake_target_skip_unavailable' from command line to 'False'
[0.204s] Level 5:colcon.colcon_core.verb:set package 'tiago_pro_robot' build argument 'cmake_clean_cache' from command line to 'False'
[0.204s] Level 5:colcon.colcon_core.verb:set package 'tiago_pro_robot' build argument 'cmake_clean_first' from command line to 'False'
[0.204s] Level 5:colcon.colcon_core.verb:set package 'tiago_pro_robot' build argument 'cmake_force_configure' from command line to 'False'
[0.204s] Level 5:colcon.colcon_core.verb:set package 'tiago_pro_robot' build argument 'ament_cmake_args' from command line to 'None'
[0.204s] Level 5:colcon.colcon_core.verb:set package 'tiago_pro_robot' build argument 'catkin_cmake_args' from command line to 'None'
[0.204s] Level 5:colcon.colcon_core.verb:set package 'tiago_pro_robot' build argument 'catkin_skip_building_tests' from command line to 'False'
[0.204s] DEBUG:colcon.colcon_core.verb:Building package 'tiago_pro_robot' with the following arguments: {'ament_cmake_args': None, 'build_base': '/home/user/exchange/workspace/build/tiago_pro_robot', 'catkin_cmake_args': None, 'catkin_skip_building_tests': False, 'cmake_args': None, 'cmake_clean_cache': False, 'cmake_clean_first': False, 'cmake_force_configure': False, 'cmake_target': None, 'cmake_target_skip_unavailable': False, 'install_base': '/home/user/exchange/workspace/install/tiago_pro_robot', 'merge_install': False, 'path': '/home/user/exchange/workspace/src/tiago_pro_robot/tiago_pro_robot', 'symlink_install': False, 'test_result_base': None}
[0.205s] Level 5:colcon.colcon_core.verb:set package 'tiago_pro_gazebo' build argument 'cmake_args' from command line to 'None'
[0.205s] Level 5:colcon.colcon_core.verb:set package 'tiago_pro_gazebo' build argument 'cmake_target' from command line to 'None'
[0.205s] Level 5:colcon.colcon_core.verb:set package 'tiago_pro_gazebo' build argument 'cmake_target_skip_unavailable' from command line to 'False'
[0.205s] Level 5:colcon.colcon_core.verb:set package 'tiago_pro_gazebo' build argument 'cmake_clean_cache' from command line to 'False'
[0.205s] Level 5:colcon.colcon_core.verb:set package 'tiago_pro_gazebo' build argument 'cmake_clean_first' from command line to 'False'
[0.205s] Level 5:colcon.colcon_core.verb:set package 'tiago_pro_gazebo' build argument 'cmake_force_configure' from command line to 'False'
[0.205s] Level 5:colcon.colcon_core.verb:set package 'tiago_pro_gazebo' build argument 'ament_cmake_args' from command line to 'None'
[0.205s] Level 5:colcon.colcon_core.verb:set package 'tiago_pro_gazebo' build argument 'catkin_cmake_args' from command line to 'None'
[0.205s] Level 5:colcon.colcon_core.verb:set package 'tiago_pro_gazebo' build argument 'catkin_skip_building_tests' from command line to 'False'
[0.205s] DEBUG:colcon.colcon_core.verb:Building package 'tiago_pro_gazebo' with the following arguments: {'ament_cmake_args': None, 'build_base': '/home/user/exchange/workspace/build/tiago_pro_gazebo', 'catkin_cmake_args': None, 'catkin_skip_building_tests': False, 'cmake_args': None, 'cmake_clean_cache': False, 'cmake_clean_first': False, 'cmake_force_configure': False, 'cmake_target': None, 'cmake_target_skip_unavailable': False, 'install_base': '/home/user/exchange/workspace/install/tiago_pro_gazebo', 'merge_install': False, 'path': '/home/user/exchange/workspace/src/tiago_pro_simulation/tiago_pro_gazebo', 'symlink_install': False, 'test_result_base': None}
[0.205s] Level 5:colcon.colcon_core.verb:set package 'tiago_pro_mujoco' build argument 'cmake_args' from command line to 'None'
[0.205s] Level 5:colcon.colcon_core.verb:set package 'tiago_pro_mujoco' build argument 'cmake_target' from command line to 'None'
[0.205s] Level 5:colcon.colcon_core.verb:set package 'tiago_pro_mujoco' build argument 'cmake_target_skip_unavailable' from command line to 'False'
[0.205s] Level 5:colcon.colcon_core.verb:set package 'tiago_pro_mujoco' build argument 'cmake_clean_cache' from command line to 'False'
[0.205s] Level 5:colcon.colcon_core.verb:set package 'tiago_pro_mujoco' build argument 'cmake_clean_first' from command line to 'False'
[0.205s] Level 5:colcon.colcon_core.verb:set package 'tiago_pro_mujoco' build argument 'cmake_force_configure' from command line to 'False'
[0.205s] Level 5:colcon.colcon_core.verb:set package 'tiago_pro_mujoco' build argument 'ament_cmake_args' from command line to 'None'
[0.205s] Level 5:colcon.colcon_core.verb:set package 'tiago_pro_mujoco' build argument 'catkin_cmake_args' from command line to 'None'
[0.205s] Level 5:colcon.colcon_core.verb:set package 'tiago_pro_mujoco' build argument 'catkin_skip_building_tests' from command line to 'False'
[0.205s] DEBUG:colcon.colcon_core.verb:Building package 'tiago_pro_mujoco' with the following arguments: {'ament_cmake_args': None, 'build_base': '/home/user/exchange/workspace/build/tiago_pro_mujoco', 'catkin_cmake_args': None, 'catkin_skip_building_tests': False, 'cmake_args': None, 'cmake_clean_cache': False, 'cmake_clean_first': False, 'cmake_force_configure': False, 'cmake_target': None, 'cmake_target_skip_unavailable': False, 'install_base': '/home/user/exchange/workspace/install/tiago_pro_mujoco', 'merge_install': False, 'path': '/home/user/exchange/workspace/src/tiago_pro_simulation/tiago_pro_mujoco', 'symlink_install': False, 'test_result_base': None}
[0.205s] Level 5:colcon.colcon_core.verb:set package 'tiago_pro_simulation' build argument 'cmake_args' from command line to 'None'
[0.205s] Level 5:colcon.colcon_core.verb:set package 'tiago_pro_simulation' build argument 'cmake_target' from command line to 'None'
[0.205s] Level 5:colcon.colcon_core.verb:set package 'tiago_pro_simulation' build argument 'cmake_target_skip_unavailable' from command line to 'False'
[0.205s] Level 5:colcon.colcon_core.verb:set package 'tiago_pro_simulation' build argument 'cmake_clean_cache' from command line to 'False'
[0.205s] Level 5:colcon.colcon_core.verb:set package 'tiago_pro_simulation' build argument 'cmake_clean_first' from command line to 'False'
[0.205s] Level 5:colcon.colcon_core.verb:set package 'tiago_pro_simulation' build argument 'cmake_force_configure' from command line to 'False'
[0.205s] Level 5:colcon.colcon_core.verb:set package 'tiago_pro_simulation' build argument 'ament_cmake_args' from command line to 'None'
[0.205s] Level 5:colcon.colcon_core.verb:set package 'tiago_pro_simulation' build argument 'catkin_cmake_args' from command line to 'None'
[0.205s] Level 5:colcon.colcon_core.verb:set package 'tiago_pro_simulation' build argument 'catkin_skip_building_tests' from command line to 'False'
[0.205s] DEBUG:colcon.colcon_core.verb:Building package 'tiago_pro_simulation' with the following arguments: {'ament_cmake_args': None, 'build_base': '/home/user/exchange/workspace/build/tiago_pro_simulation', 'catkin_cmake_args': None, 'catkin_skip_building_tests': False, 'cmake_args': None, 'cmake_clean_cache': False, 'cmake_clean_first': False, 'cmake_force_configure': False, 'cmake_target': None, 'cmake_target_skip_unavailable': False, 'install_base': '/home/user/exchange/workspace/install/tiago_pro_simulation', 'merge_install': False, 'path': '/home/user/exchange/workspace/src/tiago_pro_simulation/tiago_pro_simulation', 'symlink_install': False, 'test_result_base': None}
[0.205s] Level 5:colcon.colcon_core.verb:set package 'pick_task' build argument 'cmake_args' from command line to 'None'
[0.205s] Level 5:colcon.colcon_core.verb:set package 'pick_task' build argument 'cmake_target' from command line to 'None'
[0.205s] Level 5:colcon.colcon_core.verb:set package 'pick_task' build argument 'cmake_target_skip_unavailable' from command line to 'False'
[0.206s] Level 5:colcon.colcon_core.verb:set package 'pick_task' build argument 'cmake_clean_cache' from command line to 'False'
[0.206s] Level 5:colcon.colcon_core.verb:set package 'pick_task' build argument 'cmake_clean_first' from command line to 'False'
[0.206s] Level 5:colcon.colcon_core.verb:set package 'pick_task' build argument 'cmake_force_configure' from command line to 'False'
[0.206s] Level 5:colcon.colcon_core.verb:set package 'pick_task' build argument 'ament_cmake_args' from command line to 'None'
[0.206s] Level 5:colcon.colcon_core.verb:set package 'pick_task' build argument 'catkin_cmake_args' from command line to 'None'
[0.206s] Level 5:colcon.colcon_core.verb:set package 'pick_task' build argument 'catkin_skip_building_tests' from command line to 'False'
[0.206s] DEBUG:colcon.colcon_core.verb:Building package 'pick_task' with the following arguments: {'ament_cmake_args': None, 'build_base': '/home/user/exchange/workspace/build/pick_task', 'catkin_cmake_args': None, 'catkin_skip_building_tests': False, 'cmake_args': None, 'cmake_clean_cache': False, 'cmake_clean_first': False, 'cmake_force_configure': False, 'cmake_target': None, 'cmake_target_skip_unavailable': False, 'install_base': '/home/user/exchange/workspace/install/pick_task', 'merge_install': False, 'path': '/home/user/exchange/workspace/src/pick_task', 'symlink_install': False, 'test_result_base': None}
[0.206s] Level 5:colcon.colcon_core.verb:set package 'tiago_manipulation_tasks' build argument 'cmake_args' from command line to 'None'
[0.206s] Level 5:colcon.colcon_core.verb:set package 'tiago_manipulation_tasks' build argument 'cmake_target' from command line to 'None'
[0.206s] Level 5:colcon.colcon_core.verb:set package 'tiago_manipulation_tasks' build argument 'cmake_target_skip_unavailable' from command line to 'False'
[0.206s] Level 5:colcon.colcon_core.verb:set package 'tiago_manipulation_tasks' build argument 'cmake_clean_cache' from command line to 'False'
[0.206s] Level 5:colcon.colcon_core.verb:set package 'tiago_manipulation_tasks' build argument 'cmake_clean_first' from command line to 'False'
[0.206s] Level 5:colcon.colcon_core.verb:set package 'tiago_manipulation_tasks' build argument 'cmake_force_configure' from command line to 'False'
[0.206s] Level 5:colcon.colcon_core.verb:set package 'tiago_manipulation_tasks' build argument 'ament_cmake_args' from command line to 'None'
[0.206s] Level 5:colcon.colcon_core.verb:set package 'tiago_manipulation_tasks' build argument 'catkin_cmake_args' from command line to 'None'
[0.206s] Level 5:colcon.colcon_core.verb:set package 'tiago_manipulation_tasks' build argument 'catkin_skip_building_tests' from command line to 'False'
[0.206s] DEBUG:colcon.colcon_core.verb:Building package 'tiago_manipulation_tasks' with the following arguments: {'ament_cmake_args': None, 'build_base': '/home/user/exchange/workspace/build/tiago_manipulation_tasks', 'catkin_cmake_args': None, 'catkin_skip_building_tests': False, 'cmake_args': None, 'cmake_clean_cache': False, 'cmake_clean_first': False, 'cmake_force_configure': False, 'cmake_target': None, 'cmake_target_skip_unavailable': False, 'install_base': '/home/user/exchange/workspace/install/tiago_manipulation_tasks', 'merge_install': False, 'path': '/home/user/exchange/workspace/src/tiago_manipulation_tasks', 'symlink_install': False, 'test_result_base': None}
[0.206s] INFO:colcon.colcon_core.executor:Executing jobs using 'parallel' executor
[0.207s] DEBUG:colcon.colcon_parallel_executor.executor.parallel:run_until_complete
[0.207s] INFO:colcon.colcon_ros.task.ament_python.build:Building ROS package in '/home/user/exchange/workspace/src/pal_pro_gripper/pal_pro_gripper_wrapper' with build type 'ament_python'
[0.207s] Level 1:colcon.colcon_core.shell:create_environment_hook('pal_pro_gripper_wrapper', 'ament_prefix_path')
[0.209s] INFO:colcon.colcon_core.plugin_system:Skipping extension 'colcon_core.shell.bat': Not used on non-Windows systems
[0.209s] INFO:colcon.colcon_core.shell:Creating environment hook '/home/user/exchange/workspace/install/pal_pro_gripper_wrapper/share/pal_pro_gripper_wrapper/hook/ament_prefix_path.ps1'
[0.209s] INFO:colcon.colcon_core.shell:Creating environment descriptor '/home/user/exchange/workspace/install/pal_pro_gripper_wrapper/share/pal_pro_gripper_wrapper/hook/ament_prefix_path.dsv'
[0.209s] INFO:colcon.colcon_core.shell:Creating environment hook '/home/user/exchange/workspace/install/pal_pro_gripper_wrapper/share/pal_pro_gripper_wrapper/hook/ament_prefix_path.sh'
[0.210s] INFO:colcon.colcon_core.shell:Skip shell extension 'powershell' for command environment: Not usable outside of PowerShell
[0.210s] DEBUG:colcon.colcon_core.shell:Skip shell extension 'dsv' for command environment
[0.213s] INFO:colcon.colcon_ros.task.ament_cmake.build:Building ROS package in '/home/user/exchange/workspace/src/pal_pro_gripper/pal_pro_gripper_description' with build type 'ament_cmake'
[0.214s] INFO:colcon.colcon_cmake.task.cmake.build:Building CMake package in '/home/user/exchange/workspace/src/pal_pro_gripper/pal_pro_gripper_description'
[0.214s] INFO:colcon.colcon_core.shell:Skip shell extension 'powershell' for command environment: Not usable outside of PowerShell
[0.214s] DEBUG:colcon.colcon_core.shell:Skip shell extension 'dsv' for command environment
[0.216s] INFO:colcon.colcon_ros.task.ament_cmake.build:Building ROS package in '/home/user/exchange/workspace/src/tiago_pro_navigation/tiago_pro_laser_sensors' with build type 'ament_cmake'
[0.217s] INFO:colcon.colcon_cmake.task.cmake.build:Building CMake package in '/home/user/exchange/workspace/src/tiago_pro_navigation/tiago_pro_laser_sensors'
[0.217s] INFO:colcon.colcon_core.shell:Skip shell extension 'powershell' for command environment: Not usable outside of PowerShell
[0.217s] DEBUG:colcon.colcon_core.shell:Skip shell extension 'dsv' for command environment
[0.220s] INFO:colcon.colcon_ros.task.ament_cmake.build:Building ROS package in '/home/user/exchange/workspace/src/pal_gazebo_worlds' with build type 'ament_cmake'
[0.220s] INFO:colcon.colcon_cmake.task.cmake.build:Building CMake package in '/home/user/exchange/workspace/src/pal_gazebo_worlds'
[0.220s] INFO:colcon.colcon_core.shell:Skip shell extension 'powershell' for command environment: Not usable outside of PowerShell
[0.220s] DEBUG:colcon.colcon_core.shell:Skip shell extension 'dsv' for command environment
[0.223s] INFO:colcon.colcon_ros.task.ament_cmake.build:Building ROS package in '/home/user/exchange/workspace/src/tiago_pro_navigation/tiago_pro_2dnav' with build type 'ament_cmake'
[0.223s] INFO:colcon.colcon_cmake.task.cmake.build:Building CMake package in '/home/user/exchange/workspace/src/tiago_pro_navigation/tiago_pro_2dnav'
[0.223s] INFO:colcon.colcon_core.shell:Skip shell extension 'powershell' for command environment: Not usable outside of PowerShell
[0.223s] DEBUG:colcon.colcon_core.shell:Skip shell extension 'dsv' for command environment
[0.226s] INFO:colcon.colcon_ros.task.ament_cmake.build:Building ROS package in '/home/user/exchange/workspace/src/tiago_pro_navigation/tiago_pro_rgbd_sensors' with build type 'ament_cmake'
[0.226s] INFO:colcon.colcon_cmake.task.cmake.build:Building CMake package in '/home/user/exchange/workspace/src/tiago_pro_navigation/tiago_pro_rgbd_sensors'
[0.226s] INFO:colcon.colcon_core.shell:Skip shell extension 'powershell' for command environment: Not usable outside of PowerShell
[0.226s] DEBUG:colcon.colcon_core.shell:Skip shell extension 'dsv' for command environment
[0.363s] INFO:colcon.colcon_core.task.python.build:Building Python package in '/home/user/exchange/workspace/src/pal_pro_gripper/pal_pro_gripper_wrapper'
[0.363s] INFO:colcon.colcon_core.shell:Skip shell extension 'powershell' for command environment: Not usable outside of PowerShell
[0.363s] DEBUG:colcon.colcon_core.shell:Skip shell extension 'dsv' for command environment
[0.368s] DEBUG:colcon.colcon_core.event_handler.log_command:Invoking command in '/home/user/exchange/workspace/build/pal_pro_gripper_description': CMAKE_PREFIX_PATH=${CMAKE_PREFIX_PATH}:/home/user/exchange/workspace/install/pick_task:/home/user/exchange/workspace/install/pal_pro_gripper_wrapper:/opt/ros/humble /usr/bin/cmake --build /home/user/exchange/workspace/build/pal_pro_gripper_description -- -j12 -l12
[0.370s] DEBUG:colcon.colcon_core.event_handler.log_command:Invoking command in '/home/user/exchange/workspace/build/tiago_pro_laser_sensors': CMAKE_PREFIX_PATH=${CMAKE_PREFIX_PATH}:/home/user/exchange/workspace/install/pick_task:/home/user/exchange/workspace/install/pal_pro_gripper_wrapper:/opt/ros/humble /usr/bin/cmake --build /home/user/exchange/workspace/build/tiago_pro_laser_sensors -- -j12 -l12
[0.371s] DEBUG:colcon.colcon_core.event_handler.log_command:Invoking command in '/home/user/exchange/workspace/build/pal_gazebo_worlds': CMAKE_PREFIX_PATH=${CMAKE_PREFIX_PATH}:/home/user/exchange/workspace/install/pick_task:/home/user/exchange/workspace/install/pal_pro_gripper_wrapper:/opt/ros/humble /usr/bin/cmake --build /home/user/exchange/workspace/build/pal_gazebo_worlds -- -j12 -l12
[0.374s] DEBUG:colcon.colcon_core.event_handler.log_command:Invoking command in '/home/user/exchange/workspace/build/tiago_pro_2dnav': CMAKE_PREFIX_PATH=${CMAKE_PREFIX_PATH}:/home/user/exchange/workspace/install/pick_task:/home/user/exchange/workspace/install/pal_pro_gripper_wrapper:/opt/ros/humble /usr/bin/cmake --build /home/user/exchange/workspace/build/tiago_pro_2dnav -- -j12 -l12
[0.376s] DEBUG:colcon.colcon_core.event_handler.log_command:Invoking command in '/home/user/exchange/workspace/build/tiago_pro_rgbd_sensors': CMAKE_PREFIX_PATH=${CMAKE_PREFIX_PATH}:/home/user/exchange/workspace/install/pick_task:/home/user/exchange/workspace/install/pal_pro_gripper_wrapper:/opt/ros/humble /usr/bin/cmake --build /home/user/exchange/workspace/build/tiago_pro_rgbd_sensors -- -j12 -l12
[0.392s] DEBUG:colcon.colcon_core.event_handler.log_command:Invoked command in '/home/user/exchange/workspace/build/pal_gazebo_worlds' returned '0': CMAKE_PREFIX_PATH=${CMAKE_PREFIX_PATH}:/home/user/exchange/workspace/install/pick_task:/home/user/exchange/workspace/install/pal_pro_gripper_wrapper:/opt/ros/humble /usr/bin/cmake --build /home/user/exchange/workspace/build/pal_gazebo_worlds -- -j12 -l12
[0.397s] DEBUG:colcon.colcon_core.event_handler.log_command:Invoking command in '/home/user/exchange/workspace/build/pal_gazebo_worlds': CMAKE_PREFIX_PATH=${CMAKE_PREFIX_PATH}:/home/user/exchange/workspace/install/pick_task:/home/user/exchange/workspace/install/pal_pro_gripper_wrapper:/opt/ros/humble /usr/bin/cmake --install /home/user/exchange/workspace/build/pal_gazebo_worlds
[0.399s] DEBUG:colcon.colcon_core.event_handler.log_command:Invoked command in '/home/user/exchange/workspace/build/tiago_pro_laser_sensors' returned '0': CMAKE_PREFIX_PATH=${CMAKE_PREFIX_PATH}:/home/user/exchange/workspace/install/pick_task:/home/user/exchange/workspace/install/pal_pro_gripper_wrapper:/opt/ros/humble /usr/bin/cmake --build /home/user/exchange/workspace/build/tiago_pro_laser_sensors -- -j12 -l12
[0.400s] DEBUG:colcon.colcon_core.event_handler.log_command:Invoking command in '/home/user/exchange/workspace/build/tiago_pro_laser_sensors': CMAKE_PREFIX_PATH=${CMAKE_PREFIX_PATH}:/home/user/exchange/workspace/install/pick_task:/home/user/exchange/workspace/install/pal_pro_gripper_wrapper:/opt/ros/humble /usr/bin/cmake --install /home/user/exchange/workspace/build/tiago_pro_laser_sensors
[0.400s] DEBUG:colcon.colcon_core.event_handler.log_command:Invoked command in '/home/user/exchange/workspace/build/tiago_pro_2dnav' returned '0': CMAKE_PREFIX_PATH=${CMAKE_PREFIX_PATH}:/home/user/exchange/workspace/install/pick_task:/home/user/exchange/workspace/install/pal_pro_gripper_wrapper:/opt/ros/humble /usr/bin/cmake --build /home/user/exchange/workspace/build/tiago_pro_2dnav -- -j12 -l12
[0.401s] DEBUG:colcon.colcon_core.event_handler.log_command:Invoking command in '/home/user/exchange/workspace/build/tiago_pro_2dnav': CMAKE_PREFIX_PATH=${CMAKE_PREFIX_PATH}:/home/user/exchange/workspace/install/pick_task:/home/user/exchange/workspace/install/pal_pro_gripper_wrapper:/opt/ros/humble /usr/bin/cmake --install /home/user/exchange/workspace/build/tiago_pro_2dnav
[0.401s] DEBUG:colcon.colcon_core.event_handler.log_command:Invoked command in '/home/user/exchange/workspace/build/tiago_pro_rgbd_sensors' returned '0': CMAKE_PREFIX_PATH=${CMAKE_PREFIX_PATH}:/home/user/exchange/workspace/install/pick_task:/home/user/exchange/workspace/install/pal_pro_gripper_wrapper:/opt/ros/humble /usr/bin/cmake --build /home/user/exchange/workspace/build/tiago_pro_rgbd_sensors -- -j12 -l12
[0.405s] DEBUG:colcon.colcon_core.event_handler.log_command:Invoking command in '/home/user/exchange/workspace/build/tiago_pro_rgbd_sensors': CMAKE_PREFIX_PATH=${CMAKE_PREFIX_PATH}:/home/user/exchange/workspace/install/pick_task:/home/user/exchange/workspace/install/pal_pro_gripper_wrapper:/opt/ros/humble /usr/bin/cmake --install /home/user/exchange/workspace/build/tiago_pro_rgbd_sensors
[0.408s] Level 1:colcon.colcon_core.environment:create_environment_scripts_only(tiago_pro_2dnav)
[0.421s] Level 1:colcon.colcon_core.environment:checking '/home/user/exchange/workspace/install/tiago_pro_2dnav' for CMake module files
[0.426s] Level 1:colcon.colcon_core.environment:checking '/home/user/exchange/workspace/install/tiago_pro_2dnav' for CMake config files
[0.434s] DEBUG:colcon.colcon_core.event_handler.log_command:Invoked command in '/home/user/exchange/workspace/build/tiago_pro_2dnav' returned '0': CMAKE_PREFIX_PATH=${CMAKE_PREFIX_PATH}:/home/user/exchange/workspace/install/pick_task:/home/user/exchange/workspace/install/pal_pro_gripper_wrapper:/opt/ros/humble /usr/bin/cmake --install /home/user/exchange/workspace/build/tiago_pro_2dnav
[0.435s] Level 1:colcon.colcon_core.shell:create_environment_hook('tiago_pro_2dnav', 'cmake_prefix_path')
[0.436s] INFO:colcon.colcon_core.shell:Creating environment hook '/home/user/exchange/workspace/install/tiago_pro_2dnav/share/tiago_pro_2dnav/hook/cmake_prefix_path.ps1'
[0.438s] INFO:colcon.colcon_core.shell:Creating environment descriptor '/home/user/exchange/workspace/install/tiago_pro_2dnav/share/tiago_pro_2dnav/hook/cmake_prefix_path.dsv'
[0.440s] INFO:colcon.colcon_core.shell:Creating environment hook '/home/user/exchange/workspace/install/tiago_pro_2dnav/share/tiago_pro_2dnav/hook/cmake_prefix_path.sh'
[0.443s] Level 1:colcon.colcon_core.environment:checking '/home/user/exchange/workspace/install/tiago_pro_2dnav/bin'
[0.443s] Level 1:colcon.colcon_core.environment:checking '/home/user/exchange/workspace/install/tiago_pro_2dnav/lib/pkgconfig/tiago_pro_2dnav.pc'
[0.443s] Level 1:colcon.colcon_core.environment:checking '/home/user/exchange/workspace/install/tiago_pro_2dnav/lib/python3.10/site-packages'
[0.444s] Level 1:colcon.colcon_core.environment:checking '/home/user/exchange/workspace/install/tiago_pro_2dnav/bin'
[0.444s] INFO:colcon.colcon_core.shell:Creating package script '/home/user/exchange/workspace/install/tiago_pro_2dnav/share/tiago_pro_2dnav/package.ps1'
[0.447s] INFO:colcon.colcon_core.shell:Creating package descriptor '/home/user/exchange/workspace/install/tiago_pro_2dnav/share/tiago_pro_2dnav/package.dsv'
[0.450s] INFO:colcon.colcon_core.shell:Creating package script '/home/user/exchange/workspace/install/tiago_pro_2dnav/share/tiago_pro_2dnav/package.sh'
[0.453s] INFO:colcon.colcon_core.shell:Creating package script '/home/user/exchange/workspace/install/tiago_pro_2dnav/share/tiago_pro_2dnav/package.bash'
[0.453s] INFO:colcon.colcon_core.shell:Creating package script '/home/user/exchange/workspace/install/tiago_pro_2dnav/share/tiago_pro_2dnav/package.zsh'
[0.454s] Level 1:colcon.colcon_core.environment:create_file_with_runtime_dependencies(/home/user/exchange/workspace/install/tiago_pro_2dnav/share/colcon-core/packages/tiago_pro_2dnav)
[0.455s] Level 1:colcon.colcon_core.environment:create_environment_scripts_only(tiago_pro_2dnav)
[0.455s] Level 1:colcon.colcon_core.environment:checking '/home/user/exchange/workspace/install/tiago_pro_2dnav' for CMake module files
[0.455s] Level 1:colcon.colcon_core.environment:checking '/home/user/exchange/workspace/install/tiago_pro_2dnav' for CMake config files
[0.455s] Level 1:colcon.colcon_core.shell:create_environment_hook('tiago_pro_2dnav', 'cmake_prefix_path')
[0.456s] INFO:colcon.colcon_core.shell:Creating environment hook '/home/user/exchange/workspace/install/tiago_pro_2dnav/share/tiago_pro_2dnav/hook/cmake_prefix_path.ps1'
[0.456s] INFO:colcon.colcon_core.shell:Creating environment descriptor '/home/user/exchange/workspace/install/tiago_pro_2dnav/share/tiago_pro_2dnav/hook/cmake_prefix_path.dsv'
[0.456s] INFO:colcon.colcon_core.shell:Creating environment hook '/home/user/exchange/workspace/install/tiago_pro_2dnav/share/tiago_pro_2dnav/hook/cmake_prefix_path.sh'
[0.457s] Level 1:colcon.colcon_core.environment:checking '/home/user/exchange/workspace/install/tiago_pro_2dnav/bin'
[0.457s] Level 1:colcon.colcon_core.environment:checking '/home/user/exchange/workspace/install/tiago_pro_2dnav/lib/pkgconfig/tiago_pro_2dnav.pc'
[0.457s] Level 1:colcon.colcon_core.environment:checking '/home/user/exchange/workspace/install/tiago_pro_2dnav/lib/python3.10/site-packages'
[0.457s] Level 1:colcon.colcon_core.environment:checking '/home/user/exchange/workspace/install/tiago_pro_2dnav/bin'
[0.458s] INFO:colcon.colcon_core.shell:Creating package script '/home/user/exchange/workspace/install/tiago_pro_2dnav/share/tiago_pro_2dnav/package.ps1'
[0.458s] INFO:colcon.colcon_core.shell:Creating package descriptor '/home/user/exchange/workspace/install/tiago_pro_2dnav/share/tiago_pro_2dnav/package.dsv'
[0.458s] INFO:colcon.colcon_core.shell:Creating package script '/home/user/exchange/workspace/install/tiago_pro_2dnav/share/tiago_pro_2dnav/package.sh'
[0.459s] INFO:colcon.colcon_core.shell:Creating package script '/home/user/exchange/workspace/install/tiago_pro_2dnav/share/tiago_pro_2dnav/package.bash'
[0.459s] INFO:colcon.colcon_core.shell:Creating package script '/home/user/exchange/workspace/install/tiago_pro_2dnav/share/tiago_pro_2dnav/package.zsh'
[0.460s] Level 1:colcon.colcon_core.environment:create_file_with_runtime_dependencies(/home/user/exchange/workspace/install/tiago_pro_2dnav/share/colcon-core/packages/tiago_pro_2dnav)
[0.460s] Level 1:colcon.colcon_core.environment:create_environment_scripts_only(tiago_pro_laser_sensors)
[0.460s] Level 1:colcon.colcon_core.environment:checking '/home/user/exchange/workspace/install/tiago_pro_laser_sensors' for CMake module files
[0.461s] DEBUG:colcon.colcon_core.event_handler.log_command:Invoked command in '/home/user/exchange/workspace/build/tiago_pro_laser_sensors' returned '0': CMAKE_PREFIX_PATH=${CMAKE_PREFIX_PATH}:/home/user/exchange/workspace/install/pick_task:/home/user/exchange/workspace/install/pal_pro_gripper_wrapper:/opt/ros/humble /usr/bin/cmake --install /home/user/exchange/workspace/build/tiago_pro_laser_sensors
[0.461s] Level 1:colcon.colcon_core.environment:checking '/home/user/exchange/workspace/install/tiago_pro_laser_sensors' for CMake config files
[0.461s] Level 1:colcon.colcon_core.shell:create_environment_hook('tiago_pro_laser_sensors', 'cmake_prefix_path')
[0.461s] INFO:colcon.colcon_core.shell:Creating environment hook '/home/user/exchange/workspace/install/tiago_pro_laser_sensors/share/tiago_pro_laser_sensors/hook/cmake_prefix_path.ps1'
[0.461s] INFO:colcon.colcon_core.shell:Creating environment descriptor '/home/user/exchange/workspace/install/tiago_pro_laser_sensors/share/tiago_pro_laser_sensors/hook/cmake_prefix_path.dsv'
[0.462s] INFO:colcon.colcon_core.shell:Creating environment hook '/home/user/exchange/workspace/install/tiago_pro_laser_sensors/share/tiago_pro_laser_sensors/hook/cmake_prefix_path.sh'
[0.462s] Level 1:colcon.colcon_core.environment:checking '/home/user/exchange/workspace/install/tiago_pro_laser_sensors/bin'
[0.462s] Level 1:colcon.colcon_core.environment:checking '/home/user/exchange/workspace/install/tiago_pro_laser_sensors/lib/pkgconfig/tiago_pro_laser_sensors.pc'
[0.462s] Level 1:colcon.colcon_core.environment:checking '/home/user/exchange/workspace/install/tiago_pro_laser_sensors/lib/python3.10/site-packages'
[0.463s] Level 1:colcon.colcon_core.environment:checking '/home/user/exchange/workspace/install/tiago_pro_laser_sensors/bin'
[0.463s] INFO:colcon.colcon_core.shell:Creating package script '/home/user/exchange/workspace/install/tiago_pro_laser_sensors/share/tiago_pro_laser_sensors/package.ps1'
[0.463s] INFO:colcon.colcon_core.shell:Creating package descriptor '/home/user/exchange/workspace/install/tiago_pro_laser_sensors/share/tiago_pro_laser_sensors/package.dsv'
[0.464s] INFO:colcon.colcon_core.shell:Creating package script '/home/user/exchange/workspace/install/tiago_pro_laser_sensors/share/tiago_pro_laser_sensors/package.sh'
[0.464s] INFO:colcon.colcon_core.shell:Creating package script '/home/user/exchange/workspace/install/tiago_pro_laser_sensors/share/tiago_pro_laser_sensors/package.bash'
[0.464s] INFO:colcon.colcon_core.shell:Creating package script '/home/user/exchange/workspace/install/tiago_pro_laser_sensors/share/tiago_pro_laser_sensors/package.zsh'
[0.465s] Level 1:colcon.colcon_core.environment:create_file_with_runtime_dependencies(/home/user/exchange/workspace/install/tiago_pro_laser_sensors/share/colcon-core/packages/tiago_pro_laser_sensors)
[0.465s] Level 1:colcon.colcon_core.environment:create_environment_scripts_only(tiago_pro_laser_sensors)
[0.465s] Level 1:colcon.colcon_core.environment:checking '/home/user/exchange/workspace/install/tiago_pro_laser_sensors' for CMake module files
[0.466s] Level 1:colcon.colcon_core.environment:checking '/home/user/exchange/workspace/install/tiago_pro_laser_sensors' for CMake config files
[0.466s] Level 1:colcon.colcon_core.shell:create_environment_hook('tiago_pro_laser_sensors', 'cmake_prefix_path')
[0.466s] INFO:colcon.colcon_core.shell:Creating environment hook '/home/user/exchange/workspace/install/tiago_pro_laser_sensors/share/tiago_pro_laser_sensors/hook/cmake_prefix_path.ps1'
[0.466s] INFO:colcon.colcon_core.shell:Creating environment descriptor '/home/user/exchange/workspace/install/tiago_pro_laser_sensors/share/tiago_pro_laser_sensors/hook/cmake_prefix_path.dsv'
[0.467s] INFO:colcon.colcon_core.shell:Creating environment hook '/home/user/exchange/workspace/install/tiago_pro_laser_sensors/share/tiago_pro_laser_sensors/hook/cmake_prefix_path.sh'
[0.467s] Level 1:colcon.colcon_core.environment:checking '/home/user/exchange/workspace/install/tiago_pro_laser_sensors/bin'
[0.467s] Level 1:colcon.colcon_core.environment:checking '/home/user/exchange/workspace/install/tiago_pro_laser_sensors/lib/pkgconfig/tiago_pro_laser_sensors.pc'
[0.467s] Level 1:colcon.colcon_core.environment:checking '/home/user/exchange/workspace/install/tiago_pro_laser_sensors/lib/python3.10/site-packages'
[0.468s] Level 1:colcon.colcon_core.environment:checking '/home/user/exchange/workspace/install/tiago_pro_laser_sensors/bin'
[0.468s] INFO:colcon.colcon_core.shell:Creating package script '/home/user/exchange/workspace/install/tiago_pro_laser_sensors/share/tiago_pro_laser_sensors/package.ps1'
[0.468s] INFO:colcon.colcon_core.shell:Creating package descriptor '/home/user/exchange/workspace/install/tiago_pro_laser_sensors/share/tiago_pro_laser_sensors/package.dsv'
[0.469s] INFO:colcon.colcon_core.shell:Creating package script '/home/user/exchange/workspace/install/tiago_pro_laser_sensors/share/tiago_pro_laser_sensors/package.sh'
[0.469s] INFO:colcon.colcon_core.shell:Creating package script '/home/user/exchange/workspace/install/tiago_pro_laser_sensors/share/tiago_pro_laser_sensors/package.bash'
[0.469s] INFO:colcon.colcon_core.shell:Creating package script '/home/user/exchange/workspace/install/tiago_pro_laser_sensors/share/tiago_pro_laser_sensors/package.zsh'
[0.469s] Level 1:colcon.colcon_core.environment:create_file_with_runtime_dependencies(/home/user/exchange/workspace/install/tiago_pro_laser_sensors/share/colcon-core/packages/tiago_pro_laser_sensors)
[0.470s] Level 1:colcon.colcon_core.environment:create_environment_scripts_only(tiago_pro_rgbd_sensors)
[0.470s] Level 1:colcon.colcon_core.environment:checking '/home/user/exchange/workspace/install/tiago_pro_rgbd_sensors' for CMake module files
[0.470s] DEBUG:colcon.colcon_core.event_handler.log_command:Invoked command in '/home/user/exchange/workspace/build/tiago_pro_rgbd_sensors' returned '0': CMAKE_PREFIX_PATH=${CMAKE_PREFIX_PATH}:/home/user/exchange/workspace/install/pick_task:/home/user/exchange/workspace/install/pal_pro_gripper_wrapper:/opt/ros/humble /usr/bin/cmake --install /home/user/exchange/workspace/build/tiago_pro_rgbd_sensors
[0.471s] Level 1:colcon.colcon_core.environment:checking '/home/user/exchange/workspace/install/tiago_pro_rgbd_sensors' for CMake config files
[0.471s] Level 1:colcon.colcon_core.shell:create_environment_hook('tiago_pro_rgbd_sensors', 'cmake_prefix_path')
[0.471s] INFO:colcon.colcon_core.shell:Creating environment hook '/home/user/exchange/workspace/install/tiago_pro_rgbd_sensors/share/tiago_pro_rgbd_sensors/hook/cmake_prefix_path.ps1'
[0.471s] INFO:colcon.colcon_core.shell:Creating environment descriptor '/home/user/exchange/workspace/install/tiago_pro_rgbd_sensors/share/tiago_pro_rgbd_sensors/hook/cmake_prefix_path.dsv'
[0.471s] INFO:colcon.colcon_core.shell:Creating environment hook '/home/user/exchange/workspace/install/tiago_pro_rgbd_sensors/share/tiago_pro_rgbd_sensors/hook/cmake_prefix_path.sh'
[0.472s] Level 1:colcon.colcon_core.environment:checking '/home/user/exchange/workspace/install/tiago_pro_rgbd_sensors/bin'
[0.472s] Level 1:colcon.colcon_core.environment:checking '/home/user/exchange/workspace/install/tiago_pro_rgbd_sensors/lib/pkgconfig/tiago_pro_rgbd_sensors.pc'
[0.472s] Level 1:colcon.colcon_core.environment:checking '/home/user/exchange/workspace/install/tiago_pro_rgbd_sensors/lib/python3.10/site-packages'
[0.472s] Level 1:colcon.colcon_core.environment:checking '/home/user/exchange/workspace/install/tiago_pro_rgbd_sensors/bin'
[0.472s] INFO:colcon.colcon_core.shell:Creating package script '/home/user/exchange/workspace/install/tiago_pro_rgbd_sensors/share/tiago_pro_rgbd_sensors/package.ps1'
[0.473s] INFO:colcon.colcon_core.shell:Creating package descriptor '/home/user/exchange/workspace/install/tiago_pro_rgbd_sensors/share/tiago_pro_rgbd_sensors/package.dsv'
[0.473s] INFO:colcon.colcon_core.shell:Creating package script '/home/user/exchange/workspace/install/tiago_pro_rgbd_sensors/share/tiago_pro_rgbd_sensors/package.sh'
[0.473s] INFO:colcon.colcon_core.shell:Creating package script '/home/user/exchange/workspace/install/tiago_pro_rgbd_sensors/share/tiago_pro_rgbd_sensors/package.bash'
[0.473s] INFO:colcon.colcon_core.shell:Creating package script '/home/user/exchange/workspace/install/tiago_pro_rgbd_sensors/share/tiago_pro_rgbd_sensors/package.zsh'
[0.473s] Level 1:colcon.colcon_core.environment:create_file_with_runtime_dependencies(/home/user/exchange/workspace/install/tiago_pro_rgbd_sensors/share/colcon-core/packages/tiago_pro_rgbd_sensors)
[0.474s] Level 1:colcon.colcon_core.environment:create_environment_scripts_only(tiago_pro_rgbd_sensors)
[0.474s] Level 1:colcon.colcon_core.environment:checking '/home/user/exchange/workspace/install/tiago_pro_rgbd_sensors' for CMake module files
[0.474s] Level 1:colcon.colcon_core.environment:checking '/home/user/exchange/workspace/install/tiago_pro_rgbd_sensors' for CMake config files
[0.474s] Level 1:colcon.colcon_core.shell:create_environment_hook('tiago_pro_rgbd_sensors', 'cmake_prefix_path')
[0.474s] INFO:colcon.colcon_core.shell:Creating environment hook '/home/user/exchange/workspace/install/tiago_pro_rgbd_sensors/share/tiago_pro_rgbd_sensors/hook/cmake_prefix_path.ps1'
[0.474s] INFO:colcon.colcon_core.shell:Creating environment descriptor '/home/user/exchange/workspace/install/tiago_pro_rgbd_sensors/share/tiago_pro_rgbd_sensors/hook/cmake_prefix_path.dsv'
[0.475s] INFO:colcon.colcon_core.shell:Creating environment hook '/home/user/exchange/workspace/install/tiago_pro_rgbd_sensors/share/tiago_pro_rgbd_sensors/hook/cmake_prefix_path.sh'
[0.475s] Level 1:colcon.colcon_core.environment:checking '/home/user/exchange/workspace/install/tiago_pro_rgbd_sensors/bin'
[0.475s] Level 1:colcon.colcon_core.environment:checking '/home/user/exchange/workspace/install/tiago_pro_rgbd_sensors/lib/pkgconfig/tiago_pro_rgbd_sensors.pc'
[0.475s] Level 1:colcon.colcon_core.environment:checking '/home/user/exchange/workspace/install/tiago_pro_rgbd_sensors/lib/python3.10/site-packages'
[0.475s] Level 1:colcon.colcon_core.environment:checking '/home/user/exchange/workspace/install/tiago_pro_rgbd_sensors/bin'
[0.475s] INFO:colcon.colcon_core.shell:Creating package script '/home/user/exchange/workspace/install/tiago_pro_rgbd_sensors/share/tiago_pro_rgbd_sensors/package.ps1'
[0.476s] INFO:colcon.colcon_core.shell:Creating package descriptor '/home/user/exchange/workspace/install/tiago_pro_rgbd_sensors/share/tiago_pro_rgbd_sensors/package.dsv'
[0.476s] INFO:colcon.colcon_core.shell:Creating package script '/home/user/exchange/workspace/install/tiago_pro_rgbd_sensors/share/tiago_pro_rgbd_sensors/package.sh'
[0.476s] INFO:colcon.colcon_core.shell:Creating package script '/home/user/exchange/workspace/install/tiago_pro_rgbd_sensors/share/tiago_pro_rgbd_sensors/package.bash'
[0.476s] INFO:colcon.colcon_core.shell:Creating package script '/home/user/exchange/workspace/install/tiago_pro_rgbd_sensors/share/tiago_pro_rgbd_sensors/package.zsh'
[0.477s] Level 1:colcon.colcon_core.environment:create_file_with_runtime_dependencies(/home/user/exchange/workspace/install/tiago_pro_rgbd_sensors/share/colcon-core/packages/tiago_pro_rgbd_sensors)
[0.477s] Level 1:colcon.colcon_core.environment:create_environment_scripts_only(pal_gazebo_worlds)
[0.477s] Level 1:colcon.colcon_core.environment:checking '/home/user/exchange/workspace/install/pal_gazebo_worlds' for CMake module files
[0.478s] DEBUG:colcon.colcon_core.event_handler.log_command:Invoked command in '/home/user/exchange/workspace/build/pal_gazebo_worlds' returned '0': CMAKE_PREFIX_PATH=${CMAKE_PREFIX_PATH}:/home/user/exchange/workspace/install/pick_task:/home/user/exchange/workspace/install/pal_pro_gripper_wrapper:/opt/ros/humble /usr/bin/cmake --install /home/user/exchange/workspace/build/pal_gazebo_worlds
[0.478s] Level 1:colcon.colcon_core.environment:checking '/home/user/exchange/workspace/install/pal_gazebo_worlds' for CMake config files
[0.480s] Level 1:colcon.colcon_core.shell:create_environment_hook('pal_gazebo_worlds', 'cmake_prefix_path')
[0.480s] INFO:colcon.colcon_core.shell:Creating environment hook '/home/user/exchange/workspace/install/pal_gazebo_worlds/share/pal_gazebo_worlds/hook/cmake_prefix_path.ps1'
[0.480s] INFO:colcon.colcon_core.shell:Creating environment descriptor '/home/user/exchange/workspace/install/pal_gazebo_worlds/share/pal_gazebo_worlds/hook/cmake_prefix_path.dsv'
[0.480s] INFO:colcon.colcon_core.shell:Creating environment hook '/home/user/exchange/workspace/install/pal_gazebo_worlds/share/pal_gazebo_worlds/hook/cmake_prefix_path.sh'
[0.481s] Level 1:colcon.colcon_core.environment:checking '/home/user/exchange/workspace/install/pal_gazebo_worlds/bin'
[0.481s] Level 1:colcon.colcon_core.environment:checking '/home/user/exchange/workspace/install/pal_gazebo_worlds/lib/pkgconfig/pal_gazebo_worlds.pc'
[0.481s] Level 1:colcon.colcon_core.environment:checking '/home/user/exchange/workspace/install/pal_gazebo_worlds/lib/python3.10/site-packages'
[0.481s] Level 1:colcon.colcon_core.environment:checking '/home/user/exchange/workspace/install/pal_gazebo_worlds/bin'
[0.481s] INFO:colcon.colcon_core.shell:Creating package script '/home/user/exchange/workspace/install/pal_gazebo_worlds/share/pal_gazebo_worlds/package.ps1'
[0.481s] INFO:colcon.colcon_core.shell:Creating package descriptor '/home/user/exchange/workspace/install/pal_gazebo_worlds/share/pal_gazebo_worlds/package.dsv'
[0.482s] INFO:colcon.colcon_core.shell:Creating package script '/home/user/exchange/workspace/install/pal_gazebo_worlds/share/pal_gazebo_worlds/package.sh'
[0.482s] INFO:colcon.colcon_core.shell:Creating package script '/home/user/exchange/workspace/install/pal_gazebo_worlds/share/pal_gazebo_worlds/package.bash'
[0.482s] INFO:colcon.colcon_core.shell:Creating package script '/home/user/exchange/workspace/install/pal_gazebo_worlds/share/pal_gazebo_worlds/package.zsh'
[0.482s] Level 1:colcon.colcon_core.environment:create_file_with_runtime_dependencies(/home/user/exchange/workspace/install/pal_gazebo_worlds/share/colcon-core/packages/pal_gazebo_worlds)
[0.482s] Level 1:colcon.colcon_core.environment:create_environment_scripts_only(pal_gazebo_worlds)
[0.483s] Level 1:colcon.colcon_core.environment:checking '/home/user/exchange/workspace/install/pal_gazebo_worlds' for CMake module files
[0.483s] Level 1:colcon.colcon_core.environment:checking '/home/user/exchange/workspace/install/pal_gazebo_worlds' for CMake config files
[0.485s] Level 1:colcon.colcon_core.shell:create_environment_hook('pal_gazebo_worlds', 'cmake_prefix_path')
[0.485s] INFO:colcon.colcon_core.shell:Creating environment hook '/home/user/exchange/workspace/install/pal_gazebo_worlds/share/pal_gazebo_worlds/hook/cmake_prefix_path.ps1'
[0.485s] INFO:colcon.colcon_core.shell:Creating environment descriptor '/home/user/exchange/workspace/install/pal_gazebo_worlds/share/pal_gazebo_worlds/hook/cmake_prefix_path.dsv'
[0.485s] INFO:colcon.colcon_core.shell:Creating environment hook '/home/user/exchange/workspace/install/pal_gazebo_worlds/share/pal_gazebo_worlds/hook/cmake_prefix_path.sh'
[0.486s] Level 1:colcon.colcon_core.environment:checking '/home/user/exchange/workspace/install/pal_gazebo_worlds/bin'
[0.486s] Level 1:colcon.colcon_core.environment:checking '/home/user/exchange/workspace/install/pal_gazebo_worlds/lib/pkgconfig/pal_gazebo_worlds.pc'
[0.486s] Level 1:colcon.colcon_core.environment:checking '/home/user/exchange/workspace/install/pal_gazebo_worlds/lib/python3.10/site-packages'
[0.486s] Level 1:colcon.colcon_core.environment:checking '/home/user/exchange/workspace/install/pal_gazebo_worlds/bin'
[0.486s] INFO:colcon.colcon_core.shell:Creating package script '/home/user/exchange/workspace/install/pal_gazebo_worlds/share/pal_gazebo_worlds/package.ps1'
[0.486s] INFO:colcon.colcon_core.shell:Creating package descriptor '/home/user/exchange/workspace/install/pal_gazebo_worlds/share/pal_gazebo_worlds/package.dsv'
[0.487s] INFO:colcon.colcon_core.shell:Creating package script '/home/user/exchange/workspace/install/pal_gazebo_worlds/share/pal_gazebo_worlds/package.sh'
[0.487s] INFO:colcon.colcon_core.shell:Creating package script '/home/user/exchange/workspace/install/pal_gazebo_worlds/share/pal_gazebo_worlds/package.bash'
[0.487s] INFO:colcon.colcon_core.shell:Creating package script '/home/user/exchange/workspace/install/pal_gazebo_worlds/share/pal_gazebo_worlds/package.zsh'
[0.487s] Level 1:colcon.colcon_core.environment:create_file_with_runtime_dependencies(/home/user/exchange/workspace/install/pal_gazebo_worlds/share/colcon-core/packages/pal_gazebo_worlds)
[0.488s] INFO:colcon.colcon_ros.task.ament_cmake.build:Building ROS package in '/home/user/exchange/workspace/src/tiago_pro_navigation/tiago_pro_navigation' with build type 'ament_cmake'
[0.488s] INFO:colcon.colcon_cmake.task.cmake.build:Building CMake package in '/home/user/exchange/workspace/src/tiago_pro_navigation/tiago_pro_navigation'
[0.488s] INFO:colcon.colcon_core.shell:Skip shell extension 'powershell' for command environment: Not usable outside of PowerShell
[0.488s] DEBUG:colcon.colcon_core.shell:Skip shell extension 'dsv' for command environment
[0.495s] DEBUG:colcon.colcon_core.event_handler.log_command:Invoking command in '/home/user/exchange/workspace/build/tiago_pro_navigation': CMAKE_PREFIX_PATH=/home/user/exchange/workspace/install/tiago_pro_rgbd_sensors:/home/user/exchange/workspace/install/tiago_pro_laser_sensors:/home/user/exchange/workspace/install/tiago_pro_2dnav:/home/user/exchange/workspace/install/tiago_manipulation_tasks:/home/user/exchange/workspace/install/tiago_pro_simulation:/home/user/exchange/workspace/install/tiago_pro_robot:/home/user/exchange/workspace/install/tiago_pro_navigation:/home/user/exchange/workspace/install/tiago_pro_gazebo:/home/user/exchange/workspace/install/tiago_pro_mujoco:/home/user/exchange/workspace/install/tiago_pro_moveit_config:/home/user/exchange/workspace/install/tiago_pro_description:/home/user/exchange/workspace/install/tiago_pro_bringup:/home/user/exchange/workspace/install/tiago_pro_controller_configuration:/home/user/exchange/workspace/install/pal_sea_arm_moveit_config:/home/user/exchange/workspace/install/pal_sea_arm:/home/user/exchange/workspace/install/pal_sea_arm_bringup:/home/user/exchange/workspace/install/pal_sea_arm_description:/home/user/exchange/workspace/install/pal_sea_arm_controller_configuration:/home/user/exchange/workspace/install/pal_pro_gripper_simulation:/home/user/exchange/workspace/install/pal_pro_gripper_bringup:/home/user/exchange/workspace/install/pal_pro_gripper:/home/user/exchange/workspace/install/pal_pro_gripper_controller_configuration:/home/user/exchange/workspace/install/pal_pro_gripper_description:/home/user/exchange/workspace/install/pal_gazebo_worlds:/home/user/exchange/workspace/install/pick_task:/home/user/exchange/workspace/install/pal_pro_gripper_wrapper:/opt/ros/humble /usr/bin/cmake --build /home/user/exchange/workspace/build/tiago_pro_navigation -- -j12 -l12
[0.516s] DEBUG:colcon.colcon_core.event_handler.log_command:Invoked command in '/home/user/exchange/workspace/build/tiago_pro_navigation' returned '0': CMAKE_PREFIX_PATH=/home/user/exchange/workspace/install/tiago_pro_rgbd_sensors:/home/user/exchange/workspace/install/tiago_pro_laser_sensors:/home/user/exchange/workspace/install/tiago_pro_2dnav:/home/user/exchange/workspace/install/tiago_manipulation_tasks:/home/user/exchange/workspace/install/tiago_pro_simulation:/home/user/exchange/workspace/install/tiago_pro_robot:/home/user/exchange/workspace/install/tiago_pro_navigation:/home/user/exchange/workspace/install/tiago_pro_gazebo:/home/user/exchange/workspace/install/tiago_pro_mujoco:/home/user/exchange/workspace/install/tiago_pro_moveit_config:/home/user/exchange/workspace/install/tiago_pro_description:/home/user/exchange/workspace/install/tiago_pro_bringup:/home/user/exchange/workspace/install/tiago_pro_controller_configuration:/home/user/exchange/workspace/install/pal_sea_arm_moveit_config:/home/user/exchange/workspace/install/pal_sea_arm:/home/user/exchange/workspace/install/pal_sea_arm_bringup:/home/user/exchange/workspace/install/pal_sea_arm_description:/home/user/exchange/workspace/install/pal_sea_arm_controller_configuration:/home/user/exchange/workspace/install/pal_pro_gripper_simulation:/home/user/exchange/workspace/install/pal_pro_gripper_bringup:/home/user/exchange/workspace/install/pal_pro_gripper:/home/user/exchange/workspace/install/pal_pro_gripper_controller_configuration:/home/user/exchange/workspace/install/pal_pro_gripper_description:/home/user/exchange/workspace/install/pal_gazebo_worlds:/home/user/exchange/workspace/install/pick_task:/home/user/exchange/workspace/install/pal_pro_gripper_wrapper:/opt/ros/humble /usr/bin/cmake --build /home/user/exchange/workspace/build/tiago_pro_navigation -- -j12 -l12
[0.517s] DEBUG:colcon.colcon_core.event_handler.log_command:Invoking command in '/home/user/exchange/workspace/build/tiago_pro_navigation': CMAKE_PREFIX_PATH=/home/user/exchange/workspace/install/tiago_pro_rgbd_sensors:/home/user/exchange/workspace/install/tiago_pro_laser_sensors:/home/user/exchange/workspace/install/tiago_pro_2dnav:/home/user/exchange/workspace/install/tiago_manipulation_tasks:/home/user/exchange/workspace/install/tiago_pro_simulation:/home/user/exchange/workspace/install/tiago_pro_robot:/home/user/exchange/workspace/install/tiago_pro_navigation:/home/user/exchange/workspace/install/tiago_pro_gazebo:/home/user/exchange/workspace/install/tiago_pro_mujoco:/home/user/exchange/workspace/install/tiago_pro_moveit_config:/home/user/exchange/workspace/install/tiago_pro_description:/home/user/exchange/workspace/install/tiago_pro_bringup:/home/user/exchange/workspace/install/tiago_pro_controller_configuration:/home/user/exchange/workspace/install/pal_sea_arm_moveit_config:/home/user/exchange/workspace/install/pal_sea_arm:/home/user/exchange/workspace/install/pal_sea_arm_bringup:/home/user/exchange/workspace/install/pal_sea_arm_description:/home/user/exchange/workspace/install/pal_sea_arm_controller_configuration:/home/user/exchange/workspace/install/pal_pro_gripper_simulation:/home/user/exchange/workspace/install/pal_pro_gripper_bringup:/home/user/exchange/workspace/install/pal_pro_gripper:/home/user/exchange/workspace/install/pal_pro_gripper_controller_configuration:/home/user/exchange/workspace/install/pal_pro_gripper_description:/home/user/exchange/workspace/install/pal_gazebo_worlds:/home/user/exchange/workspace/install/pick_task:/home/user/exchange/workspace/install/pal_pro_gripper_wrapper:/opt/ros/humble /usr/bin/cmake --install /home/user/exchange/workspace/build/tiago_pro_navigation
[0.522s] Level 1:colcon.colcon_core.environment:create_environment_scripts_only(tiago_pro_navigation)
[0.522s] Level 1:colcon.colcon_core.environment:checking '/home/user/exchange/workspace/install/tiago_pro_navigation' for CMake module files
[0.523s] DEBUG:colcon.colcon_core.event_handler.log_command:Invoked command in '/home/user/exchange/workspace/build/tiago_pro_navigation' returned '0': CMAKE_PREFIX_PATH=/home/user/exchange/workspace/install/tiago_pro_rgbd_sensors:/home/user/exchange/workspace/install/tiago_pro_laser_sensors:/home/user/exchange/workspace/install/tiago_pro_2dnav:/home/user/exchange/workspace/install/tiago_manipulation_tasks:/home/user/exchange/workspace/install/tiago_pro_simulation:/home/user/exchange/workspace/install/tiago_pro_robot:/home/user/exchange/workspace/install/tiago_pro_navigation:/home/user/exchange/workspace/install/tiago_pro_gazebo:/home/user/exchange/workspace/install/tiago_pro_mujoco:/home/user/exchange/workspace/install/tiago_pro_moveit_config:/home/user/exchange/workspace/install/tiago_pro_description:/home/user/exchange/workspace/install/tiago_pro_bringup:/home/user/exchange/workspace/install/tiago_pro_controller_configuration:/home/user/exchange/workspace/install/pal_sea_arm_moveit_config:/home/user/exchange/workspace/install/pal_sea_arm:/home/user/exchange/workspace/install/pal_sea_arm_bringup:/home/user/exchange/workspace/install/pal_sea_arm_description:/home/user/exchange/workspace/install/pal_sea_arm_controller_configuration:/home/user/exchange/workspace/install/pal_pro_gripper_simulation:/home/user/exchange/workspace/install/pal_pro_gripper_bringup:/home/user/exchange/workspace/install/pal_pro_gripper:/home/user/exchange/workspace/install/pal_pro_gripper_controller_configuration:/home/user/exchange/workspace/install/pal_pro_gripper_description:/home/user/exchange/workspace/install/pal_gazebo_worlds:/home/user/exchange/workspace/install/pick_task:/home/user/exchange/workspace/install/pal_pro_gripper_wrapper:/opt/ros/humble /usr/bin/cmake --install /home/user/exchange/workspace/build/tiago_pro_navigation
[0.523s] Level 1:colcon.colcon_core.environment:checking '/home/user/exchange/workspace/install/tiago_pro_navigation' for CMake config files
[0.523s] Level 1:colcon.colcon_core.shell:create_environment_hook('tiago_pro_navigation', 'cmake_prefix_path')
[0.523s] INFO:colcon.colcon_core.shell:Creating environment hook '/home/user/exchange/workspace/install/tiago_pro_navigation/share/tiago_pro_navigation/hook/cmake_prefix_path.ps1'
[0.523s] INFO:colcon.colcon_core.shell:Creating environment descriptor '/home/user/exchange/workspace/install/tiago_pro_navigation/share/tiago_pro_navigation/hook/cmake_prefix_path.dsv'
[0.524s] INFO:colcon.colcon_core.shell:Creating environment hook '/home/user/exchange/workspace/install/tiago_pro_navigation/share/tiago_pro_navigation/hook/cmake_prefix_path.sh'
[0.524s] Level 1:colcon.colcon_core.environment:checking '/home/user/exchange/workspace/install/tiago_pro_navigation/bin'
[0.524s] Level 1:colcon.colcon_core.environment:checking '/home/user/exchange/workspace/install/tiago_pro_navigation/lib/pkgconfig/tiago_pro_navigation.pc'
[0.524s] Level 1:colcon.colcon_core.environment:checking '/home/user/exchange/workspace/install/tiago_pro_navigation/lib/python3.10/site-packages'
[0.524s] Level 1:colcon.colcon_core.environment:checking '/home/user/exchange/workspace/install/tiago_pro_navigation/bin'
[0.525s] INFO:colcon.colcon_core.shell:Creating package script '/home/user/exchange/workspace/install/tiago_pro_navigation/share/tiago_pro_navigation/package.ps1'
[0.525s] INFO:colcon.colcon_core.shell:Creating package descriptor '/home/user/exchange/workspace/install/tiago_pro_navigation/share/tiago_pro_navigation/package.dsv'
[0.525s] INFO:colcon.colcon_core.shell:Creating package script '/home/user/exchange/workspace/install/tiago_pro_navigation/share/tiago_pro_navigation/package.sh'
[0.525s] INFO:colcon.colcon_core.shell:Creating package script '/home/user/exchange/workspace/install/tiago_pro_navigation/share/tiago_pro_navigation/package.bash'
[0.526s] INFO:colcon.colcon_core.shell:Creating package script '/home/user/exchange/workspace/install/tiago_pro_navigation/share/tiago_pro_navigation/package.zsh'
[0.526s] Level 1:colcon.colcon_core.environment:create_file_with_runtime_dependencies(/home/user/exchange/workspace/install/tiago_pro_navigation/share/colcon-core/packages/tiago_pro_navigation)
[0.526s] Level 1:colcon.colcon_core.environment:create_environment_scripts_only(tiago_pro_navigation)
[0.526s] Level 1:colcon.colcon_core.environment:checking '/home/user/exchange/workspace/install/tiago_pro_navigation' for CMake module files
[0.527s] Level 1:colcon.colcon_core.environment:checking '/home/user/exchange/workspace/install/tiago_pro_navigation' for CMake config files
[0.527s] Level 1:colcon.colcon_core.shell:create_environment_hook('tiago_pro_navigation', 'cmake_prefix_path')
[0.527s] INFO:colcon.colcon_core.shell:Creating environment hook '/home/user/exchange/workspace/install/tiago_pro_navigation/share/tiago_pro_navigation/hook/cmake_prefix_path.ps1'
[0.527s] INFO:colcon.colcon_core.shell:Creating environment descriptor '/home/user/exchange/workspace/install/tiago_pro_navigation/share/tiago_pro_navigation/hook/cmake_prefix_path.dsv'
[0.527s] INFO:colcon.colcon_core.shell:Creating environment hook '/home/user/exchange/workspace/install/tiago_pro_navigation/share/tiago_pro_navigation/hook/cmake_prefix_path.sh'
[0.528s] Level 1:colcon.colcon_core.environment:checking '/home/user/exchange/workspace/install/tiago_pro_navigation/bin'
[0.528s] Level 1:colcon.colcon_core.environment:checking '/home/user/exchange/workspace/install/tiago_pro_navigation/lib/pkgconfig/tiago_pro_navigation.pc'
[0.528s] Level 1:colcon.colcon_core.environment:checking '/home/user/exchange/workspace/install/tiago_pro_navigation/lib/python3.10/site-packages'
[0.528s] Level 1:colcon.colcon_core.environment:checking '/home/user/exchange/workspace/install/tiago_pro_navigation/bin'
[0.528s] INFO:colcon.colcon_core.shell:Creating package script '/home/user/exchange/workspace/install/tiago_pro_navigation/share/tiago_pro_navigation/package.ps1'
[0.528s] INFO:colcon.colcon_core.shell:Creating package descriptor '/home/user/exchange/workspace/install/tiago_pro_navigation/share/tiago_pro_navigation/package.dsv'
[0.529s] INFO:colcon.colcon_core.shell:Creating package script '/home/user/exchange/workspace/install/tiago_pro_navigation/share/tiago_pro_navigation/package.sh'
[0.529s] INFO:colcon.colcon_core.shell:Creating package script '/home/user/exchange/workspace/install/tiago_pro_navigation/share/tiago_pro_navigation/package.bash'
[0.529s] INFO:colcon.colcon_core.shell:Creating package script '/home/user/exchange/workspace/install/tiago_pro_navigation/share/tiago_pro_navigation/package.zsh'
[0.529s] Level 1:colcon.colcon_core.environment:create_file_with_runtime_dependencies(/home/user/exchange/workspace/install/tiago_pro_navigation/share/colcon-core/packages/tiago_pro_navigation)
[0.559s] DEBUG:colcon.colcon_core.event_handler.log_command:Invoked command in '/home/user/exchange/workspace/build/pal_pro_gripper_description' returned '0': CMAKE_PREFIX_PATH=${CMAKE_PREFIX_PATH}:/home/user/exchange/workspace/install/pick_task:/home/user/exchange/workspace/install/pal_pro_gripper_wrapper:/opt/ros/humble /usr/bin/cmake --build /home/user/exchange/workspace/build/pal_pro_gripper_description -- -j12 -l12
[0.560s] DEBUG:colcon.colcon_core.event_handler.log_command:Invoking command in '/home/user/exchange/workspace/build/pal_pro_gripper_description': CMAKE_PREFIX_PATH=${CMAKE_PREFIX_PATH}:/home/user/exchange/workspace/install/pick_task:/home/user/exchange/workspace/install/pal_pro_gripper_wrapper:/opt/ros/humble /usr/bin/cmake --install /home/user/exchange/workspace/build/pal_pro_gripper_description
[0.591s] Level 1:colcon.colcon_core.environment:create_environment_scripts_only(pal_pro_gripper_description)
[0.591s] Level 1:colcon.colcon_core.environment:checking '/home/user/exchange/workspace/install/pal_pro_gripper_description' for CMake module files
[0.591s] DEBUG:colcon.colcon_core.event_handler.log_command:Invoked command in '/home/user/exchange/workspace/build/pal_pro_gripper_description' returned '0': CMAKE_PREFIX_PATH=${CMAKE_PREFIX_PATH}:/home/user/exchange/workspace/install/pick_task:/home/user/exchange/workspace/install/pal_pro_gripper_wrapper:/opt/ros/humble /usr/bin/cmake --install /home/user/exchange/workspace/build/pal_pro_gripper_description
[0.592s] Level 1:colcon.colcon_core.environment:checking '/home/user/exchange/workspace/install/pal_pro_gripper_description' for CMake config files
[0.592s] Level 1:colcon.colcon_core.shell:create_environment_hook('pal_pro_gripper_description', 'cmake_prefix_path')
[0.592s] INFO:colcon.colcon_core.shell:Creating environment hook '/home/user/exchange/workspace/install/pal_pro_gripper_description/share/pal_pro_gripper_description/hook/cmake_prefix_path.ps1'
[0.592s] INFO:colcon.colcon_core.shell:Creating environment descriptor '/home/user/exchange/workspace/install/pal_pro_gripper_description/share/pal_pro_gripper_description/hook/cmake_prefix_path.dsv'
[0.593s] INFO:colcon.colcon_core.shell:Creating environment hook '/home/user/exchange/workspace/install/pal_pro_gripper_description/share/pal_pro_gripper_description/hook/cmake_prefix_path.sh'
[0.593s] Level 1:colcon.colcon_core.environment:checking '/home/user/exchange/workspace/install/pal_pro_gripper_description/bin'
[0.593s] Level 1:colcon.colcon_core.environment:checking '/home/user/exchange/workspace/install/pal_pro_gripper_description/lib/pkgconfig/pal_pro_gripper_description.pc'
[0.593s] Level 1:colcon.colcon_core.environment:checking '/home/user/exchange/workspace/install/pal_pro_gripper_description/lib/python3.10/site-packages'
[0.593s] Level 1:colcon.colcon_core.environment:checking '/home/user/exchange/workspace/install/pal_pro_gripper_description/bin'
[0.594s] INFO:colcon.colcon_core.shell:Creating package script '/home/user/exchange/workspace/install/pal_pro_gripper_description/share/pal_pro_gripper_description/package.ps1'
[0.594s] INFO:colcon.colcon_core.shell:Creating package descriptor '/home/user/exchange/workspace/install/pal_pro_gripper_description/share/pal_pro_gripper_description/package.dsv'
[0.594s] INFO:colcon.colcon_core.shell:Creating package script '/home/user/exchange/workspace/install/pal_pro_gripper_description/share/pal_pro_gripper_description/package.sh'
[0.594s] INFO:colcon.colcon_core.shell:Creating package script '/home/user/exchange/workspace/install/pal_pro_gripper_description/share/pal_pro_gripper_description/package.bash'
[0.595s] INFO:colcon.colcon_core.shell:Creating package script '/home/user/exchange/workspace/install/pal_pro_gripper_description/share/pal_pro_gripper_description/package.zsh'
[0.595s] Level 1:colcon.colcon_core.environment:create_file_with_runtime_dependencies(/home/user/exchange/workspace/install/pal_pro_gripper_description/share/colcon-core/packages/pal_pro_gripper_description)
[0.595s] Level 1:colcon.colcon_core.environment:create_environment_scripts_only(pal_pro_gripper_description)
[0.595s] Level 1:colcon.colcon_core.environment:checking '/home/user/exchange/workspace/install/pal_pro_gripper_description' for CMake module files
[0.596s] Level 1:colcon.colcon_core.environment:checking '/home/user/exchange/workspace/install/pal_pro_gripper_description' for CMake config files
[0.596s] Level 1:colcon.colcon_core.shell:create_environment_hook('pal_pro_gripper_description', 'cmake_prefix_path')
[0.596s] INFO:colcon.colcon_core.shell:Creating environment hook '/home/user/exchange/workspace/install/pal_pro_gripper_description/share/pal_pro_gripper_description/hook/cmake_prefix_path.ps1'
[0.596s] INFO:colcon.colcon_core.shell:Creating environment descriptor '/home/user/exchange/workspace/install/pal_pro_gripper_description/share/pal_pro_gripper_description/hook/cmake_prefix_path.dsv'
[0.596s] INFO:colcon.colcon_core.shell:Creating environment hook '/home/user/exchange/workspace/install/pal_pro_gripper_description/share/pal_pro_gripper_description/hook/cmake_prefix_path.sh'
[0.597s] Level 1:colcon.colcon_core.environment:checking '/home/user/exchange/workspace/install/pal_pro_gripper_description/bin'
[0.597s] Level 1:colcon.colcon_core.environment:checking '/home/user/exchange/workspace/install/pal_pro_gripper_description/lib/pkgconfig/pal_pro_gripper_description.pc'
[0.597s] Level 1:colcon.colcon_core.environment:checking '/home/user/exchange/workspace/install/pal_pro_gripper_description/lib/python3.10/site-packages'
[0.597s] Level 1:colcon.colcon_core.environment:checking '/home/user/exchange/workspace/install/pal_pro_gripper_description/bin'
[0.597s] INFO:colcon.colcon_core.shell:Creating package script '/home/user/exchange/workspace/install/pal_pro_gripper_description/share/pal_pro_gripper_description/package.ps1'
[0.598s] INFO:colcon.colcon_core.shell:Creating package descriptor '/home/user/exchange/workspace/install/pal_pro_gripper_description/share/pal_pro_gripper_description/package.dsv'
[0.598s] INFO:colcon.colcon_core.shell:Creating package script '/home/user/exchange/workspace/install/pal_pro_gripper_description/share/pal_pro_gripper_description/package.sh'
[0.598s] INFO:colcon.colcon_core.shell:Creating package script '/home/user/exchange/workspace/install/pal_pro_gripper_description/share/pal_pro_gripper_description/package.bash'
[0.598s] INFO:colcon.colcon_core.shell:Creating package script '/home/user/exchange/workspace/install/pal_pro_gripper_description/share/pal_pro_gripper_description/package.zsh'
[0.599s] Level 1:colcon.colcon_core.environment:create_file_with_runtime_dependencies(/home/user/exchange/workspace/install/pal_pro_gripper_description/share/colcon-core/packages/pal_pro_gripper_description)
[0.602s] DEBUG:colcon.colcon_core.event_handler.log_command:Invoking command in '/home/user/exchange/workspace/src/pal_pro_gripper/pal_pro_gripper_wrapper': PYTHONPATH=/home/user/exchange/workspace/build/pal_pro_gripper_wrapper/prefix_override:/usr/lib/python3/dist-packages/colcon_core/task/python/colcon_distutils_commands:/home/user/exchange/workspace/install/pal_pro_gripper_wrapper/lib/python3.10/site-packages:${PYTHONPATH} /usr/bin/python3 -W ignore:setup.py install is deprecated -W ignore:easy_install command is deprecated setup.py egg_info --egg-base ../../../build/pal_pro_gripper_wrapper build --build-base /home/user/exchange/workspace/build/pal_pro_gripper_wrapper/build install --record /home/user/exchange/workspace/build/pal_pro_gripper_wrapper/install.log --single-version-externally-managed install_data
[0.764s] Level 1:colcon.colcon_core.environment:checking '/home/user/exchange/workspace/install/pal_pro_gripper_wrapper' for CMake module files
[0.765s] DEBUG:colcon.colcon_core.event_handler.log_command:Invoked command in '/home/user/exchange/workspace/src/pal_pro_gripper/pal_pro_gripper_wrapper' returned '0': PYTHONPATH=/home/user/exchange/workspace/build/pal_pro_gripper_wrapper/prefix_override:/usr/lib/python3/dist-packages/colcon_core/task/python/colcon_distutils_commands:/home/user/exchange/workspace/install/pal_pro_gripper_wrapper/lib/python3.10/site-packages:${PYTHONPATH} /usr/bin/python3 -W ignore:setup.py install is deprecated -W ignore:easy_install command is deprecated setup.py egg_info --egg-base ../../../build/pal_pro_gripper_wrapper build --build-base /home/user/exchange/workspace/build/pal_pro_gripper_wrapper/build install --record /home/user/exchange/workspace/build/pal_pro_gripper_wrapper/install.log --single-version-externally-managed install_data
[0.765s] Level 1:colcon.colcon_core.environment:checking '/home/user/exchange/workspace/install/pal_pro_gripper_wrapper' for CMake config files
[0.765s] Level 1:colcon.colcon_core.environment:checking '/home/user/exchange/workspace/install/pal_pro_gripper_wrapper/lib'
[0.766s] Level 1:colcon.colcon_core.environment:checking '/home/user/exchange/workspace/install/pal_pro_gripper_wrapper/bin'
[0.766s] Level 1:colcon.colcon_core.environment:checking '/home/user/exchange/workspace/install/pal_pro_gripper_wrapper/lib/pkgconfig/pal_pro_gripper_wrapper.pc'
[0.766s] Level 1:colcon.colcon_core.environment:checking '/home/user/exchange/workspace/install/pal_pro_gripper_wrapper/lib/python3.10/site-packages'
[0.766s] Level 1:colcon.colcon_core.shell:create_environment_hook('pal_pro_gripper_wrapper', 'pythonpath')
[0.766s] INFO:colcon.colcon_core.shell:Creating environment hook '/home/user/exchange/workspace/install/pal_pro_gripper_wrapper/share/pal_pro_gripper_wrapper/hook/pythonpath.ps1'
[0.766s] INFO:colcon.colcon_core.shell:Creating environment descriptor '/home/user/exchange/workspace/install/pal_pro_gripper_wrapper/share/pal_pro_gripper_wrapper/hook/pythonpath.dsv'
[0.767s] INFO:colcon.colcon_core.shell:Creating environment hook '/home/user/exchange/workspace/install/pal_pro_gripper_wrapper/share/pal_pro_gripper_wrapper/hook/pythonpath.sh'
[0.767s] Level 1:colcon.colcon_core.environment:checking '/home/user/exchange/workspace/install/pal_pro_gripper_wrapper/bin'
[0.767s] Level 1:colcon.colcon_core.environment:create_environment_scripts_only(pal_pro_gripper_wrapper)
[0.767s] INFO:colcon.colcon_core.shell:Creating package script '/home/user/exchange/workspace/install/pal_pro_gripper_wrapper/share/pal_pro_gripper_wrapper/package.ps1'
[0.768s] INFO:colcon.colcon_core.shell:Creating package descriptor '/home/user/exchange/workspace/install/pal_pro_gripper_wrapper/share/pal_pro_gripper_wrapper/package.dsv'
[0.768s] INFO:colcon.colcon_core.shell:Creating package script '/home/user/exchange/workspace/install/pal_pro_gripper_wrapper/share/pal_pro_gripper_wrapper/package.sh'
[0.768s] INFO:colcon.colcon_core.shell:Creating package script '/home/user/exchange/workspace/install/pal_pro_gripper_wrapper/share/pal_pro_gripper_wrapper/package.bash'
[0.768s] INFO:colcon.colcon_core.shell:Creating package script '/home/user/exchange/workspace/install/pal_pro_gripper_wrapper/share/pal_pro_gripper_wrapper/package.zsh'
[0.768s] Level 1:colcon.colcon_core.environment:create_file_with_runtime_dependencies(/home/user/exchange/workspace/install/pal_pro_gripper_wrapper/share/colcon-core/packages/pal_pro_gripper_wrapper)
[0.769s] INFO:colcon.colcon_ros.task.ament_cmake.build:Building ROS package in '/home/user/exchange/workspace/src/pal_pro_gripper/pal_pro_gripper_controller_configuration' with build type 'ament_cmake'
[0.769s] INFO:colcon.colcon_cmake.task.cmake.build:Building CMake package in '/home/user/exchange/workspace/src/pal_pro_gripper/pal_pro_gripper_controller_configuration'
[0.769s] INFO:colcon.colcon_core.shell:Skip shell extension 'powershell' for command environment: Not usable outside of PowerShell
[0.769s] DEBUG:colcon.colcon_core.shell:Skip shell extension 'dsv' for command environment
[0.775s] DEBUG:colcon.colcon_core.event_handler.log_command:Invoking command in '/home/user/exchange/workspace/build/pal_pro_gripper_controller_configuration': AMENT_PREFIX_PATH=/home/user/exchange/workspace/install/pal_pro_gripper_wrapper:/home/user/exchange/workspace/install/tiago_manipulation_tasks:/home/user/exchange/workspace/install/pick_task:/home/user/exchange/workspace/install/tiago_pro_simulation:/home/user/exchange/workspace/install/tiago_pro_robot:/home/user/exchange/workspace/install/tiago_pro_navigation:/home/user/exchange/workspace/install/tiago_pro_gazebo:/home/user/exchange/workspace/install/tiago_pro_rgbd_sensors:/home/user/exchange/workspace/install/tiago_pro_mujoco:/home/user/exchange/workspace/install/tiago_pro_moveit_config:/home/user/exchange/workspace/install/tiago_pro_laser_sensors:/home/user/exchange/workspace/install/tiago_pro_description:/home/user/exchange/workspace/install/tiago_pro_bringup:/home/user/exchange/workspace/install/tiago_pro_controller_configuration:/home/user/exchange/workspace/install/tiago_pro_2dnav:/home/user/exchange/workspace/install/pal_sea_arm_moveit_config:/home/user/exchange/workspace/install/pal_sea_arm:/home/user/exchange/workspace/install/pal_sea_arm_bringup:/home/user/exchange/workspace/install/pal_sea_arm_description:/home/user/exchange/workspace/install/pal_sea_arm_controller_configuration:/home/user/exchange/workspace/install/pal_pro_gripper_simulation:/home/user/exchange/workspace/install/pal_pro_gripper_bringup:/home/user/exchange/workspace/install/pal_pro_gripper:/home/user/exchange/workspace/install/pal_pro_gripper_controller_configuration:/home/user/exchange/workspace/install/pal_pro_gripper_description:/home/user/exchange/workspace/install/pal_gazebo_worlds:/opt/ros/humble CMAKE_PREFIX_PATH=${CMAKE_PREFIX_PATH}:/home/user/exchange/workspace/install/pick_task:/home/user/exchange/workspace/install/pal_pro_gripper_wrapper:/opt/ros/humble PYTHONPATH=/home/user/exchange/workspace/install/pal_pro_gripper_wrapper/lib/python3.10/site-packages:/home/user/exchange/workspace/install/pick_task/lib/python3.10/site-packages:/home/user/exchange/workspace/install/tiago_pro_description/local/lib/python3.10/dist-packages:/home/user/exchange/workspace/install/pal_sea_arm_description/local/lib/python3.10/dist-packages:/home/user/exchange/workspace/install/pal_pro_gripper_description/local/lib/python3.10/dist-packages:/opt/ros/humble/lib/python3.10/site-packages:/opt/ros/humble/local/lib/python3.10/dist-packages /usr/bin/cmake --build /home/user/exchange/workspace/build/pal_pro_gripper_controller_configuration -- -j12 -l12
[0.795s] DEBUG:colcon.colcon_core.event_handler.log_command:Invoked command in '/home/user/exchange/workspace/build/pal_pro_gripper_controller_configuration' returned '0': AMENT_PREFIX_PATH=/home/user/exchange/workspace/install/pal_pro_gripper_wrapper:/home/user/exchange/workspace/install/tiago_manipulation_tasks:/home/user/exchange/workspace/install/pick_task:/home/user/exchange/workspace/install/tiago_pro_simulation:/home/user/exchange/workspace/install/tiago_pro_robot:/home/user/exchange/workspace/install/tiago_pro_navigation:/home/user/exchange/workspace/install/tiago_pro_gazebo:/home/user/exchange/workspace/install/tiago_pro_rgbd_sensors:/home/user/exchange/workspace/install/tiago_pro_mujoco:/home/user/exchange/workspace/install/tiago_pro_moveit_config:/home/user/exchange/workspace/install/tiago_pro_laser_sensors:/home/user/exchange/workspace/install/tiago_pro_description:/home/user/exchange/workspace/install/tiago_pro_bringup:/home/user/exchange/workspace/install/tiago_pro_controller_configuration:/home/user/exchange/workspace/install/tiago_pro_2dnav:/home/user/exchange/workspace/install/pal_sea_arm_moveit_config:/home/user/exchange/workspace/install/pal_sea_arm:/home/user/exchange/workspace/install/pal_sea_arm_bringup:/home/user/exchange/workspace/install/pal_sea_arm_description:/home/user/exchange/workspace/install/pal_sea_arm_controller_configuration:/home/user/exchange/workspace/install/pal_pro_gripper_simulation:/home/user/exchange/workspace/install/pal_pro_gripper_bringup:/home/user/exchange/workspace/install/pal_pro_gripper:/home/user/exchange/workspace/install/pal_pro_gripper_controller_configuration:/home/user/exchange/workspace/install/pal_pro_gripper_description:/home/user/exchange/workspace/install/pal_gazebo_worlds:/opt/ros/humble CMAKE_PREFIX_PATH=${CMAKE_PREFIX_PATH}:/home/user/exchange/workspace/install/pick_task:/home/user/exchange/workspace/install/pal_pro_gripper_wrapper:/opt/ros/humble PYTHONPATH=/home/user/exchange/workspace/install/pal_pro_gripper_wrapper/lib/python3.10/site-packages:/home/user/exchange/workspace/install/pick_task/lib/python3.10/site-packages:/home/user/exchange/workspace/install/tiago_pro_description/local/lib/python3.10/dist-packages:/home/user/exchange/workspace/install/pal_sea_arm_description/local/lib/python3.10/dist-packages:/home/user/exchange/workspace/install/pal_pro_gripper_description/local/lib/python3.10/dist-packages:/opt/ros/humble/lib/python3.10/site-packages:/opt/ros/humble/local/lib/python3.10/dist-packages /usr/bin/cmake --build /home/user/exchange/workspace/build/pal_pro_gripper_controller_configuration -- -j12 -l12
[0.796s] DEBUG:colcon.colcon_core.event_handler.log_command:Invoking command in '/home/user/exchange/workspace/build/pal_pro_gripper_controller_configuration': AMENT_PREFIX_PATH=/home/user/exchange/workspace/install/pal_pro_gripper_wrapper:/home/user/exchange/workspace/install/tiago_manipulation_tasks:/home/user/exchange/workspace/install/pick_task:/home/user/exchange/workspace/install/tiago_pro_simulation:/home/user/exchange/workspace/install/tiago_pro_robot:/home/user/exchange/workspace/install/tiago_pro_navigation:/home/user/exchange/workspace/install/tiago_pro_gazebo:/home/user/exchange/workspace/install/tiago_pro_rgbd_sensors:/home/user/exchange/workspace/install/tiago_pro_mujoco:/home/user/exchange/workspace/install/tiago_pro_moveit_config:/home/user/exchange/workspace/install/tiago_pro_laser_sensors:/home/user/exchange/workspace/install/tiago_pro_description:/home/user/exchange/workspace/install/tiago_pro_bringup:/home/user/exchange/workspace/install/tiago_pro_controller_configuration:/home/user/exchange/workspace/install/tiago_pro_2dnav:/home/user/exchange/workspace/install/pal_sea_arm_moveit_config:/home/user/exchange/workspace/install/pal_sea_arm:/home/user/exchange/workspace/install/pal_sea_arm_bringup:/home/user/exchange/workspace/install/pal_sea_arm_description:/home/user/exchange/workspace/install/pal_sea_arm_controller_configuration:/home/user/exchange/workspace/install/pal_pro_gripper_simulation:/home/user/exchange/workspace/install/pal_pro_gripper_bringup:/home/user/exchange/workspace/install/pal_pro_gripper:/home/user/exchange/workspace/install/pal_pro_gripper_controller_configuration:/home/user/exchange/workspace/install/pal_pro_gripper_description:/home/user/exchange/workspace/install/pal_gazebo_worlds:/opt/ros/humble CMAKE_PREFIX_PATH=${CMAKE_PREFIX_PATH}:/home/user/exchange/workspace/install/pick_task:/home/user/exchange/workspace/install/pal_pro_gripper_wrapper:/opt/ros/humble PYTHONPATH=/home/user/exchange/workspace/install/pal_pro_gripper_wrapper/lib/python3.10/site-packages:/home/user/exchange/workspace/install/pick_task/lib/python3.10/site-packages:/home/user/exchange/workspace/install/tiago_pro_description/local/lib/python3.10/dist-packages:/home/user/exchange/workspace/install/pal_sea_arm_description/local/lib/python3.10/dist-packages:/home/user/exchange/workspace/install/pal_pro_gripper_description/local/lib/python3.10/dist-packages:/opt/ros/humble/lib/python3.10/site-packages:/opt/ros/humble/local/lib/python3.10/dist-packages /usr/bin/cmake --install /home/user/exchange/workspace/build/pal_pro_gripper_controller_configuration
[0.802s] Level 1:colcon.colcon_core.environment:create_environment_scripts_only(pal_pro_gripper_controller_configuration)
[0.802s] Level 1:colcon.colcon_core.environment:checking '/home/user/exchange/workspace/install/pal_pro_gripper_controller_configuration' for CMake module files
[0.802s] DEBUG:colcon.colcon_core.event_handler.log_command:Invoked command in '/home/user/exchange/workspace/build/pal_pro_gripper_controller_configuration' returned '0': AMENT_PREFIX_PATH=/home/user/exchange/workspace/install/pal_pro_gripper_wrapper:/home/user/exchange/workspace/install/tiago_manipulation_tasks:/home/user/exchange/workspace/install/pick_task:/home/user/exchange/workspace/install/tiago_pro_simulation:/home/user/exchange/workspace/install/tiago_pro_robot:/home/user/exchange/workspace/install/tiago_pro_navigation:/home/user/exchange/workspace/install/tiago_pro_gazebo:/home/user/exchange/workspace/install/tiago_pro_rgbd_sensors:/home/user/exchange/workspace/install/tiago_pro_mujoco:/home/user/exchange/workspace/install/tiago_pro_moveit_config:/home/user/exchange/workspace/install/tiago_pro_laser_sensors:/home/user/exchange/workspace/install/tiago_pro_description:/home/user/exchange/workspace/install/tiago_pro_bringup:/home/user/exchange/workspace/install/tiago_pro_controller_configuration:/home/user/exchange/workspace/install/tiago_pro_2dnav:/home/user/exchange/workspace/install/pal_sea_arm_moveit_config:/home/user/exchange/workspace/install/pal_sea_arm:/home/user/exchange/workspace/install/pal_sea_arm_bringup:/home/user/exchange/workspace/install/pal_sea_arm_description:/home/user/exchange/workspace/install/pal_sea_arm_controller_configuration:/home/user/exchange/workspace/install/pal_pro_gripper_simulation:/home/user/exchange/workspace/install/pal_pro_gripper_bringup:/home/user/exchange/workspace/install/pal_pro_gripper:/home/user/exchange/workspace/install/pal_pro_gripper_controller_configuration:/home/user/exchange/workspace/install/pal_pro_gripper_description:/home/user/exchange/workspace/install/pal_gazebo_worlds:/opt/ros/humble CMAKE_PREFIX_PATH=${CMAKE_PREFIX_PATH}:/home/user/exchange/workspace/install/pick_task:/home/user/exchange/workspace/install/pal_pro_gripper_wrapper:/opt/ros/humble PYTHONPATH=/home/user/exchange/workspace/install/pal_pro_gripper_wrapper/lib/python3.10/site-packages:/home/user/exchange/workspace/install/pick_task/lib/python3.10/site-packages:/home/user/exchange/workspace/install/tiago_pro_description/local/lib/python3.10/dist-packages:/home/user/exchange/workspace/install/pal_sea_arm_description/local/lib/python3.10/dist-packages:/home/user/exchange/workspace/install/pal_pro_gripper_description/local/lib/python3.10/dist-packages:/opt/ros/humble/lib/python3.10/site-packages:/opt/ros/humble/local/lib/python3.10/dist-packages /usr/bin/cmake --install /home/user/exchange/workspace/build/pal_pro_gripper_controller_configuration
[0.802s] Level 1:colcon.colcon_core.environment:checking '/home/user/exchange/workspace/install/pal_pro_gripper_controller_configuration' for CMake config files
[0.802s] Level 1:colcon.colcon_core.shell:create_environment_hook('pal_pro_gripper_controller_configuration', 'cmake_prefix_path')
[0.802s] INFO:colcon.colcon_core.shell:Creating environment hook '/home/user/exchange/workspace/install/pal_pro_gripper_controller_configuration/share/pal_pro_gripper_controller_configuration/hook/cmake_prefix_path.ps1'
[0.803s] INFO:colcon.colcon_core.shell:Creating environment descriptor '/home/user/exchange/workspace/install/pal_pro_gripper_controller_configuration/share/pal_pro_gripper_controller_configuration/hook/cmake_prefix_path.dsv'
[0.803s] INFO:colcon.colcon_core.shell:Creating environment hook '/home/user/exchange/workspace/install/pal_pro_gripper_controller_configuration/share/pal_pro_gripper_controller_configuration/hook/cmake_prefix_path.sh'
[0.803s] Level 1:colcon.colcon_core.environment:checking '/home/user/exchange/workspace/install/pal_pro_gripper_controller_configuration/bin'
[0.803s] Level 1:colcon.colcon_core.environment:checking '/home/user/exchange/workspace/install/pal_pro_gripper_controller_configuration/lib/pkgconfig/pal_pro_gripper_controller_configuration.pc'
[0.804s] Level 1:colcon.colcon_core.environment:checking '/home/user/exchange/workspace/install/pal_pro_gripper_controller_configuration/lib/python3.10/site-packages'
[0.804s] Level 1:colcon.colcon_core.environment:checking '/home/user/exchange/workspace/install/pal_pro_gripper_controller_configuration/bin'
[0.804s] INFO:colcon.colcon_core.shell:Creating package script '/home/user/exchange/workspace/install/pal_pro_gripper_controller_configuration/share/pal_pro_gripper_controller_configuration/package.ps1'
[0.804s] INFO:colcon.colcon_core.shell:Creating package descriptor '/home/user/exchange/workspace/install/pal_pro_gripper_controller_configuration/share/pal_pro_gripper_controller_configuration/package.dsv'
[0.805s] INFO:colcon.colcon_core.shell:Creating package script '/home/user/exchange/workspace/install/pal_pro_gripper_controller_configuration/share/pal_pro_gripper_controller_configuration/package.sh'
[0.805s] INFO:colcon.colcon_core.shell:Creating package script '/home/user/exchange/workspace/install/pal_pro_gripper_controller_configuration/share/pal_pro_gripper_controller_configuration/package.bash'
[0.805s] INFO:colcon.colcon_core.shell:Creating package script '/home/user/exchange/workspace/install/pal_pro_gripper_controller_configuration/share/pal_pro_gripper_controller_configuration/package.zsh'
[0.805s] Level 1:colcon.colcon_core.environment:create_file_with_runtime_dependencies(/home/user/exchange/workspace/install/pal_pro_gripper_controller_configuration/share/colcon-core/packages/pal_pro_gripper_controller_configuration)
[0.806s] Level 1:colcon.colcon_core.environment:create_environment_scripts_only(pal_pro_gripper_controller_configuration)
[0.806s] Level 1:colcon.colcon_core.environment:checking '/home/user/exchange/workspace/install/pal_pro_gripper_controller_configuration' for CMake module files
[0.806s] Level 1:colcon.colcon_core.environment:checking '/home/user/exchange/workspace/install/pal_pro_gripper_controller_configuration' for CMake config files
[0.806s] Level 1:colcon.colcon_core.shell:create_environment_hook('pal_pro_gripper_controller_configuration', 'cmake_prefix_path')
[0.806s] INFO:colcon.colcon_core.shell:Creating environment hook '/home/user/exchange/workspace/install/pal_pro_gripper_controller_configuration/share/pal_pro_gripper_controller_configuration/hook/cmake_prefix_path.ps1'
[0.806s] INFO:colcon.colcon_core.shell:Creating environment descriptor '/home/user/exchange/workspace/install/pal_pro_gripper_controller_configuration/share/pal_pro_gripper_controller_configuration/hook/cmake_prefix_path.dsv'
[0.807s] INFO:colcon.colcon_core.shell:Creating environment hook '/home/user/exchange/workspace/install/pal_pro_gripper_controller_configuration/share/pal_pro_gripper_controller_configuration/hook/cmake_prefix_path.sh'
[0.807s] Level 1:colcon.colcon_core.environment:checking '/home/user/exchange/workspace/install/pal_pro_gripper_controller_configuration/bin'
[0.807s] Level 1:colcon.colcon_core.environment:checking '/home/user/exchange/workspace/install/pal_pro_gripper_controller_configuration/lib/pkgconfig/pal_pro_gripper_controller_configuration.pc'
[0.807s] Level 1:colcon.colcon_core.environment:checking '/home/user/exchange/workspace/install/pal_pro_gripper_controller_configuration/lib/python3.10/site-packages'
[0.807s] Level 1:colcon.colcon_core.environment:checking '/home/user/exchange/workspace/install/pal_pro_gripper_controller_configuration/bin'
[0.808s] INFO:colcon.colcon_core.shell:Creating package script '/home/user/exchange/workspace/install/pal_pro_gripper_controller_configuration/share/pal_pro_gripper_controller_configuration/package.ps1'
[0.808s] INFO:colcon.colcon_core.shell:Creating package descriptor '/home/user/exchange/workspace/install/pal_pro_gripper_controller_configuration/share/pal_pro_gripper_controller_configuration/package.dsv'
[0.808s] INFO:colcon.colcon_core.shell:Creating package script '/home/user/exchange/workspace/install/pal_pro_gripper_controller_configuration/share/pal_pro_gripper_controller_configuration/package.sh'
[0.808s] INFO:colcon.colcon_core.shell:Creating package script '/home/user/exchange/workspace/install/pal_pro_gripper_controller_configuration/share/pal_pro_gripper_controller_configuration/package.bash'
[0.808s] INFO:colcon.colcon_core.shell:Creating package script '/home/user/exchange/workspace/install/pal_pro_gripper_controller_configuration/share/pal_pro_gripper_controller_configuration/package.zsh'
[0.809s] Level 1:colcon.colcon_core.environment:create_file_with_runtime_dependencies(/home/user/exchange/workspace/install/pal_pro_gripper_controller_configuration/share/colcon-core/packages/pal_pro_gripper_controller_configuration)
[0.809s] INFO:colcon.colcon_ros.task.ament_cmake.build:Building ROS package in '/home/user/exchange/workspace/src/pal_sea_arm/pal_sea_arm_controller_configuration' with build type 'ament_cmake'
[0.809s] INFO:colcon.colcon_cmake.task.cmake.build:Building CMake package in '/home/user/exchange/workspace/src/pal_sea_arm/pal_sea_arm_controller_configuration'
[0.809s] INFO:colcon.colcon_core.shell:Skip shell extension 'powershell' for command environment: Not usable outside of PowerShell
[0.809s] DEBUG:colcon.colcon_core.shell:Skip shell extension 'dsv' for command environment
[0.812s] INFO:colcon.colcon_ros.task.ament_cmake.build:Building ROS package in '/home/user/exchange/workspace/src/pal_pro_gripper/pal_pro_gripper' with build type 'ament_cmake'
[0.812s] INFO:colcon.colcon_cmake.task.cmake.build:Building CMake package in '/home/user/exchange/workspace/src/pal_pro_gripper/pal_pro_gripper'
[0.813s] INFO:colcon.colcon_core.shell:Skip shell extension 'powershell' for command environment: Not usable outside of PowerShell
[0.813s] DEBUG:colcon.colcon_core.shell:Skip shell extension 'dsv' for command environment
[0.815s] INFO:colcon.colcon_ros.task.ament_cmake.build:Building ROS package in '/home/user/exchange/workspace/src/pal_pro_gripper/pal_pro_gripper_bringup' with build type 'ament_cmake'
[0.815s] INFO:colcon.colcon_cmake.task.cmake.build:Building CMake package in '/home/user/exchange/workspace/src/pal_pro_gripper/pal_pro_gripper_bringup'
[0.816s] INFO:colcon.colcon_core.shell:Skip shell extension 'powershell' for command environment: Not usable outside of PowerShell
[0.816s] DEBUG:colcon.colcon_core.shell:Skip shell extension 'dsv' for command environment
[0.818s] INFO:colcon.colcon_ros.task.ament_cmake.build:Building ROS package in '/home/user/exchange/workspace/src/pal_pro_gripper/pal_pro_gripper_simulation' with build type 'ament_cmake'
[0.818s] INFO:colcon.colcon_cmake.task.cmake.build:Building CMake package in '/home/user/exchange/workspace/src/pal_pro_gripper/pal_pro_gripper_simulation'
[0.819s] INFO:colcon.colcon_core.shell:Skip shell extension 'powershell' for command environment: Not usable outside of PowerShell
[0.819s] DEBUG:colcon.colcon_core.shell:Skip shell extension 'dsv' for command environment
[0.824s] DEBUG:colcon.colcon_core.event_handler.log_command:Invoking command in '/home/user/exchange/workspace/build/pal_sea_arm_controller_configuration': AMENT_PREFIX_PATH=/home/user/exchange/workspace/install/pal_pro_gripper_wrapper:/home/user/exchange/workspace/install/tiago_manipulation_tasks:/home/user/exchange/workspace/install/pick_task:/home/user/exchange/workspace/install/tiago_pro_simulation:/home/user/exchange/workspace/install/tiago_pro_robot:/home/user/exchange/workspace/install/tiago_pro_navigation:/home/user/exchange/workspace/install/tiago_pro_gazebo:/home/user/exchange/workspace/install/tiago_pro_rgbd_sensors:/home/user/exchange/workspace/install/tiago_pro_mujoco:/home/user/exchange/workspace/install/tiago_pro_moveit_config:/home/user/exchange/workspace/install/tiago_pro_laser_sensors:/home/user/exchange/workspace/install/tiago_pro_description:/home/user/exchange/workspace/install/tiago_pro_bringup:/home/user/exchange/workspace/install/tiago_pro_controller_configuration:/home/user/exchange/workspace/install/tiago_pro_2dnav:/home/user/exchange/workspace/install/pal_sea_arm_moveit_config:/home/user/exchange/workspace/install/pal_sea_arm:/home/user/exchange/workspace/install/pal_sea_arm_bringup:/home/user/exchange/workspace/install/pal_sea_arm_description:/home/user/exchange/workspace/install/pal_sea_arm_controller_configuration:/home/user/exchange/workspace/install/pal_pro_gripper_simulation:/home/user/exchange/workspace/install/pal_pro_gripper_bringup:/home/user/exchange/workspace/install/pal_pro_gripper:/home/user/exchange/workspace/install/pal_pro_gripper_controller_configuration:/home/user/exchange/workspace/install/pal_pro_gripper_description:/home/user/exchange/workspace/install/pal_gazebo_worlds:/opt/ros/humble CMAKE_PREFIX_PATH=/home/user/exchange/workspace/install/pal_pro_gripper_controller_configuration:/home/user/exchange/workspace/install/tiago_manipulation_tasks:/home/user/exchange/workspace/install/tiago_pro_simulation:/home/user/exchange/workspace/install/tiago_pro_robot:/home/user/exchange/workspace/install/tiago_pro_navigation:/home/user/exchange/workspace/install/tiago_pro_gazebo:/home/user/exchange/workspace/install/tiago_pro_rgbd_sensors:/home/user/exchange/workspace/install/tiago_pro_mujoco:/home/user/exchange/workspace/install/tiago_pro_moveit_config:/home/user/exchange/workspace/install/tiago_pro_laser_sensors:/home/user/exchange/workspace/install/tiago_pro_description:/home/user/exchange/workspace/install/tiago_pro_bringup:/home/user/exchange/workspace/install/tiago_pro_controller_configuration:/home/user/exchange/workspace/install/tiago_pro_2dnav:/home/user/exchange/workspace/install/pal_sea_arm_moveit_config:/home/user/exchange/workspace/install/pal_sea_arm:/home/user/exchange/workspace/install/pal_sea_arm_bringup:/home/user/exchange/workspace/install/pal_sea_arm_description:/home/user/exchange/workspace/install/pal_sea_arm_controller_configuration:/home/user/exchange/workspace/install/pal_pro_gripper_simulation:/home/user/exchange/workspace/install/pal_pro_gripper_bringup:/home/user/exchange/workspace/install/pal_pro_gripper:/home/user/exchange/workspace/install/pal_pro_gripper_description:/home/user/exchange/workspace/install/pal_gazebo_worlds:/home/user/exchange/workspace/install/pick_task:/home/user/exchange/workspace/install/pal_pro_gripper_wrapper:/opt/ros/humble PYTHONPATH=/home/user/exchange/workspace/install/pal_pro_gripper_wrapper/lib/python3.10/site-packages:/home/user/exchange/workspace/install/pick_task/lib/python3.10/site-packages:/home/user/exchange/workspace/install/tiago_pro_description/local/lib/python3.10/dist-packages:/home/user/exchange/workspace/install/pal_sea_arm_description/local/lib/python3.10/dist-packages:/home/user/exchange/workspace/install/pal_pro_gripper_description/local/lib/python3.10/dist-packages:/opt/ros/humble/lib/python3.10/site-packages:/opt/ros/humble/local/lib/python3.10/dist-packages /usr/bin/cmake --build /home/user/exchange/workspace/build/pal_sea_arm_controller_configuration -- -j12 -l12
[0.825s] DEBUG:colcon.colcon_core.event_handler.log_command:Invoking command in '/home/user/exchange/workspace/build/pal_pro_gripper': AMENT_PREFIX_PATH=/home/user/exchange/workspace/install/pal_pro_gripper_wrapper:/home/user/exchange/workspace/install/tiago_manipulation_tasks:/home/user/exchange/workspace/install/pick_task:/home/user/exchange/workspace/install/tiago_pro_simulation:/home/user/exchange/workspace/install/tiago_pro_robot:/home/user/exchange/workspace/install/tiago_pro_navigation:/home/user/exchange/workspace/install/tiago_pro_gazebo:/home/user/exchange/workspace/install/tiago_pro_rgbd_sensors:/home/user/exchange/workspace/install/tiago_pro_mujoco:/home/user/exchange/workspace/install/tiago_pro_moveit_config:/home/user/exchange/workspace/install/tiago_pro_laser_sensors:/home/user/exchange/workspace/install/tiago_pro_description:/home/user/exchange/workspace/install/tiago_pro_bringup:/home/user/exchange/workspace/install/tiago_pro_controller_configuration:/home/user/exchange/workspace/install/tiago_pro_2dnav:/home/user/exchange/workspace/install/pal_sea_arm_moveit_config:/home/user/exchange/workspace/install/pal_sea_arm:/home/user/exchange/workspace/install/pal_sea_arm_bringup:/home/user/exchange/workspace/install/pal_sea_arm_description:/home/user/exchange/workspace/install/pal_sea_arm_controller_configuration:/home/user/exchange/workspace/install/pal_pro_gripper_simulation:/home/user/exchange/workspace/install/pal_pro_gripper_bringup:/home/user/exchange/workspace/install/pal_pro_gripper:/home/user/exchange/workspace/install/pal_pro_gripper_controller_configuration:/home/user/exchange/workspace/install/pal_pro_gripper_description:/home/user/exchange/workspace/install/pal_gazebo_worlds:/opt/ros/humble CMAKE_PREFIX_PATH=/home/user/exchange/workspace/install/pal_pro_gripper_controller_configuration:/home/user/exchange/workspace/install/pal_pro_gripper_description:/home/user/exchange/workspace/install/tiago_manipulation_tasks:/home/user/exchange/workspace/install/tiago_pro_simulation:/home/user/exchange/workspace/install/tiago_pro_robot:/home/user/exchange/workspace/install/tiago_pro_navigation:/home/user/exchange/workspace/install/tiago_pro_gazebo:/home/user/exchange/workspace/install/tiago_pro_rgbd_sensors:/home/user/exchange/workspace/install/tiago_pro_mujoco:/home/user/exchange/workspace/install/tiago_pro_moveit_config:/home/user/exchange/workspace/install/tiago_pro_laser_sensors:/home/user/exchange/workspace/install/tiago_pro_description:/home/user/exchange/workspace/install/tiago_pro_bringup:/home/user/exchange/workspace/install/tiago_pro_controller_configuration:/home/user/exchange/workspace/install/tiago_pro_2dnav:/home/user/exchange/workspace/install/pal_sea_arm_moveit_config:/home/user/exchange/workspace/install/pal_sea_arm:/home/user/exchange/workspace/install/pal_sea_arm_bringup:/home/user/exchange/workspace/install/pal_sea_arm_description:/home/user/exchange/workspace/install/pal_sea_arm_controller_configuration:/home/user/exchange/workspace/install/pal_pro_gripper_simulation:/home/user/exchange/workspace/install/pal_pro_gripper_bringup:/home/user/exchange/workspace/install/pal_pro_gripper:/home/user/exchange/workspace/install/pal_gazebo_worlds:/home/user/exchange/workspace/install/pick_task:/home/user/exchange/workspace/install/pal_pro_gripper_wrapper:/opt/ros/humble PYTHONPATH=/home/user/exchange/workspace/install/pal_pro_gripper_wrapper/lib/python3.10/site-packages:/home/user/exchange/workspace/install/pick_task/lib/python3.10/site-packages:/home/user/exchange/workspace/install/tiago_pro_description/local/lib/python3.10/dist-packages:/home/user/exchange/workspace/install/pal_sea_arm_description/local/lib/python3.10/dist-packages:/home/user/exchange/workspace/install/pal_pro_gripper_description/local/lib/python3.10/dist-packages:/opt/ros/humble/lib/python3.10/site-packages:/opt/ros/humble/local/lib/python3.10/dist-packages /usr/bin/cmake --build /home/user/exchange/workspace/build/pal_pro_gripper -- -j12 -l12
[0.827s] DEBUG:colcon.colcon_core.event_handler.log_command:Invoking command in '/home/user/exchange/workspace/build/pal_pro_gripper_bringup': AMENT_PREFIX_PATH=/home/user/exchange/workspace/install/pal_pro_gripper_wrapper:/home/user/exchange/workspace/install/tiago_manipulation_tasks:/home/user/exchange/workspace/install/pick_task:/home/user/exchange/workspace/install/tiago_pro_simulation:/home/user/exchange/workspace/install/tiago_pro_robot:/home/user/exchange/workspace/install/tiago_pro_navigation:/home/user/exchange/workspace/install/tiago_pro_gazebo:/home/user/exchange/workspace/install/tiago_pro_rgbd_sensors:/home/user/exchange/workspace/install/tiago_pro_mujoco:/home/user/exchange/workspace/install/tiago_pro_moveit_config:/home/user/exchange/workspace/install/tiago_pro_laser_sensors:/home/user/exchange/workspace/install/tiago_pro_description:/home/user/exchange/workspace/install/tiago_pro_bringup:/home/user/exchange/workspace/install/tiago_pro_controller_configuration:/home/user/exchange/workspace/install/tiago_pro_2dnav:/home/user/exchange/workspace/install/pal_sea_arm_moveit_config:/home/user/exchange/workspace/install/pal_sea_arm:/home/user/exchange/workspace/install/pal_sea_arm_bringup:/home/user/exchange/workspace/install/pal_sea_arm_description:/home/user/exchange/workspace/install/pal_sea_arm_controller_configuration:/home/user/exchange/workspace/install/pal_pro_gripper_simulation:/home/user/exchange/workspace/install/pal_pro_gripper_bringup:/home/user/exchange/workspace/install/pal_pro_gripper:/home/user/exchange/workspace/install/pal_pro_gripper_controller_configuration:/home/user/exchange/workspace/install/pal_pro_gripper_description:/home/user/exchange/workspace/install/pal_gazebo_worlds:/opt/ros/humble CMAKE_PREFIX_PATH=/home/user/exchange/workspace/install/pal_pro_gripper_controller_configuration:/home/user/exchange/workspace/install/pal_pro_gripper_description:/home/user/exchange/workspace/install/tiago_manipulation_tasks:/home/user/exchange/workspace/install/tiago_pro_simulation:/home/user/exchange/workspace/install/tiago_pro_robot:/home/user/exchange/workspace/install/tiago_pro_navigation:/home/user/exchange/workspace/install/tiago_pro_gazebo:/home/user/exchange/workspace/install/tiago_pro_rgbd_sensors:/home/user/exchange/workspace/install/tiago_pro_mujoco:/home/user/exchange/workspace/install/tiago_pro_moveit_config:/home/user/exchange/workspace/install/tiago_pro_laser_sensors:/home/user/exchange/workspace/install/tiago_pro_description:/home/user/exchange/workspace/install/tiago_pro_bringup:/home/user/exchange/workspace/install/tiago_pro_controller_configuration:/home/user/exchange/workspace/install/tiago_pro_2dnav:/home/user/exchange/workspace/install/pal_sea_arm_moveit_config:/home/user/exchange/workspace/install/pal_sea_arm:/home/user/exchange/workspace/install/pal_sea_arm_bringup:/home/user/exchange/workspace/install/pal_sea_arm_description:/home/user/exchange/workspace/install/pal_sea_arm_controller_configuration:/home/user/exchange/workspace/install/pal_pro_gripper_simulation:/home/user/exchange/workspace/install/pal_pro_gripper_bringup:/home/user/exchange/workspace/install/pal_pro_gripper:/home/user/exchange/workspace/install/pal_gazebo_worlds:/home/user/exchange/workspace/install/pick_task:/home/user/exchange/workspace/install/pal_pro_gripper_wrapper:/opt/ros/humble PYTHONPATH=/home/user/exchange/workspace/install/pal_pro_gripper_wrapper/lib/python3.10/site-packages:/home/user/exchange/workspace/install/pick_task/lib/python3.10/site-packages:/home/user/exchange/workspace/install/tiago_pro_description/local/lib/python3.10/dist-packages:/home/user/exchange/workspace/install/pal_sea_arm_description/local/lib/python3.10/dist-packages:/home/user/exchange/workspace/install/pal_pro_gripper_description/local/lib/python3.10/dist-packages:/opt/ros/humble/lib/python3.10/site-packages:/opt/ros/humble/local/lib/python3.10/dist-packages /usr/bin/cmake --build /home/user/exchange/workspace/build/pal_pro_gripper_bringup -- -j12 -l12
[0.828s] DEBUG:colcon.colcon_core.event_handler.log_command:Invoking command in '/home/user/exchange/workspace/build/pal_pro_gripper_simulation': AMENT_PREFIX_PATH=/home/user/exchange/workspace/install/pal_pro_gripper_wrapper:/home/user/exchange/workspace/install/tiago_manipulation_tasks:/home/user/exchange/workspace/install/pick_task:/home/user/exchange/workspace/install/tiago_pro_simulation:/home/user/exchange/workspace/install/tiago_pro_robot:/home/user/exchange/workspace/install/tiago_pro_navigation:/home/user/exchange/workspace/install/tiago_pro_gazebo:/home/user/exchange/workspace/install/tiago_pro_rgbd_sensors:/home/user/exchange/workspace/install/tiago_pro_mujoco:/home/user/exchange/workspace/install/tiago_pro_moveit_config:/home/user/exchange/workspace/install/tiago_pro_laser_sensors:/home/user/exchange/workspace/install/tiago_pro_description:/home/user/exchange/workspace/install/tiago_pro_bringup:/home/user/exchange/workspace/install/tiago_pro_controller_configuration:/home/user/exchange/workspace/install/tiago_pro_2dnav:/home/user/exchange/workspace/install/pal_sea_arm_moveit_config:/home/user/exchange/workspace/install/pal_sea_arm:/home/user/exchange/workspace/install/pal_sea_arm_bringup:/home/user/exchange/workspace/install/pal_sea_arm_description:/home/user/exchange/workspace/install/pal_sea_arm_controller_configuration:/home/user/exchange/workspace/install/pal_pro_gripper_simulation:/home/user/exchange/workspace/install/pal_pro_gripper_bringup:/home/user/exchange/workspace/install/pal_pro_gripper:/home/user/exchange/workspace/install/pal_pro_gripper_controller_configuration:/home/user/exchange/workspace/install/pal_pro_gripper_description:/home/user/exchange/workspace/install/pal_gazebo_worlds:/opt/ros/humble CMAKE_PREFIX_PATH=/home/user/exchange/workspace/install/pal_pro_gripper_controller_configuration:/home/user/exchange/workspace/install/pal_pro_gripper_description:/home/user/exchange/workspace/install/pal_gazebo_worlds:/home/user/exchange/workspace/install/tiago_manipulation_tasks:/home/user/exchange/workspace/install/tiago_pro_simulation:/home/user/exchange/workspace/install/tiago_pro_robot:/home/user/exchange/workspace/install/tiago_pro_navigation:/home/user/exchange/workspace/install/tiago_pro_gazebo:/home/user/exchange/workspace/install/tiago_pro_rgbd_sensors:/home/user/exchange/workspace/install/tiago_pro_mujoco:/home/user/exchange/workspace/install/tiago_pro_moveit_config:/home/user/exchange/workspace/install/tiago_pro_laser_sensors:/home/user/exchange/workspace/install/tiago_pro_description:/home/user/exchange/workspace/install/tiago_pro_bringup:/home/user/exchange/workspace/install/tiago_pro_controller_configuration:/home/user/exchange/workspace/install/tiago_pro_2dnav:/home/user/exchange/workspace/install/pal_sea_arm_moveit_config:/home/user/exchange/workspace/install/pal_sea_arm:/home/user/exchange/workspace/install/pal_sea_arm_bringup:/home/user/exchange/workspace/install/pal_sea_arm_description:/home/user/exchange/workspace/install/pal_sea_arm_controller_configuration:/home/user/exchange/workspace/install/pal_pro_gripper_simulation:/home/user/exchange/workspace/install/pal_pro_gripper_bringup:/home/user/exchange/workspace/install/pal_pro_gripper:/home/user/exchange/workspace/install/pick_task:/home/user/exchange/workspace/install/pal_pro_gripper_wrapper:/opt/ros/humble PYTHONPATH=/home/user/exchange/workspace/install/pal_pro_gripper_wrapper/lib/python3.10/site-packages:/home/user/exchange/workspace/install/pick_task/lib/python3.10/site-packages:/home/user/exchange/workspace/install/tiago_pro_description/local/lib/python3.10/dist-packages:/home/user/exchange/workspace/install/pal_sea_arm_description/local/lib/python3.10/dist-packages:/home/user/exchange/workspace/install/pal_pro_gripper_description/local/lib/python3.10/dist-packages:/opt/ros/humble/lib/python3.10/site-packages:/opt/ros/humble/local/lib/python3.10/dist-packages /usr/bin/cmake --build /home/user/exchange/workspace/build/pal_pro_gripper_simulation -- -j12 -l12
[0.845s] DEBUG:colcon.colcon_core.event_handler.log_command:Invoked command in '/home/user/exchange/workspace/build/pal_sea_arm_controller_configuration' returned '0': AMENT_PREFIX_PATH=/home/user/exchange/workspace/install/pal_pro_gripper_wrapper:/home/user/exchange/workspace/install/tiago_manipulation_tasks:/home/user/exchange/workspace/install/pick_task:/home/user/exchange/workspace/install/tiago_pro_simulation:/home/user/exchange/workspace/install/tiago_pro_robot:/home/user/exchange/workspace/install/tiago_pro_navigation:/home/user/exchange/workspace/install/tiago_pro_gazebo:/home/user/exchange/workspace/install/tiago_pro_rgbd_sensors:/home/user/exchange/workspace/install/tiago_pro_mujoco:/home/user/exchange/workspace/install/tiago_pro_moveit_config:/home/user/exchange/workspace/install/tiago_pro_laser_sensors:/home/user/exchange/workspace/install/tiago_pro_description:/home/user/exchange/workspace/install/tiago_pro_bringup:/home/user/exchange/workspace/install/tiago_pro_controller_configuration:/home/user/exchange/workspace/install/tiago_pro_2dnav:/home/user/exchange/workspace/install/pal_sea_arm_moveit_config:/home/user/exchange/workspace/install/pal_sea_arm:/home/user/exchange/workspace/install/pal_sea_arm_bringup:/home/user/exchange/workspace/install/pal_sea_arm_description:/home/user/exchange/workspace/install/pal_sea_arm_controller_configuration:/home/user/exchange/workspace/install/pal_pro_gripper_simulation:/home/user/exchange/workspace/install/pal_pro_gripper_bringup:/home/user/exchange/workspace/install/pal_pro_gripper:/home/user/exchange/workspace/install/pal_pro_gripper_controller_configuration:/home/user/exchange/workspace/install/pal_pro_gripper_description:/home/user/exchange/workspace/install/pal_gazebo_worlds:/opt/ros/humble CMAKE_PREFIX_PATH=/home/user/exchange/workspace/install/pal_pro_gripper_controller_configuration:/home/user/exchange/workspace/install/tiago_manipulation_tasks:/home/user/exchange/workspace/install/tiago_pro_simulation:/home/user/exchange/workspace/install/tiago_pro_robot:/home/user/exchange/workspace/install/tiago_pro_navigation:/home/user/exchange/workspace/install/tiago_pro_gazebo:/home/user/exchange/workspace/install/tiago_pro_rgbd_sensors:/home/user/exchange/workspace/install/tiago_pro_mujoco:/home/user/exchange/workspace/install/tiago_pro_moveit_config:/home/user/exchange/workspace/install/tiago_pro_laser_sensors:/home/user/exchange/workspace/install/tiago_pro_description:/home/user/exchange/workspace/install/tiago_pro_bringup:/home/user/exchange/workspace/install/tiago_pro_controller_configuration:/home/user/exchange/workspace/install/tiago_pro_2dnav:/home/user/exchange/workspace/install/pal_sea_arm_moveit_config:/home/user/exchange/workspace/install/pal_sea_arm:/home/user/exchange/workspace/install/pal_sea_arm_bringup:/home/user/exchange/workspace/install/pal_sea_arm_description:/home/user/exchange/workspace/install/pal_sea_arm_controller_configuration:/home/user/exchange/workspace/install/pal_pro_gripper_simulation:/home/user/exchange/workspace/install/pal_pro_gripper_bringup:/home/user/exchange/workspace/install/pal_pro_gripper:/home/user/exchange/workspace/install/pal_pro_gripper_description:/home/user/exchange/workspace/install/pal_gazebo_worlds:/home/user/exchange/workspace/install/pick_task:/home/user/exchange/workspace/install/pal_pro_gripper_wrapper:/opt/ros/humble PYTHONPATH=/home/user/exchange/workspace/install/pal_pro_gripper_wrapper/lib/python3.10/site-packages:/home/user/exchange/workspace/install/pick_task/lib/python3.10/site-packages:/home/user/exchange/workspace/install/tiago_pro_description/local/lib/python3.10/dist-packages:/home/user/exchange/workspace/install/pal_sea_arm_description/local/lib/python3.10/dist-packages:/home/user/exchange/workspace/install/pal_pro_gripper_description/local/lib/python3.10/dist-packages:/opt/ros/humble/lib/python3.10/site-packages:/opt/ros/humble/local/lib/python3.10/dist-packages /usr/bin/cmake --build /home/user/exchange/workspace/build/pal_sea_arm_controller_configuration -- -j12 -l12
[0.846s] DEBUG:colcon.colcon_core.event_handler.log_command:Invoking command in '/home/user/exchange/workspace/build/pal_sea_arm_controller_configuration': AMENT_PREFIX_PATH=/home/user/exchange/workspace/install/pal_pro_gripper_wrapper:/home/user/exchange/workspace/install/tiago_manipulation_tasks:/home/user/exchange/workspace/install/pick_task:/home/user/exchange/workspace/install/tiago_pro_simulation:/home/user/exchange/workspace/install/tiago_pro_robot:/home/user/exchange/workspace/install/tiago_pro_navigation:/home/user/exchange/workspace/install/tiago_pro_gazebo:/home/user/exchange/workspace/install/tiago_pro_rgbd_sensors:/home/user/exchange/workspace/install/tiago_pro_mujoco:/home/user/exchange/workspace/install/tiago_pro_moveit_config:/home/user/exchange/workspace/install/tiago_pro_laser_sensors:/home/user/exchange/workspace/install/tiago_pro_description:/home/user/exchange/workspace/install/tiago_pro_bringup:/home/user/exchange/workspace/install/tiago_pro_controller_configuration:/home/user/exchange/workspace/install/tiago_pro_2dnav:/home/user/exchange/workspace/install/pal_sea_arm_moveit_config:/home/user/exchange/workspace/install/pal_sea_arm:/home/user/exchange/workspace/install/pal_sea_arm_bringup:/home/user/exchange/workspace/install/pal_sea_arm_description:/home/user/exchange/workspace/install/pal_sea_arm_controller_configuration:/home/user/exchange/workspace/install/pal_pro_gripper_simulation:/home/user/exchange/workspace/install/pal_pro_gripper_bringup:/home/user/exchange/workspace/install/pal_pro_gripper:/home/user/exchange/workspace/install/pal_pro_gripper_controller_configuration:/home/user/exchange/workspace/install/pal_pro_gripper_description:/home/user/exchange/workspace/install/pal_gazebo_worlds:/opt/ros/humble CMAKE_PREFIX_PATH=/home/user/exchange/workspace/install/pal_pro_gripper_controller_configuration:/home/user/exchange/workspace/install/tiago_manipulation_tasks:/home/user/exchange/workspace/install/tiago_pro_simulation:/home/user/exchange/workspace/install/tiago_pro_robot:/home/user/exchange/workspace/install/tiago_pro_navigation:/home/user/exchange/workspace/install/tiago_pro_gazebo:/home/user/exchange/workspace/install/tiago_pro_rgbd_sensors:/home/user/exchange/workspace/install/tiago_pro_mujoco:/home/user/exchange/workspace/install/tiago_pro_moveit_config:/home/user/exchange/workspace/install/tiago_pro_laser_sensors:/home/user/exchange/workspace/install/tiago_pro_description:/home/user/exchange/workspace/install/tiago_pro_bringup:/home/user/exchange/workspace/install/tiago_pro_controller_configuration:/home/user/exchange/workspace/install/tiago_pro_2dnav:/home/user/exchange/workspace/install/pal_sea_arm_moveit_config:/home/user/exchange/workspace/install/pal_sea_arm:/home/user/exchange/workspace/install/pal_sea_arm_bringup:/home/user/exchange/workspace/install/pal_sea_arm_description:/home/user/exchange/workspace/install/pal_sea_arm_controller_configuration:/home/user/exchange/workspace/install/pal_pro_gripper_simulation:/home/user/exchange/workspace/install/pal_pro_gripper_bringup:/home/user/exchange/workspace/install/pal_pro_gripper:/home/user/exchange/workspace/install/pal_pro_gripper_description:/home/user/exchange/workspace/install/pal_gazebo_worlds:/home/user/exchange/workspace/install/pick_task:/home/user/exchange/workspace/install/pal_pro_gripper_wrapper:/opt/ros/humble PYTHONPATH=/home/user/exchange/workspace/install/pal_pro_gripper_wrapper/lib/python3.10/site-packages:/home/user/exchange/workspace/install/pick_task/lib/python3.10/site-packages:/home/user/exchange/workspace/install/tiago_pro_description/local/lib/python3.10/dist-packages:/home/user/exchange/workspace/install/pal_sea_arm_description/local/lib/python3.10/dist-packages:/home/user/exchange/workspace/install/pal_pro_gripper_description/local/lib/python3.10/dist-packages:/opt/ros/humble/lib/python3.10/site-packages:/opt/ros/humble/local/lib/python3.10/dist-packages /usr/bin/cmake --install /home/user/exchange/workspace/build/pal_sea_arm_controller_configuration
[0.846s] DEBUG:colcon.colcon_core.event_handler.log_command:Invoked command in '/home/user/exchange/workspace/build/pal_pro_gripper' returned '0': AMENT_PREFIX_PATH=/home/user/exchange/workspace/install/pal_pro_gripper_wrapper:/home/user/exchange/workspace/install/tiago_manipulation_tasks:/home/user/exchange/workspace/install/pick_task:/home/user/exchange/workspace/install/tiago_pro_simulation:/home/user/exchange/workspace/install/tiago_pro_robot:/home/user/exchange/workspace/install/tiago_pro_navigation:/home/user/exchange/workspace/install/tiago_pro_gazebo:/home/user/exchange/workspace/install/tiago_pro_rgbd_sensors:/home/user/exchange/workspace/install/tiago_pro_mujoco:/home/user/exchange/workspace/install/tiago_pro_moveit_config:/home/user/exchange/workspace/install/tiago_pro_laser_sensors:/home/user/exchange/workspace/install/tiago_pro_description:/home/user/exchange/workspace/install/tiago_pro_bringup:/home/user/exchange/workspace/install/tiago_pro_controller_configuration:/home/user/exchange/workspace/install/tiago_pro_2dnav:/home/user/exchange/workspace/install/pal_sea_arm_moveit_config:/home/user/exchange/workspace/install/pal_sea_arm:/home/user/exchange/workspace/install/pal_sea_arm_bringup:/home/user/exchange/workspace/install/pal_sea_arm_description:/home/user/exchange/workspace/install/pal_sea_arm_controller_configuration:/home/user/exchange/workspace/install/pal_pro_gripper_simulation:/home/user/exchange/workspace/install/pal_pro_gripper_bringup:/home/user/exchange/workspace/install/pal_pro_gripper:/home/user/exchange/workspace/install/pal_pro_gripper_controller_configuration:/home/user/exchange/workspace/install/pal_pro_gripper_description:/home/user/exchange/workspace/install/pal_gazebo_worlds:/opt/ros/humble CMAKE_PREFIX_PATH=/home/user/exchange/workspace/install/pal_pro_gripper_controller_configuration:/home/user/exchange/workspace/install/pal_pro_gripper_description:/home/user/exchange/workspace/install/tiago_manipulation_tasks:/home/user/exchange/workspace/install/tiago_pro_simulation:/home/user/exchange/workspace/install/tiago_pro_robot:/home/user/exchange/workspace/install/tiago_pro_navigation:/home/user/exchange/workspace/install/tiago_pro_gazebo:/home/user/exchange/workspace/install/tiago_pro_rgbd_sensors:/home/user/exchange/workspace/install/tiago_pro_mujoco:/home/user/exchange/workspace/install/tiago_pro_moveit_config:/home/user/exchange/workspace/install/tiago_pro_laser_sensors:/home/user/exchange/workspace/install/tiago_pro_description:/home/user/exchange/workspace/install/tiago_pro_bringup:/home/user/exchange/workspace/install/tiago_pro_controller_configuration:/home/user/exchange/workspace/install/tiago_pro_2dnav:/home/user/exchange/workspace/install/pal_sea_arm_moveit_config:/home/user/exchange/workspace/install/pal_sea_arm:/home/user/exchange/workspace/install/pal_sea_arm_bringup:/home/user/exchange/workspace/install/pal_sea_arm_description:/home/user/exchange/workspace/install/pal_sea_arm_controller_configuration:/home/user/exchange/workspace/install/pal_pro_gripper_simulation:/home/user/exchange/workspace/install/pal_pro_gripper_bringup:/home/user/exchange/workspace/install/pal_pro_gripper:/home/user/exchange/workspace/install/pal_gazebo_worlds:/home/user/exchange/workspace/install/pick_task:/home/user/exchange/workspace/install/pal_pro_gripper_wrapper:/opt/ros/humble PYTHONPATH=/home/user/exchange/workspace/install/pal_pro_gripper_wrapper/lib/python3.10/site-packages:/home/user/exchange/workspace/install/pick_task/lib/python3.10/site-packages:/home/user/exchange/workspace/install/tiago_pro_description/local/lib/python3.10/dist-packages:/home/user/exchange/workspace/install/pal_sea_arm_description/local/lib/python3.10/dist-packages:/home/user/exchange/workspace/install/pal_pro_gripper_description/local/lib/python3.10/dist-packages:/opt/ros/humble/lib/python3.10/site-packages:/opt/ros/humble/local/lib/python3.10/dist-packages /usr/bin/cmake --build /home/user/exchange/workspace/build/pal_pro_gripper -- -j12 -l12
[0.847s] DEBUG:colcon.colcon_core.event_handler.log_command:Invoking command in '/home/user/exchange/workspace/build/pal_pro_gripper': AMENT_PREFIX_PATH=/home/user/exchange/workspace/install/pal_pro_gripper_wrapper:/home/user/exchange/workspace/install/tiago_manipulation_tasks:/home/user/exchange/workspace/install/pick_task:/home/user/exchange/workspace/install/tiago_pro_simulation:/home/user/exchange/workspace/install/tiago_pro_robot:/home/user/exchange/workspace/install/tiago_pro_navigation:/home/user/exchange/workspace/install/tiago_pro_gazebo:/home/user/exchange/workspace/install/tiago_pro_rgbd_sensors:/home/user/exchange/workspace/install/tiago_pro_mujoco:/home/user/exchange/workspace/install/tiago_pro_moveit_config:/home/user/exchange/workspace/install/tiago_pro_laser_sensors:/home/user/exchange/workspace/install/tiago_pro_description:/home/user/exchange/workspace/install/tiago_pro_bringup:/home/user/exchange/workspace/install/tiago_pro_controller_configuration:/home/user/exchange/workspace/install/tiago_pro_2dnav:/home/user/exchange/workspace/install/pal_sea_arm_moveit_config:/home/user/exchange/workspace/install/pal_sea_arm:/home/user/exchange/workspace/install/pal_sea_arm_bringup:/home/user/exchange/workspace/install/pal_sea_arm_description:/home/user/exchange/workspace/install/pal_sea_arm_controller_configuration:/home/user/exchange/workspace/install/pal_pro_gripper_simulation:/home/user/exchange/workspace/install/pal_pro_gripper_bringup:/home/user/exchange/workspace/install/pal_pro_gripper:/home/user/exchange/workspace/install/pal_pro_gripper_controller_configuration:/home/user/exchange/workspace/install/pal_pro_gripper_description:/home/user/exchange/workspace/install/pal_gazebo_worlds:/opt/ros/humble CMAKE_PREFIX_PATH=/home/user/exchange/workspace/install/pal_pro_gripper_controller_configuration:/home/user/exchange/workspace/install/pal_pro_gripper_description:/home/user/exchange/workspace/install/tiago_manipulation_tasks:/home/user/exchange/workspace/install/tiago_pro_simulation:/home/user/exchange/workspace/install/tiago_pro_robot:/home/user/exchange/workspace/install/tiago_pro_navigation:/home/user/exchange/workspace/install/tiago_pro_gazebo:/home/user/exchange/workspace/install/tiago_pro_rgbd_sensors:/home/user/exchange/workspace/install/tiago_pro_mujoco:/home/user/exchange/workspace/install/tiago_pro_moveit_config:/home/user/exchange/workspace/install/tiago_pro_laser_sensors:/home/user/exchange/workspace/install/tiago_pro_description:/home/user/exchange/workspace/install/tiago_pro_bringup:/home/user/exchange/workspace/install/tiago_pro_controller_configuration:/home/user/exchange/workspace/install/tiago_pro_2dnav:/home/user/exchange/workspace/install/pal_sea_arm_moveit_config:/home/user/exchange/workspace/install/pal_sea_arm:/home/user/exchange/workspace/install/pal_sea_arm_bringup:/home/user/exchange/workspace/install/pal_sea_arm_description:/home/user/exchange/workspace/install/pal_sea_arm_controller_configuration:/home/user/exchange/workspace/install/pal_pro_gripper_simulation:/home/user/exchange/workspace/install/pal_pro_gripper_bringup:/home/user/exchange/workspace/install/pal_pro_gripper:/home/user/exchange/workspace/install/pal_gazebo_worlds:/home/user/exchange/workspace/install/pick_task:/home/user/exchange/workspace/install/pal_pro_gripper_wrapper:/opt/ros/humble PYTHONPATH=/home/user/exchange/workspace/install/pal_pro_gripper_wrapper/lib/python3.10/site-packages:/home/user/exchange/workspace/install/pick_task/lib/python3.10/site-packages:/home/user/exchange/workspace/install/tiago_pro_description/local/lib/python3.10/dist-packages:/home/user/exchange/workspace/install/pal_sea_arm_description/local/lib/python3.10/dist-packages:/home/user/exchange/workspace/install/pal_pro_gripper_description/local/lib/python3.10/dist-packages:/opt/ros/humble/lib/python3.10/site-packages:/opt/ros/humble/local/lib/python3.10/dist-packages /usr/bin/cmake --install /home/user/exchange/workspace/build/pal_pro_gripper
[0.847s] DEBUG:colcon.colcon_core.event_handler.log_command:Invoked command in '/home/user/exchange/workspace/build/pal_pro_gripper_bringup' returned '0': AMENT_PREFIX_PATH=/home/user/exchange/workspace/install/pal_pro_gripper_wrapper:/home/user/exchange/workspace/install/tiago_manipulation_tasks:/home/user/exchange/workspace/install/pick_task:/home/user/exchange/workspace/install/tiago_pro_simulation:/home/user/exchange/workspace/install/tiago_pro_robot:/home/user/exchange/workspace/install/tiago_pro_navigation:/home/user/exchange/workspace/install/tiago_pro_gazebo:/home/user/exchange/workspace/install/tiago_pro_rgbd_sensors:/home/user/exchange/workspace/install/tiago_pro_mujoco:/home/user/exchange/workspace/install/tiago_pro_moveit_config:/home/user/exchange/workspace/install/tiago_pro_laser_sensors:/home/user/exchange/workspace/install/tiago_pro_description:/home/user/exchange/workspace/install/tiago_pro_bringup:/home/user/exchange/workspace/install/tiago_pro_controller_configuration:/home/user/exchange/workspace/install/tiago_pro_2dnav:/home/user/exchange/workspace/install/pal_sea_arm_moveit_config:/home/user/exchange/workspace/install/pal_sea_arm:/home/user/exchange/workspace/install/pal_sea_arm_bringup:/home/user/exchange/workspace/install/pal_sea_arm_description:/home/user/exchange/workspace/install/pal_sea_arm_controller_configuration:/home/user/exchange/workspace/install/pal_pro_gripper_simulation:/home/user/exchange/workspace/install/pal_pro_gripper_bringup:/home/user/exchange/workspace/install/pal_pro_gripper:/home/user/exchange/workspace/install/pal_pro_gripper_controller_configuration:/home/user/exchange/workspace/install/pal_pro_gripper_description:/home/user/exchange/workspace/install/pal_gazebo_worlds:/opt/ros/humble CMAKE_PREFIX_PATH=/home/user/exchange/workspace/install/pal_pro_gripper_controller_configuration:/home/user/exchange/workspace/install/pal_pro_gripper_description:/home/user/exchange/workspace/install/tiago_manipulation_tasks:/home/user/exchange/workspace/install/tiago_pro_simulation:/home/user/exchange/workspace/install/tiago_pro_robot:/home/user/exchange/workspace/install/tiago_pro_navigation:/home/user/exchange/workspace/install/tiago_pro_gazebo:/home/user/exchange/workspace/install/tiago_pro_rgbd_sensors:/home/user/exchange/workspace/install/tiago_pro_mujoco:/home/user/exchange/workspace/install/tiago_pro_moveit_config:/home/user/exchange/workspace/install/tiago_pro_laser_sensors:/home/user/exchange/workspace/install/tiago_pro_description:/home/user/exchange/workspace/install/tiago_pro_bringup:/home/user/exchange/workspace/install/tiago_pro_controller_configuration:/home/user/exchange/workspace/install/tiago_pro_2dnav:/home/user/exchange/workspace/install/pal_sea_arm_moveit_config:/home/user/exchange/workspace/install/pal_sea_arm:/home/user/exchange/workspace/install/pal_sea_arm_bringup:/home/user/exchange/workspace/install/pal_sea_arm_description:/home/user/exchange/workspace/install/pal_sea_arm_controller_configuration:/home/user/exchange/workspace/install/pal_pro_gripper_simulation:/home/user/exchange/workspace/install/pal_pro_gripper_bringup:/home/user/exchange/workspace/install/pal_pro_gripper:/home/user/exchange/workspace/install/pal_gazebo_worlds:/home/user/exchange/workspace/install/pick_task:/home/user/exchange/workspace/install/pal_pro_gripper_wrapper:/opt/ros/humble PYTHONPATH=/home/user/exchange/workspace/install/pal_pro_gripper_wrapper/lib/python3.10/site-packages:/home/user/exchange/workspace/install/pick_task/lib/python3.10/site-packages:/home/user/exchange/workspace/install/tiago_pro_description/local/lib/python3.10/dist-packages:/home/user/exchange/workspace/install/pal_sea_arm_description/local/lib/python3.10/dist-packages:/home/user/exchange/workspace/install/pal_pro_gripper_description/local/lib/python3.10/dist-packages:/opt/ros/humble/lib/python3.10/site-packages:/opt/ros/humble/local/lib/python3.10/dist-packages /usr/bin/cmake --build /home/user/exchange/workspace/build/pal_pro_gripper_bringup -- -j12 -l12
[0.848s] DEBUG:colcon.colcon_core.event_handler.log_command:Invoking command in '/home/user/exchange/workspace/build/pal_pro_gripper_bringup': AMENT_PREFIX_PATH=/home/user/exchange/workspace/install/pal_pro_gripper_wrapper:/home/user/exchange/workspace/install/tiago_manipulation_tasks:/home/user/exchange/workspace/install/pick_task:/home/user/exchange/workspace/install/tiago_pro_simulation:/home/user/exchange/workspace/install/tiago_pro_robot:/home/user/exchange/workspace/install/tiago_pro_navigation:/home/user/exchange/workspace/install/tiago_pro_gazebo:/home/user/exchange/workspace/install/tiago_pro_rgbd_sensors:/home/user/exchange/workspace/install/tiago_pro_mujoco:/home/user/exchange/workspace/install/tiago_pro_moveit_config:/home/user/exchange/workspace/install/tiago_pro_laser_sensors:/home/user/exchange/workspace/install/tiago_pro_description:/home/user/exchange/workspace/install/tiago_pro_bringup:/home/user/exchange/workspace/install/tiago_pro_controller_configuration:/home/user/exchange/workspace/install/tiago_pro_2dnav:/home/user/exchange/workspace/install/pal_sea_arm_moveit_config:/home/user/exchange/workspace/install/pal_sea_arm:/home/user/exchange/workspace/install/pal_sea_arm_bringup:/home/user/exchange/workspace/install/pal_sea_arm_description:/home/user/exchange/workspace/install/pal_sea_arm_controller_configuration:/home/user/exchange/workspace/install/pal_pro_gripper_simulation:/home/user/exchange/workspace/install/pal_pro_gripper_bringup:/home/user/exchange/workspace/install/pal_pro_gripper:/home/user/exchange/workspace/install/pal_pro_gripper_controller_configuration:/home/user/exchange/workspace/install/pal_pro_gripper_description:/home/user/exchange/workspace/install/pal_gazebo_worlds:/opt/ros/humble CMAKE_PREFIX_PATH=/home/user/exchange/workspace/install/pal_pro_gripper_controller_configuration:/home/user/exchange/workspace/install/pal_pro_gripper_description:/home/user/exchange/workspace/install/tiago_manipulation_tasks:/home/user/exchange/workspace/install/tiago_pro_simulation:/home/user/exchange/workspace/install/tiago_pro_robot:/home/user/exchange/workspace/install/tiago_pro_navigation:/home/user/exchange/workspace/install/tiago_pro_gazebo:/home/user/exchange/workspace/install/tiago_pro_rgbd_sensors:/home/user/exchange/workspace/install/tiago_pro_mujoco:/home/user/exchange/workspace/install/tiago_pro_moveit_config:/home/user/exchange/workspace/install/tiago_pro_laser_sensors:/home/user/exchange/workspace/install/tiago_pro_description:/home/user/exchange/workspace/install/tiago_pro_bringup:/home/user/exchange/workspace/install/tiago_pro_controller_configuration:/home/user/exchange/workspace/install/tiago_pro_2dnav:/home/user/exchange/workspace/install/pal_sea_arm_moveit_config:/home/user/exchange/workspace/install/pal_sea_arm:/home/user/exchange/workspace/install/pal_sea_arm_bringup:/home/user/exchange/workspace/install/pal_sea_arm_description:/home/user/exchange/workspace/install/pal_sea_arm_controller_configuration:/home/user/exchange/workspace/install/pal_pro_gripper_simulation:/home/user/exchange/workspace/install/pal_pro_gripper_bringup:/home/user/exchange/workspace/install/pal_pro_gripper:/home/user/exchange/workspace/install/pal_gazebo_worlds:/home/user/exchange/workspace/install/pick_task:/home/user/exchange/workspace/install/pal_pro_gripper_wrapper:/opt/ros/humble PYTHONPATH=/home/user/exchange/workspace/install/pal_pro_gripper_wrapper/lib/python3.10/site-packages:/home/user/exchange/workspace/install/pick_task/lib/python3.10/site-packages:/home/user/exchange/workspace/install/tiago_pro_description/local/lib/python3.10/dist-packages:/home/user/exchange/workspace/install/pal_sea_arm_description/local/lib/python3.10/dist-packages:/home/user/exchange/workspace/install/pal_pro_gripper_description/local/lib/python3.10/dist-packages:/opt/ros/humble/lib/python3.10/site-packages:/opt/ros/humble/local/lib/python3.10/dist-packages /usr/bin/cmake --install /home/user/exchange/workspace/build/pal_pro_gripper_bringup
[0.849s] DEBUG:colcon.colcon_core.event_handler.log_command:Invoked command in '/home/user/exchange/workspace/build/pal_pro_gripper_simulation' returned '0': AMENT_PREFIX_PATH=/home/user/exchange/workspace/install/pal_pro_gripper_wrapper:/home/user/exchange/workspace/install/tiago_manipulation_tasks:/home/user/exchange/workspace/install/pick_task:/home/user/exchange/workspace/install/tiago_pro_simulation:/home/user/exchange/workspace/install/tiago_pro_robot:/home/user/exchange/workspace/install/tiago_pro_navigation:/home/user/exchange/workspace/install/tiago_pro_gazebo:/home/user/exchange/workspace/install/tiago_pro_rgbd_sensors:/home/user/exchange/workspace/install/tiago_pro_mujoco:/home/user/exchange/workspace/install/tiago_pro_moveit_config:/home/user/exchange/workspace/install/tiago_pro_laser_sensors:/home/user/exchange/workspace/install/tiago_pro_description:/home/user/exchange/workspace/install/tiago_pro_bringup:/home/user/exchange/workspace/install/tiago_pro_controller_configuration:/home/user/exchange/workspace/install/tiago_pro_2dnav:/home/user/exchange/workspace/install/pal_sea_arm_moveit_config:/home/user/exchange/workspace/install/pal_sea_arm:/home/user/exchange/workspace/install/pal_sea_arm_bringup:/home/user/exchange/workspace/install/pal_sea_arm_description:/home/user/exchange/workspace/install/pal_sea_arm_controller_configuration:/home/user/exchange/workspace/install/pal_pro_gripper_simulation:/home/user/exchange/workspace/install/pal_pro_gripper_bringup:/home/user/exchange/workspace/install/pal_pro_gripper:/home/user/exchange/workspace/install/pal_pro_gripper_controller_configuration:/home/user/exchange/workspace/install/pal_pro_gripper_description:/home/user/exchange/workspace/install/pal_gazebo_worlds:/opt/ros/humble CMAKE_PREFIX_PATH=/home/user/exchange/workspace/install/pal_pro_gripper_controller_configuration:/home/user/exchange/workspace/install/pal_pro_gripper_description:/home/user/exchange/workspace/install/pal_gazebo_worlds:/home/user/exchange/workspace/install/tiago_manipulation_tasks:/home/user/exchange/workspace/install/tiago_pro_simulation:/home/user/exchange/workspace/install/tiago_pro_robot:/home/user/exchange/workspace/install/tiago_pro_navigation:/home/user/exchange/workspace/install/tiago_pro_gazebo:/home/user/exchange/workspace/install/tiago_pro_rgbd_sensors:/home/user/exchange/workspace/install/tiago_pro_mujoco:/home/user/exchange/workspace/install/tiago_pro_moveit_config:/home/user/exchange/workspace/install/tiago_pro_laser_sensors:/home/user/exchange/workspace/install/tiago_pro_description:/home/user/exchange/workspace/install/tiago_pro_bringup:/home/user/exchange/workspace/install/tiago_pro_controller_configuration:/home/user/exchange/workspace/install/tiago_pro_2dnav:/home/user/exchange/workspace/install/pal_sea_arm_moveit_config:/home/user/exchange/workspace/install/pal_sea_arm:/home/user/exchange/workspace/install/pal_sea_arm_bringup:/home/user/exchange/workspace/install/pal_sea_arm_description:/home/user/exchange/workspace/install/pal_sea_arm_controller_configuration:/home/user/exchange/workspace/install/pal_pro_gripper_simulation:/home/user/exchange/workspace/install/pal_pro_gripper_bringup:/home/user/exchange/workspace/install/pal_pro_gripper:/home/user/exchange/workspace/install/pick_task:/home/user/exchange/workspace/install/pal_pro_gripper_wrapper:/opt/ros/humble PYTHONPATH=/home/user/exchange/workspace/install/pal_pro_gripper_wrapper/lib/python3.10/site-packages:/home/user/exchange/workspace/install/pick_task/lib/python3.10/site-packages:/home/user/exchange/workspace/install/tiago_pro_description/local/lib/python3.10/dist-packages:/home/user/exchange/workspace/install/pal_sea_arm_description/local/lib/python3.10/dist-packages:/home/user/exchange/workspace/install/pal_pro_gripper_description/local/lib/python3.10/dist-packages:/opt/ros/humble/lib/python3.10/site-packages:/opt/ros/humble/local/lib/python3.10/dist-packages /usr/bin/cmake --build /home/user/exchange/workspace/build/pal_pro_gripper_simulation -- -j12 -l12
[0.850s] DEBUG:colcon.colcon_core.event_handler.log_command:Invoking command in '/home/user/exchange/workspace/build/pal_pro_gripper_simulation': AMENT_PREFIX_PATH=/home/user/exchange/workspace/install/pal_pro_gripper_wrapper:/home/user/exchange/workspace/install/tiago_manipulation_tasks:/home/user/exchange/workspace/install/pick_task:/home/user/exchange/workspace/install/tiago_pro_simulation:/home/user/exchange/workspace/install/tiago_pro_robot:/home/user/exchange/workspace/install/tiago_pro_navigation:/home/user/exchange/workspace/install/tiago_pro_gazebo:/home/user/exchange/workspace/install/tiago_pro_rgbd_sensors:/home/user/exchange/workspace/install/tiago_pro_mujoco:/home/user/exchange/workspace/install/tiago_pro_moveit_config:/home/user/exchange/workspace/install/tiago_pro_laser_sensors:/home/user/exchange/workspace/install/tiago_pro_description:/home/user/exchange/workspace/install/tiago_pro_bringup:/home/user/exchange/workspace/install/tiago_pro_controller_configuration:/home/user/exchange/workspace/install/tiago_pro_2dnav:/home/user/exchange/workspace/install/pal_sea_arm_moveit_config:/home/user/exchange/workspace/install/pal_sea_arm:/home/user/exchange/workspace/install/pal_sea_arm_bringup:/home/user/exchange/workspace/install/pal_sea_arm_description:/home/user/exchange/workspace/install/pal_sea_arm_controller_configuration:/home/user/exchange/workspace/install/pal_pro_gripper_simulation:/home/user/exchange/workspace/install/pal_pro_gripper_bringup:/home/user/exchange/workspace/install/pal_pro_gripper:/home/user/exchange/workspace/install/pal_pro_gripper_controller_configuration:/home/user/exchange/workspace/install/pal_pro_gripper_description:/home/user/exchange/workspace/install/pal_gazebo_worlds:/opt/ros/humble CMAKE_PREFIX_PATH=/home/user/exchange/workspace/install/pal_pro_gripper_controller_configuration:/home/user/exchange/workspace/install/pal_pro_gripper_description:/home/user/exchange/workspace/install/pal_gazebo_worlds:/home/user/exchange/workspace/install/tiago_manipulation_tasks:/home/user/exchange/workspace/install/tiago_pro_simulation:/home/user/exchange/workspace/install/tiago_pro_robot:/home/user/exchange/workspace/install/tiago_pro_navigation:/home/user/exchange/workspace/install/tiago_pro_gazebo:/home/user/exchange/workspace/install/tiago_pro_rgbd_sensors:/home/user/exchange/workspace/install/tiago_pro_mujoco:/home/user/exchange/workspace/install/tiago_pro_moveit_config:/home/user/exchange/workspace/install/tiago_pro_laser_sensors:/home/user/exchange/workspace/install/tiago_pro_description:/home/user/exchange/workspace/install/tiago_pro_bringup:/home/user/exchange/workspace/install/tiago_pro_controller_configuration:/home/user/exchange/workspace/install/tiago_pro_2dnav:/home/user/exchange/workspace/install/pal_sea_arm_moveit_config:/home/user/exchange/workspace/install/pal_sea_arm:/home/user/exchange/workspace/install/pal_sea_arm_bringup:/home/user/exchange/workspace/install/pal_sea_arm_description:/home/user/exchange/workspace/install/pal_sea_arm_controller_configuration:/home/user/exchange/workspace/install/pal_pro_gripper_simulation:/home/user/exchange/workspace/install/pal_pro_gripper_bringup:/home/user/exchange/workspace/install/pal_pro_gripper:/home/user/exchange/workspace/install/pick_task:/home/user/exchange/workspace/install/pal_pro_gripper_wrapper:/opt/ros/humble PYTHONPATH=/home/user/exchange/workspace/install/pal_pro_gripper_wrapper/lib/python3.10/site-packages:/home/user/exchange/workspace/install/pick_task/lib/python3.10/site-packages:/home/user/exchange/workspace/install/tiago_pro_description/local/lib/python3.10/dist-packages:/home/user/exchange/workspace/install/pal_sea_arm_description/local/lib/python3.10/dist-packages:/home/user/exchange/workspace/install/pal_pro_gripper_description/local/lib/python3.10/dist-packages:/opt/ros/humble/lib/python3.10/site-packages:/opt/ros/humble/local/lib/python3.10/dist-packages /usr/bin/cmake --install /home/user/exchange/workspace/build/pal_pro_gripper_simulation
[0.852s] Level 1:colcon.colcon_core.environment:create_environment_scripts_only(pal_pro_gripper)
[0.852s] Level 1:colcon.colcon_core.environment:checking '/home/user/exchange/workspace/install/pal_pro_gripper' for CMake module files
[0.853s] Level 1:colcon.colcon_core.environment:checking '/home/user/exchange/workspace/install/pal_pro_gripper' for CMake config files
[0.854s] DEBUG:colcon.colcon_core.event_handler.log_command:Invoked command in '/home/user/exchange/workspace/build/pal_pro_gripper' returned '0': AMENT_PREFIX_PATH=/home/user/exchange/workspace/install/pal_pro_gripper_wrapper:/home/user/exchange/workspace/install/tiago_manipulation_tasks:/home/user/exchange/workspace/install/pick_task:/home/user/exchange/workspace/install/tiago_pro_simulation:/home/user/exchange/workspace/install/tiago_pro_robot:/home/user/exchange/workspace/install/tiago_pro_navigation:/home/user/exchange/workspace/install/tiago_pro_gazebo:/home/user/exchange/workspace/install/tiago_pro_rgbd_sensors:/home/user/exchange/workspace/install/tiago_pro_mujoco:/home/user/exchange/workspace/install/tiago_pro_moveit_config:/home/user/exchange/workspace/install/tiago_pro_laser_sensors:/home/user/exchange/workspace/install/tiago_pro_description:/home/user/exchange/workspace/install/tiago_pro_bringup:/home/user/exchange/workspace/install/tiago_pro_controller_configuration:/home/user/exchange/workspace/install/tiago_pro_2dnav:/home/user/exchange/workspace/install/pal_sea_arm_moveit_config:/home/user/exchange/workspace/install/pal_sea_arm:/home/user/exchange/workspace/install/pal_sea_arm_bringup:/home/user/exchange/workspace/install/pal_sea_arm_description:/home/user/exchange/workspace/install/pal_sea_arm_controller_configuration:/home/user/exchange/workspace/install/pal_pro_gripper_simulation:/home/user/exchange/workspace/install/pal_pro_gripper_bringup:/home/user/exchange/workspace/install/pal_pro_gripper:/home/user/exchange/workspace/install/pal_pro_gripper_controller_configuration:/home/user/exchange/workspace/install/pal_pro_gripper_description:/home/user/exchange/workspace/install/pal_gazebo_worlds:/opt/ros/humble CMAKE_PREFIX_PATH=/home/user/exchange/workspace/install/pal_pro_gripper_controller_configuration:/home/user/exchange/workspace/install/pal_pro_gripper_description:/home/user/exchange/workspace/install/tiago_manipulation_tasks:/home/user/exchange/workspace/install/tiago_pro_simulation:/home/user/exchange/workspace/install/tiago_pro_robot:/home/user/exchange/workspace/install/tiago_pro_navigation:/home/user/exchange/workspace/install/tiago_pro_gazebo:/home/user/exchange/workspace/install/tiago_pro_rgbd_sensors:/home/user/exchange/workspace/install/tiago_pro_mujoco:/home/user/exchange/workspace/install/tiago_pro_moveit_config:/home/user/exchange/workspace/install/tiago_pro_laser_sensors:/home/user/exchange/workspace/install/tiago_pro_description:/home/user/exchange/workspace/install/tiago_pro_bringup:/home/user/exchange/workspace/install/tiago_pro_controller_configuration:/home/user/exchange/workspace/install/tiago_pro_2dnav:/home/user/exchange/workspace/install/pal_sea_arm_moveit_config:/home/user/exchange/workspace/install/pal_sea_arm:/home/user/exchange/workspace/install/pal_sea_arm_bringup:/home/user/exchange/workspace/install/pal_sea_arm_description:/home/user/exchange/workspace/install/pal_sea_arm_controller_configuration:/home/user/exchange/workspace/install/pal_pro_gripper_simulation:/home/user/exchange/workspace/install/pal_pro_gripper_bringup:/home/user/exchange/workspace/install/pal_pro_gripper:/home/user/exchange/workspace/install/pal_gazebo_worlds:/home/user/exchange/workspace/install/pick_task:/home/user/exchange/workspace/install/pal_pro_gripper_wrapper:/opt/ros/humble PYTHONPATH=/home/user/exchange/workspace/install/pal_pro_gripper_wrapper/lib/python3.10/site-packages:/home/user/exchange/workspace/install/pick_task/lib/python3.10/site-packages:/home/user/exchange/workspace/install/tiago_pro_description/local/lib/python3.10/dist-packages:/home/user/exchange/workspace/install/pal_sea_arm_description/local/lib/python3.10/dist-packages:/home/user/exchange/workspace/install/pal_pro_gripper_description/local/lib/python3.10/dist-packages:/opt/ros/humble/lib/python3.10/site-packages:/opt/ros/humble/local/lib/python3.10/dist-packages /usr/bin/cmake --install /home/user/exchange/workspace/build/pal_pro_gripper
[0.854s] Level 1:colcon.colcon_core.shell:create_environment_hook('pal_pro_gripper', 'cmake_prefix_path')
[0.854s] INFO:colcon.colcon_core.shell:Creating environment hook '/home/user/exchange/workspace/install/pal_pro_gripper/share/pal_pro_gripper/hook/cmake_prefix_path.ps1'
[0.855s] INFO:colcon.colcon_core.shell:Creating environment descriptor '/home/user/exchange/workspace/install/pal_pro_gripper/share/pal_pro_gripper/hook/cmake_prefix_path.dsv'
[0.855s] INFO:colcon.colcon_core.shell:Creating environment hook '/home/user/exchange/workspace/install/pal_pro_gripper/share/pal_pro_gripper/hook/cmake_prefix_path.sh'
[0.856s] Level 1:colcon.colcon_core.environment:checking '/home/user/exchange/workspace/install/pal_pro_gripper/bin'
[0.856s] Level 1:colcon.colcon_core.environment:checking '/home/user/exchange/workspace/install/pal_pro_gripper/lib/pkgconfig/pal_pro_gripper.pc'
[0.856s] Level 1:colcon.colcon_core.environment:checking '/home/user/exchange/workspace/install/pal_pro_gripper/lib/python3.10/site-packages'
[0.856s] Level 1:colcon.colcon_core.environment:checking '/home/user/exchange/workspace/install/pal_pro_gripper/bin'
[0.856s] INFO:colcon.colcon_core.shell:Creating package script '/home/user/exchange/workspace/install/pal_pro_gripper/share/pal_pro_gripper/package.ps1'
[0.857s] INFO:colcon.colcon_core.shell:Creating package descriptor '/home/user/exchange/workspace/install/pal_pro_gripper/share/pal_pro_gripper/package.dsv'
[0.857s] INFO:colcon.colcon_core.shell:Creating package script '/home/user/exchange/workspace/install/pal_pro_gripper/share/pal_pro_gripper/package.sh'
[0.858s] INFO:colcon.colcon_core.shell:Creating package script '/home/user/exchange/workspace/install/pal_pro_gripper/share/pal_pro_gripper/package.bash'
[0.858s] INFO:colcon.colcon_core.shell:Creating package script '/home/user/exchange/workspace/install/pal_pro_gripper/share/pal_pro_gripper/package.zsh'
[0.858s] Level 1:colcon.colcon_core.environment:create_file_with_runtime_dependencies(/home/user/exchange/workspace/install/pal_pro_gripper/share/colcon-core/packages/pal_pro_gripper)
[0.859s] Level 1:colcon.colcon_core.environment:create_environment_scripts_only(pal_pro_gripper)
[0.859s] Level 1:colcon.colcon_core.environment:checking '/home/user/exchange/workspace/install/pal_pro_gripper' for CMake module files
[0.859s] Level 1:colcon.colcon_core.environment:checking '/home/user/exchange/workspace/install/pal_pro_gripper' for CMake config files
[0.859s] Level 1:colcon.colcon_core.shell:create_environment_hook('pal_pro_gripper', 'cmake_prefix_path')
[0.859s] INFO:colcon.colcon_core.shell:Creating environment hook '/home/user/exchange/workspace/install/pal_pro_gripper/share/pal_pro_gripper/hook/cmake_prefix_path.ps1'
[0.859s] INFO:colcon.colcon_core.shell:Creating environment descriptor '/home/user/exchange/workspace/install/pal_pro_gripper/share/pal_pro_gripper/hook/cmake_prefix_path.dsv'
[0.860s] INFO:colcon.colcon_core.shell:Creating environment hook '/home/user/exchange/workspace/install/pal_pro_gripper/share/pal_pro_gripper/hook/cmake_prefix_path.sh'
[0.860s] Level 1:colcon.colcon_core.environment:checking '/home/user/exchange/workspace/install/pal_pro_gripper/bin'
[0.860s] Level 1:colcon.colcon_core.environment:checking '/home/user/exchange/workspace/install/pal_pro_gripper/lib/pkgconfig/pal_pro_gripper.pc'
[0.860s] Level 1:colcon.colcon_core.environment:checking '/home/user/exchange/workspace/install/pal_pro_gripper/lib/python3.10/site-packages'
[0.860s] Level 1:colcon.colcon_core.environment:checking '/home/user/exchange/workspace/install/pal_pro_gripper/bin'
[0.861s] INFO:colcon.colcon_core.shell:Creating package script '/home/user/exchange/workspace/install/pal_pro_gripper/share/pal_pro_gripper/package.ps1'
[0.861s] INFO:colcon.colcon_core.shell:Creating package descriptor '/home/user/exchange/workspace/install/pal_pro_gripper/share/pal_pro_gripper/package.dsv'
[0.861s] INFO:colcon.colcon_core.shell:Creating package script '/home/user/exchange/workspace/install/pal_pro_gripper/share/pal_pro_gripper/package.sh'
[0.861s] INFO:colcon.colcon_core.shell:Creating package script '/home/user/exchange/workspace/install/pal_pro_gripper/share/pal_pro_gripper/package.bash'
[0.862s] INFO:colcon.colcon_core.shell:Creating package script '/home/user/exchange/workspace/install/pal_pro_gripper/share/pal_pro_gripper/package.zsh'
[0.862s] Level 1:colcon.colcon_core.environment:create_file_with_runtime_dependencies(/home/user/exchange/workspace/install/pal_pro_gripper/share/colcon-core/packages/pal_pro_gripper)
[0.862s] Level 1:colcon.colcon_core.environment:create_environment_scripts_only(pal_sea_arm_controller_configuration)
[0.862s] Level 1:colcon.colcon_core.environment:checking '/home/user/exchange/workspace/install/pal_sea_arm_controller_configuration' for CMake module files
[0.863s] DEBUG:colcon.colcon_core.event_handler.log_command:Invoked command in '/home/user/exchange/workspace/build/pal_sea_arm_controller_configuration' returned '0': AMENT_PREFIX_PATH=/home/user/exchange/workspace/install/pal_pro_gripper_wrapper:/home/user/exchange/workspace/install/tiago_manipulation_tasks:/home/user/exchange/workspace/install/pick_task:/home/user/exchange/workspace/install/tiago_pro_simulation:/home/user/exchange/workspace/install/tiago_pro_robot:/home/user/exchange/workspace/install/tiago_pro_navigation:/home/user/exchange/workspace/install/tiago_pro_gazebo:/home/user/exchange/workspace/install/tiago_pro_rgbd_sensors:/home/user/exchange/workspace/install/tiago_pro_mujoco:/home/user/exchange/workspace/install/tiago_pro_moveit_config:/home/user/exchange/workspace/install/tiago_pro_laser_sensors:/home/user/exchange/workspace/install/tiago_pro_description:/home/user/exchange/workspace/install/tiago_pro_bringup:/home/user/exchange/workspace/install/tiago_pro_controller_configuration:/home/user/exchange/workspace/install/tiago_pro_2dnav:/home/user/exchange/workspace/install/pal_sea_arm_moveit_config:/home/user/exchange/workspace/install/pal_sea_arm:/home/user/exchange/workspace/install/pal_sea_arm_bringup:/home/user/exchange/workspace/install/pal_sea_arm_description:/home/user/exchange/workspace/install/pal_sea_arm_controller_configuration:/home/user/exchange/workspace/install/pal_pro_gripper_simulation:/home/user/exchange/workspace/install/pal_pro_gripper_bringup:/home/user/exchange/workspace/install/pal_pro_gripper:/home/user/exchange/workspace/install/pal_pro_gripper_controller_configuration:/home/user/exchange/workspace/install/pal_pro_gripper_description:/home/user/exchange/workspace/install/pal_gazebo_worlds:/opt/ros/humble CMAKE_PREFIX_PATH=/home/user/exchange/workspace/install/pal_pro_gripper_controller_configuration:/home/user/exchange/workspace/install/tiago_manipulation_tasks:/home/user/exchange/workspace/install/tiago_pro_simulation:/home/user/exchange/workspace/install/tiago_pro_robot:/home/user/exchange/workspace/install/tiago_pro_navigation:/home/user/exchange/workspace/install/tiago_pro_gazebo:/home/user/exchange/workspace/install/tiago_pro_rgbd_sensors:/home/user/exchange/workspace/install/tiago_pro_mujoco:/home/user/exchange/workspace/install/tiago_pro_moveit_config:/home/user/exchange/workspace/install/tiago_pro_laser_sensors:/home/user/exchange/workspace/install/tiago_pro_description:/home/user/exchange/workspace/install/tiago_pro_bringup:/home/user/exchange/workspace/install/tiago_pro_controller_configuration:/home/user/exchange/workspace/install/tiago_pro_2dnav:/home/user/exchange/workspace/install/pal_sea_arm_moveit_config:/home/user/exchange/workspace/install/pal_sea_arm:/home/user/exchange/workspace/install/pal_sea_arm_bringup:/home/user/exchange/workspace/install/pal_sea_arm_description:/home/user/exchange/workspace/install/pal_sea_arm_controller_configuration:/home/user/exchange/workspace/install/pal_pro_gripper_simulation:/home/user/exchange/workspace/install/pal_pro_gripper_bringup:/home/user/exchange/workspace/install/pal_pro_gripper:/home/user/exchange/workspace/install/pal_pro_gripper_description:/home/user/exchange/workspace/install/pal_gazebo_worlds:/home/user/exchange/workspace/install/pick_task:/home/user/exchange/workspace/install/pal_pro_gripper_wrapper:/opt/ros/humble PYTHONPATH=/home/user/exchange/workspace/install/pal_pro_gripper_wrapper/lib/python3.10/site-packages:/home/user/exchange/workspace/install/pick_task/lib/python3.10/site-packages:/home/user/exchange/workspace/install/tiago_pro_description/local/lib/python3.10/dist-packages:/home/user/exchange/workspace/install/pal_sea_arm_description/local/lib/python3.10/dist-packages:/home/user/exchange/workspace/install/pal_pro_gripper_description/local/lib/python3.10/dist-packages:/opt/ros/humble/lib/python3.10/site-packages:/opt/ros/humble/local/lib/python3.10/dist-packages /usr/bin/cmake --install /home/user/exchange/workspace/build/pal_sea_arm_controller_configuration
[0.863s] Level 1:colcon.colcon_core.environment:checking '/home/user/exchange/workspace/install/pal_sea_arm_controller_configuration' for CMake config files
[0.863s] Level 1:colcon.colcon_core.shell:create_environment_hook('pal_sea_arm_controller_configuration', 'cmake_prefix_path')
[0.863s] INFO:colcon.colcon_core.shell:Creating environment hook '/home/user/exchange/workspace/install/pal_sea_arm_controller_configuration/share/pal_sea_arm_controller_configuration/hook/cmake_prefix_path.ps1'
[0.863s] INFO:colcon.colcon_core.shell:Creating environment descriptor '/home/user/exchange/workspace/install/pal_sea_arm_controller_configuration/share/pal_sea_arm_controller_configuration/hook/cmake_prefix_path.dsv'
[0.863s] INFO:colcon.colcon_core.shell:Creating environment hook '/home/user/exchange/workspace/install/pal_sea_arm_controller_configuration/share/pal_sea_arm_controller_configuration/hook/cmake_prefix_path.sh'
[0.864s] Level 1:colcon.colcon_core.environment:checking '/home/user/exchange/workspace/install/pal_sea_arm_controller_configuration/bin'
[0.864s] Level 1:colcon.colcon_core.environment:checking '/home/user/exchange/workspace/install/pal_sea_arm_controller_configuration/lib/pkgconfig/pal_sea_arm_controller_configuration.pc'
[0.864s] Level 1:colcon.colcon_core.environment:checking '/home/user/exchange/workspace/install/pal_sea_arm_controller_configuration/lib/python3.10/site-packages'
[0.864s] Level 1:colcon.colcon_core.environment:checking '/home/user/exchange/workspace/install/pal_sea_arm_controller_configuration/bin'
[0.864s] INFO:colcon.colcon_core.shell:Creating package script '/home/user/exchange/workspace/install/pal_sea_arm_controller_configuration/share/pal_sea_arm_controller_configuration/package.ps1'
[0.865s] INFO:colcon.colcon_core.shell:Creating package descriptor '/home/user/exchange/workspace/install/pal_sea_arm_controller_configuration/share/pal_sea_arm_controller_configuration/package.dsv'
[0.865s] INFO:colcon.colcon_core.shell:Creating package script '/home/user/exchange/workspace/install/pal_sea_arm_controller_configuration/share/pal_sea_arm_controller_configuration/package.sh'
[0.865s] INFO:colcon.colcon_core.shell:Creating package script '/home/user/exchange/workspace/install/pal_sea_arm_controller_configuration/share/pal_sea_arm_controller_configuration/package.bash'
[0.865s] INFO:colcon.colcon_core.shell:Creating package script '/home/user/exchange/workspace/install/pal_sea_arm_controller_configuration/share/pal_sea_arm_controller_configuration/package.zsh'
[0.865s] Level 1:colcon.colcon_core.environment:create_file_with_runtime_dependencies(/home/user/exchange/workspace/install/pal_sea_arm_controller_configuration/share/colcon-core/packages/pal_sea_arm_controller_configuration)
[0.866s] Level 1:colcon.colcon_core.environment:create_environment_scripts_only(pal_sea_arm_controller_configuration)
[0.866s] Level 1:colcon.colcon_core.environment:checking '/home/user/exchange/workspace/install/pal_sea_arm_controller_configuration' for CMake module files
[0.866s] Level 1:colcon.colcon_core.environment:checking '/home/user/exchange/workspace/install/pal_sea_arm_controller_configuration' for CMake config files
[0.866s] Level 1:colcon.colcon_core.shell:create_environment_hook('pal_sea_arm_controller_configuration', 'cmake_prefix_path')
[0.866s] INFO:colcon.colcon_core.shell:Creating environment hook '/home/user/exchange/workspace/install/pal_sea_arm_controller_configuration/share/pal_sea_arm_controller_configuration/hook/cmake_prefix_path.ps1'
[0.866s] INFO:colcon.colcon_core.shell:Creating environment descriptor '/home/user/exchange/workspace/install/pal_sea_arm_controller_configuration/share/pal_sea_arm_controller_configuration/hook/cmake_prefix_path.dsv'
[0.867s] INFO:colcon.colcon_core.shell:Creating environment hook '/home/user/exchange/workspace/install/pal_sea_arm_controller_configuration/share/pal_sea_arm_controller_configuration/hook/cmake_prefix_path.sh'
[0.867s] Level 1:colcon.colcon_core.environment:checking '/home/user/exchange/workspace/install/pal_sea_arm_controller_configuration/bin'
[0.867s] Level 1:colcon.colcon_core.environment:checking '/home/user/exchange/workspace/install/pal_sea_arm_controller_configuration/lib/pkgconfig/pal_sea_arm_controller_configuration.pc'
[0.867s] Level 1:colcon.colcon_core.environment:checking '/home/user/exchange/workspace/install/pal_sea_arm_controller_configuration/lib/python3.10/site-packages'
[0.867s] Level 1:colcon.colcon_core.environment:checking '/home/user/exchange/workspace/install/pal_sea_arm_controller_configuration/bin'
[0.868s] INFO:colcon.colcon_core.shell:Creating package script '/home/user/exchange/workspace/install/pal_sea_arm_controller_configuration/share/pal_sea_arm_controller_configuration/package.ps1'
[0.868s] INFO:colcon.colcon_core.shell:Creating package descriptor '/home/user/exchange/workspace/install/pal_sea_arm_controller_configuration/share/pal_sea_arm_controller_configuration/package.dsv'
[0.868s] INFO:colcon.colcon_core.shell:Creating package script '/home/user/exchange/workspace/install/pal_sea_arm_controller_configuration/share/pal_sea_arm_controller_configuration/package.sh'
[0.868s] INFO:colcon.colcon_core.shell:Creating package script '/home/user/exchange/workspace/install/pal_sea_arm_controller_configuration/share/pal_sea_arm_controller_configuration/package.bash'
[0.869s] INFO:colcon.colcon_core.shell:Creating package script '/home/user/exchange/workspace/install/pal_sea_arm_controller_configuration/share/pal_sea_arm_controller_configuration/package.zsh'
[0.869s] Level 1:colcon.colcon_core.environment:create_file_with_runtime_dependencies(/home/user/exchange/workspace/install/pal_sea_arm_controller_configuration/share/colcon-core/packages/pal_sea_arm_controller_configuration)
[0.869s] INFO:colcon.colcon_ros.task.ament_cmake.build:Building ROS package in '/home/user/exchange/workspace/src/pal_sea_arm/pal_sea_arm_description' with build type 'ament_cmake'
[0.869s] INFO:colcon.colcon_cmake.task.cmake.build:Building CMake package in '/home/user/exchange/workspace/src/pal_sea_arm/pal_sea_arm_description'
[0.869s] INFO:colcon.colcon_core.shell:Skip shell extension 'powershell' for command environment: Not usable outside of PowerShell
[0.870s] DEBUG:colcon.colcon_core.shell:Skip shell extension 'dsv' for command environment
[0.873s] INFO:colcon.colcon_ros.task.ament_cmake.build:Building ROS package in '/home/user/exchange/workspace/src/tiago_pro_robot/tiago_pro_controller_configuration' with build type 'ament_cmake'
[0.873s] INFO:colcon.colcon_cmake.task.cmake.build:Building CMake package in '/home/user/exchange/workspace/src/tiago_pro_robot/tiago_pro_controller_configuration'
[0.873s] INFO:colcon.colcon_core.shell:Skip shell extension 'powershell' for command environment: Not usable outside of PowerShell
[0.873s] DEBUG:colcon.colcon_core.shell:Skip shell extension 'dsv' for command environment
[0.876s] Level 1:colcon.colcon_core.environment:create_environment_scripts_only(pal_pro_gripper_bringup)
[0.876s] Level 1:colcon.colcon_core.environment:checking '/home/user/exchange/workspace/install/pal_pro_gripper_bringup' for CMake module files
[0.877s] DEBUG:colcon.colcon_core.event_handler.log_command:Invoked command in '/home/user/exchange/workspace/build/pal_pro_gripper_bringup' returned '0': AMENT_PREFIX_PATH=/home/user/exchange/workspace/install/pal_pro_gripper_wrapper:/home/user/exchange/workspace/install/tiago_manipulation_tasks:/home/user/exchange/workspace/install/pick_task:/home/user/exchange/workspace/install/tiago_pro_simulation:/home/user/exchange/workspace/install/tiago_pro_robot:/home/user/exchange/workspace/install/tiago_pro_navigation:/home/user/exchange/workspace/install/tiago_pro_gazebo:/home/user/exchange/workspace/install/tiago_pro_rgbd_sensors:/home/user/exchange/workspace/install/tiago_pro_mujoco:/home/user/exchange/workspace/install/tiago_pro_moveit_config:/home/user/exchange/workspace/install/tiago_pro_laser_sensors:/home/user/exchange/workspace/install/tiago_pro_description:/home/user/exchange/workspace/install/tiago_pro_bringup:/home/user/exchange/workspace/install/tiago_pro_controller_configuration:/home/user/exchange/workspace/install/tiago_pro_2dnav:/home/user/exchange/workspace/install/pal_sea_arm_moveit_config:/home/user/exchange/workspace/install/pal_sea_arm:/home/user/exchange/workspace/install/pal_sea_arm_bringup:/home/user/exchange/workspace/install/pal_sea_arm_description:/home/user/exchange/workspace/install/pal_sea_arm_controller_configuration:/home/user/exchange/workspace/install/pal_pro_gripper_simulation:/home/user/exchange/workspace/install/pal_pro_gripper_bringup:/home/user/exchange/workspace/install/pal_pro_gripper:/home/user/exchange/workspace/install/pal_pro_gripper_controller_configuration:/home/user/exchange/workspace/install/pal_pro_gripper_description:/home/user/exchange/workspace/install/pal_gazebo_worlds:/opt/ros/humble CMAKE_PREFIX_PATH=/home/user/exchange/workspace/install/pal_pro_gripper_controller_configuration:/home/user/exchange/workspace/install/pal_pro_gripper_description:/home/user/exchange/workspace/install/tiago_manipulation_tasks:/home/user/exchange/workspace/install/tiago_pro_simulation:/home/user/exchange/workspace/install/tiago_pro_robot:/home/user/exchange/workspace/install/tiago_pro_navigation:/home/user/exchange/workspace/install/tiago_pro_gazebo:/home/user/exchange/workspace/install/tiago_pro_rgbd_sensors:/home/user/exchange/workspace/install/tiago_pro_mujoco:/home/user/exchange/workspace/install/tiago_pro_moveit_config:/home/user/exchange/workspace/install/tiago_pro_laser_sensors:/home/user/exchange/workspace/install/tiago_pro_description:/home/user/exchange/workspace/install/tiago_pro_bringup:/home/user/exchange/workspace/install/tiago_pro_controller_configuration:/home/user/exchange/workspace/install/tiago_pro_2dnav:/home/user/exchange/workspace/install/pal_sea_arm_moveit_config:/home/user/exchange/workspace/install/pal_sea_arm:/home/user/exchange/workspace/install/pal_sea_arm_bringup:/home/user/exchange/workspace/install/pal_sea_arm_description:/home/user/exchange/workspace/install/pal_sea_arm_controller_configuration:/home/user/exchange/workspace/install/pal_pro_gripper_simulation:/home/user/exchange/workspace/install/pal_pro_gripper_bringup:/home/user/exchange/workspace/install/pal_pro_gripper:/home/user/exchange/workspace/install/pal_gazebo_worlds:/home/user/exchange/workspace/install/pick_task:/home/user/exchange/workspace/install/pal_pro_gripper_wrapper:/opt/ros/humble PYTHONPATH=/home/user/exchange/workspace/install/pal_pro_gripper_wrapper/lib/python3.10/site-packages:/home/user/exchange/workspace/install/pick_task/lib/python3.10/site-packages:/home/user/exchange/workspace/install/tiago_pro_description/local/lib/python3.10/dist-packages:/home/user/exchange/workspace/install/pal_sea_arm_description/local/lib/python3.10/dist-packages:/home/user/exchange/workspace/install/pal_pro_gripper_description/local/lib/python3.10/dist-packages:/opt/ros/humble/lib/python3.10/site-packages:/opt/ros/humble/local/lib/python3.10/dist-packages /usr/bin/cmake --install /home/user/exchange/workspace/build/pal_pro_gripper_bringup
[0.877s] Level 1:colcon.colcon_core.environment:checking '/home/user/exchange/workspace/install/pal_pro_gripper_bringup' for CMake config files
[0.877s] Level 1:colcon.colcon_core.shell:create_environment_hook('pal_pro_gripper_bringup', 'cmake_prefix_path')
[0.877s] INFO:colcon.colcon_core.shell:Creating environment hook '/home/user/exchange/workspace/install/pal_pro_gripper_bringup/share/pal_pro_gripper_bringup/hook/cmake_prefix_path.ps1'
[0.877s] INFO:colcon.colcon_core.shell:Creating environment descriptor '/home/user/exchange/workspace/install/pal_pro_gripper_bringup/share/pal_pro_gripper_bringup/hook/cmake_prefix_path.dsv'
[0.878s] INFO:colcon.colcon_core.shell:Creating environment hook '/home/user/exchange/workspace/install/pal_pro_gripper_bringup/share/pal_pro_gripper_bringup/hook/cmake_prefix_path.sh'
[0.878s] Level 1:colcon.colcon_core.environment:checking '/home/user/exchange/workspace/install/pal_pro_gripper_bringup/bin'
[0.878s] Level 1:colcon.colcon_core.environment:checking '/home/user/exchange/workspace/install/pal_pro_gripper_bringup/lib/pkgconfig/pal_pro_gripper_bringup.pc'
[0.878s] Level 1:colcon.colcon_core.environment:checking '/home/user/exchange/workspace/install/pal_pro_gripper_bringup/lib/python3.10/site-packages'
[0.878s] Level 1:colcon.colcon_core.environment:checking '/home/user/exchange/workspace/install/pal_pro_gripper_bringup/bin'
[0.878s] INFO:colcon.colcon_core.shell:Creating package script '/home/user/exchange/workspace/install/pal_pro_gripper_bringup/share/pal_pro_gripper_bringup/package.ps1'
[0.879s] INFO:colcon.colcon_core.shell:Creating package descriptor '/home/user/exchange/workspace/install/pal_pro_gripper_bringup/share/pal_pro_gripper_bringup/package.dsv'
[0.879s] INFO:colcon.colcon_core.shell:Creating package script '/home/user/exchange/workspace/install/pal_pro_gripper_bringup/share/pal_pro_gripper_bringup/package.sh'
[0.879s] INFO:colcon.colcon_core.shell:Creating package script '/home/user/exchange/workspace/install/pal_pro_gripper_bringup/share/pal_pro_gripper_bringup/package.bash'
[0.879s] INFO:colcon.colcon_core.shell:Creating package script '/home/user/exchange/workspace/install/pal_pro_gripper_bringup/share/pal_pro_gripper_bringup/package.zsh'
[0.879s] Level 1:colcon.colcon_core.environment:create_file_with_runtime_dependencies(/home/user/exchange/workspace/install/pal_pro_gripper_bringup/share/colcon-core/packages/pal_pro_gripper_bringup)
[0.880s] Level 1:colcon.colcon_core.environment:create_environment_scripts_only(pal_pro_gripper_bringup)
[0.880s] Level 1:colcon.colcon_core.environment:checking '/home/user/exchange/workspace/install/pal_pro_gripper_bringup' for CMake module files
[0.880s] Level 1:colcon.colcon_core.environment:checking '/home/user/exchange/workspace/install/pal_pro_gripper_bringup' for CMake config files
[0.880s] Level 1:colcon.colcon_core.shell:create_environment_hook('pal_pro_gripper_bringup', 'cmake_prefix_path')
[0.880s] INFO:colcon.colcon_core.shell:Creating environment hook '/home/user/exchange/workspace/install/pal_pro_gripper_bringup/share/pal_pro_gripper_bringup/hook/cmake_prefix_path.ps1'
[0.881s] INFO:colcon.colcon_core.shell:Creating environment descriptor '/home/user/exchange/workspace/install/pal_pro_gripper_bringup/share/pal_pro_gripper_bringup/hook/cmake_prefix_path.dsv'
[0.881s] INFO:colcon.colcon_core.shell:Creating environment hook '/home/user/exchange/workspace/install/pal_pro_gripper_bringup/share/pal_pro_gripper_bringup/hook/cmake_prefix_path.sh'
[0.881s] Level 1:colcon.colcon_core.environment:checking '/home/user/exchange/workspace/install/pal_pro_gripper_bringup/bin'
[0.881s] Level 1:colcon.colcon_core.environment:checking '/home/user/exchange/workspace/install/pal_pro_gripper_bringup/lib/pkgconfig/pal_pro_gripper_bringup.pc'
[0.881s] Level 1:colcon.colcon_core.environment:checking '/home/user/exchange/workspace/install/pal_pro_gripper_bringup/lib/python3.10/site-packages'
[0.881s] Level 1:colcon.colcon_core.environment:checking '/home/user/exchange/workspace/install/pal_pro_gripper_bringup/bin'
[0.882s] INFO:colcon.colcon_core.shell:Creating package script '/home/user/exchange/workspace/install/pal_pro_gripper_bringup/share/pal_pro_gripper_bringup/package.ps1'
[0.882s] INFO:colcon.colcon_core.shell:Creating package descriptor '/home/user/exchange/workspace/install/pal_pro_gripper_bringup/share/pal_pro_gripper_bringup/package.dsv'
[0.882s] INFO:colcon.colcon_core.shell:Creating package script '/home/user/exchange/workspace/install/pal_pro_gripper_bringup/share/pal_pro_gripper_bringup/package.sh'
[0.882s] INFO:colcon.colcon_core.shell:Creating package script '/home/user/exchange/workspace/install/pal_pro_gripper_bringup/share/pal_pro_gripper_bringup/package.bash'
[0.882s] INFO:colcon.colcon_core.shell:Creating package script '/home/user/exchange/workspace/install/pal_pro_gripper_bringup/share/pal_pro_gripper_bringup/package.zsh'
[0.883s] Level 1:colcon.colcon_core.environment:create_file_with_runtime_dependencies(/home/user/exchange/workspace/install/pal_pro_gripper_bringup/share/colcon-core/packages/pal_pro_gripper_bringup)
[0.883s] Level 1:colcon.colcon_core.environment:create_environment_scripts_only(pal_pro_gripper_simulation)
[0.883s] Level 1:colcon.colcon_core.environment:checking '/home/user/exchange/workspace/install/pal_pro_gripper_simulation' for CMake module files
[0.883s] DEBUG:colcon.colcon_core.event_handler.log_command:Invoked command in '/home/user/exchange/workspace/build/pal_pro_gripper_simulation' returned '0': AMENT_PREFIX_PATH=/home/user/exchange/workspace/install/pal_pro_gripper_wrapper:/home/user/exchange/workspace/install/tiago_manipulation_tasks:/home/user/exchange/workspace/install/pick_task:/home/user/exchange/workspace/install/tiago_pro_simulation:/home/user/exchange/workspace/install/tiago_pro_robot:/home/user/exchange/workspace/install/tiago_pro_navigation:/home/user/exchange/workspace/install/tiago_pro_gazebo:/home/user/exchange/workspace/install/tiago_pro_rgbd_sensors:/home/user/exchange/workspace/install/tiago_pro_mujoco:/home/user/exchange/workspace/install/tiago_pro_moveit_config:/home/user/exchange/workspace/install/tiago_pro_laser_sensors:/home/user/exchange/workspace/install/tiago_pro_description:/home/user/exchange/workspace/install/tiago_pro_bringup:/home/user/exchange/workspace/install/tiago_pro_controller_configuration:/home/user/exchange/workspace/install/tiago_pro_2dnav:/home/user/exchange/workspace/install/pal_sea_arm_moveit_config:/home/user/exchange/workspace/install/pal_sea_arm:/home/user/exchange/workspace/install/pal_sea_arm_bringup:/home/user/exchange/workspace/install/pal_sea_arm_description:/home/user/exchange/workspace/install/pal_sea_arm_controller_configuration:/home/user/exchange/workspace/install/pal_pro_gripper_simulation:/home/user/exchange/workspace/install/pal_pro_gripper_bringup:/home/user/exchange/workspace/install/pal_pro_gripper:/home/user/exchange/workspace/install/pal_pro_gripper_controller_configuration:/home/user/exchange/workspace/install/pal_pro_gripper_description:/home/user/exchange/workspace/install/pal_gazebo_worlds:/opt/ros/humble CMAKE_PREFIX_PATH=/home/user/exchange/workspace/install/pal_pro_gripper_controller_configuration:/home/user/exchange/workspace/install/pal_pro_gripper_description:/home/user/exchange/workspace/install/pal_gazebo_worlds:/home/user/exchange/workspace/install/tiago_manipulation_tasks:/home/user/exchange/workspace/install/tiago_pro_simulation:/home/user/exchange/workspace/install/tiago_pro_robot:/home/user/exchange/workspace/install/tiago_pro_navigation:/home/user/exchange/workspace/install/tiago_pro_gazebo:/home/user/exchange/workspace/install/tiago_pro_rgbd_sensors:/home/user/exchange/workspace/install/tiago_pro_mujoco:/home/user/exchange/workspace/install/tiago_pro_moveit_config:/home/user/exchange/workspace/install/tiago_pro_laser_sensors:/home/user/exchange/workspace/install/tiago_pro_description:/home/user/exchange/workspace/install/tiago_pro_bringup:/home/user/exchange/workspace/install/tiago_pro_controller_configuration:/home/user/exchange/workspace/install/tiago_pro_2dnav:/home/user/exchange/workspace/install/pal_sea_arm_moveit_config:/home/user/exchange/workspace/install/pal_sea_arm:/home/user/exchange/workspace/install/pal_sea_arm_bringup:/home/user/exchange/workspace/install/pal_sea_arm_description:/home/user/exchange/workspace/install/pal_sea_arm_controller_configuration:/home/user/exchange/workspace/install/pal_pro_gripper_simulation:/home/user/exchange/workspace/install/pal_pro_gripper_bringup:/home/user/exchange/workspace/install/pal_pro_gripper:/home/user/exchange/workspace/install/pick_task:/home/user/exchange/workspace/install/pal_pro_gripper_wrapper:/opt/ros/humble PYTHONPATH=/home/user/exchange/workspace/install/pal_pro_gripper_wrapper/lib/python3.10/site-packages:/home/user/exchange/workspace/install/pick_task/lib/python3.10/site-packages:/home/user/exchange/workspace/install/tiago_pro_description/local/lib/python3.10/dist-packages:/home/user/exchange/workspace/install/pal_sea_arm_description/local/lib/python3.10/dist-packages:/home/user/exchange/workspace/install/pal_pro_gripper_description/local/lib/python3.10/dist-packages:/opt/ros/humble/lib/python3.10/site-packages:/opt/ros/humble/local/lib/python3.10/dist-packages /usr/bin/cmake --install /home/user/exchange/workspace/build/pal_pro_gripper_simulation
[0.883s] Level 1:colcon.colcon_core.environment:checking '/home/user/exchange/workspace/install/pal_pro_gripper_simulation' for CMake config files
[0.884s] Level 1:colcon.colcon_core.shell:create_environment_hook('pal_pro_gripper_simulation', 'cmake_prefix_path')
[0.884s] INFO:colcon.colcon_core.shell:Creating environment hook '/home/user/exchange/workspace/install/pal_pro_gripper_simulation/share/pal_pro_gripper_simulation/hook/cmake_prefix_path.ps1'
[0.884s] INFO:colcon.colcon_core.shell:Creating environment descriptor '/home/user/exchange/workspace/install/pal_pro_gripper_simulation/share/pal_pro_gripper_simulation/hook/cmake_prefix_path.dsv'
[0.884s] INFO:colcon.colcon_core.shell:Creating environment hook '/home/user/exchange/workspace/install/pal_pro_gripper_simulation/share/pal_pro_gripper_simulation/hook/cmake_prefix_path.sh'
[0.884s] Level 1:colcon.colcon_core.environment:checking '/home/user/exchange/workspace/install/pal_pro_gripper_simulation/bin'
[0.884s] Level 1:colcon.colcon_core.environment:checking '/home/user/exchange/workspace/install/pal_pro_gripper_simulation/lib/pkgconfig/pal_pro_gripper_simulation.pc'
[0.885s] Level 1:colcon.colcon_core.environment:checking '/home/user/exchange/workspace/install/pal_pro_gripper_simulation/lib/python3.10/site-packages'
[0.885s] Level 1:colcon.colcon_core.environment:checking '/home/user/exchange/workspace/install/pal_pro_gripper_simulation/bin'
[0.885s] INFO:colcon.colcon_core.shell:Creating package script '/home/user/exchange/workspace/install/pal_pro_gripper_simulation/share/pal_pro_gripper_simulation/package.ps1'
[0.885s] INFO:colcon.colcon_core.shell:Creating package descriptor '/home/user/exchange/workspace/install/pal_pro_gripper_simulation/share/pal_pro_gripper_simulation/package.dsv'
[0.885s] INFO:colcon.colcon_core.shell:Creating package script '/home/user/exchange/workspace/install/pal_pro_gripper_simulation/share/pal_pro_gripper_simulation/package.sh'
[0.886s] INFO:colcon.colcon_core.shell:Creating package script '/home/user/exchange/workspace/install/pal_pro_gripper_simulation/share/pal_pro_gripper_simulation/package.bash'
[0.886s] INFO:colcon.colcon_core.shell:Creating package script '/home/user/exchange/workspace/install/pal_pro_gripper_simulation/share/pal_pro_gripper_simulation/package.zsh'
[0.886s] Level 1:colcon.colcon_core.environment:create_file_with_runtime_dependencies(/home/user/exchange/workspace/install/pal_pro_gripper_simulation/share/colcon-core/packages/pal_pro_gripper_simulation)
[0.886s] Level 1:colcon.colcon_core.environment:create_environment_scripts_only(pal_pro_gripper_simulation)
[0.886s] Level 1:colcon.colcon_core.environment:checking '/home/user/exchange/workspace/install/pal_pro_gripper_simulation' for CMake module files
[0.887s] Level 1:colcon.colcon_core.environment:checking '/home/user/exchange/workspace/install/pal_pro_gripper_simulation' for CMake config files
[0.887s] Level 1:colcon.colcon_core.shell:create_environment_hook('pal_pro_gripper_simulation', 'cmake_prefix_path')
[0.887s] INFO:colcon.colcon_core.shell:Creating environment hook '/home/user/exchange/workspace/install/pal_pro_gripper_simulation/share/pal_pro_gripper_simulation/hook/cmake_prefix_path.ps1'
[0.887s] INFO:colcon.colcon_core.shell:Creating environment descriptor '/home/user/exchange/workspace/install/pal_pro_gripper_simulation/share/pal_pro_gripper_simulation/hook/cmake_prefix_path.dsv'
[0.887s] INFO:colcon.colcon_core.shell:Creating environment hook '/home/user/exchange/workspace/install/pal_pro_gripper_simulation/share/pal_pro_gripper_simulation/hook/cmake_prefix_path.sh'
[0.888s] Level 1:colcon.colcon_core.environment:checking '/home/user/exchange/workspace/install/pal_pro_gripper_simulation/bin'
[0.888s] Level 1:colcon.colcon_core.environment:checking '/home/user/exchange/workspace/install/pal_pro_gripper_simulation/lib/pkgconfig/pal_pro_gripper_simulation.pc'
[0.888s] Level 1:colcon.colcon_core.environment:checking '/home/user/exchange/workspace/install/pal_pro_gripper_simulation/lib/python3.10/site-packages'
[0.888s] Level 1:colcon.colcon_core.environment:checking '/home/user/exchange/workspace/install/pal_pro_gripper_simulation/bin'
[0.888s] INFO:colcon.colcon_core.shell:Creating package script '/home/user/exchange/workspace/install/pal_pro_gripper_simulation/share/pal_pro_gripper_simulation/package.ps1'
[0.888s] INFO:colcon.colcon_core.shell:Creating package descriptor '/home/user/exchange/workspace/install/pal_pro_gripper_simulation/share/pal_pro_gripper_simulation/package.dsv'
[0.889s] INFO:colcon.colcon_core.shell:Creating package script '/home/user/exchange/workspace/install/pal_pro_gripper_simulation/share/pal_pro_gripper_simulation/package.sh'
[0.889s] INFO:colcon.colcon_core.shell:Creating package script '/home/user/exchange/workspace/install/pal_pro_gripper_simulation/share/pal_pro_gripper_simulation/package.bash'
[0.889s] INFO:colcon.colcon_core.shell:Creating package script '/home/user/exchange/workspace/install/pal_pro_gripper_simulation/share/pal_pro_gripper_simulation/package.zsh'
[0.889s] Level 1:colcon.colcon_core.environment:create_file_with_runtime_dependencies(/home/user/exchange/workspace/install/pal_pro_gripper_simulation/share/colcon-core/packages/pal_pro_gripper_simulation)
[0.892s] DEBUG:colcon.colcon_core.event_handler.log_command:Invoking command in '/home/user/exchange/workspace/build/pal_sea_arm_description': AMENT_PREFIX_PATH=/home/user/exchange/workspace/install/pal_pro_gripper_wrapper:/home/user/exchange/workspace/install/tiago_manipulation_tasks:/home/user/exchange/workspace/install/pick_task:/home/user/exchange/workspace/install/tiago_pro_simulation:/home/user/exchange/workspace/install/tiago_pro_robot:/home/user/exchange/workspace/install/tiago_pro_navigation:/home/user/exchange/workspace/install/tiago_pro_gazebo:/home/user/exchange/workspace/install/tiago_pro_rgbd_sensors:/home/user/exchange/workspace/install/tiago_pro_mujoco:/home/user/exchange/workspace/install/tiago_pro_moveit_config:/home/user/exchange/workspace/install/tiago_pro_laser_sensors:/home/user/exchange/workspace/install/tiago_pro_description:/home/user/exchange/workspace/install/tiago_pro_bringup:/home/user/exchange/workspace/install/tiago_pro_controller_configuration:/home/user/exchange/workspace/install/tiago_pro_2dnav:/home/user/exchange/workspace/install/pal_sea_arm_moveit_config:/home/user/exchange/workspace/install/pal_sea_arm:/home/user/exchange/workspace/install/pal_sea_arm_bringup:/home/user/exchange/workspace/install/pal_sea_arm_description:/home/user/exchange/workspace/install/pal_sea_arm_controller_configuration:/home/user/exchange/workspace/install/pal_pro_gripper_simulation:/home/user/exchange/workspace/install/pal_pro_gripper_bringup:/home/user/exchange/workspace/install/pal_pro_gripper:/home/user/exchange/workspace/install/pal_pro_gripper_controller_configuration:/home/user/exchange/workspace/install/pal_pro_gripper_description:/home/user/exchange/workspace/install/pal_gazebo_worlds:/opt/ros/humble CMAKE_PREFIX_PATH=/home/user/exchange/workspace/install/pal_sea_arm_controller_configuration:/home/user/exchange/workspace/install/pal_pro_gripper_controller_configuration:/home/user/exchange/workspace/install/pal_pro_gripper_description:/home/user/exchange/workspace/install/tiago_manipulation_tasks:/home/user/exchange/workspace/install/tiago_pro_simulation:/home/user/exchange/workspace/install/tiago_pro_robot:/home/user/exchange/workspace/install/tiago_pro_navigation:/home/user/exchange/workspace/install/tiago_pro_gazebo:/home/user/exchange/workspace/install/tiago_pro_rgbd_sensors:/home/user/exchange/workspace/install/tiago_pro_mujoco:/home/user/exchange/workspace/install/tiago_pro_moveit_config:/home/user/exchange/workspace/install/tiago_pro_laser_sensors:/home/user/exchange/workspace/install/tiago_pro_description:/home/user/exchange/workspace/install/tiago_pro_bringup:/home/user/exchange/workspace/install/tiago_pro_controller_configuration:/home/user/exchange/workspace/install/tiago_pro_2dnav:/home/user/exchange/workspace/install/pal_sea_arm_moveit_config:/home/user/exchange/workspace/install/pal_sea_arm:/home/user/exchange/workspace/install/pal_sea_arm_bringup:/home/user/exchange/workspace/install/pal_sea_arm_description:/home/user/exchange/workspace/install/pal_pro_gripper_simulation:/home/user/exchange/workspace/install/pal_pro_gripper_bringup:/home/user/exchange/workspace/install/pal_pro_gripper:/home/user/exchange/workspace/install/pal_gazebo_worlds:/home/user/exchange/workspace/install/pick_task:/home/user/exchange/workspace/install/pal_pro_gripper_wrapper:/opt/ros/humble PYTHONPATH=/home/user/exchange/workspace/install/pal_pro_gripper_wrapper/lib/python3.10/site-packages:/home/user/exchange/workspace/install/pick_task/lib/python3.10/site-packages:/home/user/exchange/workspace/install/tiago_pro_description/local/lib/python3.10/dist-packages:/home/user/exchange/workspace/install/pal_sea_arm_description/local/lib/python3.10/dist-packages:/home/user/exchange/workspace/install/pal_pro_gripper_description/local/lib/python3.10/dist-packages:/opt/ros/humble/lib/python3.10/site-packages:/opt/ros/humble/local/lib/python3.10/dist-packages /usr/bin/cmake --build /home/user/exchange/workspace/build/pal_sea_arm_description -- -j12 -l12
[0.893s] DEBUG:colcon.colcon_core.event_handler.log_command:Invoking command in '/home/user/exchange/workspace/build/tiago_pro_controller_configuration': AMENT_PREFIX_PATH=/home/user/exchange/workspace/install/pal_pro_gripper_wrapper:/home/user/exchange/workspace/install/tiago_manipulation_tasks:/home/user/exchange/workspace/install/pick_task:/home/user/exchange/workspace/install/tiago_pro_simulation:/home/user/exchange/workspace/install/tiago_pro_robot:/home/user/exchange/workspace/install/tiago_pro_navigation:/home/user/exchange/workspace/install/tiago_pro_gazebo:/home/user/exchange/workspace/install/tiago_pro_rgbd_sensors:/home/user/exchange/workspace/install/tiago_pro_mujoco:/home/user/exchange/workspace/install/tiago_pro_moveit_config:/home/user/exchange/workspace/install/tiago_pro_laser_sensors:/home/user/exchange/workspace/install/tiago_pro_description:/home/user/exchange/workspace/install/tiago_pro_bringup:/home/user/exchange/workspace/install/tiago_pro_controller_configuration:/home/user/exchange/workspace/install/tiago_pro_2dnav:/home/user/exchange/workspace/install/pal_sea_arm_moveit_config:/home/user/exchange/workspace/install/pal_sea_arm:/home/user/exchange/workspace/install/pal_sea_arm_bringup:/home/user/exchange/workspace/install/pal_sea_arm_description:/home/user/exchange/workspace/install/pal_sea_arm_controller_configuration:/home/user/exchange/workspace/install/pal_pro_gripper_simulation:/home/user/exchange/workspace/install/pal_pro_gripper_bringup:/home/user/exchange/workspace/install/pal_pro_gripper:/home/user/exchange/workspace/install/pal_pro_gripper_controller_configuration:/home/user/exchange/workspace/install/pal_pro_gripper_description:/home/user/exchange/workspace/install/pal_gazebo_worlds:/opt/ros/humble CMAKE_PREFIX_PATH=/home/user/exchange/workspace/install/pal_sea_arm_controller_configuration:/home/user/exchange/workspace/install/pal_pro_gripper_controller_configuration:/home/user/exchange/workspace/install/tiago_manipulation_tasks:/home/user/exchange/workspace/install/tiago_pro_simulation:/home/user/exchange/workspace/install/tiago_pro_robot:/home/user/exchange/workspace/install/tiago_pro_navigation:/home/user/exchange/workspace/install/tiago_pro_gazebo:/home/user/exchange/workspace/install/tiago_pro_rgbd_sensors:/home/user/exchange/workspace/install/tiago_pro_mujoco:/home/user/exchange/workspace/install/tiago_pro_moveit_config:/home/user/exchange/workspace/install/tiago_pro_laser_sensors:/home/user/exchange/workspace/install/tiago_pro_description:/home/user/exchange/workspace/install/tiago_pro_bringup:/home/user/exchange/workspace/install/tiago_pro_controller_configuration:/home/user/exchange/workspace/install/tiago_pro_2dnav:/home/user/exchange/workspace/install/pal_sea_arm_moveit_config:/home/user/exchange/workspace/install/pal_sea_arm:/home/user/exchange/workspace/install/pal_sea_arm_bringup:/home/user/exchange/workspace/install/pal_sea_arm_description:/home/user/exchange/workspace/install/pal_pro_gripper_simulation:/home/user/exchange/workspace/install/pal_pro_gripper_bringup:/home/user/exchange/workspace/install/pal_pro_gripper:/home/user/exchange/workspace/install/pal_pro_gripper_description:/home/user/exchange/workspace/install/pal_gazebo_worlds:/home/user/exchange/workspace/install/pick_task:/home/user/exchange/workspace/install/pal_pro_gripper_wrapper:/opt/ros/humble PYTHONPATH=/home/user/exchange/workspace/install/pal_pro_gripper_wrapper/lib/python3.10/site-packages:/home/user/exchange/workspace/install/pick_task/lib/python3.10/site-packages:/home/user/exchange/workspace/install/tiago_pro_description/local/lib/python3.10/dist-packages:/home/user/exchange/workspace/install/pal_sea_arm_description/local/lib/python3.10/dist-packages:/home/user/exchange/workspace/install/pal_pro_gripper_description/local/lib/python3.10/dist-packages:/opt/ros/humble/lib/python3.10/site-packages:/opt/ros/humble/local/lib/python3.10/dist-packages /usr/bin/cmake --build /home/user/exchange/workspace/build/tiago_pro_controller_configuration -- -j12 -l12
[0.913s] DEBUG:colcon.colcon_core.event_handler.log_command:Invoked command in '/home/user/exchange/workspace/build/tiago_pro_controller_configuration' returned '0': AMENT_PREFIX_PATH=/home/user/exchange/workspace/install/pal_pro_gripper_wrapper:/home/user/exchange/workspace/install/tiago_manipulation_tasks:/home/user/exchange/workspace/install/pick_task:/home/user/exchange/workspace/install/tiago_pro_simulation:/home/user/exchange/workspace/install/tiago_pro_robot:/home/user/exchange/workspace/install/tiago_pro_navigation:/home/user/exchange/workspace/install/tiago_pro_gazebo:/home/user/exchange/workspace/install/tiago_pro_rgbd_sensors:/home/user/exchange/workspace/install/tiago_pro_mujoco:/home/user/exchange/workspace/install/tiago_pro_moveit_config:/home/user/exchange/workspace/install/tiago_pro_laser_sensors:/home/user/exchange/workspace/install/tiago_pro_description:/home/user/exchange/workspace/install/tiago_pro_bringup:/home/user/exchange/workspace/install/tiago_pro_controller_configuration:/home/user/exchange/workspace/install/tiago_pro_2dnav:/home/user/exchange/workspace/install/pal_sea_arm_moveit_config:/home/user/exchange/workspace/install/pal_sea_arm:/home/user/exchange/workspace/install/pal_sea_arm_bringup:/home/user/exchange/workspace/install/pal_sea_arm_description:/home/user/exchange/workspace/install/pal_sea_arm_controller_configuration:/home/user/exchange/workspace/install/pal_pro_gripper_simulation:/home/user/exchange/workspace/install/pal_pro_gripper_bringup:/home/user/exchange/workspace/install/pal_pro_gripper:/home/user/exchange/workspace/install/pal_pro_gripper_controller_configuration:/home/user/exchange/workspace/install/pal_pro_gripper_description:/home/user/exchange/workspace/install/pal_gazebo_worlds:/opt/ros/humble CMAKE_PREFIX_PATH=/home/user/exchange/workspace/install/pal_sea_arm_controller_configuration:/home/user/exchange/workspace/install/pal_pro_gripper_controller_configuration:/home/user/exchange/workspace/install/tiago_manipulation_tasks:/home/user/exchange/workspace/install/tiago_pro_simulation:/home/user/exchange/workspace/install/tiago_pro_robot:/home/user/exchange/workspace/install/tiago_pro_navigation:/home/user/exchange/workspace/install/tiago_pro_gazebo:/home/user/exchange/workspace/install/tiago_pro_rgbd_sensors:/home/user/exchange/workspace/install/tiago_pro_mujoco:/home/user/exchange/workspace/install/tiago_pro_moveit_config:/home/user/exchange/workspace/install/tiago_pro_laser_sensors:/home/user/exchange/workspace/install/tiago_pro_description:/home/user/exchange/workspace/install/tiago_pro_bringup:/home/user/exchange/workspace/install/tiago_pro_controller_configuration:/home/user/exchange/workspace/install/tiago_pro_2dnav:/home/user/exchange/workspace/install/pal_sea_arm_moveit_config:/home/user/exchange/workspace/install/pal_sea_arm:/home/user/exchange/workspace/install/pal_sea_arm_bringup:/home/user/exchange/workspace/install/pal_sea_arm_description:/home/user/exchange/workspace/install/pal_pro_gripper_simulation:/home/user/exchange/workspace/install/pal_pro_gripper_bringup:/home/user/exchange/workspace/install/pal_pro_gripper:/home/user/exchange/workspace/install/pal_pro_gripper_description:/home/user/exchange/workspace/install/pal_gazebo_worlds:/home/user/exchange/workspace/install/pick_task:/home/user/exchange/workspace/install/pal_pro_gripper_wrapper:/opt/ros/humble PYTHONPATH=/home/user/exchange/workspace/install/pal_pro_gripper_wrapper/lib/python3.10/site-packages:/home/user/exchange/workspace/install/pick_task/lib/python3.10/site-packages:/home/user/exchange/workspace/install/tiago_pro_description/local/lib/python3.10/dist-packages:/home/user/exchange/workspace/install/pal_sea_arm_description/local/lib/python3.10/dist-packages:/home/user/exchange/workspace/install/pal_pro_gripper_description/local/lib/python3.10/dist-packages:/opt/ros/humble/lib/python3.10/site-packages:/opt/ros/humble/local/lib/python3.10/dist-packages /usr/bin/cmake --build /home/user/exchange/workspace/build/tiago_pro_controller_configuration -- -j12 -l12
[0.914s] DEBUG:colcon.colcon_core.event_handler.log_command:Invoking command in '/home/user/exchange/workspace/build/tiago_pro_controller_configuration': AMENT_PREFIX_PATH=/home/user/exchange/workspace/install/pal_pro_gripper_wrapper:/home/user/exchange/workspace/install/tiago_manipulation_tasks:/home/user/exchange/workspace/install/pick_task:/home/user/exchange/workspace/install/tiago_pro_simulation:/home/user/exchange/workspace/install/tiago_pro_robot:/home/user/exchange/workspace/install/tiago_pro_navigation:/home/user/exchange/workspace/install/tiago_pro_gazebo:/home/user/exchange/workspace/install/tiago_pro_rgbd_sensors:/home/user/exchange/workspace/install/tiago_pro_mujoco:/home/user/exchange/workspace/install/tiago_pro_moveit_config:/home/user/exchange/workspace/install/tiago_pro_laser_sensors:/home/user/exchange/workspace/install/tiago_pro_description:/home/user/exchange/workspace/install/tiago_pro_bringup:/home/user/exchange/workspace/install/tiago_pro_controller_configuration:/home/user/exchange/workspace/install/tiago_pro_2dnav:/home/user/exchange/workspace/install/pal_sea_arm_moveit_config:/home/user/exchange/workspace/install/pal_sea_arm:/home/user/exchange/workspace/install/pal_sea_arm_bringup:/home/user/exchange/workspace/install/pal_sea_arm_description:/home/user/exchange/workspace/install/pal_sea_arm_controller_configuration:/home/user/exchange/workspace/install/pal_pro_gripper_simulation:/home/user/exchange/workspace/install/pal_pro_gripper_bringup:/home/user/exchange/workspace/install/pal_pro_gripper:/home/user/exchange/workspace/install/pal_pro_gripper_controller_configuration:/home/user/exchange/workspace/install/pal_pro_gripper_description:/home/user/exchange/workspace/install/pal_gazebo_worlds:/opt/ros/humble CMAKE_PREFIX_PATH=/home/user/exchange/workspace/install/pal_sea_arm_controller_configuration:/home/user/exchange/workspace/install/pal_pro_gripper_controller_configuration:/home/user/exchange/workspace/install/tiago_manipulation_tasks:/home/user/exchange/workspace/install/tiago_pro_simulation:/home/user/exchange/workspace/install/tiago_pro_robot:/home/user/exchange/workspace/install/tiago_pro_navigation:/home/user/exchange/workspace/install/tiago_pro_gazebo:/home/user/exchange/workspace/install/tiago_pro_rgbd_sensors:/home/user/exchange/workspace/install/tiago_pro_mujoco:/home/user/exchange/workspace/install/tiago_pro_moveit_config:/home/user/exchange/workspace/install/tiago_pro_laser_sensors:/home/user/exchange/workspace/install/tiago_pro_description:/home/user/exchange/workspace/install/tiago_pro_bringup:/home/user/exchange/workspace/install/tiago_pro_controller_configuration:/home/user/exchange/workspace/install/tiago_pro_2dnav:/home/user/exchange/workspace/install/pal_sea_arm_moveit_config:/home/user/exchange/workspace/install/pal_sea_arm:/home/user/exchange/workspace/install/pal_sea_arm_bringup:/home/user/exchange/workspace/install/pal_sea_arm_description:/home/user/exchange/workspace/install/pal_pro_gripper_simulation:/home/user/exchange/workspace/install/pal_pro_gripper_bringup:/home/user/exchange/workspace/install/pal_pro_gripper:/home/user/exchange/workspace/install/pal_pro_gripper_description:/home/user/exchange/workspace/install/pal_gazebo_worlds:/home/user/exchange/workspace/install/pick_task:/home/user/exchange/workspace/install/pal_pro_gripper_wrapper:/opt/ros/humble PYTHONPATH=/home/user/exchange/workspace/install/pal_pro_gripper_wrapper/lib/python3.10/site-packages:/home/user/exchange/workspace/install/pick_task/lib/python3.10/site-packages:/home/user/exchange/workspace/install/tiago_pro_description/local/lib/python3.10/dist-packages:/home/user/exchange/workspace/install/pal_sea_arm_description/local/lib/python3.10/dist-packages:/home/user/exchange/workspace/install/pal_pro_gripper_description/local/lib/python3.10/dist-packages:/opt/ros/humble/lib/python3.10/site-packages:/opt/ros/humble/local/lib/python3.10/dist-packages /usr/bin/cmake --install /home/user/exchange/workspace/build/tiago_pro_controller_configuration
[0.922s] Level 1:colcon.colcon_core.environment:create_environment_scripts_only(tiago_pro_controller_configuration)
[0.922s] Level 1:colcon.colcon_core.environment:checking '/home/user/exchange/workspace/install/tiago_pro_controller_configuration' for CMake module files
[0.923s] Level 1:colcon.colcon_core.environment:checking '/home/user/exchange/workspace/install/tiago_pro_controller_configuration' for CMake config files
[0.924s] DEBUG:colcon.colcon_core.event_handler.log_command:Invoked command in '/home/user/exchange/workspace/build/tiago_pro_controller_configuration' returned '0': AMENT_PREFIX_PATH=/home/user/exchange/workspace/install/pal_pro_gripper_wrapper:/home/user/exchange/workspace/install/tiago_manipulation_tasks:/home/user/exchange/workspace/install/pick_task:/home/user/exchange/workspace/install/tiago_pro_simulation:/home/user/exchange/workspace/install/tiago_pro_robot:/home/user/exchange/workspace/install/tiago_pro_navigation:/home/user/exchange/workspace/install/tiago_pro_gazebo:/home/user/exchange/workspace/install/tiago_pro_rgbd_sensors:/home/user/exchange/workspace/install/tiago_pro_mujoco:/home/user/exchange/workspace/install/tiago_pro_moveit_config:/home/user/exchange/workspace/install/tiago_pro_laser_sensors:/home/user/exchange/workspace/install/tiago_pro_description:/home/user/exchange/workspace/install/tiago_pro_bringup:/home/user/exchange/workspace/install/tiago_pro_controller_configuration:/home/user/exchange/workspace/install/tiago_pro_2dnav:/home/user/exchange/workspace/install/pal_sea_arm_moveit_config:/home/user/exchange/workspace/install/pal_sea_arm:/home/user/exchange/workspace/install/pal_sea_arm_bringup:/home/user/exchange/workspace/install/pal_sea_arm_description:/home/user/exchange/workspace/install/pal_sea_arm_controller_configuration:/home/user/exchange/workspace/install/pal_pro_gripper_simulation:/home/user/exchange/workspace/install/pal_pro_gripper_bringup:/home/user/exchange/workspace/install/pal_pro_gripper:/home/user/exchange/workspace/install/pal_pro_gripper_controller_configuration:/home/user/exchange/workspace/install/pal_pro_gripper_description:/home/user/exchange/workspace/install/pal_gazebo_worlds:/opt/ros/humble CMAKE_PREFIX_PATH=/home/user/exchange/workspace/install/pal_sea_arm_controller_configuration:/home/user/exchange/workspace/install/pal_pro_gripper_controller_configuration:/home/user/exchange/workspace/install/tiago_manipulation_tasks:/home/user/exchange/workspace/install/tiago_pro_simulation:/home/user/exchange/workspace/install/tiago_pro_robot:/home/user/exchange/workspace/install/tiago_pro_navigation:/home/user/exchange/workspace/install/tiago_pro_gazebo:/home/user/exchange/workspace/install/tiago_pro_rgbd_sensors:/home/user/exchange/workspace/install/tiago_pro_mujoco:/home/user/exchange/workspace/install/tiago_pro_moveit_config:/home/user/exchange/workspace/install/tiago_pro_laser_sensors:/home/user/exchange/workspace/install/tiago_pro_description:/home/user/exchange/workspace/install/tiago_pro_bringup:/home/user/exchange/workspace/install/tiago_pro_controller_configuration:/home/user/exchange/workspace/install/tiago_pro_2dnav:/home/user/exchange/workspace/install/pal_sea_arm_moveit_config:/home/user/exchange/workspace/install/pal_sea_arm:/home/user/exchange/workspace/install/pal_sea_arm_bringup:/home/user/exchange/workspace/install/pal_sea_arm_description:/home/user/exchange/workspace/install/pal_pro_gripper_simulation:/home/user/exchange/workspace/install/pal_pro_gripper_bringup:/home/user/exchange/workspace/install/pal_pro_gripper:/home/user/exchange/workspace/install/pal_pro_gripper_description:/home/user/exchange/workspace/install/pal_gazebo_worlds:/home/user/exchange/workspace/install/pick_task:/home/user/exchange/workspace/install/pal_pro_gripper_wrapper:/opt/ros/humble PYTHONPATH=/home/user/exchange/workspace/install/pal_pro_gripper_wrapper/lib/python3.10/site-packages:/home/user/exchange/workspace/install/pick_task/lib/python3.10/site-packages:/home/user/exchange/workspace/install/tiago_pro_description/local/lib/python3.10/dist-packages:/home/user/exchange/workspace/install/pal_sea_arm_description/local/lib/python3.10/dist-packages:/home/user/exchange/workspace/install/pal_pro_gripper_description/local/lib/python3.10/dist-packages:/opt/ros/humble/lib/python3.10/site-packages:/opt/ros/humble/local/lib/python3.10/dist-packages /usr/bin/cmake --install /home/user/exchange/workspace/build/tiago_pro_controller_configuration
[0.924s] Level 1:colcon.colcon_core.shell:create_environment_hook('tiago_pro_controller_configuration', 'cmake_prefix_path')
[0.924s] INFO:colcon.colcon_core.shell:Creating environment hook '/home/user/exchange/workspace/install/tiago_pro_controller_configuration/share/tiago_pro_controller_configuration/hook/cmake_prefix_path.ps1'
[0.924s] INFO:colcon.colcon_core.shell:Creating environment descriptor '/home/user/exchange/workspace/install/tiago_pro_controller_configuration/share/tiago_pro_controller_configuration/hook/cmake_prefix_path.dsv'
[0.925s] INFO:colcon.colcon_core.shell:Creating environment hook '/home/user/exchange/workspace/install/tiago_pro_controller_configuration/share/tiago_pro_controller_configuration/hook/cmake_prefix_path.sh'
[0.925s] Level 1:colcon.colcon_core.environment:checking '/home/user/exchange/workspace/install/tiago_pro_controller_configuration/bin'
[0.925s] Level 1:colcon.colcon_core.environment:checking '/home/user/exchange/workspace/install/tiago_pro_controller_configuration/lib/pkgconfig/tiago_pro_controller_configuration.pc'
[0.925s] Level 1:colcon.colcon_core.environment:checking '/home/user/exchange/workspace/install/tiago_pro_controller_configuration/lib/python3.10/site-packages'
[0.925s] Level 1:colcon.colcon_core.environment:checking '/home/user/exchange/workspace/install/tiago_pro_controller_configuration/bin'
[0.925s] INFO:colcon.colcon_core.shell:Creating package script '/home/user/exchange/workspace/install/tiago_pro_controller_configuration/share/tiago_pro_controller_configuration/package.ps1'
[0.926s] INFO:colcon.colcon_core.shell:Creating package descriptor '/home/user/exchange/workspace/install/tiago_pro_controller_configuration/share/tiago_pro_controller_configuration/package.dsv'
[0.926s] INFO:colcon.colcon_core.shell:Creating package script '/home/user/exchange/workspace/install/tiago_pro_controller_configuration/share/tiago_pro_controller_configuration/package.sh'
[0.926s] INFO:colcon.colcon_core.shell:Creating package script '/home/user/exchange/workspace/install/tiago_pro_controller_configuration/share/tiago_pro_controller_configuration/package.bash'
[0.926s] INFO:colcon.colcon_core.shell:Creating package script '/home/user/exchange/workspace/install/tiago_pro_controller_configuration/share/tiago_pro_controller_configuration/package.zsh'
[0.926s] Level 1:colcon.colcon_core.environment:create_file_with_runtime_dependencies(/home/user/exchange/workspace/install/tiago_pro_controller_configuration/share/colcon-core/packages/tiago_pro_controller_configuration)
[0.927s] Level 1:colcon.colcon_core.environment:create_environment_scripts_only(tiago_pro_controller_configuration)
[0.927s] Level 1:colcon.colcon_core.environment:checking '/home/user/exchange/workspace/install/tiago_pro_controller_configuration' for CMake module files
[0.927s] Level 1:colcon.colcon_core.environment:checking '/home/user/exchange/workspace/install/tiago_pro_controller_configuration' for CMake config files
[0.927s] Level 1:colcon.colcon_core.shell:create_environment_hook('tiago_pro_controller_configuration', 'cmake_prefix_path')
[0.927s] INFO:colcon.colcon_core.shell:Creating environment hook '/home/user/exchange/workspace/install/tiago_pro_controller_configuration/share/tiago_pro_controller_configuration/hook/cmake_prefix_path.ps1'
[0.928s] INFO:colcon.colcon_core.shell:Creating environment descriptor '/home/user/exchange/workspace/install/tiago_pro_controller_configuration/share/tiago_pro_controller_configuration/hook/cmake_prefix_path.dsv'
[0.928s] INFO:colcon.colcon_core.shell:Creating environment hook '/home/user/exchange/workspace/install/tiago_pro_controller_configuration/share/tiago_pro_controller_configuration/hook/cmake_prefix_path.sh'
[0.928s] Level 1:colcon.colcon_core.environment:checking '/home/user/exchange/workspace/install/tiago_pro_controller_configuration/bin'
[0.928s] Level 1:colcon.colcon_core.environment:checking '/home/user/exchange/workspace/install/tiago_pro_controller_configuration/lib/pkgconfig/tiago_pro_controller_configuration.pc'
[0.928s] Level 1:colcon.colcon_core.environment:checking '/home/user/exchange/workspace/install/tiago_pro_controller_configuration/lib/python3.10/site-packages'
[0.928s] Level 1:colcon.colcon_core.environment:checking '/home/user/exchange/workspace/install/tiago_pro_controller_configuration/bin'
[0.929s] INFO:colcon.colcon_core.shell:Creating package script '/home/user/exchange/workspace/install/tiago_pro_controller_configuration/share/tiago_pro_controller_configuration/package.ps1'
[0.929s] INFO:colcon.colcon_core.shell:Creating package descriptor '/home/user/exchange/workspace/install/tiago_pro_controller_configuration/share/tiago_pro_controller_configuration/package.dsv'
[0.929s] INFO:colcon.colcon_core.shell:Creating package script '/home/user/exchange/workspace/install/tiago_pro_controller_configuration/share/tiago_pro_controller_configuration/package.sh'
[0.929s] INFO:colcon.colcon_core.shell:Creating package script '/home/user/exchange/workspace/install/tiago_pro_controller_configuration/share/tiago_pro_controller_configuration/package.bash'
[0.930s] INFO:colcon.colcon_core.shell:Creating package script '/home/user/exchange/workspace/install/tiago_pro_controller_configuration/share/tiago_pro_controller_configuration/package.zsh'
[0.930s] Level 1:colcon.colcon_core.environment:create_file_with_runtime_dependencies(/home/user/exchange/workspace/install/tiago_pro_controller_configuration/share/colcon-core/packages/tiago_pro_controller_configuration)
[0.930s] INFO:colcon.colcon_ros.task.ament_cmake.build:Building ROS package in '/home/user/exchange/workspace/src/tiago_pro_robot/tiago_pro_bringup' with build type 'ament_cmake'
[0.930s] INFO:colcon.colcon_cmake.task.cmake.build:Building CMake package in '/home/user/exchange/workspace/src/tiago_pro_robot/tiago_pro_bringup'
[0.930s] INFO:colcon.colcon_core.shell:Skip shell extension 'powershell' for command environment: Not usable outside of PowerShell
[0.930s] DEBUG:colcon.colcon_core.shell:Skip shell extension 'dsv' for command environment
[0.938s] DEBUG:colcon.colcon_core.event_handler.log_command:Invoking command in '/home/user/exchange/workspace/build/tiago_pro_bringup': AMENT_PREFIX_PATH=/home/user/exchange/workspace/install/pal_pro_gripper_wrapper:/home/user/exchange/workspace/install/tiago_manipulation_tasks:/home/user/exchange/workspace/install/pick_task:/home/user/exchange/workspace/install/tiago_pro_simulation:/home/user/exchange/workspace/install/tiago_pro_robot:/home/user/exchange/workspace/install/tiago_pro_navigation:/home/user/exchange/workspace/install/tiago_pro_gazebo:/home/user/exchange/workspace/install/tiago_pro_rgbd_sensors:/home/user/exchange/workspace/install/tiago_pro_mujoco:/home/user/exchange/workspace/install/tiago_pro_moveit_config:/home/user/exchange/workspace/install/tiago_pro_laser_sensors:/home/user/exchange/workspace/install/tiago_pro_description:/home/user/exchange/workspace/install/tiago_pro_bringup:/home/user/exchange/workspace/install/tiago_pro_controller_configuration:/home/user/exchange/workspace/install/tiago_pro_2dnav:/home/user/exchange/workspace/install/pal_sea_arm_moveit_config:/home/user/exchange/workspace/install/pal_sea_arm:/home/user/exchange/workspace/install/pal_sea_arm_bringup:/home/user/exchange/workspace/install/pal_sea_arm_description:/home/user/exchange/workspace/install/pal_sea_arm_controller_configuration:/home/user/exchange/workspace/install/pal_pro_gripper_simulation:/home/user/exchange/workspace/install/pal_pro_gripper_bringup:/home/user/exchange/workspace/install/pal_pro_gripper:/home/user/exchange/workspace/install/pal_pro_gripper_controller_configuration:/home/user/exchange/workspace/install/pal_pro_gripper_description:/home/user/exchange/workspace/install/pal_gazebo_worlds:/opt/ros/humble CMAKE_PREFIX_PATH=/home/user/exchange/workspace/install/tiago_pro_controller_configuration:/home/user/exchange/workspace/install/pal_sea_arm_controller_configuration:/home/user/exchange/workspace/install/pal_pro_gripper_controller_configuration:/home/user/exchange/workspace/install/tiago_manipulation_tasks:/home/user/exchange/workspace/install/tiago_pro_simulation:/home/user/exchange/workspace/install/tiago_pro_robot:/home/user/exchange/workspace/install/tiago_pro_navigation:/home/user/exchange/workspace/install/tiago_pro_gazebo:/home/user/exchange/workspace/install/tiago_pro_rgbd_sensors:/home/user/exchange/workspace/install/tiago_pro_mujoco:/home/user/exchange/workspace/install/tiago_pro_moveit_config:/home/user/exchange/workspace/install/tiago_pro_laser_sensors:/home/user/exchange/workspace/install/tiago_pro_description:/home/user/exchange/workspace/install/tiago_pro_bringup:/home/user/exchange/workspace/install/tiago_pro_2dnav:/home/user/exchange/workspace/install/pal_sea_arm_moveit_config:/home/user/exchange/workspace/install/pal_sea_arm:/home/user/exchange/workspace/install/pal_sea_arm_bringup:/home/user/exchange/workspace/install/pal_sea_arm_description:/home/user/exchange/workspace/install/pal_pro_gripper_simulation:/home/user/exchange/workspace/install/pal_pro_gripper_bringup:/home/user/exchange/workspace/install/pal_pro_gripper:/home/user/exchange/workspace/install/pal_pro_gripper_description:/home/user/exchange/workspace/install/pal_gazebo_worlds:/home/user/exchange/workspace/install/pick_task:/home/user/exchange/workspace/install/pal_pro_gripper_wrapper:/opt/ros/humble PYTHONPATH=/home/user/exchange/workspace/install/pal_pro_gripper_wrapper/lib/python3.10/site-packages:/home/user/exchange/workspace/install/pick_task/lib/python3.10/site-packages:/home/user/exchange/workspace/install/tiago_pro_description/local/lib/python3.10/dist-packages:/home/user/exchange/workspace/install/pal_sea_arm_description/local/lib/python3.10/dist-packages:/home/user/exchange/workspace/install/pal_pro_gripper_description/local/lib/python3.10/dist-packages:/opt/ros/humble/lib/python3.10/site-packages:/opt/ros/humble/local/lib/python3.10/dist-packages /usr/bin/cmake --build /home/user/exchange/workspace/build/tiago_pro_bringup -- -j12 -l12
[0.959s] DEBUG:colcon.colcon_core.event_handler.log_command:Invoked command in '/home/user/exchange/workspace/build/tiago_pro_bringup' returned '0': AMENT_PREFIX_PATH=/home/user/exchange/workspace/install/pal_pro_gripper_wrapper:/home/user/exchange/workspace/install/tiago_manipulation_tasks:/home/user/exchange/workspace/install/pick_task:/home/user/exchange/workspace/install/tiago_pro_simulation:/home/user/exchange/workspace/install/tiago_pro_robot:/home/user/exchange/workspace/install/tiago_pro_navigation:/home/user/exchange/workspace/install/tiago_pro_gazebo:/home/user/exchange/workspace/install/tiago_pro_rgbd_sensors:/home/user/exchange/workspace/install/tiago_pro_mujoco:/home/user/exchange/workspace/install/tiago_pro_moveit_config:/home/user/exchange/workspace/install/tiago_pro_laser_sensors:/home/user/exchange/workspace/install/tiago_pro_description:/home/user/exchange/workspace/install/tiago_pro_bringup:/home/user/exchange/workspace/install/tiago_pro_controller_configuration:/home/user/exchange/workspace/install/tiago_pro_2dnav:/home/user/exchange/workspace/install/pal_sea_arm_moveit_config:/home/user/exchange/workspace/install/pal_sea_arm:/home/user/exchange/workspace/install/pal_sea_arm_bringup:/home/user/exchange/workspace/install/pal_sea_arm_description:/home/user/exchange/workspace/install/pal_sea_arm_controller_configuration:/home/user/exchange/workspace/install/pal_pro_gripper_simulation:/home/user/exchange/workspace/install/pal_pro_gripper_bringup:/home/user/exchange/workspace/install/pal_pro_gripper:/home/user/exchange/workspace/install/pal_pro_gripper_controller_configuration:/home/user/exchange/workspace/install/pal_pro_gripper_description:/home/user/exchange/workspace/install/pal_gazebo_worlds:/opt/ros/humble CMAKE_PREFIX_PATH=/home/user/exchange/workspace/install/tiago_pro_controller_configuration:/home/user/exchange/workspace/install/pal_sea_arm_controller_configuration:/home/user/exchange/workspace/install/pal_pro_gripper_controller_configuration:/home/user/exchange/workspace/install/tiago_manipulation_tasks:/home/user/exchange/workspace/install/tiago_pro_simulation:/home/user/exchange/workspace/install/tiago_pro_robot:/home/user/exchange/workspace/install/tiago_pro_navigation:/home/user/exchange/workspace/install/tiago_pro_gazebo:/home/user/exchange/workspace/install/tiago_pro_rgbd_sensors:/home/user/exchange/workspace/install/tiago_pro_mujoco:/home/user/exchange/workspace/install/tiago_pro_moveit_config:/home/user/exchange/workspace/install/tiago_pro_laser_sensors:/home/user/exchange/workspace/install/tiago_pro_description:/home/user/exchange/workspace/install/tiago_pro_bringup:/home/user/exchange/workspace/install/tiago_pro_2dnav:/home/user/exchange/workspace/install/pal_sea_arm_moveit_config:/home/user/exchange/workspace/install/pal_sea_arm:/home/user/exchange/workspace/install/pal_sea_arm_bringup:/home/user/exchange/workspace/install/pal_sea_arm_description:/home/user/exchange/workspace/install/pal_pro_gripper_simulation:/home/user/exchange/workspace/install/pal_pro_gripper_bringup:/home/user/exchange/workspace/install/pal_pro_gripper:/home/user/exchange/workspace/install/pal_pro_gripper_description:/home/user/exchange/workspace/install/pal_gazebo_worlds:/home/user/exchange/workspace/install/pick_task:/home/user/exchange/workspace/install/pal_pro_gripper_wrapper:/opt/ros/humble PYTHONPATH=/home/user/exchange/workspace/install/pal_pro_gripper_wrapper/lib/python3.10/site-packages:/home/user/exchange/workspace/install/pick_task/lib/python3.10/site-packages:/home/user/exchange/workspace/install/tiago_pro_description/local/lib/python3.10/dist-packages:/home/user/exchange/workspace/install/pal_sea_arm_description/local/lib/python3.10/dist-packages:/home/user/exchange/workspace/install/pal_pro_gripper_description/local/lib/python3.10/dist-packages:/opt/ros/humble/lib/python3.10/site-packages:/opt/ros/humble/local/lib/python3.10/dist-packages /usr/bin/cmake --build /home/user/exchange/workspace/build/tiago_pro_bringup -- -j12 -l12
[0.961s] DEBUG:colcon.colcon_core.event_handler.log_command:Invoking command in '/home/user/exchange/workspace/build/tiago_pro_bringup': AMENT_PREFIX_PATH=/home/user/exchange/workspace/install/pal_pro_gripper_wrapper:/home/user/exchange/workspace/install/tiago_manipulation_tasks:/home/user/exchange/workspace/install/pick_task:/home/user/exchange/workspace/install/tiago_pro_simulation:/home/user/exchange/workspace/install/tiago_pro_robot:/home/user/exchange/workspace/install/tiago_pro_navigation:/home/user/exchange/workspace/install/tiago_pro_gazebo:/home/user/exchange/workspace/install/tiago_pro_rgbd_sensors:/home/user/exchange/workspace/install/tiago_pro_mujoco:/home/user/exchange/workspace/install/tiago_pro_moveit_config:/home/user/exchange/workspace/install/tiago_pro_laser_sensors:/home/user/exchange/workspace/install/tiago_pro_description:/home/user/exchange/workspace/install/tiago_pro_bringup:/home/user/exchange/workspace/install/tiago_pro_controller_configuration:/home/user/exchange/workspace/install/tiago_pro_2dnav:/home/user/exchange/workspace/install/pal_sea_arm_moveit_config:/home/user/exchange/workspace/install/pal_sea_arm:/home/user/exchange/workspace/install/pal_sea_arm_bringup:/home/user/exchange/workspace/install/pal_sea_arm_description:/home/user/exchange/workspace/install/pal_sea_arm_controller_configuration:/home/user/exchange/workspace/install/pal_pro_gripper_simulation:/home/user/exchange/workspace/install/pal_pro_gripper_bringup:/home/user/exchange/workspace/install/pal_pro_gripper:/home/user/exchange/workspace/install/pal_pro_gripper_controller_configuration:/home/user/exchange/workspace/install/pal_pro_gripper_description:/home/user/exchange/workspace/install/pal_gazebo_worlds:/opt/ros/humble CMAKE_PREFIX_PATH=/home/user/exchange/workspace/install/tiago_pro_controller_configuration:/home/user/exchange/workspace/install/pal_sea_arm_controller_configuration:/home/user/exchange/workspace/install/pal_pro_gripper_controller_configuration:/home/user/exchange/workspace/install/tiago_manipulation_tasks:/home/user/exchange/workspace/install/tiago_pro_simulation:/home/user/exchange/workspace/install/tiago_pro_robot:/home/user/exchange/workspace/install/tiago_pro_navigation:/home/user/exchange/workspace/install/tiago_pro_gazebo:/home/user/exchange/workspace/install/tiago_pro_rgbd_sensors:/home/user/exchange/workspace/install/tiago_pro_mujoco:/home/user/exchange/workspace/install/tiago_pro_moveit_config:/home/user/exchange/workspace/install/tiago_pro_laser_sensors:/home/user/exchange/workspace/install/tiago_pro_description:/home/user/exchange/workspace/install/tiago_pro_bringup:/home/user/exchange/workspace/install/tiago_pro_2dnav:/home/user/exchange/workspace/install/pal_sea_arm_moveit_config:/home/user/exchange/workspace/install/pal_sea_arm:/home/user/exchange/workspace/install/pal_sea_arm_bringup:/home/user/exchange/workspace/install/pal_sea_arm_description:/home/user/exchange/workspace/install/pal_pro_gripper_simulation:/home/user/exchange/workspace/install/pal_pro_gripper_bringup:/home/user/exchange/workspace/install/pal_pro_gripper:/home/user/exchange/workspace/install/pal_pro_gripper_description:/home/user/exchange/workspace/install/pal_gazebo_worlds:/home/user/exchange/workspace/install/pick_task:/home/user/exchange/workspace/install/pal_pro_gripper_wrapper:/opt/ros/humble PYTHONPATH=/home/user/exchange/workspace/install/pal_pro_gripper_wrapper/lib/python3.10/site-packages:/home/user/exchange/workspace/install/pick_task/lib/python3.10/site-packages:/home/user/exchange/workspace/install/tiago_pro_description/local/lib/python3.10/dist-packages:/home/user/exchange/workspace/install/pal_sea_arm_description/local/lib/python3.10/dist-packages:/home/user/exchange/workspace/install/pal_pro_gripper_description/local/lib/python3.10/dist-packages:/opt/ros/humble/lib/python3.10/site-packages:/opt/ros/humble/local/lib/python3.10/dist-packages /usr/bin/cmake --install /home/user/exchange/workspace/build/tiago_pro_bringup
[0.969s] Level 1:colcon.colcon_core.environment:create_environment_scripts_only(tiago_pro_bringup)
[0.969s] Level 1:colcon.colcon_core.environment:checking '/home/user/exchange/workspace/install/tiago_pro_bringup' for CMake module files
[0.970s] Level 1:colcon.colcon_core.environment:checking '/home/user/exchange/workspace/install/tiago_pro_bringup' for CMake config files
[0.971s] DEBUG:colcon.colcon_core.event_handler.log_command:Invoked command in '/home/user/exchange/workspace/build/tiago_pro_bringup' returned '0': AMENT_PREFIX_PATH=/home/user/exchange/workspace/install/pal_pro_gripper_wrapper:/home/user/exchange/workspace/install/tiago_manipulation_tasks:/home/user/exchange/workspace/install/pick_task:/home/user/exchange/workspace/install/tiago_pro_simulation:/home/user/exchange/workspace/install/tiago_pro_robot:/home/user/exchange/workspace/install/tiago_pro_navigation:/home/user/exchange/workspace/install/tiago_pro_gazebo:/home/user/exchange/workspace/install/tiago_pro_rgbd_sensors:/home/user/exchange/workspace/install/tiago_pro_mujoco:/home/user/exchange/workspace/install/tiago_pro_moveit_config:/home/user/exchange/workspace/install/tiago_pro_laser_sensors:/home/user/exchange/workspace/install/tiago_pro_description:/home/user/exchange/workspace/install/tiago_pro_bringup:/home/user/exchange/workspace/install/tiago_pro_controller_configuration:/home/user/exchange/workspace/install/tiago_pro_2dnav:/home/user/exchange/workspace/install/pal_sea_arm_moveit_config:/home/user/exchange/workspace/install/pal_sea_arm:/home/user/exchange/workspace/install/pal_sea_arm_bringup:/home/user/exchange/workspace/install/pal_sea_arm_description:/home/user/exchange/workspace/install/pal_sea_arm_controller_configuration:/home/user/exchange/workspace/install/pal_pro_gripper_simulation:/home/user/exchange/workspace/install/pal_pro_gripper_bringup:/home/user/exchange/workspace/install/pal_pro_gripper:/home/user/exchange/workspace/install/pal_pro_gripper_controller_configuration:/home/user/exchange/workspace/install/pal_pro_gripper_description:/home/user/exchange/workspace/install/pal_gazebo_worlds:/opt/ros/humble CMAKE_PREFIX_PATH=/home/user/exchange/workspace/install/tiago_pro_controller_configuration:/home/user/exchange/workspace/install/pal_sea_arm_controller_configuration:/home/user/exchange/workspace/install/pal_pro_gripper_controller_configuration:/home/user/exchange/workspace/install/tiago_manipulation_tasks:/home/user/exchange/workspace/install/tiago_pro_simulation:/home/user/exchange/workspace/install/tiago_pro_robot:/home/user/exchange/workspace/install/tiago_pro_navigation:/home/user/exchange/workspace/install/tiago_pro_gazebo:/home/user/exchange/workspace/install/tiago_pro_rgbd_sensors:/home/user/exchange/workspace/install/tiago_pro_mujoco:/home/user/exchange/workspace/install/tiago_pro_moveit_config:/home/user/exchange/workspace/install/tiago_pro_laser_sensors:/home/user/exchange/workspace/install/tiago_pro_description:/home/user/exchange/workspace/install/tiago_pro_bringup:/home/user/exchange/workspace/install/tiago_pro_2dnav:/home/user/exchange/workspace/install/pal_sea_arm_moveit_config:/home/user/exchange/workspace/install/pal_sea_arm:/home/user/exchange/workspace/install/pal_sea_arm_bringup:/home/user/exchange/workspace/install/pal_sea_arm_description:/home/user/exchange/workspace/install/pal_pro_gripper_simulation:/home/user/exchange/workspace/install/pal_pro_gripper_bringup:/home/user/exchange/workspace/install/pal_pro_gripper:/home/user/exchange/workspace/install/pal_pro_gripper_description:/home/user/exchange/workspace/install/pal_gazebo_worlds:/home/user/exchange/workspace/install/pick_task:/home/user/exchange/workspace/install/pal_pro_gripper_wrapper:/opt/ros/humble PYTHONPATH=/home/user/exchange/workspace/install/pal_pro_gripper_wrapper/lib/python3.10/site-packages:/home/user/exchange/workspace/install/pick_task/lib/python3.10/site-packages:/home/user/exchange/workspace/install/tiago_pro_description/local/lib/python3.10/dist-packages:/home/user/exchange/workspace/install/pal_sea_arm_description/local/lib/python3.10/dist-packages:/home/user/exchange/workspace/install/pal_pro_gripper_description/local/lib/python3.10/dist-packages:/opt/ros/humble/lib/python3.10/site-packages:/opt/ros/humble/local/lib/python3.10/dist-packages /usr/bin/cmake --install /home/user/exchange/workspace/build/tiago_pro_bringup
[0.971s] Level 1:colcon.colcon_core.shell:create_environment_hook('tiago_pro_bringup', 'cmake_prefix_path')
[0.971s] INFO:colcon.colcon_core.shell:Creating environment hook '/home/user/exchange/workspace/install/tiago_pro_bringup/share/tiago_pro_bringup/hook/cmake_prefix_path.ps1'
[0.972s] INFO:colcon.colcon_core.shell:Creating environment descriptor '/home/user/exchange/workspace/install/tiago_pro_bringup/share/tiago_pro_bringup/hook/cmake_prefix_path.dsv'
[0.972s] INFO:colcon.colcon_core.shell:Creating environment hook '/home/user/exchange/workspace/install/tiago_pro_bringup/share/tiago_pro_bringup/hook/cmake_prefix_path.sh'
[0.972s] Level 1:colcon.colcon_core.environment:checking '/home/user/exchange/workspace/install/tiago_pro_bringup/lib'
[0.972s] Level 1:colcon.colcon_core.environment:checking '/home/user/exchange/workspace/install/tiago_pro_bringup/bin'
[0.972s] Level 1:colcon.colcon_core.environment:checking '/home/user/exchange/workspace/install/tiago_pro_bringup/lib/pkgconfig/tiago_pro_bringup.pc'
[0.972s] Level 1:colcon.colcon_core.environment:checking '/home/user/exchange/workspace/install/tiago_pro_bringup/lib/python3.10/site-packages'
[0.973s] Level 1:colcon.colcon_core.environment:checking '/home/user/exchange/workspace/install/tiago_pro_bringup/bin'
[0.973s] INFO:colcon.colcon_core.shell:Creating package script '/home/user/exchange/workspace/install/tiago_pro_bringup/share/tiago_pro_bringup/package.ps1'
[0.973s] INFO:colcon.colcon_core.shell:Creating package descriptor '/home/user/exchange/workspace/install/tiago_pro_bringup/share/tiago_pro_bringup/package.dsv'
[0.973s] INFO:colcon.colcon_core.shell:Creating package script '/home/user/exchange/workspace/install/tiago_pro_bringup/share/tiago_pro_bringup/package.sh'
[0.974s] INFO:colcon.colcon_core.shell:Creating package script '/home/user/exchange/workspace/install/tiago_pro_bringup/share/tiago_pro_bringup/package.bash'
[0.974s] INFO:colcon.colcon_core.shell:Creating package script '/home/user/exchange/workspace/install/tiago_pro_bringup/share/tiago_pro_bringup/package.zsh'
[0.974s] Level 1:colcon.colcon_core.environment:create_file_with_runtime_dependencies(/home/user/exchange/workspace/install/tiago_pro_bringup/share/colcon-core/packages/tiago_pro_bringup)
[0.974s] Level 1:colcon.colcon_core.environment:create_environment_scripts_only(tiago_pro_bringup)
[0.974s] Level 1:colcon.colcon_core.environment:checking '/home/user/exchange/workspace/install/tiago_pro_bringup' for CMake module files
[0.975s] Level 1:colcon.colcon_core.environment:checking '/home/user/exchange/workspace/install/tiago_pro_bringup' for CMake config files
[0.975s] Level 1:colcon.colcon_core.shell:create_environment_hook('tiago_pro_bringup', 'cmake_prefix_path')
[0.975s] INFO:colcon.colcon_core.shell:Creating environment hook '/home/user/exchange/workspace/install/tiago_pro_bringup/share/tiago_pro_bringup/hook/cmake_prefix_path.ps1'
[0.975s] INFO:colcon.colcon_core.shell:Creating environment descriptor '/home/user/exchange/workspace/install/tiago_pro_bringup/share/tiago_pro_bringup/hook/cmake_prefix_path.dsv'
[0.975s] INFO:colcon.colcon_core.shell:Creating environment hook '/home/user/exchange/workspace/install/tiago_pro_bringup/share/tiago_pro_bringup/hook/cmake_prefix_path.sh'
[0.976s] Level 1:colcon.colcon_core.environment:checking '/home/user/exchange/workspace/install/tiago_pro_bringup/lib'
[0.976s] Level 1:colcon.colcon_core.environment:checking '/home/user/exchange/workspace/install/tiago_pro_bringup/bin'
[0.976s] Level 1:colcon.colcon_core.environment:checking '/home/user/exchange/workspace/install/tiago_pro_bringup/lib/pkgconfig/tiago_pro_bringup.pc'
[0.976s] Level 1:colcon.colcon_core.environment:checking '/home/user/exchange/workspace/install/tiago_pro_bringup/lib/python3.10/site-packages'
[0.976s] Level 1:colcon.colcon_core.environment:checking '/home/user/exchange/workspace/install/tiago_pro_bringup/bin'
[0.976s] INFO:colcon.colcon_core.shell:Creating package script '/home/user/exchange/workspace/install/tiago_pro_bringup/share/tiago_pro_bringup/package.ps1'
[0.976s] INFO:colcon.colcon_core.shell:Creating package descriptor '/home/user/exchange/workspace/install/tiago_pro_bringup/share/tiago_pro_bringup/package.dsv'
[0.977s] INFO:colcon.colcon_core.shell:Creating package script '/home/user/exchange/workspace/install/tiago_pro_bringup/share/tiago_pro_bringup/package.sh'
[0.977s] INFO:colcon.colcon_core.shell:Creating package script '/home/user/exchange/workspace/install/tiago_pro_bringup/share/tiago_pro_bringup/package.bash'
[0.977s] INFO:colcon.colcon_core.shell:Creating package script '/home/user/exchange/workspace/install/tiago_pro_bringup/share/tiago_pro_bringup/package.zsh'
[0.977s] Level 1:colcon.colcon_core.environment:create_file_with_runtime_dependencies(/home/user/exchange/workspace/install/tiago_pro_bringup/share/colcon-core/packages/tiago_pro_bringup)
[1.079s] DEBUG:colcon.colcon_core.event_handler.log_command:Invoked command in '/home/user/exchange/workspace/build/pal_sea_arm_description' returned '0': AMENT_PREFIX_PATH=/home/user/exchange/workspace/install/pal_pro_gripper_wrapper:/home/user/exchange/workspace/install/tiago_manipulation_tasks:/home/user/exchange/workspace/install/pick_task:/home/user/exchange/workspace/install/tiago_pro_simulation:/home/user/exchange/workspace/install/tiago_pro_robot:/home/user/exchange/workspace/install/tiago_pro_navigation:/home/user/exchange/workspace/install/tiago_pro_gazebo:/home/user/exchange/workspace/install/tiago_pro_rgbd_sensors:/home/user/exchange/workspace/install/tiago_pro_mujoco:/home/user/exchange/workspace/install/tiago_pro_moveit_config:/home/user/exchange/workspace/install/tiago_pro_laser_sensors:/home/user/exchange/workspace/install/tiago_pro_description:/home/user/exchange/workspace/install/tiago_pro_bringup:/home/user/exchange/workspace/install/tiago_pro_controller_configuration:/home/user/exchange/workspace/install/tiago_pro_2dnav:/home/user/exchange/workspace/install/pal_sea_arm_moveit_config:/home/user/exchange/workspace/install/pal_sea_arm:/home/user/exchange/workspace/install/pal_sea_arm_bringup:/home/user/exchange/workspace/install/pal_sea_arm_description:/home/user/exchange/workspace/install/pal_sea_arm_controller_configuration:/home/user/exchange/workspace/install/pal_pro_gripper_simulation:/home/user/exchange/workspace/install/pal_pro_gripper_bringup:/home/user/exchange/workspace/install/pal_pro_gripper:/home/user/exchange/workspace/install/pal_pro_gripper_controller_configuration:/home/user/exchange/workspace/install/pal_pro_gripper_description:/home/user/exchange/workspace/install/pal_gazebo_worlds:/opt/ros/humble CMAKE_PREFIX_PATH=/home/user/exchange/workspace/install/pal_sea_arm_controller_configuration:/home/user/exchange/workspace/install/pal_pro_gripper_controller_configuration:/home/user/exchange/workspace/install/pal_pro_gripper_description:/home/user/exchange/workspace/install/tiago_manipulation_tasks:/home/user/exchange/workspace/install/tiago_pro_simulation:/home/user/exchange/workspace/install/tiago_pro_robot:/home/user/exchange/workspace/install/tiago_pro_navigation:/home/user/exchange/workspace/install/tiago_pro_gazebo:/home/user/exchange/workspace/install/tiago_pro_rgbd_sensors:/home/user/exchange/workspace/install/tiago_pro_mujoco:/home/user/exchange/workspace/install/tiago_pro_moveit_config:/home/user/exchange/workspace/install/tiago_pro_laser_sensors:/home/user/exchange/workspace/install/tiago_pro_description:/home/user/exchange/workspace/install/tiago_pro_bringup:/home/user/exchange/workspace/install/tiago_pro_controller_configuration:/home/user/exchange/workspace/install/tiago_pro_2dnav:/home/user/exchange/workspace/install/pal_sea_arm_moveit_config:/home/user/exchange/workspace/install/pal_sea_arm:/home/user/exchange/workspace/install/pal_sea_arm_bringup:/home/user/exchange/workspace/install/pal_sea_arm_description:/home/user/exchange/workspace/install/pal_pro_gripper_simulation:/home/user/exchange/workspace/install/pal_pro_gripper_bringup:/home/user/exchange/workspace/install/pal_pro_gripper:/home/user/exchange/workspace/install/pal_gazebo_worlds:/home/user/exchange/workspace/install/pick_task:/home/user/exchange/workspace/install/pal_pro_gripper_wrapper:/opt/ros/humble PYTHONPATH=/home/user/exchange/workspace/install/pal_pro_gripper_wrapper/lib/python3.10/site-packages:/home/user/exchange/workspace/install/pick_task/lib/python3.10/site-packages:/home/user/exchange/workspace/install/tiago_pro_description/local/lib/python3.10/dist-packages:/home/user/exchange/workspace/install/pal_sea_arm_description/local/lib/python3.10/dist-packages:/home/user/exchange/workspace/install/pal_pro_gripper_description/local/lib/python3.10/dist-packages:/opt/ros/humble/lib/python3.10/site-packages:/opt/ros/humble/local/lib/python3.10/dist-packages /usr/bin/cmake --build /home/user/exchange/workspace/build/pal_sea_arm_description -- -j12 -l12
[1.080s] DEBUG:colcon.colcon_core.event_handler.log_command:Invoking command in '/home/user/exchange/workspace/build/pal_sea_arm_description': AMENT_PREFIX_PATH=/home/user/exchange/workspace/install/pal_pro_gripper_wrapper:/home/user/exchange/workspace/install/tiago_manipulation_tasks:/home/user/exchange/workspace/install/pick_task:/home/user/exchange/workspace/install/tiago_pro_simulation:/home/user/exchange/workspace/install/tiago_pro_robot:/home/user/exchange/workspace/install/tiago_pro_navigation:/home/user/exchange/workspace/install/tiago_pro_gazebo:/home/user/exchange/workspace/install/tiago_pro_rgbd_sensors:/home/user/exchange/workspace/install/tiago_pro_mujoco:/home/user/exchange/workspace/install/tiago_pro_moveit_config:/home/user/exchange/workspace/install/tiago_pro_laser_sensors:/home/user/exchange/workspace/install/tiago_pro_description:/home/user/exchange/workspace/install/tiago_pro_bringup:/home/user/exchange/workspace/install/tiago_pro_controller_configuration:/home/user/exchange/workspace/install/tiago_pro_2dnav:/home/user/exchange/workspace/install/pal_sea_arm_moveit_config:/home/user/exchange/workspace/install/pal_sea_arm:/home/user/exchange/workspace/install/pal_sea_arm_bringup:/home/user/exchange/workspace/install/pal_sea_arm_description:/home/user/exchange/workspace/install/pal_sea_arm_controller_configuration:/home/user/exchange/workspace/install/pal_pro_gripper_simulation:/home/user/exchange/workspace/install/pal_pro_gripper_bringup:/home/user/exchange/workspace/install/pal_pro_gripper:/home/user/exchange/workspace/install/pal_pro_gripper_controller_configuration:/home/user/exchange/workspace/install/pal_pro_gripper_description:/home/user/exchange/workspace/install/pal_gazebo_worlds:/opt/ros/humble CMAKE_PREFIX_PATH=/home/user/exchange/workspace/install/pal_sea_arm_controller_configuration:/home/user/exchange/workspace/install/pal_pro_gripper_controller_configuration:/home/user/exchange/workspace/install/pal_pro_gripper_description:/home/user/exchange/workspace/install/tiago_manipulation_tasks:/home/user/exchange/workspace/install/tiago_pro_simulation:/home/user/exchange/workspace/install/tiago_pro_robot:/home/user/exchange/workspace/install/tiago_pro_navigation:/home/user/exchange/workspace/install/tiago_pro_gazebo:/home/user/exchange/workspace/install/tiago_pro_rgbd_sensors:/home/user/exchange/workspace/install/tiago_pro_mujoco:/home/user/exchange/workspace/install/tiago_pro_moveit_config:/home/user/exchange/workspace/install/tiago_pro_laser_sensors:/home/user/exchange/workspace/install/tiago_pro_description:/home/user/exchange/workspace/install/tiago_pro_bringup:/home/user/exchange/workspace/install/tiago_pro_controller_configuration:/home/user/exchange/workspace/install/tiago_pro_2dnav:/home/user/exchange/workspace/install/pal_sea_arm_moveit_config:/home/user/exchange/workspace/install/pal_sea_arm:/home/user/exchange/workspace/install/pal_sea_arm_bringup:/home/user/exchange/workspace/install/pal_sea_arm_description:/home/user/exchange/workspace/install/pal_pro_gripper_simulation:/home/user/exchange/workspace/install/pal_pro_gripper_bringup:/home/user/exchange/workspace/install/pal_pro_gripper:/home/user/exchange/workspace/install/pal_gazebo_worlds:/home/user/exchange/workspace/install/pick_task:/home/user/exchange/workspace/install/pal_pro_gripper_wrapper:/opt/ros/humble PYTHONPATH=/home/user/exchange/workspace/install/pal_pro_gripper_wrapper/lib/python3.10/site-packages:/home/user/exchange/workspace/install/pick_task/lib/python3.10/site-packages:/home/user/exchange/workspace/install/tiago_pro_description/local/lib/python3.10/dist-packages:/home/user/exchange/workspace/install/pal_sea_arm_description/local/lib/python3.10/dist-packages:/home/user/exchange/workspace/install/pal_pro_gripper_description/local/lib/python3.10/dist-packages:/opt/ros/humble/lib/python3.10/site-packages:/opt/ros/humble/local/lib/python3.10/dist-packages /usr/bin/cmake --install /home/user/exchange/workspace/build/pal_sea_arm_description
[1.112s] Level 1:colcon.colcon_core.environment:create_environment_scripts_only(pal_sea_arm_description)
[1.112s] Level 1:colcon.colcon_core.environment:checking '/home/user/exchange/workspace/install/pal_sea_arm_description' for CMake module files
[1.113s] Level 1:colcon.colcon_core.environment:checking '/home/user/exchange/workspace/install/pal_sea_arm_description' for CMake config files
[1.115s] Level 1:colcon.colcon_core.shell:create_environment_hook('pal_sea_arm_description', 'cmake_prefix_path')
[1.115s] INFO:colcon.colcon_core.shell:Creating environment hook '/home/user/exchange/workspace/install/pal_sea_arm_description/share/pal_sea_arm_description/hook/cmake_prefix_path.ps1'
[1.116s] INFO:colcon.colcon_core.shell:Creating environment descriptor '/home/user/exchange/workspace/install/pal_sea_arm_description/share/pal_sea_arm_description/hook/cmake_prefix_path.dsv'
[1.116s] INFO:colcon.colcon_core.shell:Creating environment hook '/home/user/exchange/workspace/install/pal_sea_arm_description/share/pal_sea_arm_description/hook/cmake_prefix_path.sh'
[1.117s] Level 1:colcon.colcon_core.environment:checking '/home/user/exchange/workspace/install/pal_sea_arm_description/bin'
[1.117s] Level 1:colcon.colcon_core.environment:checking '/home/user/exchange/workspace/install/pal_sea_arm_description/lib/pkgconfig/pal_sea_arm_description.pc'
[1.117s] Level 1:colcon.colcon_core.environment:checking '/home/user/exchange/workspace/install/pal_sea_arm_description/lib/python3.10/site-packages'
[1.117s] Level 1:colcon.colcon_core.environment:checking '/home/user/exchange/workspace/install/pal_sea_arm_description/bin'
[1.117s] INFO:colcon.colcon_core.shell:Creating package script '/home/user/exchange/workspace/install/pal_sea_arm_description/share/pal_sea_arm_description/package.ps1'
[1.118s] INFO:colcon.colcon_core.shell:Creating package descriptor '/home/user/exchange/workspace/install/pal_sea_arm_description/share/pal_sea_arm_description/package.dsv'
[1.118s] INFO:colcon.colcon_core.shell:Creating package script '/home/user/exchange/workspace/install/pal_sea_arm_description/share/pal_sea_arm_description/package.sh'
[1.119s] INFO:colcon.colcon_core.shell:Creating package script '/home/user/exchange/workspace/install/pal_sea_arm_description/share/pal_sea_arm_description/package.bash'
[1.119s] INFO:colcon.colcon_core.shell:Creating package script '/home/user/exchange/workspace/install/pal_sea_arm_description/share/pal_sea_arm_description/package.zsh'
[1.119s] Level 1:colcon.colcon_core.environment:create_file_with_runtime_dependencies(/home/user/exchange/workspace/install/pal_sea_arm_description/share/colcon-core/packages/pal_sea_arm_description)
[1.120s] Level 1:colcon.colcon_core.environment:create_environment_scripts_only(pal_sea_arm_description)
[1.120s] Level 1:colcon.colcon_core.environment:checking '/home/user/exchange/workspace/install/pal_sea_arm_description' for CMake module files
[1.121s] Level 1:colcon.colcon_core.environment:checking '/home/user/exchange/workspace/install/pal_sea_arm_description' for CMake config files
[1.123s] Level 1:colcon.colcon_core.shell:create_environment_hook('pal_sea_arm_description', 'cmake_prefix_path')
[1.123s] INFO:colcon.colcon_core.shell:Creating environment hook '/home/user/exchange/workspace/install/pal_sea_arm_description/share/pal_sea_arm_description/hook/cmake_prefix_path.ps1'
[1.124s] INFO:colcon.colcon_core.shell:Creating environment descriptor '/home/user/exchange/workspace/install/pal_sea_arm_description/share/pal_sea_arm_description/hook/cmake_prefix_path.dsv'
[1.124s] INFO:colcon.colcon_core.shell:Creating environment hook '/home/user/exchange/workspace/install/pal_sea_arm_description/share/pal_sea_arm_description/hook/cmake_prefix_path.sh'
[1.125s] DEBUG:colcon.colcon_core.event_handler.log_command:Invoked command in '/home/user/exchange/workspace/build/pal_sea_arm_description' returned '0': AMENT_PREFIX_PATH=/home/user/exchange/workspace/install/pal_pro_gripper_wrapper:/home/user/exchange/workspace/install/tiago_manipulation_tasks:/home/user/exchange/workspace/install/pick_task:/home/user/exchange/workspace/install/tiago_pro_simulation:/home/user/exchange/workspace/install/tiago_pro_robot:/home/user/exchange/workspace/install/tiago_pro_navigation:/home/user/exchange/workspace/install/tiago_pro_gazebo:/home/user/exchange/workspace/install/tiago_pro_rgbd_sensors:/home/user/exchange/workspace/install/tiago_pro_mujoco:/home/user/exchange/workspace/install/tiago_pro_moveit_config:/home/user/exchange/workspace/install/tiago_pro_laser_sensors:/home/user/exchange/workspace/install/tiago_pro_description:/home/user/exchange/workspace/install/tiago_pro_bringup:/home/user/exchange/workspace/install/tiago_pro_controller_configuration:/home/user/exchange/workspace/install/tiago_pro_2dnav:/home/user/exchange/workspace/install/pal_sea_arm_moveit_config:/home/user/exchange/workspace/install/pal_sea_arm:/home/user/exchange/workspace/install/pal_sea_arm_bringup:/home/user/exchange/workspace/install/pal_sea_arm_description:/home/user/exchange/workspace/install/pal_sea_arm_controller_configuration:/home/user/exchange/workspace/install/pal_pro_gripper_simulation:/home/user/exchange/workspace/install/pal_pro_gripper_bringup:/home/user/exchange/workspace/install/pal_pro_gripper:/home/user/exchange/workspace/install/pal_pro_gripper_controller_configuration:/home/user/exchange/workspace/install/pal_pro_gripper_description:/home/user/exchange/workspace/install/pal_gazebo_worlds:/opt/ros/humble CMAKE_PREFIX_PATH=/home/user/exchange/workspace/install/pal_sea_arm_controller_configuration:/home/user/exchange/workspace/install/pal_pro_gripper_controller_configuration:/home/user/exchange/workspace/install/pal_pro_gripper_description:/home/user/exchange/workspace/install/tiago_manipulation_tasks:/home/user/exchange/workspace/install/tiago_pro_simulation:/home/user/exchange/workspace/install/tiago_pro_robot:/home/user/exchange/workspace/install/tiago_pro_navigation:/home/user/exchange/workspace/install/tiago_pro_gazebo:/home/user/exchange/workspace/install/tiago_pro_rgbd_sensors:/home/user/exchange/workspace/install/tiago_pro_mujoco:/home/user/exchange/workspace/install/tiago_pro_moveit_config:/home/user/exchange/workspace/install/tiago_pro_laser_sensors:/home/user/exchange/workspace/install/tiago_pro_description:/home/user/exchange/workspace/install/tiago_pro_bringup:/home/user/exchange/workspace/install/tiago_pro_controller_configuration:/home/user/exchange/workspace/install/tiago_pro_2dnav:/home/user/exchange/workspace/install/pal_sea_arm_moveit_config:/home/user/exchange/workspace/install/pal_sea_arm:/home/user/exchange/workspace/install/pal_sea_arm_bringup:/home/user/exchange/workspace/install/pal_sea_arm_description:/home/user/exchange/workspace/install/pal_pro_gripper_simulation:/home/user/exchange/workspace/install/pal_pro_gripper_bringup:/home/user/exchange/workspace/install/pal_pro_gripper:/home/user/exchange/workspace/install/pal_gazebo_worlds:/home/user/exchange/workspace/install/pick_task:/home/user/exchange/workspace/install/pal_pro_gripper_wrapper:/opt/ros/humble PYTHONPATH=/home/user/exchange/workspace/install/pal_pro_gripper_wrapper/lib/python3.10/site-packages:/home/user/exchange/workspace/install/pick_task/lib/python3.10/site-packages:/home/user/exchange/workspace/install/tiago_pro_description/local/lib/python3.10/dist-packages:/home/user/exchange/workspace/install/pal_sea_arm_description/local/lib/python3.10/dist-packages:/home/user/exchange/workspace/install/pal_pro_gripper_description/local/lib/python3.10/dist-packages:/opt/ros/humble/lib/python3.10/site-packages:/opt/ros/humble/local/lib/python3.10/dist-packages /usr/bin/cmake --install /home/user/exchange/workspace/build/pal_sea_arm_description
[1.125s] Level 1:colcon.colcon_core.environment:checking '/home/user/exchange/workspace/install/pal_sea_arm_description/bin'
[1.125s] Level 1:colcon.colcon_core.environment:checking '/home/user/exchange/workspace/install/pal_sea_arm_description/lib/pkgconfig/pal_sea_arm_description.pc'
[1.125s] Level 1:colcon.colcon_core.environment:checking '/home/user/exchange/workspace/install/pal_sea_arm_description/lib/python3.10/site-packages'
[1.125s] Level 1:colcon.colcon_core.environment:checking '/home/user/exchange/workspace/install/pal_sea_arm_description/bin'
[1.125s] INFO:colcon.colcon_core.shell:Creating package script '/home/user/exchange/workspace/install/pal_sea_arm_description/share/pal_sea_arm_description/package.ps1'
[1.125s] INFO:colcon.colcon_core.shell:Creating package descriptor '/home/user/exchange/workspace/install/pal_sea_arm_description/share/pal_sea_arm_description/package.dsv'
[1.126s] INFO:colcon.colcon_core.shell:Creating package script '/home/user/exchange/workspace/install/pal_sea_arm_description/share/pal_sea_arm_description/package.sh'
[1.126s] INFO:colcon.colcon_core.shell:Creating package script '/home/user/exchange/workspace/install/pal_sea_arm_description/share/pal_sea_arm_description/package.bash'
[1.126s] INFO:colcon.colcon_core.shell:Creating package script '/home/user/exchange/workspace/install/pal_sea_arm_description/share/pal_sea_arm_description/package.zsh'
[1.126s] Level 1:colcon.colcon_core.environment:create_file_with_runtime_dependencies(/home/user/exchange/workspace/install/pal_sea_arm_description/share/colcon-core/packages/pal_sea_arm_description)
[1.127s] INFO:colcon.colcon_ros.task.ament_cmake.build:Building ROS package in '/home/user/exchange/workspace/src/tiago_pro_robot/tiago_pro_description' with build type 'ament_cmake'
[1.127s] INFO:colcon.colcon_cmake.task.cmake.build:Building CMake package in '/home/user/exchange/workspace/src/tiago_pro_robot/tiago_pro_description'
[1.127s] INFO:colcon.colcon_core.shell:Skip shell extension 'powershell' for command environment: Not usable outside of PowerShell
[1.127s] DEBUG:colcon.colcon_core.shell:Skip shell extension 'dsv' for command environment
[1.130s] INFO:colcon.colcon_ros.task.ament_cmake.build:Building ROS package in '/home/user/exchange/workspace/src/pal_sea_arm_moveit_config' with build type 'ament_cmake'
[1.130s] INFO:colcon.colcon_cmake.task.cmake.build:Building CMake package in '/home/user/exchange/workspace/src/pal_sea_arm_moveit_config'
[1.131s] INFO:colcon.colcon_core.shell:Skip shell extension 'powershell' for command environment: Not usable outside of PowerShell
[1.131s] DEBUG:colcon.colcon_core.shell:Skip shell extension 'dsv' for command environment
[1.134s] INFO:colcon.colcon_ros.task.ament_cmake.build:Building ROS package in '/home/user/exchange/workspace/src/pal_sea_arm/pal_sea_arm_bringup' with build type 'ament_cmake'
[1.134s] INFO:colcon.colcon_cmake.task.cmake.build:Building CMake package in '/home/user/exchange/workspace/src/pal_sea_arm/pal_sea_arm_bringup'
[1.134s] INFO:colcon.colcon_core.shell:Skip shell extension 'powershell' for command environment: Not usable outside of PowerShell
[1.134s] DEBUG:colcon.colcon_core.shell:Skip shell extension 'dsv' for command environment
[1.139s] DEBUG:colcon.colcon_core.event_handler.log_command:Invoking command in '/home/user/exchange/workspace/build/tiago_pro_description': AMENT_PREFIX_PATH=/home/user/exchange/workspace/install/pal_pro_gripper_wrapper:/home/user/exchange/workspace/install/tiago_manipulation_tasks:/home/user/exchange/workspace/install/pick_task:/home/user/exchange/workspace/install/tiago_pro_simulation:/home/user/exchange/workspace/install/tiago_pro_robot:/home/user/exchange/workspace/install/tiago_pro_navigation:/home/user/exchange/workspace/install/tiago_pro_gazebo:/home/user/exchange/workspace/install/tiago_pro_rgbd_sensors:/home/user/exchange/workspace/install/tiago_pro_mujoco:/home/user/exchange/workspace/install/tiago_pro_moveit_config:/home/user/exchange/workspace/install/tiago_pro_laser_sensors:/home/user/exchange/workspace/install/tiago_pro_description:/home/user/exchange/workspace/install/tiago_pro_bringup:/home/user/exchange/workspace/install/tiago_pro_controller_configuration:/home/user/exchange/workspace/install/tiago_pro_2dnav:/home/user/exchange/workspace/install/pal_sea_arm_moveit_config:/home/user/exchange/workspace/install/pal_sea_arm:/home/user/exchange/workspace/install/pal_sea_arm_bringup:/home/user/exchange/workspace/install/pal_sea_arm_description:/home/user/exchange/workspace/install/pal_sea_arm_controller_configuration:/home/user/exchange/workspace/install/pal_pro_gripper_simulation:/home/user/exchange/workspace/install/pal_pro_gripper_bringup:/home/user/exchange/workspace/install/pal_pro_gripper:/home/user/exchange/workspace/install/pal_pro_gripper_controller_configuration:/home/user/exchange/workspace/install/pal_pro_gripper_description:/home/user/exchange/workspace/install/pal_gazebo_worlds:/opt/ros/humble CMAKE_PREFIX_PATH=/home/user/exchange/workspace/install/pal_sea_arm_description:/home/user/exchange/workspace/install/pal_sea_arm_controller_configuration:/home/user/exchange/workspace/install/pal_pro_gripper_controller_configuration:/home/user/exchange/workspace/install/pal_pro_gripper_description:/home/user/exchange/workspace/install/tiago_manipulation_tasks:/home/user/exchange/workspace/install/tiago_pro_simulation:/home/user/exchange/workspace/install/tiago_pro_robot:/home/user/exchange/workspace/install/tiago_pro_navigation:/home/user/exchange/workspace/install/tiago_pro_gazebo:/home/user/exchange/workspace/install/tiago_pro_rgbd_sensors:/home/user/exchange/workspace/install/tiago_pro_mujoco:/home/user/exchange/workspace/install/tiago_pro_moveit_config:/home/user/exchange/workspace/install/tiago_pro_laser_sensors:/home/user/exchange/workspace/install/tiago_pro_description:/home/user/exchange/workspace/install/tiago_pro_bringup:/home/user/exchange/workspace/install/tiago_pro_controller_configuration:/home/user/exchange/workspace/install/tiago_pro_2dnav:/home/user/exchange/workspace/install/pal_sea_arm_moveit_config:/home/user/exchange/workspace/install/pal_sea_arm:/home/user/exchange/workspace/install/pal_sea_arm_bringup:/home/user/exchange/workspace/install/pal_pro_gripper_simulation:/home/user/exchange/workspace/install/pal_pro_gripper_bringup:/home/user/exchange/workspace/install/pal_pro_gripper:/home/user/exchange/workspace/install/pal_gazebo_worlds:/home/user/exchange/workspace/install/pick_task:/home/user/exchange/workspace/install/pal_pro_gripper_wrapper:/opt/ros/humble PYTHONPATH=/home/user/exchange/workspace/install/pal_pro_gripper_wrapper/lib/python3.10/site-packages:/home/user/exchange/workspace/install/pick_task/lib/python3.10/site-packages:/home/user/exchange/workspace/install/tiago_pro_description/local/lib/python3.10/dist-packages:/home/user/exchange/workspace/install/pal_sea_arm_description/local/lib/python3.10/dist-packages:/home/user/exchange/workspace/install/pal_pro_gripper_description/local/lib/python3.10/dist-packages:/opt/ros/humble/lib/python3.10/site-packages:/opt/ros/humble/local/lib/python3.10/dist-packages /usr/bin/cmake --build /home/user/exchange/workspace/build/tiago_pro_description -- -j12 -l12
[1.141s] DEBUG:colcon.colcon_core.event_handler.log_command:Invoking command in '/home/user/exchange/workspace/build/pal_sea_arm_moveit_config': AMENT_PREFIX_PATH=/home/user/exchange/workspace/install/pal_pro_gripper_wrapper:/home/user/exchange/workspace/install/tiago_manipulation_tasks:/home/user/exchange/workspace/install/pick_task:/home/user/exchange/workspace/install/tiago_pro_simulation:/home/user/exchange/workspace/install/tiago_pro_robot:/home/user/exchange/workspace/install/tiago_pro_navigation:/home/user/exchange/workspace/install/tiago_pro_gazebo:/home/user/exchange/workspace/install/tiago_pro_rgbd_sensors:/home/user/exchange/workspace/install/tiago_pro_mujoco:/home/user/exchange/workspace/install/tiago_pro_moveit_config:/home/user/exchange/workspace/install/tiago_pro_laser_sensors:/home/user/exchange/workspace/install/tiago_pro_description:/home/user/exchange/workspace/install/tiago_pro_bringup:/home/user/exchange/workspace/install/tiago_pro_controller_configuration:/home/user/exchange/workspace/install/tiago_pro_2dnav:/home/user/exchange/workspace/install/pal_sea_arm_moveit_config:/home/user/exchange/workspace/install/pal_sea_arm:/home/user/exchange/workspace/install/pal_sea_arm_bringup:/home/user/exchange/workspace/install/pal_sea_arm_description:/home/user/exchange/workspace/install/pal_sea_arm_controller_configuration:/home/user/exchange/workspace/install/pal_pro_gripper_simulation:/home/user/exchange/workspace/install/pal_pro_gripper_bringup:/home/user/exchange/workspace/install/pal_pro_gripper:/home/user/exchange/workspace/install/pal_pro_gripper_controller_configuration:/home/user/exchange/workspace/install/pal_pro_gripper_description:/home/user/exchange/workspace/install/pal_gazebo_worlds:/opt/ros/humble CMAKE_PREFIX_PATH=/home/user/exchange/workspace/install/pal_sea_arm_description:/home/user/exchange/workspace/install/pal_sea_arm_controller_configuration:/home/user/exchange/workspace/install/pal_pro_gripper_controller_configuration:/home/user/exchange/workspace/install/pal_pro_gripper_description:/home/user/exchange/workspace/install/tiago_manipulation_tasks:/home/user/exchange/workspace/install/tiago_pro_simulation:/home/user/exchange/workspace/install/tiago_pro_robot:/home/user/exchange/workspace/install/tiago_pro_navigation:/home/user/exchange/workspace/install/tiago_pro_gazebo:/home/user/exchange/workspace/install/tiago_pro_rgbd_sensors:/home/user/exchange/workspace/install/tiago_pro_mujoco:/home/user/exchange/workspace/install/tiago_pro_moveit_config:/home/user/exchange/workspace/install/tiago_pro_laser_sensors:/home/user/exchange/workspace/install/tiago_pro_description:/home/user/exchange/workspace/install/tiago_pro_bringup:/home/user/exchange/workspace/install/tiago_pro_controller_configuration:/home/user/exchange/workspace/install/tiago_pro_2dnav:/home/user/exchange/workspace/install/pal_sea_arm_moveit_config:/home/user/exchange/workspace/install/pal_sea_arm:/home/user/exchange/workspace/install/pal_sea_arm_bringup:/home/user/exchange/workspace/install/pal_pro_gripper_simulation:/home/user/exchange/workspace/install/pal_pro_gripper_bringup:/home/user/exchange/workspace/install/pal_pro_gripper:/home/user/exchange/workspace/install/pal_gazebo_worlds:/home/user/exchange/workspace/install/pick_task:/home/user/exchange/workspace/install/pal_pro_gripper_wrapper:/opt/ros/humble PYTHONPATH=/home/user/exchange/workspace/install/pal_pro_gripper_wrapper/lib/python3.10/site-packages:/home/user/exchange/workspace/install/pick_task/lib/python3.10/site-packages:/home/user/exchange/workspace/install/tiago_pro_description/local/lib/python3.10/dist-packages:/home/user/exchange/workspace/install/pal_sea_arm_description/local/lib/python3.10/dist-packages:/home/user/exchange/workspace/install/pal_pro_gripper_description/local/lib/python3.10/dist-packages:/opt/ros/humble/lib/python3.10/site-packages:/opt/ros/humble/local/lib/python3.10/dist-packages /usr/bin/cmake --build /home/user/exchange/workspace/build/pal_sea_arm_moveit_config -- -j12 -l12
[1.143s] DEBUG:colcon.colcon_core.event_handler.log_command:Invoking command in '/home/user/exchange/workspace/build/pal_sea_arm_bringup': AMENT_PREFIX_PATH=/home/user/exchange/workspace/install/pal_pro_gripper_wrapper:/home/user/exchange/workspace/install/tiago_manipulation_tasks:/home/user/exchange/workspace/install/pick_task:/home/user/exchange/workspace/install/tiago_pro_simulation:/home/user/exchange/workspace/install/tiago_pro_robot:/home/user/exchange/workspace/install/tiago_pro_navigation:/home/user/exchange/workspace/install/tiago_pro_gazebo:/home/user/exchange/workspace/install/tiago_pro_rgbd_sensors:/home/user/exchange/workspace/install/tiago_pro_mujoco:/home/user/exchange/workspace/install/tiago_pro_moveit_config:/home/user/exchange/workspace/install/tiago_pro_laser_sensors:/home/user/exchange/workspace/install/tiago_pro_description:/home/user/exchange/workspace/install/tiago_pro_bringup:/home/user/exchange/workspace/install/tiago_pro_controller_configuration:/home/user/exchange/workspace/install/tiago_pro_2dnav:/home/user/exchange/workspace/install/pal_sea_arm_moveit_config:/home/user/exchange/workspace/install/pal_sea_arm:/home/user/exchange/workspace/install/pal_sea_arm_bringup:/home/user/exchange/workspace/install/pal_sea_arm_description:/home/user/exchange/workspace/install/pal_sea_arm_controller_configuration:/home/user/exchange/workspace/install/pal_pro_gripper_simulation:/home/user/exchange/workspace/install/pal_pro_gripper_bringup:/home/user/exchange/workspace/install/pal_pro_gripper:/home/user/exchange/workspace/install/pal_pro_gripper_controller_configuration:/home/user/exchange/workspace/install/pal_pro_gripper_description:/home/user/exchange/workspace/install/pal_gazebo_worlds:/opt/ros/humble CMAKE_PREFIX_PATH=/home/user/exchange/workspace/install/pal_sea_arm_description:/home/user/exchange/workspace/install/pal_sea_arm_controller_configuration:/home/user/exchange/workspace/install/pal_pro_gripper_controller_configuration:/home/user/exchange/workspace/install/pal_pro_gripper_description:/home/user/exchange/workspace/install/tiago_manipulation_tasks:/home/user/exchange/workspace/install/tiago_pro_simulation:/home/user/exchange/workspace/install/tiago_pro_robot:/home/user/exchange/workspace/install/tiago_pro_navigation:/home/user/exchange/workspace/install/tiago_pro_gazebo:/home/user/exchange/workspace/install/tiago_pro_rgbd_sensors:/home/user/exchange/workspace/install/tiago_pro_mujoco:/home/user/exchange/workspace/install/tiago_pro_moveit_config:/home/user/exchange/workspace/install/tiago_pro_laser_sensors:/home/user/exchange/workspace/install/tiago_pro_description:/home/user/exchange/workspace/install/tiago_pro_bringup:/home/user/exchange/workspace/install/tiago_pro_controller_configuration:/home/user/exchange/workspace/install/tiago_pro_2dnav:/home/user/exchange/workspace/install/pal_sea_arm_moveit_config:/home/user/exchange/workspace/install/pal_sea_arm:/home/user/exchange/workspace/install/pal_sea_arm_bringup:/home/user/exchange/workspace/install/pal_pro_gripper_simulation:/home/user/exchange/workspace/install/pal_pro_gripper_bringup:/home/user/exchange/workspace/install/pal_pro_gripper:/home/user/exchange/workspace/install/pal_gazebo_worlds:/home/user/exchange/workspace/install/pick_task:/home/user/exchange/workspace/install/pal_pro_gripper_wrapper:/opt/ros/humble PYTHONPATH=/home/user/exchange/workspace/install/pal_pro_gripper_wrapper/lib/python3.10/site-packages:/home/user/exchange/workspace/install/pick_task/lib/python3.10/site-packages:/home/user/exchange/workspace/install/tiago_pro_description/local/lib/python3.10/dist-packages:/home/user/exchange/workspace/install/pal_sea_arm_description/local/lib/python3.10/dist-packages:/home/user/exchange/workspace/install/pal_pro_gripper_description/local/lib/python3.10/dist-packages:/opt/ros/humble/lib/python3.10/site-packages:/opt/ros/humble/local/lib/python3.10/dist-packages /usr/bin/cmake --build /home/user/exchange/workspace/build/pal_sea_arm_bringup -- -j12 -l12
[1.162s] DEBUG:colcon.colcon_core.event_handler.log_command:Invoked command in '/home/user/exchange/workspace/build/pal_sea_arm_moveit_config' returned '0': AMENT_PREFIX_PATH=/home/user/exchange/workspace/install/pal_pro_gripper_wrapper:/home/user/exchange/workspace/install/tiago_manipulation_tasks:/home/user/exchange/workspace/install/pick_task:/home/user/exchange/workspace/install/tiago_pro_simulation:/home/user/exchange/workspace/install/tiago_pro_robot:/home/user/exchange/workspace/install/tiago_pro_navigation:/home/user/exchange/workspace/install/tiago_pro_gazebo:/home/user/exchange/workspace/install/tiago_pro_rgbd_sensors:/home/user/exchange/workspace/install/tiago_pro_mujoco:/home/user/exchange/workspace/install/tiago_pro_moveit_config:/home/user/exchange/workspace/install/tiago_pro_laser_sensors:/home/user/exchange/workspace/install/tiago_pro_description:/home/user/exchange/workspace/install/tiago_pro_bringup:/home/user/exchange/workspace/install/tiago_pro_controller_configuration:/home/user/exchange/workspace/install/tiago_pro_2dnav:/home/user/exchange/workspace/install/pal_sea_arm_moveit_config:/home/user/exchange/workspace/install/pal_sea_arm:/home/user/exchange/workspace/install/pal_sea_arm_bringup:/home/user/exchange/workspace/install/pal_sea_arm_description:/home/user/exchange/workspace/install/pal_sea_arm_controller_configuration:/home/user/exchange/workspace/install/pal_pro_gripper_simulation:/home/user/exchange/workspace/install/pal_pro_gripper_bringup:/home/user/exchange/workspace/install/pal_pro_gripper:/home/user/exchange/workspace/install/pal_pro_gripper_controller_configuration:/home/user/exchange/workspace/install/pal_pro_gripper_description:/home/user/exchange/workspace/install/pal_gazebo_worlds:/opt/ros/humble CMAKE_PREFIX_PATH=/home/user/exchange/workspace/install/pal_sea_arm_description:/home/user/exchange/workspace/install/pal_sea_arm_controller_configuration:/home/user/exchange/workspace/install/pal_pro_gripper_controller_configuration:/home/user/exchange/workspace/install/pal_pro_gripper_description:/home/user/exchange/workspace/install/tiago_manipulation_tasks:/home/user/exchange/workspace/install/tiago_pro_simulation:/home/user/exchange/workspace/install/tiago_pro_robot:/home/user/exchange/workspace/install/tiago_pro_navigation:/home/user/exchange/workspace/install/tiago_pro_gazebo:/home/user/exchange/workspace/install/tiago_pro_rgbd_sensors:/home/user/exchange/workspace/install/tiago_pro_mujoco:/home/user/exchange/workspace/install/tiago_pro_moveit_config:/home/user/exchange/workspace/install/tiago_pro_laser_sensors:/home/user/exchange/workspace/install/tiago_pro_description:/home/user/exchange/workspace/install/tiago_pro_bringup:/home/user/exchange/workspace/install/tiago_pro_controller_configuration:/home/user/exchange/workspace/install/tiago_pro_2dnav:/home/user/exchange/workspace/install/pal_sea_arm_moveit_config:/home/user/exchange/workspace/install/pal_sea_arm:/home/user/exchange/workspace/install/pal_sea_arm_bringup:/home/user/exchange/workspace/install/pal_pro_gripper_simulation:/home/user/exchange/workspace/install/pal_pro_gripper_bringup:/home/user/exchange/workspace/install/pal_pro_gripper:/home/user/exchange/workspace/install/pal_gazebo_worlds:/home/user/exchange/workspace/install/pick_task:/home/user/exchange/workspace/install/pal_pro_gripper_wrapper:/opt/ros/humble PYTHONPATH=/home/user/exchange/workspace/install/pal_pro_gripper_wrapper/lib/python3.10/site-packages:/home/user/exchange/workspace/install/pick_task/lib/python3.10/site-packages:/home/user/exchange/workspace/install/tiago_pro_description/local/lib/python3.10/dist-packages:/home/user/exchange/workspace/install/pal_sea_arm_description/local/lib/python3.10/dist-packages:/home/user/exchange/workspace/install/pal_pro_gripper_description/local/lib/python3.10/dist-packages:/opt/ros/humble/lib/python3.10/site-packages:/opt/ros/humble/local/lib/python3.10/dist-packages /usr/bin/cmake --build /home/user/exchange/workspace/build/pal_sea_arm_moveit_config -- -j12 -l12
[1.163s] DEBUG:colcon.colcon_core.event_handler.log_command:Invoking command in '/home/user/exchange/workspace/build/pal_sea_arm_moveit_config': AMENT_PREFIX_PATH=/home/user/exchange/workspace/install/pal_pro_gripper_wrapper:/home/user/exchange/workspace/install/tiago_manipulation_tasks:/home/user/exchange/workspace/install/pick_task:/home/user/exchange/workspace/install/tiago_pro_simulation:/home/user/exchange/workspace/install/tiago_pro_robot:/home/user/exchange/workspace/install/tiago_pro_navigation:/home/user/exchange/workspace/install/tiago_pro_gazebo:/home/user/exchange/workspace/install/tiago_pro_rgbd_sensors:/home/user/exchange/workspace/install/tiago_pro_mujoco:/home/user/exchange/workspace/install/tiago_pro_moveit_config:/home/user/exchange/workspace/install/tiago_pro_laser_sensors:/home/user/exchange/workspace/install/tiago_pro_description:/home/user/exchange/workspace/install/tiago_pro_bringup:/home/user/exchange/workspace/install/tiago_pro_controller_configuration:/home/user/exchange/workspace/install/tiago_pro_2dnav:/home/user/exchange/workspace/install/pal_sea_arm_moveit_config:/home/user/exchange/workspace/install/pal_sea_arm:/home/user/exchange/workspace/install/pal_sea_arm_bringup:/home/user/exchange/workspace/install/pal_sea_arm_description:/home/user/exchange/workspace/install/pal_sea_arm_controller_configuration:/home/user/exchange/workspace/install/pal_pro_gripper_simulation:/home/user/exchange/workspace/install/pal_pro_gripper_bringup:/home/user/exchange/workspace/install/pal_pro_gripper:/home/user/exchange/workspace/install/pal_pro_gripper_controller_configuration:/home/user/exchange/workspace/install/pal_pro_gripper_description:/home/user/exchange/workspace/install/pal_gazebo_worlds:/opt/ros/humble CMAKE_PREFIX_PATH=/home/user/exchange/workspace/install/pal_sea_arm_description:/home/user/exchange/workspace/install/pal_sea_arm_controller_configuration:/home/user/exchange/workspace/install/pal_pro_gripper_controller_configuration:/home/user/exchange/workspace/install/pal_pro_gripper_description:/home/user/exchange/workspace/install/tiago_manipulation_tasks:/home/user/exchange/workspace/install/tiago_pro_simulation:/home/user/exchange/workspace/install/tiago_pro_robot:/home/user/exchange/workspace/install/tiago_pro_navigation:/home/user/exchange/workspace/install/tiago_pro_gazebo:/home/user/exchange/workspace/install/tiago_pro_rgbd_sensors:/home/user/exchange/workspace/install/tiago_pro_mujoco:/home/user/exchange/workspace/install/tiago_pro_moveit_config:/home/user/exchange/workspace/install/tiago_pro_laser_sensors:/home/user/exchange/workspace/install/tiago_pro_description:/home/user/exchange/workspace/install/tiago_pro_bringup:/home/user/exchange/workspace/install/tiago_pro_controller_configuration:/home/user/exchange/workspace/install/tiago_pro_2dnav:/home/user/exchange/workspace/install/pal_sea_arm_moveit_config:/home/user/exchange/workspace/install/pal_sea_arm:/home/user/exchange/workspace/install/pal_sea_arm_bringup:/home/user/exchange/workspace/install/pal_pro_gripper_simulation:/home/user/exchange/workspace/install/pal_pro_gripper_bringup:/home/user/exchange/workspace/install/pal_pro_gripper:/home/user/exchange/workspace/install/pal_gazebo_worlds:/home/user/exchange/workspace/install/pick_task:/home/user/exchange/workspace/install/pal_pro_gripper_wrapper:/opt/ros/humble PYTHONPATH=/home/user/exchange/workspace/install/pal_pro_gripper_wrapper/lib/python3.10/site-packages:/home/user/exchange/workspace/install/pick_task/lib/python3.10/site-packages:/home/user/exchange/workspace/install/tiago_pro_description/local/lib/python3.10/dist-packages:/home/user/exchange/workspace/install/pal_sea_arm_description/local/lib/python3.10/dist-packages:/home/user/exchange/workspace/install/pal_pro_gripper_description/local/lib/python3.10/dist-packages:/opt/ros/humble/lib/python3.10/site-packages:/opt/ros/humble/local/lib/python3.10/dist-packages /usr/bin/cmake --install /home/user/exchange/workspace/build/pal_sea_arm_moveit_config
[1.163s] DEBUG:colcon.colcon_core.event_handler.log_command:Invoked command in '/home/user/exchange/workspace/build/pal_sea_arm_bringup' returned '0': AMENT_PREFIX_PATH=/home/user/exchange/workspace/install/pal_pro_gripper_wrapper:/home/user/exchange/workspace/install/tiago_manipulation_tasks:/home/user/exchange/workspace/install/pick_task:/home/user/exchange/workspace/install/tiago_pro_simulation:/home/user/exchange/workspace/install/tiago_pro_robot:/home/user/exchange/workspace/install/tiago_pro_navigation:/home/user/exchange/workspace/install/tiago_pro_gazebo:/home/user/exchange/workspace/install/tiago_pro_rgbd_sensors:/home/user/exchange/workspace/install/tiago_pro_mujoco:/home/user/exchange/workspace/install/tiago_pro_moveit_config:/home/user/exchange/workspace/install/tiago_pro_laser_sensors:/home/user/exchange/workspace/install/tiago_pro_description:/home/user/exchange/workspace/install/tiago_pro_bringup:/home/user/exchange/workspace/install/tiago_pro_controller_configuration:/home/user/exchange/workspace/install/tiago_pro_2dnav:/home/user/exchange/workspace/install/pal_sea_arm_moveit_config:/home/user/exchange/workspace/install/pal_sea_arm:/home/user/exchange/workspace/install/pal_sea_arm_bringup:/home/user/exchange/workspace/install/pal_sea_arm_description:/home/user/exchange/workspace/install/pal_sea_arm_controller_configuration:/home/user/exchange/workspace/install/pal_pro_gripper_simulation:/home/user/exchange/workspace/install/pal_pro_gripper_bringup:/home/user/exchange/workspace/install/pal_pro_gripper:/home/user/exchange/workspace/install/pal_pro_gripper_controller_configuration:/home/user/exchange/workspace/install/pal_pro_gripper_description:/home/user/exchange/workspace/install/pal_gazebo_worlds:/opt/ros/humble CMAKE_PREFIX_PATH=/home/user/exchange/workspace/install/pal_sea_arm_description:/home/user/exchange/workspace/install/pal_sea_arm_controller_configuration:/home/user/exchange/workspace/install/pal_pro_gripper_controller_configuration:/home/user/exchange/workspace/install/pal_pro_gripper_description:/home/user/exchange/workspace/install/tiago_manipulation_tasks:/home/user/exchange/workspace/install/tiago_pro_simulation:/home/user/exchange/workspace/install/tiago_pro_robot:/home/user/exchange/workspace/install/tiago_pro_navigation:/home/user/exchange/workspace/install/tiago_pro_gazebo:/home/user/exchange/workspace/install/tiago_pro_rgbd_sensors:/home/user/exchange/workspace/install/tiago_pro_mujoco:/home/user/exchange/workspace/install/tiago_pro_moveit_config:/home/user/exchange/workspace/install/tiago_pro_laser_sensors:/home/user/exchange/workspace/install/tiago_pro_description:/home/user/exchange/workspace/install/tiago_pro_bringup:/home/user/exchange/workspace/install/tiago_pro_controller_configuration:/home/user/exchange/workspace/install/tiago_pro_2dnav:/home/user/exchange/workspace/install/pal_sea_arm_moveit_config:/home/user/exchange/workspace/install/pal_sea_arm:/home/user/exchange/workspace/install/pal_sea_arm_bringup:/home/user/exchange/workspace/install/pal_pro_gripper_simulation:/home/user/exchange/workspace/install/pal_pro_gripper_bringup:/home/user/exchange/workspace/install/pal_pro_gripper:/home/user/exchange/workspace/install/pal_gazebo_worlds:/home/user/exchange/workspace/install/pick_task:/home/user/exchange/workspace/install/pal_pro_gripper_wrapper:/opt/ros/humble PYTHONPATH=/home/user/exchange/workspace/install/pal_pro_gripper_wrapper/lib/python3.10/site-packages:/home/user/exchange/workspace/install/pick_task/lib/python3.10/site-packages:/home/user/exchange/workspace/install/tiago_pro_description/local/lib/python3.10/dist-packages:/home/user/exchange/workspace/install/pal_sea_arm_description/local/lib/python3.10/dist-packages:/home/user/exchange/workspace/install/pal_pro_gripper_description/local/lib/python3.10/dist-packages:/opt/ros/humble/lib/python3.10/site-packages:/opt/ros/humble/local/lib/python3.10/dist-packages /usr/bin/cmake --build /home/user/exchange/workspace/build/pal_sea_arm_bringup -- -j12 -l12
[1.165s] DEBUG:colcon.colcon_core.event_handler.log_command:Invoking command in '/home/user/exchange/workspace/build/pal_sea_arm_bringup': AMENT_PREFIX_PATH=/home/user/exchange/workspace/install/pal_pro_gripper_wrapper:/home/user/exchange/workspace/install/tiago_manipulation_tasks:/home/user/exchange/workspace/install/pick_task:/home/user/exchange/workspace/install/tiago_pro_simulation:/home/user/exchange/workspace/install/tiago_pro_robot:/home/user/exchange/workspace/install/tiago_pro_navigation:/home/user/exchange/workspace/install/tiago_pro_gazebo:/home/user/exchange/workspace/install/tiago_pro_rgbd_sensors:/home/user/exchange/workspace/install/tiago_pro_mujoco:/home/user/exchange/workspace/install/tiago_pro_moveit_config:/home/user/exchange/workspace/install/tiago_pro_laser_sensors:/home/user/exchange/workspace/install/tiago_pro_description:/home/user/exchange/workspace/install/tiago_pro_bringup:/home/user/exchange/workspace/install/tiago_pro_controller_configuration:/home/user/exchange/workspace/install/tiago_pro_2dnav:/home/user/exchange/workspace/install/pal_sea_arm_moveit_config:/home/user/exchange/workspace/install/pal_sea_arm:/home/user/exchange/workspace/install/pal_sea_arm_bringup:/home/user/exchange/workspace/install/pal_sea_arm_description:/home/user/exchange/workspace/install/pal_sea_arm_controller_configuration:/home/user/exchange/workspace/install/pal_pro_gripper_simulation:/home/user/exchange/workspace/install/pal_pro_gripper_bringup:/home/user/exchange/workspace/install/pal_pro_gripper:/home/user/exchange/workspace/install/pal_pro_gripper_controller_configuration:/home/user/exchange/workspace/install/pal_pro_gripper_description:/home/user/exchange/workspace/install/pal_gazebo_worlds:/opt/ros/humble CMAKE_PREFIX_PATH=/home/user/exchange/workspace/install/pal_sea_arm_description:/home/user/exchange/workspace/install/pal_sea_arm_controller_configuration:/home/user/exchange/workspace/install/pal_pro_gripper_controller_configuration:/home/user/exchange/workspace/install/pal_pro_gripper_description:/home/user/exchange/workspace/install/tiago_manipulation_tasks:/home/user/exchange/workspace/install/tiago_pro_simulation:/home/user/exchange/workspace/install/tiago_pro_robot:/home/user/exchange/workspace/install/tiago_pro_navigation:/home/user/exchange/workspace/install/tiago_pro_gazebo:/home/user/exchange/workspace/install/tiago_pro_rgbd_sensors:/home/user/exchange/workspace/install/tiago_pro_mujoco:/home/user/exchange/workspace/install/tiago_pro_moveit_config:/home/user/exchange/workspace/install/tiago_pro_laser_sensors:/home/user/exchange/workspace/install/tiago_pro_description:/home/user/exchange/workspace/install/tiago_pro_bringup:/home/user/exchange/workspace/install/tiago_pro_controller_configuration:/home/user/exchange/workspace/install/tiago_pro_2dnav:/home/user/exchange/workspace/install/pal_sea_arm_moveit_config:/home/user/exchange/workspace/install/pal_sea_arm:/home/user/exchange/workspace/install/pal_sea_arm_bringup:/home/user/exchange/workspace/install/pal_pro_gripper_simulation:/home/user/exchange/workspace/install/pal_pro_gripper_bringup:/home/user/exchange/workspace/install/pal_pro_gripper:/home/user/exchange/workspace/install/pal_gazebo_worlds:/home/user/exchange/workspace/install/pick_task:/home/user/exchange/workspace/install/pal_pro_gripper_wrapper:/opt/ros/humble PYTHONPATH=/home/user/exchange/workspace/install/pal_pro_gripper_wrapper/lib/python3.10/site-packages:/home/user/exchange/workspace/install/pick_task/lib/python3.10/site-packages:/home/user/exchange/workspace/install/tiago_pro_description/local/lib/python3.10/dist-packages:/home/user/exchange/workspace/install/pal_sea_arm_description/local/lib/python3.10/dist-packages:/home/user/exchange/workspace/install/pal_pro_gripper_description/local/lib/python3.10/dist-packages:/opt/ros/humble/lib/python3.10/site-packages:/opt/ros/humble/local/lib/python3.10/dist-packages /usr/bin/cmake --install /home/user/exchange/workspace/build/pal_sea_arm_bringup
[1.169s] Level 1:colcon.colcon_core.environment:create_environment_scripts_only(pal_sea_arm_moveit_config)
[1.169s] Level 1:colcon.colcon_core.environment:checking '/home/user/exchange/workspace/install/pal_sea_arm_moveit_config' for CMake module files
[1.170s] Level 1:colcon.colcon_core.environment:checking '/home/user/exchange/workspace/install/pal_sea_arm_moveit_config' for CMake config files
[1.171s] Level 1:colcon.colcon_core.shell:create_environment_hook('pal_sea_arm_moveit_config', 'cmake_prefix_path')
[1.171s] INFO:colcon.colcon_core.shell:Creating environment hook '/home/user/exchange/workspace/install/pal_sea_arm_moveit_config/share/pal_sea_arm_moveit_config/hook/cmake_prefix_path.ps1'
[1.172s] INFO:colcon.colcon_core.shell:Creating environment descriptor '/home/user/exchange/workspace/install/pal_sea_arm_moveit_config/share/pal_sea_arm_moveit_config/hook/cmake_prefix_path.dsv'
[1.173s] INFO:colcon.colcon_core.shell:Creating environment hook '/home/user/exchange/workspace/install/pal_sea_arm_moveit_config/share/pal_sea_arm_moveit_config/hook/cmake_prefix_path.sh'
[1.173s] Level 1:colcon.colcon_core.environment:checking '/home/user/exchange/workspace/install/pal_sea_arm_moveit_config/bin'
[1.173s] Level 1:colcon.colcon_core.environment:checking '/home/user/exchange/workspace/install/pal_sea_arm_moveit_config/lib/pkgconfig/pal_sea_arm_moveit_config.pc'
[1.173s] Level 1:colcon.colcon_core.environment:checking '/home/user/exchange/workspace/install/pal_sea_arm_moveit_config/lib/python3.10/site-packages'
[1.174s] Level 1:colcon.colcon_core.environment:checking '/home/user/exchange/workspace/install/pal_sea_arm_moveit_config/bin'
[1.174s] INFO:colcon.colcon_core.shell:Creating package script '/home/user/exchange/workspace/install/pal_sea_arm_moveit_config/share/pal_sea_arm_moveit_config/package.ps1'
[1.174s] INFO:colcon.colcon_core.shell:Creating package descriptor '/home/user/exchange/workspace/install/pal_sea_arm_moveit_config/share/pal_sea_arm_moveit_config/package.dsv'
[1.175s] INFO:colcon.colcon_core.shell:Creating package script '/home/user/exchange/workspace/install/pal_sea_arm_moveit_config/share/pal_sea_arm_moveit_config/package.sh'
[1.175s] DEBUG:colcon.colcon_core.event_handler.log_command:Invoked command in '/home/user/exchange/workspace/build/pal_sea_arm_moveit_config' returned '0': AMENT_PREFIX_PATH=/home/user/exchange/workspace/install/pal_pro_gripper_wrapper:/home/user/exchange/workspace/install/tiago_manipulation_tasks:/home/user/exchange/workspace/install/pick_task:/home/user/exchange/workspace/install/tiago_pro_simulation:/home/user/exchange/workspace/install/tiago_pro_robot:/home/user/exchange/workspace/install/tiago_pro_navigation:/home/user/exchange/workspace/install/tiago_pro_gazebo:/home/user/exchange/workspace/install/tiago_pro_rgbd_sensors:/home/user/exchange/workspace/install/tiago_pro_mujoco:/home/user/exchange/workspace/install/tiago_pro_moveit_config:/home/user/exchange/workspace/install/tiago_pro_laser_sensors:/home/user/exchange/workspace/install/tiago_pro_description:/home/user/exchange/workspace/install/tiago_pro_bringup:/home/user/exchange/workspace/install/tiago_pro_controller_configuration:/home/user/exchange/workspace/install/tiago_pro_2dnav:/home/user/exchange/workspace/install/pal_sea_arm_moveit_config:/home/user/exchange/workspace/install/pal_sea_arm:/home/user/exchange/workspace/install/pal_sea_arm_bringup:/home/user/exchange/workspace/install/pal_sea_arm_description:/home/user/exchange/workspace/install/pal_sea_arm_controller_configuration:/home/user/exchange/workspace/install/pal_pro_gripper_simulation:/home/user/exchange/workspace/install/pal_pro_gripper_bringup:/home/user/exchange/workspace/install/pal_pro_gripper:/home/user/exchange/workspace/install/pal_pro_gripper_controller_configuration:/home/user/exchange/workspace/install/pal_pro_gripper_description:/home/user/exchange/workspace/install/pal_gazebo_worlds:/opt/ros/humble CMAKE_PREFIX_PATH=/home/user/exchange/workspace/install/pal_sea_arm_description:/home/user/exchange/workspace/install/pal_sea_arm_controller_configuration:/home/user/exchange/workspace/install/pal_pro_gripper_controller_configuration:/home/user/exchange/workspace/install/pal_pro_gripper_description:/home/user/exchange/workspace/install/tiago_manipulation_tasks:/home/user/exchange/workspace/install/tiago_pro_simulation:/home/user/exchange/workspace/install/tiago_pro_robot:/home/user/exchange/workspace/install/tiago_pro_navigation:/home/user/exchange/workspace/install/tiago_pro_gazebo:/home/user/exchange/workspace/install/tiago_pro_rgbd_sensors:/home/user/exchange/workspace/install/tiago_pro_mujoco:/home/user/exchange/workspace/install/tiago_pro_moveit_config:/home/user/exchange/workspace/install/tiago_pro_laser_sensors:/home/user/exchange/workspace/install/tiago_pro_description:/home/user/exchange/workspace/install/tiago_pro_bringup:/home/user/exchange/workspace/install/tiago_pro_controller_configuration:/home/user/exchange/workspace/install/tiago_pro_2dnav:/home/user/exchange/workspace/install/pal_sea_arm_moveit_config:/home/user/exchange/workspace/install/pal_sea_arm:/home/user/exchange/workspace/install/pal_sea_arm_bringup:/home/user/exchange/workspace/install/pal_pro_gripper_simulation:/home/user/exchange/workspace/install/pal_pro_gripper_bringup:/home/user/exchange/workspace/install/pal_pro_gripper:/home/user/exchange/workspace/install/pal_gazebo_worlds:/home/user/exchange/workspace/install/pick_task:/home/user/exchange/workspace/install/pal_pro_gripper_wrapper:/opt/ros/humble PYTHONPATH=/home/user/exchange/workspace/install/pal_pro_gripper_wrapper/lib/python3.10/site-packages:/home/user/exchange/workspace/install/pick_task/lib/python3.10/site-packages:/home/user/exchange/workspace/install/tiago_pro_description/local/lib/python3.10/dist-packages:/home/user/exchange/workspace/install/pal_sea_arm_description/local/lib/python3.10/dist-packages:/home/user/exchange/workspace/install/pal_pro_gripper_description/local/lib/python3.10/dist-packages:/opt/ros/humble/lib/python3.10/site-packages:/opt/ros/humble/local/lib/python3.10/dist-packages /usr/bin/cmake --install /home/user/exchange/workspace/build/pal_sea_arm_moveit_config
[1.175s] INFO:colcon.colcon_core.shell:Creating package script '/home/user/exchange/workspace/install/pal_sea_arm_moveit_config/share/pal_sea_arm_moveit_config/package.bash'
[1.175s] INFO:colcon.colcon_core.shell:Creating package script '/home/user/exchange/workspace/install/pal_sea_arm_moveit_config/share/pal_sea_arm_moveit_config/package.zsh'
[1.176s] Level 1:colcon.colcon_core.environment:create_file_with_runtime_dependencies(/home/user/exchange/workspace/install/pal_sea_arm_moveit_config/share/colcon-core/packages/pal_sea_arm_moveit_config)
[1.176s] Level 1:colcon.colcon_core.environment:create_environment_scripts_only(pal_sea_arm_moveit_config)
[1.176s] Level 1:colcon.colcon_core.environment:checking '/home/user/exchange/workspace/install/pal_sea_arm_moveit_config' for CMake module files
[1.176s] Level 1:colcon.colcon_core.environment:checking '/home/user/exchange/workspace/install/pal_sea_arm_moveit_config' for CMake config files
[1.176s] Level 1:colcon.colcon_core.shell:create_environment_hook('pal_sea_arm_moveit_config', 'cmake_prefix_path')
[1.177s] INFO:colcon.colcon_core.shell:Creating environment hook '/home/user/exchange/workspace/install/pal_sea_arm_moveit_config/share/pal_sea_arm_moveit_config/hook/cmake_prefix_path.ps1'
[1.177s] INFO:colcon.colcon_core.shell:Creating environment descriptor '/home/user/exchange/workspace/install/pal_sea_arm_moveit_config/share/pal_sea_arm_moveit_config/hook/cmake_prefix_path.dsv'
[1.177s] INFO:colcon.colcon_core.shell:Creating environment hook '/home/user/exchange/workspace/install/pal_sea_arm_moveit_config/share/pal_sea_arm_moveit_config/hook/cmake_prefix_path.sh'
[1.177s] Level 1:colcon.colcon_core.environment:checking '/home/user/exchange/workspace/install/pal_sea_arm_moveit_config/bin'
[1.177s] Level 1:colcon.colcon_core.environment:checking '/home/user/exchange/workspace/install/pal_sea_arm_moveit_config/lib/pkgconfig/pal_sea_arm_moveit_config.pc'
[1.177s] Level 1:colcon.colcon_core.environment:checking '/home/user/exchange/workspace/install/pal_sea_arm_moveit_config/lib/python3.10/site-packages'
[1.178s] Level 1:colcon.colcon_core.environment:checking '/home/user/exchange/workspace/install/pal_sea_arm_moveit_config/bin'
[1.178s] INFO:colcon.colcon_core.shell:Creating package script '/home/user/exchange/workspace/install/pal_sea_arm_moveit_config/share/pal_sea_arm_moveit_config/package.ps1'
[1.178s] INFO:colcon.colcon_core.shell:Creating package descriptor '/home/user/exchange/workspace/install/pal_sea_arm_moveit_config/share/pal_sea_arm_moveit_config/package.dsv'
[1.179s] INFO:colcon.colcon_core.shell:Creating package script '/home/user/exchange/workspace/install/pal_sea_arm_moveit_config/share/pal_sea_arm_moveit_config/package.sh'
[1.179s] INFO:colcon.colcon_core.shell:Creating package script '/home/user/exchange/workspace/install/pal_sea_arm_moveit_config/share/pal_sea_arm_moveit_config/package.bash'
[1.179s] INFO:colcon.colcon_core.shell:Creating package script '/home/user/exchange/workspace/install/pal_sea_arm_moveit_config/share/pal_sea_arm_moveit_config/package.zsh'
[1.179s] Level 1:colcon.colcon_core.environment:create_file_with_runtime_dependencies(/home/user/exchange/workspace/install/pal_sea_arm_moveit_config/share/colcon-core/packages/pal_sea_arm_moveit_config)
[1.180s] Level 1:colcon.colcon_core.environment:create_environment_scripts_only(pal_sea_arm_bringup)
[1.180s] Level 1:colcon.colcon_core.environment:checking '/home/user/exchange/workspace/install/pal_sea_arm_bringup' for CMake module files
[1.181s] DEBUG:colcon.colcon_core.event_handler.log_command:Invoked command in '/home/user/exchange/workspace/build/pal_sea_arm_bringup' returned '0': AMENT_PREFIX_PATH=/home/user/exchange/workspace/install/pal_pro_gripper_wrapper:/home/user/exchange/workspace/install/tiago_manipulation_tasks:/home/user/exchange/workspace/install/pick_task:/home/user/exchange/workspace/install/tiago_pro_simulation:/home/user/exchange/workspace/install/tiago_pro_robot:/home/user/exchange/workspace/install/tiago_pro_navigation:/home/user/exchange/workspace/install/tiago_pro_gazebo:/home/user/exchange/workspace/install/tiago_pro_rgbd_sensors:/home/user/exchange/workspace/install/tiago_pro_mujoco:/home/user/exchange/workspace/install/tiago_pro_moveit_config:/home/user/exchange/workspace/install/tiago_pro_laser_sensors:/home/user/exchange/workspace/install/tiago_pro_description:/home/user/exchange/workspace/install/tiago_pro_bringup:/home/user/exchange/workspace/install/tiago_pro_controller_configuration:/home/user/exchange/workspace/install/tiago_pro_2dnav:/home/user/exchange/workspace/install/pal_sea_arm_moveit_config:/home/user/exchange/workspace/install/pal_sea_arm:/home/user/exchange/workspace/install/pal_sea_arm_bringup:/home/user/exchange/workspace/install/pal_sea_arm_description:/home/user/exchange/workspace/install/pal_sea_arm_controller_configuration:/home/user/exchange/workspace/install/pal_pro_gripper_simulation:/home/user/exchange/workspace/install/pal_pro_gripper_bringup:/home/user/exchange/workspace/install/pal_pro_gripper:/home/user/exchange/workspace/install/pal_pro_gripper_controller_configuration:/home/user/exchange/workspace/install/pal_pro_gripper_description:/home/user/exchange/workspace/install/pal_gazebo_worlds:/opt/ros/humble CMAKE_PREFIX_PATH=/home/user/exchange/workspace/install/pal_sea_arm_description:/home/user/exchange/workspace/install/pal_sea_arm_controller_configuration:/home/user/exchange/workspace/install/pal_pro_gripper_controller_configuration:/home/user/exchange/workspace/install/pal_pro_gripper_description:/home/user/exchange/workspace/install/tiago_manipulation_tasks:/home/user/exchange/workspace/install/tiago_pro_simulation:/home/user/exchange/workspace/install/tiago_pro_robot:/home/user/exchange/workspace/install/tiago_pro_navigation:/home/user/exchange/workspace/install/tiago_pro_gazebo:/home/user/exchange/workspace/install/tiago_pro_rgbd_sensors:/home/user/exchange/workspace/install/tiago_pro_mujoco:/home/user/exchange/workspace/install/tiago_pro_moveit_config:/home/user/exchange/workspace/install/tiago_pro_laser_sensors:/home/user/exchange/workspace/install/tiago_pro_description:/home/user/exchange/workspace/install/tiago_pro_bringup:/home/user/exchange/workspace/install/tiago_pro_controller_configuration:/home/user/exchange/workspace/install/tiago_pro_2dnav:/home/user/exchange/workspace/install/pal_sea_arm_moveit_config:/home/user/exchange/workspace/install/pal_sea_arm:/home/user/exchange/workspace/install/pal_sea_arm_bringup:/home/user/exchange/workspace/install/pal_pro_gripper_simulation:/home/user/exchange/workspace/install/pal_pro_gripper_bringup:/home/user/exchange/workspace/install/pal_pro_gripper:/home/user/exchange/workspace/install/pal_gazebo_worlds:/home/user/exchange/workspace/install/pick_task:/home/user/exchange/workspace/install/pal_pro_gripper_wrapper:/opt/ros/humble PYTHONPATH=/home/user/exchange/workspace/install/pal_pro_gripper_wrapper/lib/python3.10/site-packages:/home/user/exchange/workspace/install/pick_task/lib/python3.10/site-packages:/home/user/exchange/workspace/install/tiago_pro_description/local/lib/python3.10/dist-packages:/home/user/exchange/workspace/install/pal_sea_arm_description/local/lib/python3.10/dist-packages:/home/user/exchange/workspace/install/pal_pro_gripper_description/local/lib/python3.10/dist-packages:/opt/ros/humble/lib/python3.10/site-packages:/opt/ros/humble/local/lib/python3.10/dist-packages /usr/bin/cmake --install /home/user/exchange/workspace/build/pal_sea_arm_bringup
[1.181s] Level 1:colcon.colcon_core.environment:checking '/home/user/exchange/workspace/install/pal_sea_arm_bringup' for CMake config files
[1.181s] Level 1:colcon.colcon_core.shell:create_environment_hook('pal_sea_arm_bringup', 'cmake_prefix_path')
[1.181s] INFO:colcon.colcon_core.shell:Creating environment hook '/home/user/exchange/workspace/install/pal_sea_arm_bringup/share/pal_sea_arm_bringup/hook/cmake_prefix_path.ps1'
[1.182s] INFO:colcon.colcon_core.shell:Creating environment descriptor '/home/user/exchange/workspace/install/pal_sea_arm_bringup/share/pal_sea_arm_bringup/hook/cmake_prefix_path.dsv'
[1.182s] INFO:colcon.colcon_core.shell:Creating environment hook '/home/user/exchange/workspace/install/pal_sea_arm_bringup/share/pal_sea_arm_bringup/hook/cmake_prefix_path.sh'
[1.182s] Level 1:colcon.colcon_core.environment:checking '/home/user/exchange/workspace/install/pal_sea_arm_bringup/lib'
[1.183s] Level 1:colcon.colcon_core.environment:checking '/home/user/exchange/workspace/install/pal_sea_arm_bringup/bin'
[1.183s] Level 1:colcon.colcon_core.environment:checking '/home/user/exchange/workspace/install/pal_sea_arm_bringup/lib/pkgconfig/pal_sea_arm_bringup.pc'
[1.183s] Level 1:colcon.colcon_core.environment:checking '/home/user/exchange/workspace/install/pal_sea_arm_bringup/lib/python3.10/site-packages'
[1.183s] Level 1:colcon.colcon_core.environment:checking '/home/user/exchange/workspace/install/pal_sea_arm_bringup/bin'
[1.183s] INFO:colcon.colcon_core.shell:Creating package script '/home/user/exchange/workspace/install/pal_sea_arm_bringup/share/pal_sea_arm_bringup/package.ps1'
[1.184s] INFO:colcon.colcon_core.shell:Creating package descriptor '/home/user/exchange/workspace/install/pal_sea_arm_bringup/share/pal_sea_arm_bringup/package.dsv'
[1.184s] INFO:colcon.colcon_core.shell:Creating package script '/home/user/exchange/workspace/install/pal_sea_arm_bringup/share/pal_sea_arm_bringup/package.sh'
[1.184s] INFO:colcon.colcon_core.shell:Creating package script '/home/user/exchange/workspace/install/pal_sea_arm_bringup/share/pal_sea_arm_bringup/package.bash'
[1.185s] INFO:colcon.colcon_core.shell:Creating package script '/home/user/exchange/workspace/install/pal_sea_arm_bringup/share/pal_sea_arm_bringup/package.zsh'
[1.185s] Level 1:colcon.colcon_core.environment:create_file_with_runtime_dependencies(/home/user/exchange/workspace/install/pal_sea_arm_bringup/share/colcon-core/packages/pal_sea_arm_bringup)
[1.185s] Level 1:colcon.colcon_core.environment:create_environment_scripts_only(pal_sea_arm_bringup)
[1.185s] Level 1:colcon.colcon_core.environment:checking '/home/user/exchange/workspace/install/pal_sea_arm_bringup' for CMake module files
[1.186s] Level 1:colcon.colcon_core.environment:checking '/home/user/exchange/workspace/install/pal_sea_arm_bringup' for CMake config files
[1.186s] Level 1:colcon.colcon_core.shell:create_environment_hook('pal_sea_arm_bringup', 'cmake_prefix_path')
[1.186s] INFO:colcon.colcon_core.shell:Creating environment hook '/home/user/exchange/workspace/install/pal_sea_arm_bringup/share/pal_sea_arm_bringup/hook/cmake_prefix_path.ps1'
[1.187s] INFO:colcon.colcon_core.shell:Creating environment descriptor '/home/user/exchange/workspace/install/pal_sea_arm_bringup/share/pal_sea_arm_bringup/hook/cmake_prefix_path.dsv'
[1.187s] INFO:colcon.colcon_core.shell:Creating environment hook '/home/user/exchange/workspace/install/pal_sea_arm_bringup/share/pal_sea_arm_bringup/hook/cmake_prefix_path.sh'
[1.187s] Level 1:colcon.colcon_core.environment:checking '/home/user/exchange/workspace/install/pal_sea_arm_bringup/lib'
[1.187s] Level 1:colcon.colcon_core.environment:checking '/home/user/exchange/workspace/install/pal_sea_arm_bringup/bin'
[1.187s] Level 1:colcon.colcon_core.environment:checking '/home/user/exchange/workspace/install/pal_sea_arm_bringup/lib/pkgconfig/pal_sea_arm_bringup.pc'
[1.188s] Level 1:colcon.colcon_core.environment:checking '/home/user/exchange/workspace/install/pal_sea_arm_bringup/lib/python3.10/site-packages'
[1.188s] Level 1:colcon.colcon_core.environment:checking '/home/user/exchange/workspace/install/pal_sea_arm_bringup/bin'
[1.188s] INFO:colcon.colcon_core.shell:Creating package script '/home/user/exchange/workspace/install/pal_sea_arm_bringup/share/pal_sea_arm_bringup/package.ps1'
[1.189s] INFO:colcon.colcon_core.shell:Creating package descriptor '/home/user/exchange/workspace/install/pal_sea_arm_bringup/share/pal_sea_arm_bringup/package.dsv'
[1.189s] INFO:colcon.colcon_core.shell:Creating package script '/home/user/exchange/workspace/install/pal_sea_arm_bringup/share/pal_sea_arm_bringup/package.sh'
[1.189s] INFO:colcon.colcon_core.shell:Creating package script '/home/user/exchange/workspace/install/pal_sea_arm_bringup/share/pal_sea_arm_bringup/package.bash'
[1.190s] INFO:colcon.colcon_core.shell:Creating package script '/home/user/exchange/workspace/install/pal_sea_arm_bringup/share/pal_sea_arm_bringup/package.zsh'
[1.190s] Level 1:colcon.colcon_core.environment:create_file_with_runtime_dependencies(/home/user/exchange/workspace/install/pal_sea_arm_bringup/share/colcon-core/packages/pal_sea_arm_bringup)
[1.190s] INFO:colcon.colcon_ros.task.ament_cmake.build:Building ROS package in '/home/user/exchange/workspace/src/pal_sea_arm/pal_sea_arm' with build type 'ament_cmake'
[1.190s] INFO:colcon.colcon_cmake.task.cmake.build:Building CMake package in '/home/user/exchange/workspace/src/pal_sea_arm/pal_sea_arm'
[1.190s] INFO:colcon.colcon_core.shell:Skip shell extension 'powershell' for command environment: Not usable outside of PowerShell
[1.191s] DEBUG:colcon.colcon_core.shell:Skip shell extension 'dsv' for command environment
[1.199s] DEBUG:colcon.colcon_core.event_handler.log_command:Invoking command in '/home/user/exchange/workspace/build/pal_sea_arm': AMENT_PREFIX_PATH=/home/user/exchange/workspace/install/pal_pro_gripper_wrapper:/home/user/exchange/workspace/install/tiago_manipulation_tasks:/home/user/exchange/workspace/install/pick_task:/home/user/exchange/workspace/install/tiago_pro_simulation:/home/user/exchange/workspace/install/tiago_pro_robot:/home/user/exchange/workspace/install/tiago_pro_navigation:/home/user/exchange/workspace/install/tiago_pro_gazebo:/home/user/exchange/workspace/install/tiago_pro_rgbd_sensors:/home/user/exchange/workspace/install/tiago_pro_mujoco:/home/user/exchange/workspace/install/tiago_pro_moveit_config:/home/user/exchange/workspace/install/tiago_pro_laser_sensors:/home/user/exchange/workspace/install/tiago_pro_description:/home/user/exchange/workspace/install/tiago_pro_bringup:/home/user/exchange/workspace/install/tiago_pro_controller_configuration:/home/user/exchange/workspace/install/tiago_pro_2dnav:/home/user/exchange/workspace/install/pal_sea_arm_moveit_config:/home/user/exchange/workspace/install/pal_sea_arm:/home/user/exchange/workspace/install/pal_sea_arm_bringup:/home/user/exchange/workspace/install/pal_sea_arm_description:/home/user/exchange/workspace/install/pal_sea_arm_controller_configuration:/home/user/exchange/workspace/install/pal_pro_gripper_simulation:/home/user/exchange/workspace/install/pal_pro_gripper_bringup:/home/user/exchange/workspace/install/pal_pro_gripper:/home/user/exchange/workspace/install/pal_pro_gripper_controller_configuration:/home/user/exchange/workspace/install/pal_pro_gripper_description:/home/user/exchange/workspace/install/pal_gazebo_worlds:/opt/ros/humble CMAKE_PREFIX_PATH=/home/user/exchange/workspace/install/pal_sea_arm_bringup:/home/user/exchange/workspace/install/pal_sea_arm_description:/home/user/exchange/workspace/install/pal_sea_arm_controller_configuration:/home/user/exchange/workspace/install/pal_pro_gripper_controller_configuration:/home/user/exchange/workspace/install/pal_pro_gripper_description:/home/user/exchange/workspace/install/tiago_manipulation_tasks:/home/user/exchange/workspace/install/tiago_pro_simulation:/home/user/exchange/workspace/install/tiago_pro_robot:/home/user/exchange/workspace/install/tiago_pro_navigation:/home/user/exchange/workspace/install/tiago_pro_gazebo:/home/user/exchange/workspace/install/tiago_pro_rgbd_sensors:/home/user/exchange/workspace/install/tiago_pro_mujoco:/home/user/exchange/workspace/install/tiago_pro_moveit_config:/home/user/exchange/workspace/install/tiago_pro_laser_sensors:/home/user/exchange/workspace/install/tiago_pro_description:/home/user/exchange/workspace/install/tiago_pro_bringup:/home/user/exchange/workspace/install/tiago_pro_controller_configuration:/home/user/exchange/workspace/install/tiago_pro_2dnav:/home/user/exchange/workspace/install/pal_sea_arm_moveit_config:/home/user/exchange/workspace/install/pal_sea_arm:/home/user/exchange/workspace/install/pal_pro_gripper_simulation:/home/user/exchange/workspace/install/pal_pro_gripper_bringup:/home/user/exchange/workspace/install/pal_pro_gripper:/home/user/exchange/workspace/install/pal_gazebo_worlds:/home/user/exchange/workspace/install/pick_task:/home/user/exchange/workspace/install/pal_pro_gripper_wrapper:/opt/ros/humble PYTHONPATH=/home/user/exchange/workspace/install/pal_pro_gripper_wrapper/lib/python3.10/site-packages:/home/user/exchange/workspace/install/pick_task/lib/python3.10/site-packages:/home/user/exchange/workspace/install/tiago_pro_description/local/lib/python3.10/dist-packages:/home/user/exchange/workspace/install/pal_sea_arm_description/local/lib/python3.10/dist-packages:/home/user/exchange/workspace/install/pal_pro_gripper_description/local/lib/python3.10/dist-packages:/opt/ros/humble/lib/python3.10/site-packages:/opt/ros/humble/local/lib/python3.10/dist-packages /usr/bin/cmake --build /home/user/exchange/workspace/build/pal_sea_arm -- -j12 -l12
[1.222s] DEBUG:colcon.colcon_core.event_handler.log_command:Invoked command in '/home/user/exchange/workspace/build/pal_sea_arm' returned '0': AMENT_PREFIX_PATH=/home/user/exchange/workspace/install/pal_pro_gripper_wrapper:/home/user/exchange/workspace/install/tiago_manipulation_tasks:/home/user/exchange/workspace/install/pick_task:/home/user/exchange/workspace/install/tiago_pro_simulation:/home/user/exchange/workspace/install/tiago_pro_robot:/home/user/exchange/workspace/install/tiago_pro_navigation:/home/user/exchange/workspace/install/tiago_pro_gazebo:/home/user/exchange/workspace/install/tiago_pro_rgbd_sensors:/home/user/exchange/workspace/install/tiago_pro_mujoco:/home/user/exchange/workspace/install/tiago_pro_moveit_config:/home/user/exchange/workspace/install/tiago_pro_laser_sensors:/home/user/exchange/workspace/install/tiago_pro_description:/home/user/exchange/workspace/install/tiago_pro_bringup:/home/user/exchange/workspace/install/tiago_pro_controller_configuration:/home/user/exchange/workspace/install/tiago_pro_2dnav:/home/user/exchange/workspace/install/pal_sea_arm_moveit_config:/home/user/exchange/workspace/install/pal_sea_arm:/home/user/exchange/workspace/install/pal_sea_arm_bringup:/home/user/exchange/workspace/install/pal_sea_arm_description:/home/user/exchange/workspace/install/pal_sea_arm_controller_configuration:/home/user/exchange/workspace/install/pal_pro_gripper_simulation:/home/user/exchange/workspace/install/pal_pro_gripper_bringup:/home/user/exchange/workspace/install/pal_pro_gripper:/home/user/exchange/workspace/install/pal_pro_gripper_controller_configuration:/home/user/exchange/workspace/install/pal_pro_gripper_description:/home/user/exchange/workspace/install/pal_gazebo_worlds:/opt/ros/humble CMAKE_PREFIX_PATH=/home/user/exchange/workspace/install/pal_sea_arm_bringup:/home/user/exchange/workspace/install/pal_sea_arm_description:/home/user/exchange/workspace/install/pal_sea_arm_controller_configuration:/home/user/exchange/workspace/install/pal_pro_gripper_controller_configuration:/home/user/exchange/workspace/install/pal_pro_gripper_description:/home/user/exchange/workspace/install/tiago_manipulation_tasks:/home/user/exchange/workspace/install/tiago_pro_simulation:/home/user/exchange/workspace/install/tiago_pro_robot:/home/user/exchange/workspace/install/tiago_pro_navigation:/home/user/exchange/workspace/install/tiago_pro_gazebo:/home/user/exchange/workspace/install/tiago_pro_rgbd_sensors:/home/user/exchange/workspace/install/tiago_pro_mujoco:/home/user/exchange/workspace/install/tiago_pro_moveit_config:/home/user/exchange/workspace/install/tiago_pro_laser_sensors:/home/user/exchange/workspace/install/tiago_pro_description:/home/user/exchange/workspace/install/tiago_pro_bringup:/home/user/exchange/workspace/install/tiago_pro_controller_configuration:/home/user/exchange/workspace/install/tiago_pro_2dnav:/home/user/exchange/workspace/install/pal_sea_arm_moveit_config:/home/user/exchange/workspace/install/pal_sea_arm:/home/user/exchange/workspace/install/pal_pro_gripper_simulation:/home/user/exchange/workspace/install/pal_pro_gripper_bringup:/home/user/exchange/workspace/install/pal_pro_gripper:/home/user/exchange/workspace/install/pal_gazebo_worlds:/home/user/exchange/workspace/install/pick_task:/home/user/exchange/workspace/install/pal_pro_gripper_wrapper:/opt/ros/humble PYTHONPATH=/home/user/exchange/workspace/install/pal_pro_gripper_wrapper/lib/python3.10/site-packages:/home/user/exchange/workspace/install/pick_task/lib/python3.10/site-packages:/home/user/exchange/workspace/install/tiago_pro_description/local/lib/python3.10/dist-packages:/home/user/exchange/workspace/install/pal_sea_arm_description/local/lib/python3.10/dist-packages:/home/user/exchange/workspace/install/pal_pro_gripper_description/local/lib/python3.10/dist-packages:/opt/ros/humble/lib/python3.10/site-packages:/opt/ros/humble/local/lib/python3.10/dist-packages /usr/bin/cmake --build /home/user/exchange/workspace/build/pal_sea_arm -- -j12 -l12
[1.223s] DEBUG:colcon.colcon_core.event_handler.log_command:Invoking command in '/home/user/exchange/workspace/build/pal_sea_arm': AMENT_PREFIX_PATH=/home/user/exchange/workspace/install/pal_pro_gripper_wrapper:/home/user/exchange/workspace/install/tiago_manipulation_tasks:/home/user/exchange/workspace/install/pick_task:/home/user/exchange/workspace/install/tiago_pro_simulation:/home/user/exchange/workspace/install/tiago_pro_robot:/home/user/exchange/workspace/install/tiago_pro_navigation:/home/user/exchange/workspace/install/tiago_pro_gazebo:/home/user/exchange/workspace/install/tiago_pro_rgbd_sensors:/home/user/exchange/workspace/install/tiago_pro_mujoco:/home/user/exchange/workspace/install/tiago_pro_moveit_config:/home/user/exchange/workspace/install/tiago_pro_laser_sensors:/home/user/exchange/workspace/install/tiago_pro_description:/home/user/exchange/workspace/install/tiago_pro_bringup:/home/user/exchange/workspace/install/tiago_pro_controller_configuration:/home/user/exchange/workspace/install/tiago_pro_2dnav:/home/user/exchange/workspace/install/pal_sea_arm_moveit_config:/home/user/exchange/workspace/install/pal_sea_arm:/home/user/exchange/workspace/install/pal_sea_arm_bringup:/home/user/exchange/workspace/install/pal_sea_arm_description:/home/user/exchange/workspace/install/pal_sea_arm_controller_configuration:/home/user/exchange/workspace/install/pal_pro_gripper_simulation:/home/user/exchange/workspace/install/pal_pro_gripper_bringup:/home/user/exchange/workspace/install/pal_pro_gripper:/home/user/exchange/workspace/install/pal_pro_gripper_controller_configuration:/home/user/exchange/workspace/install/pal_pro_gripper_description:/home/user/exchange/workspace/install/pal_gazebo_worlds:/opt/ros/humble CMAKE_PREFIX_PATH=/home/user/exchange/workspace/install/pal_sea_arm_bringup:/home/user/exchange/workspace/install/pal_sea_arm_description:/home/user/exchange/workspace/install/pal_sea_arm_controller_configuration:/home/user/exchange/workspace/install/pal_pro_gripper_controller_configuration:/home/user/exchange/workspace/install/pal_pro_gripper_description:/home/user/exchange/workspace/install/tiago_manipulation_tasks:/home/user/exchange/workspace/install/tiago_pro_simulation:/home/user/exchange/workspace/install/tiago_pro_robot:/home/user/exchange/workspace/install/tiago_pro_navigation:/home/user/exchange/workspace/install/tiago_pro_gazebo:/home/user/exchange/workspace/install/tiago_pro_rgbd_sensors:/home/user/exchange/workspace/install/tiago_pro_mujoco:/home/user/exchange/workspace/install/tiago_pro_moveit_config:/home/user/exchange/workspace/install/tiago_pro_laser_sensors:/home/user/exchange/workspace/install/tiago_pro_description:/home/user/exchange/workspace/install/tiago_pro_bringup:/home/user/exchange/workspace/install/tiago_pro_controller_configuration:/home/user/exchange/workspace/install/tiago_pro_2dnav:/home/user/exchange/workspace/install/pal_sea_arm_moveit_config:/home/user/exchange/workspace/install/pal_sea_arm:/home/user/exchange/workspace/install/pal_pro_gripper_simulation:/home/user/exchange/workspace/install/pal_pro_gripper_bringup:/home/user/exchange/workspace/install/pal_pro_gripper:/home/user/exchange/workspace/install/pal_gazebo_worlds:/home/user/exchange/workspace/install/pick_task:/home/user/exchange/workspace/install/pal_pro_gripper_wrapper:/opt/ros/humble PYTHONPATH=/home/user/exchange/workspace/install/pal_pro_gripper_wrapper/lib/python3.10/site-packages:/home/user/exchange/workspace/install/pick_task/lib/python3.10/site-packages:/home/user/exchange/workspace/install/tiago_pro_description/local/lib/python3.10/dist-packages:/home/user/exchange/workspace/install/pal_sea_arm_description/local/lib/python3.10/dist-packages:/home/user/exchange/workspace/install/pal_pro_gripper_description/local/lib/python3.10/dist-packages:/opt/ros/humble/lib/python3.10/site-packages:/opt/ros/humble/local/lib/python3.10/dist-packages /usr/bin/cmake --install /home/user/exchange/workspace/build/pal_sea_arm
[1.229s] Level 1:colcon.colcon_core.environment:create_environment_scripts_only(pal_sea_arm)
[1.229s] Level 1:colcon.colcon_core.environment:checking '/home/user/exchange/workspace/install/pal_sea_arm' for CMake module files
[1.230s] DEBUG:colcon.colcon_core.event_handler.log_command:Invoked command in '/home/user/exchange/workspace/build/pal_sea_arm' returned '0': AMENT_PREFIX_PATH=/home/user/exchange/workspace/install/pal_pro_gripper_wrapper:/home/user/exchange/workspace/install/tiago_manipulation_tasks:/home/user/exchange/workspace/install/pick_task:/home/user/exchange/workspace/install/tiago_pro_simulation:/home/user/exchange/workspace/install/tiago_pro_robot:/home/user/exchange/workspace/install/tiago_pro_navigation:/home/user/exchange/workspace/install/tiago_pro_gazebo:/home/user/exchange/workspace/install/tiago_pro_rgbd_sensors:/home/user/exchange/workspace/install/tiago_pro_mujoco:/home/user/exchange/workspace/install/tiago_pro_moveit_config:/home/user/exchange/workspace/install/tiago_pro_laser_sensors:/home/user/exchange/workspace/install/tiago_pro_description:/home/user/exchange/workspace/install/tiago_pro_bringup:/home/user/exchange/workspace/install/tiago_pro_controller_configuration:/home/user/exchange/workspace/install/tiago_pro_2dnav:/home/user/exchange/workspace/install/pal_sea_arm_moveit_config:/home/user/exchange/workspace/install/pal_sea_arm:/home/user/exchange/workspace/install/pal_sea_arm_bringup:/home/user/exchange/workspace/install/pal_sea_arm_description:/home/user/exchange/workspace/install/pal_sea_arm_controller_configuration:/home/user/exchange/workspace/install/pal_pro_gripper_simulation:/home/user/exchange/workspace/install/pal_pro_gripper_bringup:/home/user/exchange/workspace/install/pal_pro_gripper:/home/user/exchange/workspace/install/pal_pro_gripper_controller_configuration:/home/user/exchange/workspace/install/pal_pro_gripper_description:/home/user/exchange/workspace/install/pal_gazebo_worlds:/opt/ros/humble CMAKE_PREFIX_PATH=/home/user/exchange/workspace/install/pal_sea_arm_bringup:/home/user/exchange/workspace/install/pal_sea_arm_description:/home/user/exchange/workspace/install/pal_sea_arm_controller_configuration:/home/user/exchange/workspace/install/pal_pro_gripper_controller_configuration:/home/user/exchange/workspace/install/pal_pro_gripper_description:/home/user/exchange/workspace/install/tiago_manipulation_tasks:/home/user/exchange/workspace/install/tiago_pro_simulation:/home/user/exchange/workspace/install/tiago_pro_robot:/home/user/exchange/workspace/install/tiago_pro_navigation:/home/user/exchange/workspace/install/tiago_pro_gazebo:/home/user/exchange/workspace/install/tiago_pro_rgbd_sensors:/home/user/exchange/workspace/install/tiago_pro_mujoco:/home/user/exchange/workspace/install/tiago_pro_moveit_config:/home/user/exchange/workspace/install/tiago_pro_laser_sensors:/home/user/exchange/workspace/install/tiago_pro_description:/home/user/exchange/workspace/install/tiago_pro_bringup:/home/user/exchange/workspace/install/tiago_pro_controller_configuration:/home/user/exchange/workspace/install/tiago_pro_2dnav:/home/user/exchange/workspace/install/pal_sea_arm_moveit_config:/home/user/exchange/workspace/install/pal_sea_arm:/home/user/exchange/workspace/install/pal_pro_gripper_simulation:/home/user/exchange/workspace/install/pal_pro_gripper_bringup:/home/user/exchange/workspace/install/pal_pro_gripper:/home/user/exchange/workspace/install/pal_gazebo_worlds:/home/user/exchange/workspace/install/pick_task:/home/user/exchange/workspace/install/pal_pro_gripper_wrapper:/opt/ros/humble PYTHONPATH=/home/user/exchange/workspace/install/pal_pro_gripper_wrapper/lib/python3.10/site-packages:/home/user/exchange/workspace/install/pick_task/lib/python3.10/site-packages:/home/user/exchange/workspace/install/tiago_pro_description/local/lib/python3.10/dist-packages:/home/user/exchange/workspace/install/pal_sea_arm_description/local/lib/python3.10/dist-packages:/home/user/exchange/workspace/install/pal_pro_gripper_description/local/lib/python3.10/dist-packages:/opt/ros/humble/lib/python3.10/site-packages:/opt/ros/humble/local/lib/python3.10/dist-packages /usr/bin/cmake --install /home/user/exchange/workspace/build/pal_sea_arm
[1.230s] Level 1:colcon.colcon_core.environment:checking '/home/user/exchange/workspace/install/pal_sea_arm' for CMake config files
[1.230s] Level 1:colcon.colcon_core.shell:create_environment_hook('pal_sea_arm', 'cmake_prefix_path')
[1.230s] INFO:colcon.colcon_core.shell:Creating environment hook '/home/user/exchange/workspace/install/pal_sea_arm/share/pal_sea_arm/hook/cmake_prefix_path.ps1'
[1.230s] INFO:colcon.colcon_core.shell:Creating environment descriptor '/home/user/exchange/workspace/install/pal_sea_arm/share/pal_sea_arm/hook/cmake_prefix_path.dsv'
[1.230s] INFO:colcon.colcon_core.shell:Creating environment hook '/home/user/exchange/workspace/install/pal_sea_arm/share/pal_sea_arm/hook/cmake_prefix_path.sh'
[1.231s] Level 1:colcon.colcon_core.environment:checking '/home/user/exchange/workspace/install/pal_sea_arm/bin'
[1.231s] Level 1:colcon.colcon_core.environment:checking '/home/user/exchange/workspace/install/pal_sea_arm/lib/pkgconfig/pal_sea_arm.pc'
[1.231s] Level 1:colcon.colcon_core.environment:checking '/home/user/exchange/workspace/install/pal_sea_arm/lib/python3.10/site-packages'
[1.231s] Level 1:colcon.colcon_core.environment:checking '/home/user/exchange/workspace/install/pal_sea_arm/bin'
[1.231s] INFO:colcon.colcon_core.shell:Creating package script '/home/user/exchange/workspace/install/pal_sea_arm/share/pal_sea_arm/package.ps1'
[1.232s] INFO:colcon.colcon_core.shell:Creating package descriptor '/home/user/exchange/workspace/install/pal_sea_arm/share/pal_sea_arm/package.dsv'
[1.232s] INFO:colcon.colcon_core.shell:Creating package script '/home/user/exchange/workspace/install/pal_sea_arm/share/pal_sea_arm/package.sh'
[1.232s] INFO:colcon.colcon_core.shell:Creating package script '/home/user/exchange/workspace/install/pal_sea_arm/share/pal_sea_arm/package.bash'
[1.232s] INFO:colcon.colcon_core.shell:Creating package script '/home/user/exchange/workspace/install/pal_sea_arm/share/pal_sea_arm/package.zsh'
[1.232s] Level 1:colcon.colcon_core.environment:create_file_with_runtime_dependencies(/home/user/exchange/workspace/install/pal_sea_arm/share/colcon-core/packages/pal_sea_arm)
[1.233s] Level 1:colcon.colcon_core.environment:create_environment_scripts_only(pal_sea_arm)
[1.233s] Level 1:colcon.colcon_core.environment:checking '/home/user/exchange/workspace/install/pal_sea_arm' for CMake module files
[1.233s] Level 1:colcon.colcon_core.environment:checking '/home/user/exchange/workspace/install/pal_sea_arm' for CMake config files
[1.233s] Level 1:colcon.colcon_core.shell:create_environment_hook('pal_sea_arm', 'cmake_prefix_path')
[1.233s] INFO:colcon.colcon_core.shell:Creating environment hook '/home/user/exchange/workspace/install/pal_sea_arm/share/pal_sea_arm/hook/cmake_prefix_path.ps1'
[1.233s] INFO:colcon.colcon_core.shell:Creating environment descriptor '/home/user/exchange/workspace/install/pal_sea_arm/share/pal_sea_arm/hook/cmake_prefix_path.dsv'
[1.234s] INFO:colcon.colcon_core.shell:Creating environment hook '/home/user/exchange/workspace/install/pal_sea_arm/share/pal_sea_arm/hook/cmake_prefix_path.sh'
[1.234s] Level 1:colcon.colcon_core.environment:checking '/home/user/exchange/workspace/install/pal_sea_arm/bin'
[1.234s] Level 1:colcon.colcon_core.environment:checking '/home/user/exchange/workspace/install/pal_sea_arm/lib/pkgconfig/pal_sea_arm.pc'
[1.234s] Level 1:colcon.colcon_core.environment:checking '/home/user/exchange/workspace/install/pal_sea_arm/lib/python3.10/site-packages'
[1.234s] Level 1:colcon.colcon_core.environment:checking '/home/user/exchange/workspace/install/pal_sea_arm/bin'
[1.234s] INFO:colcon.colcon_core.shell:Creating package script '/home/user/exchange/workspace/install/pal_sea_arm/share/pal_sea_arm/package.ps1'
[1.235s] INFO:colcon.colcon_core.shell:Creating package descriptor '/home/user/exchange/workspace/install/pal_sea_arm/share/pal_sea_arm/package.dsv'
[1.235s] INFO:colcon.colcon_core.shell:Creating package script '/home/user/exchange/workspace/install/pal_sea_arm/share/pal_sea_arm/package.sh'
[1.235s] INFO:colcon.colcon_core.shell:Creating package script '/home/user/exchange/workspace/install/pal_sea_arm/share/pal_sea_arm/package.bash'
[1.235s] INFO:colcon.colcon_core.shell:Creating package script '/home/user/exchange/workspace/install/pal_sea_arm/share/pal_sea_arm/package.zsh'
[1.236s] Level 1:colcon.colcon_core.environment:create_file_with_runtime_dependencies(/home/user/exchange/workspace/install/pal_sea_arm/share/colcon-core/packages/pal_sea_arm)
[1.373s] DEBUG:colcon.colcon_core.event_handler.log_command:Invoked command in '/home/user/exchange/workspace/build/tiago_pro_description' returned '0': AMENT_PREFIX_PATH=/home/user/exchange/workspace/install/pal_pro_gripper_wrapper:/home/user/exchange/workspace/install/tiago_manipulation_tasks:/home/user/exchange/workspace/install/pick_task:/home/user/exchange/workspace/install/tiago_pro_simulation:/home/user/exchange/workspace/install/tiago_pro_robot:/home/user/exchange/workspace/install/tiago_pro_navigation:/home/user/exchange/workspace/install/tiago_pro_gazebo:/home/user/exchange/workspace/install/tiago_pro_rgbd_sensors:/home/user/exchange/workspace/install/tiago_pro_mujoco:/home/user/exchange/workspace/install/tiago_pro_moveit_config:/home/user/exchange/workspace/install/tiago_pro_laser_sensors:/home/user/exchange/workspace/install/tiago_pro_description:/home/user/exchange/workspace/install/tiago_pro_bringup:/home/user/exchange/workspace/install/tiago_pro_controller_configuration:/home/user/exchange/workspace/install/tiago_pro_2dnav:/home/user/exchange/workspace/install/pal_sea_arm_moveit_config:/home/user/exchange/workspace/install/pal_sea_arm:/home/user/exchange/workspace/install/pal_sea_arm_bringup:/home/user/exchange/workspace/install/pal_sea_arm_description:/home/user/exchange/workspace/install/pal_sea_arm_controller_configuration:/home/user/exchange/workspace/install/pal_pro_gripper_simulation:/home/user/exchange/workspace/install/pal_pro_gripper_bringup:/home/user/exchange/workspace/install/pal_pro_gripper:/home/user/exchange/workspace/install/pal_pro_gripper_controller_configuration:/home/user/exchange/workspace/install/pal_pro_gripper_description:/home/user/exchange/workspace/install/pal_gazebo_worlds:/opt/ros/humble CMAKE_PREFIX_PATH=/home/user/exchange/workspace/install/pal_sea_arm_description:/home/user/exchange/workspace/install/pal_sea_arm_controller_configuration:/home/user/exchange/workspace/install/pal_pro_gripper_controller_configuration:/home/user/exchange/workspace/install/pal_pro_gripper_description:/home/user/exchange/workspace/install/tiago_manipulation_tasks:/home/user/exchange/workspace/install/tiago_pro_simulation:/home/user/exchange/workspace/install/tiago_pro_robot:/home/user/exchange/workspace/install/tiago_pro_navigation:/home/user/exchange/workspace/install/tiago_pro_gazebo:/home/user/exchange/workspace/install/tiago_pro_rgbd_sensors:/home/user/exchange/workspace/install/tiago_pro_mujoco:/home/user/exchange/workspace/install/tiago_pro_moveit_config:/home/user/exchange/workspace/install/tiago_pro_laser_sensors:/home/user/exchange/workspace/install/tiago_pro_description:/home/user/exchange/workspace/install/tiago_pro_bringup:/home/user/exchange/workspace/install/tiago_pro_controller_configuration:/home/user/exchange/workspace/install/tiago_pro_2dnav:/home/user/exchange/workspace/install/pal_sea_arm_moveit_config:/home/user/exchange/workspace/install/pal_sea_arm:/home/user/exchange/workspace/install/pal_sea_arm_bringup:/home/user/exchange/workspace/install/pal_pro_gripper_simulation:/home/user/exchange/workspace/install/pal_pro_gripper_bringup:/home/user/exchange/workspace/install/pal_pro_gripper:/home/user/exchange/workspace/install/pal_gazebo_worlds:/home/user/exchange/workspace/install/pick_task:/home/user/exchange/workspace/install/pal_pro_gripper_wrapper:/opt/ros/humble PYTHONPATH=/home/user/exchange/workspace/install/pal_pro_gripper_wrapper/lib/python3.10/site-packages:/home/user/exchange/workspace/install/pick_task/lib/python3.10/site-packages:/home/user/exchange/workspace/install/tiago_pro_description/local/lib/python3.10/dist-packages:/home/user/exchange/workspace/install/pal_sea_arm_description/local/lib/python3.10/dist-packages:/home/user/exchange/workspace/install/pal_pro_gripper_description/local/lib/python3.10/dist-packages:/opt/ros/humble/lib/python3.10/site-packages:/opt/ros/humble/local/lib/python3.10/dist-packages /usr/bin/cmake --build /home/user/exchange/workspace/build/tiago_pro_description -- -j12 -l12
[1.374s] DEBUG:colcon.colcon_core.event_handler.log_command:Invoking command in '/home/user/exchange/workspace/build/tiago_pro_description': AMENT_PREFIX_PATH=/home/user/exchange/workspace/install/pal_pro_gripper_wrapper:/home/user/exchange/workspace/install/tiago_manipulation_tasks:/home/user/exchange/workspace/install/pick_task:/home/user/exchange/workspace/install/tiago_pro_simulation:/home/user/exchange/workspace/install/tiago_pro_robot:/home/user/exchange/workspace/install/tiago_pro_navigation:/home/user/exchange/workspace/install/tiago_pro_gazebo:/home/user/exchange/workspace/install/tiago_pro_rgbd_sensors:/home/user/exchange/workspace/install/tiago_pro_mujoco:/home/user/exchange/workspace/install/tiago_pro_moveit_config:/home/user/exchange/workspace/install/tiago_pro_laser_sensors:/home/user/exchange/workspace/install/tiago_pro_description:/home/user/exchange/workspace/install/tiago_pro_bringup:/home/user/exchange/workspace/install/tiago_pro_controller_configuration:/home/user/exchange/workspace/install/tiago_pro_2dnav:/home/user/exchange/workspace/install/pal_sea_arm_moveit_config:/home/user/exchange/workspace/install/pal_sea_arm:/home/user/exchange/workspace/install/pal_sea_arm_bringup:/home/user/exchange/workspace/install/pal_sea_arm_description:/home/user/exchange/workspace/install/pal_sea_arm_controller_configuration:/home/user/exchange/workspace/install/pal_pro_gripper_simulation:/home/user/exchange/workspace/install/pal_pro_gripper_bringup:/home/user/exchange/workspace/install/pal_pro_gripper:/home/user/exchange/workspace/install/pal_pro_gripper_controller_configuration:/home/user/exchange/workspace/install/pal_pro_gripper_description:/home/user/exchange/workspace/install/pal_gazebo_worlds:/opt/ros/humble CMAKE_PREFIX_PATH=/home/user/exchange/workspace/install/pal_sea_arm_description:/home/user/exchange/workspace/install/pal_sea_arm_controller_configuration:/home/user/exchange/workspace/install/pal_pro_gripper_controller_configuration:/home/user/exchange/workspace/install/pal_pro_gripper_description:/home/user/exchange/workspace/install/tiago_manipulation_tasks:/home/user/exchange/workspace/install/tiago_pro_simulation:/home/user/exchange/workspace/install/tiago_pro_robot:/home/user/exchange/workspace/install/tiago_pro_navigation:/home/user/exchange/workspace/install/tiago_pro_gazebo:/home/user/exchange/workspace/install/tiago_pro_rgbd_sensors:/home/user/exchange/workspace/install/tiago_pro_mujoco:/home/user/exchange/workspace/install/tiago_pro_moveit_config:/home/user/exchange/workspace/install/tiago_pro_laser_sensors:/home/user/exchange/workspace/install/tiago_pro_description:/home/user/exchange/workspace/install/tiago_pro_bringup:/home/user/exchange/workspace/install/tiago_pro_controller_configuration:/home/user/exchange/workspace/install/tiago_pro_2dnav:/home/user/exchange/workspace/install/pal_sea_arm_moveit_config:/home/user/exchange/workspace/install/pal_sea_arm:/home/user/exchange/workspace/install/pal_sea_arm_bringup:/home/user/exchange/workspace/install/pal_pro_gripper_simulation:/home/user/exchange/workspace/install/pal_pro_gripper_bringup:/home/user/exchange/workspace/install/pal_pro_gripper:/home/user/exchange/workspace/install/pal_gazebo_worlds:/home/user/exchange/workspace/install/pick_task:/home/user/exchange/workspace/install/pal_pro_gripper_wrapper:/opt/ros/humble PYTHONPATH=/home/user/exchange/workspace/install/pal_pro_gripper_wrapper/lib/python3.10/site-packages:/home/user/exchange/workspace/install/pick_task/lib/python3.10/site-packages:/home/user/exchange/workspace/install/tiago_pro_description/local/lib/python3.10/dist-packages:/home/user/exchange/workspace/install/pal_sea_arm_description/local/lib/python3.10/dist-packages:/home/user/exchange/workspace/install/pal_pro_gripper_description/local/lib/python3.10/dist-packages:/opt/ros/humble/lib/python3.10/site-packages:/opt/ros/humble/local/lib/python3.10/dist-packages /usr/bin/cmake --install /home/user/exchange/workspace/build/tiago_pro_description
[1.408s] Level 1:colcon.colcon_core.environment:create_environment_scripts_only(tiago_pro_description)
[1.408s] Level 1:colcon.colcon_core.environment:checking '/home/user/exchange/workspace/install/tiago_pro_description' for CMake module files
[1.408s] DEBUG:colcon.colcon_core.event_handler.log_command:Invoked command in '/home/user/exchange/workspace/build/tiago_pro_description' returned '0': AMENT_PREFIX_PATH=/home/user/exchange/workspace/install/pal_pro_gripper_wrapper:/home/user/exchange/workspace/install/tiago_manipulation_tasks:/home/user/exchange/workspace/install/pick_task:/home/user/exchange/workspace/install/tiago_pro_simulation:/home/user/exchange/workspace/install/tiago_pro_robot:/home/user/exchange/workspace/install/tiago_pro_navigation:/home/user/exchange/workspace/install/tiago_pro_gazebo:/home/user/exchange/workspace/install/tiago_pro_rgbd_sensors:/home/user/exchange/workspace/install/tiago_pro_mujoco:/home/user/exchange/workspace/install/tiago_pro_moveit_config:/home/user/exchange/workspace/install/tiago_pro_laser_sensors:/home/user/exchange/workspace/install/tiago_pro_description:/home/user/exchange/workspace/install/tiago_pro_bringup:/home/user/exchange/workspace/install/tiago_pro_controller_configuration:/home/user/exchange/workspace/install/tiago_pro_2dnav:/home/user/exchange/workspace/install/pal_sea_arm_moveit_config:/home/user/exchange/workspace/install/pal_sea_arm:/home/user/exchange/workspace/install/pal_sea_arm_bringup:/home/user/exchange/workspace/install/pal_sea_arm_description:/home/user/exchange/workspace/install/pal_sea_arm_controller_configuration:/home/user/exchange/workspace/install/pal_pro_gripper_simulation:/home/user/exchange/workspace/install/pal_pro_gripper_bringup:/home/user/exchange/workspace/install/pal_pro_gripper:/home/user/exchange/workspace/install/pal_pro_gripper_controller_configuration:/home/user/exchange/workspace/install/pal_pro_gripper_description:/home/user/exchange/workspace/install/pal_gazebo_worlds:/opt/ros/humble CMAKE_PREFIX_PATH=/home/user/exchange/workspace/install/pal_sea_arm_description:/home/user/exchange/workspace/install/pal_sea_arm_controller_configuration:/home/user/exchange/workspace/install/pal_pro_gripper_controller_configuration:/home/user/exchange/workspace/install/pal_pro_gripper_description:/home/user/exchange/workspace/install/tiago_manipulation_tasks:/home/user/exchange/workspace/install/tiago_pro_simulation:/home/user/exchange/workspace/install/tiago_pro_robot:/home/user/exchange/workspace/install/tiago_pro_navigation:/home/user/exchange/workspace/install/tiago_pro_gazebo:/home/user/exchange/workspace/install/tiago_pro_rgbd_sensors:/home/user/exchange/workspace/install/tiago_pro_mujoco:/home/user/exchange/workspace/install/tiago_pro_moveit_config:/home/user/exchange/workspace/install/tiago_pro_laser_sensors:/home/user/exchange/workspace/install/tiago_pro_description:/home/user/exchange/workspace/install/tiago_pro_bringup:/home/user/exchange/workspace/install/tiago_pro_controller_configuration:/home/user/exchange/workspace/install/tiago_pro_2dnav:/home/user/exchange/workspace/install/pal_sea_arm_moveit_config:/home/user/exchange/workspace/install/pal_sea_arm:/home/user/exchange/workspace/install/pal_sea_arm_bringup:/home/user/exchange/workspace/install/pal_pro_gripper_simulation:/home/user/exchange/workspace/install/pal_pro_gripper_bringup:/home/user/exchange/workspace/install/pal_pro_gripper:/home/user/exchange/workspace/install/pal_gazebo_worlds:/home/user/exchange/workspace/install/pick_task:/home/user/exchange/workspace/install/pal_pro_gripper_wrapper:/opt/ros/humble PYTHONPATH=/home/user/exchange/workspace/install/pal_pro_gripper_wrapper/lib/python3.10/site-packages:/home/user/exchange/workspace/install/pick_task/lib/python3.10/site-packages:/home/user/exchange/workspace/install/tiago_pro_description/local/lib/python3.10/dist-packages:/home/user/exchange/workspace/install/pal_sea_arm_description/local/lib/python3.10/dist-packages:/home/user/exchange/workspace/install/pal_pro_gripper_description/local/lib/python3.10/dist-packages:/opt/ros/humble/lib/python3.10/site-packages:/opt/ros/humble/local/lib/python3.10/dist-packages /usr/bin/cmake --install /home/user/exchange/workspace/build/tiago_pro_description
[1.408s] Level 1:colcon.colcon_core.environment:checking '/home/user/exchange/workspace/install/tiago_pro_description' for CMake config files
[1.409s] Level 1:colcon.colcon_core.shell:create_environment_hook('tiago_pro_description', 'cmake_prefix_path')
[1.409s] INFO:colcon.colcon_core.shell:Creating environment hook '/home/user/exchange/workspace/install/tiago_pro_description/share/tiago_pro_description/hook/cmake_prefix_path.ps1'
[1.409s] INFO:colcon.colcon_core.shell:Creating environment descriptor '/home/user/exchange/workspace/install/tiago_pro_description/share/tiago_pro_description/hook/cmake_prefix_path.dsv'
[1.409s] INFO:colcon.colcon_core.shell:Creating environment hook '/home/user/exchange/workspace/install/tiago_pro_description/share/tiago_pro_description/hook/cmake_prefix_path.sh'
[1.410s] Level 1:colcon.colcon_core.environment:checking '/home/user/exchange/workspace/install/tiago_pro_description/bin'
[1.410s] Level 1:colcon.colcon_core.environment:checking '/home/user/exchange/workspace/install/tiago_pro_description/lib/pkgconfig/tiago_pro_description.pc'
[1.410s] Level 1:colcon.colcon_core.environment:checking '/home/user/exchange/workspace/install/tiago_pro_description/lib/python3.10/site-packages'
[1.410s] Level 1:colcon.colcon_core.environment:checking '/home/user/exchange/workspace/install/tiago_pro_description/bin'
[1.410s] INFO:colcon.colcon_core.shell:Creating package script '/home/user/exchange/workspace/install/tiago_pro_description/share/tiago_pro_description/package.ps1'
[1.411s] INFO:colcon.colcon_core.shell:Creating package descriptor '/home/user/exchange/workspace/install/tiago_pro_description/share/tiago_pro_description/package.dsv'
[1.411s] INFO:colcon.colcon_core.shell:Creating package script '/home/user/exchange/workspace/install/tiago_pro_description/share/tiago_pro_description/package.sh'
[1.411s] INFO:colcon.colcon_core.shell:Creating package script '/home/user/exchange/workspace/install/tiago_pro_description/share/tiago_pro_description/package.bash'
[1.411s] INFO:colcon.colcon_core.shell:Creating package script '/home/user/exchange/workspace/install/tiago_pro_description/share/tiago_pro_description/package.zsh'
[1.412s] Level 1:colcon.colcon_core.environment:create_file_with_runtime_dependencies(/home/user/exchange/workspace/install/tiago_pro_description/share/colcon-core/packages/tiago_pro_description)
[1.412s] Level 1:colcon.colcon_core.environment:create_environment_scripts_only(tiago_pro_description)
[1.412s] Level 1:colcon.colcon_core.environment:checking '/home/user/exchange/workspace/install/tiago_pro_description' for CMake module files
[1.412s] Level 1:colcon.colcon_core.environment:checking '/home/user/exchange/workspace/install/tiago_pro_description' for CMake config files
[1.413s] Level 1:colcon.colcon_core.shell:create_environment_hook('tiago_pro_description', 'cmake_prefix_path')
[1.413s] INFO:colcon.colcon_core.shell:Creating environment hook '/home/user/exchange/workspace/install/tiago_pro_description/share/tiago_pro_description/hook/cmake_prefix_path.ps1'
[1.413s] INFO:colcon.colcon_core.shell:Creating environment descriptor '/home/user/exchange/workspace/install/tiago_pro_description/share/tiago_pro_description/hook/cmake_prefix_path.dsv'
[1.413s] INFO:colcon.colcon_core.shell:Creating environment hook '/home/user/exchange/workspace/install/tiago_pro_description/share/tiago_pro_description/hook/cmake_prefix_path.sh'
[1.413s] Level 1:colcon.colcon_core.environment:checking '/home/user/exchange/workspace/install/tiago_pro_description/bin'
[1.413s] Level 1:colcon.colcon_core.environment:checking '/home/user/exchange/workspace/install/tiago_pro_description/lib/pkgconfig/tiago_pro_description.pc'
[1.414s] Level 1:colcon.colcon_core.environment:checking '/home/user/exchange/workspace/install/tiago_pro_description/lib/python3.10/site-packages'
[1.414s] Level 1:colcon.colcon_core.environment:checking '/home/user/exchange/workspace/install/tiago_pro_description/bin'
[1.414s] INFO:colcon.colcon_core.shell:Creating package script '/home/user/exchange/workspace/install/tiago_pro_description/share/tiago_pro_description/package.ps1'
[1.414s] INFO:colcon.colcon_core.shell:Creating package descriptor '/home/user/exchange/workspace/install/tiago_pro_description/share/tiago_pro_description/package.dsv'
[1.415s] INFO:colcon.colcon_core.shell:Creating package script '/home/user/exchange/workspace/install/tiago_pro_description/share/tiago_pro_description/package.sh'
[1.415s] INFO:colcon.colcon_core.shell:Creating package script '/home/user/exchange/workspace/install/tiago_pro_description/share/tiago_pro_description/package.bash'
[1.415s] INFO:colcon.colcon_core.shell:Creating package script '/home/user/exchange/workspace/install/tiago_pro_description/share/tiago_pro_description/package.zsh'
[1.415s] Level 1:colcon.colcon_core.environment:create_file_with_runtime_dependencies(/home/user/exchange/workspace/install/tiago_pro_description/share/colcon-core/packages/tiago_pro_description)
[1.415s] INFO:colcon.colcon_ros.task.ament_cmake.build:Building ROS package in '/home/user/exchange/workspace/src/tiago_pro_moveit_config' with build type 'ament_cmake'
[1.416s] INFO:colcon.colcon_cmake.task.cmake.build:Building CMake package in '/home/user/exchange/workspace/src/tiago_pro_moveit_config'
[1.416s] INFO:colcon.colcon_core.shell:Skip shell extension 'powershell' for command environment: Not usable outside of PowerShell
[1.416s] DEBUG:colcon.colcon_core.shell:Skip shell extension 'dsv' for command environment
[1.420s] INFO:colcon.colcon_ros.task.ament_cmake.build:Building ROS package in '/home/user/exchange/workspace/src/tiago_pro_robot/tiago_pro_robot' with build type 'ament_cmake'
[1.420s] INFO:colcon.colcon_cmake.task.cmake.build:Building CMake package in '/home/user/exchange/workspace/src/tiago_pro_robot/tiago_pro_robot'
[1.420s] INFO:colcon.colcon_core.shell:Skip shell extension 'powershell' for command environment: Not usable outside of PowerShell
[1.420s] DEBUG:colcon.colcon_core.shell:Skip shell extension 'dsv' for command environment
[1.428s] DEBUG:colcon.colcon_core.event_handler.log_command:Invoking command in '/home/user/exchange/workspace/build/tiago_pro_moveit_config': AMENT_PREFIX_PATH=/home/user/exchange/workspace/install/pal_pro_gripper_wrapper:/home/user/exchange/workspace/install/tiago_manipulation_tasks:/home/user/exchange/workspace/install/pick_task:/home/user/exchange/workspace/install/tiago_pro_simulation:/home/user/exchange/workspace/install/tiago_pro_robot:/home/user/exchange/workspace/install/tiago_pro_navigation:/home/user/exchange/workspace/install/tiago_pro_gazebo:/home/user/exchange/workspace/install/tiago_pro_rgbd_sensors:/home/user/exchange/workspace/install/tiago_pro_mujoco:/home/user/exchange/workspace/install/tiago_pro_moveit_config:/home/user/exchange/workspace/install/tiago_pro_laser_sensors:/home/user/exchange/workspace/install/tiago_pro_description:/home/user/exchange/workspace/install/tiago_pro_bringup:/home/user/exchange/workspace/install/tiago_pro_controller_configuration:/home/user/exchange/workspace/install/tiago_pro_2dnav:/home/user/exchange/workspace/install/pal_sea_arm_moveit_config:/home/user/exchange/workspace/install/pal_sea_arm:/home/user/exchange/workspace/install/pal_sea_arm_bringup:/home/user/exchange/workspace/install/pal_sea_arm_description:/home/user/exchange/workspace/install/pal_sea_arm_controller_configuration:/home/user/exchange/workspace/install/pal_pro_gripper_simulation:/home/user/exchange/workspace/install/pal_pro_gripper_bringup:/home/user/exchange/workspace/install/pal_pro_gripper:/home/user/exchange/workspace/install/pal_pro_gripper_controller_configuration:/home/user/exchange/workspace/install/pal_pro_gripper_description:/home/user/exchange/workspace/install/pal_gazebo_worlds:/opt/ros/humble CMAKE_PREFIX_PATH=/home/user/exchange/workspace/install/tiago_pro_description:/home/user/exchange/workspace/install/pal_sea_arm_moveit_config:/home/user/exchange/workspace/install/pal_sea_arm_description:/home/user/exchange/workspace/install/pal_sea_arm_controller_configuration:/home/user/exchange/workspace/install/pal_pro_gripper_controller_configuration:/home/user/exchange/workspace/install/pal_pro_gripper_description:/home/user/exchange/workspace/install/tiago_manipulation_tasks:/home/user/exchange/workspace/install/tiago_pro_simulation:/home/user/exchange/workspace/install/tiago_pro_robot:/home/user/exchange/workspace/install/tiago_pro_navigation:/home/user/exchange/workspace/install/tiago_pro_gazebo:/home/user/exchange/workspace/install/tiago_pro_rgbd_sensors:/home/user/exchange/workspace/install/tiago_pro_mujoco:/home/user/exchange/workspace/install/tiago_pro_moveit_config:/home/user/exchange/workspace/install/tiago_pro_laser_sensors:/home/user/exchange/workspace/install/tiago_pro_bringup:/home/user/exchange/workspace/install/tiago_pro_controller_configuration:/home/user/exchange/workspace/install/tiago_pro_2dnav:/home/user/exchange/workspace/install/pal_sea_arm:/home/user/exchange/workspace/install/pal_sea_arm_bringup:/home/user/exchange/workspace/install/pal_pro_gripper_simulation:/home/user/exchange/workspace/install/pal_pro_gripper_bringup:/home/user/exchange/workspace/install/pal_pro_gripper:/home/user/exchange/workspace/install/pal_gazebo_worlds:/home/user/exchange/workspace/install/pick_task:/home/user/exchange/workspace/install/pal_pro_gripper_wrapper:/opt/ros/humble PYTHONPATH=/home/user/exchange/workspace/install/pal_pro_gripper_wrapper/lib/python3.10/site-packages:/home/user/exchange/workspace/install/pick_task/lib/python3.10/site-packages:/home/user/exchange/workspace/install/tiago_pro_description/local/lib/python3.10/dist-packages:/home/user/exchange/workspace/install/pal_sea_arm_description/local/lib/python3.10/dist-packages:/home/user/exchange/workspace/install/pal_pro_gripper_description/local/lib/python3.10/dist-packages:/opt/ros/humble/lib/python3.10/site-packages:/opt/ros/humble/local/lib/python3.10/dist-packages /usr/bin/cmake --build /home/user/exchange/workspace/build/tiago_pro_moveit_config -- -j12 -l12
[1.432s] DEBUG:colcon.colcon_core.event_handler.log_command:Invoking command in '/home/user/exchange/workspace/build/tiago_pro_robot': AMENT_PREFIX_PATH=/home/user/exchange/workspace/install/pal_pro_gripper_wrapper:/home/user/exchange/workspace/install/tiago_manipulation_tasks:/home/user/exchange/workspace/install/pick_task:/home/user/exchange/workspace/install/tiago_pro_simulation:/home/user/exchange/workspace/install/tiago_pro_robot:/home/user/exchange/workspace/install/tiago_pro_navigation:/home/user/exchange/workspace/install/tiago_pro_gazebo:/home/user/exchange/workspace/install/tiago_pro_rgbd_sensors:/home/user/exchange/workspace/install/tiago_pro_mujoco:/home/user/exchange/workspace/install/tiago_pro_moveit_config:/home/user/exchange/workspace/install/tiago_pro_laser_sensors:/home/user/exchange/workspace/install/tiago_pro_description:/home/user/exchange/workspace/install/tiago_pro_bringup:/home/user/exchange/workspace/install/tiago_pro_controller_configuration:/home/user/exchange/workspace/install/tiago_pro_2dnav:/home/user/exchange/workspace/install/pal_sea_arm_moveit_config:/home/user/exchange/workspace/install/pal_sea_arm:/home/user/exchange/workspace/install/pal_sea_arm_bringup:/home/user/exchange/workspace/install/pal_sea_arm_description:/home/user/exchange/workspace/install/pal_sea_arm_controller_configuration:/home/user/exchange/workspace/install/pal_pro_gripper_simulation:/home/user/exchange/workspace/install/pal_pro_gripper_bringup:/home/user/exchange/workspace/install/pal_pro_gripper:/home/user/exchange/workspace/install/pal_pro_gripper_controller_configuration:/home/user/exchange/workspace/install/pal_pro_gripper_description:/home/user/exchange/workspace/install/pal_gazebo_worlds:/opt/ros/humble CMAKE_PREFIX_PATH=/home/user/exchange/workspace/install/tiago_pro_description:/home/user/exchange/workspace/install/tiago_pro_bringup:/home/user/exchange/workspace/install/tiago_pro_controller_configuration:/home/user/exchange/workspace/install/pal_sea_arm_description:/home/user/exchange/workspace/install/pal_sea_arm_controller_configuration:/home/user/exchange/workspace/install/pal_pro_gripper_controller_configuration:/home/user/exchange/workspace/install/pal_pro_gripper_description:/home/user/exchange/workspace/install/tiago_manipulation_tasks:/home/user/exchange/workspace/install/tiago_pro_simulation:/home/user/exchange/workspace/install/tiago_pro_robot:/home/user/exchange/workspace/install/tiago_pro_navigation:/home/user/exchange/workspace/install/tiago_pro_gazebo:/home/user/exchange/workspace/install/tiago_pro_rgbd_sensors:/home/user/exchange/workspace/install/tiago_pro_mujoco:/home/user/exchange/workspace/install/tiago_pro_moveit_config:/home/user/exchange/workspace/install/tiago_pro_laser_sensors:/home/user/exchange/workspace/install/tiago_pro_2dnav:/home/user/exchange/workspace/install/pal_sea_arm_moveit_config:/home/user/exchange/workspace/install/pal_sea_arm:/home/user/exchange/workspace/install/pal_sea_arm_bringup:/home/user/exchange/workspace/install/pal_pro_gripper_simulation:/home/user/exchange/workspace/install/pal_pro_gripper_bringup:/home/user/exchange/workspace/install/pal_pro_gripper:/home/user/exchange/workspace/install/pal_gazebo_worlds:/home/user/exchange/workspace/install/pick_task:/home/user/exchange/workspace/install/pal_pro_gripper_wrapper:/opt/ros/humble PYTHONPATH=/home/user/exchange/workspace/install/pal_pro_gripper_wrapper/lib/python3.10/site-packages:/home/user/exchange/workspace/install/pick_task/lib/python3.10/site-packages:/home/user/exchange/workspace/install/tiago_pro_description/local/lib/python3.10/dist-packages:/home/user/exchange/workspace/install/pal_sea_arm_description/local/lib/python3.10/dist-packages:/home/user/exchange/workspace/install/pal_pro_gripper_description/local/lib/python3.10/dist-packages:/opt/ros/humble/lib/python3.10/site-packages:/opt/ros/humble/local/lib/python3.10/dist-packages /usr/bin/cmake --build /home/user/exchange/workspace/build/tiago_pro_robot -- -j12 -l12
[1.452s] DEBUG:colcon.colcon_core.event_handler.log_command:Invoked command in '/home/user/exchange/workspace/build/tiago_pro_moveit_config' returned '0': AMENT_PREFIX_PATH=/home/user/exchange/workspace/install/pal_pro_gripper_wrapper:/home/user/exchange/workspace/install/tiago_manipulation_tasks:/home/user/exchange/workspace/install/pick_task:/home/user/exchange/workspace/install/tiago_pro_simulation:/home/user/exchange/workspace/install/tiago_pro_robot:/home/user/exchange/workspace/install/tiago_pro_navigation:/home/user/exchange/workspace/install/tiago_pro_gazebo:/home/user/exchange/workspace/install/tiago_pro_rgbd_sensors:/home/user/exchange/workspace/install/tiago_pro_mujoco:/home/user/exchange/workspace/install/tiago_pro_moveit_config:/home/user/exchange/workspace/install/tiago_pro_laser_sensors:/home/user/exchange/workspace/install/tiago_pro_description:/home/user/exchange/workspace/install/tiago_pro_bringup:/home/user/exchange/workspace/install/tiago_pro_controller_configuration:/home/user/exchange/workspace/install/tiago_pro_2dnav:/home/user/exchange/workspace/install/pal_sea_arm_moveit_config:/home/user/exchange/workspace/install/pal_sea_arm:/home/user/exchange/workspace/install/pal_sea_arm_bringup:/home/user/exchange/workspace/install/pal_sea_arm_description:/home/user/exchange/workspace/install/pal_sea_arm_controller_configuration:/home/user/exchange/workspace/install/pal_pro_gripper_simulation:/home/user/exchange/workspace/install/pal_pro_gripper_bringup:/home/user/exchange/workspace/install/pal_pro_gripper:/home/user/exchange/workspace/install/pal_pro_gripper_controller_configuration:/home/user/exchange/workspace/install/pal_pro_gripper_description:/home/user/exchange/workspace/install/pal_gazebo_worlds:/opt/ros/humble CMAKE_PREFIX_PATH=/home/user/exchange/workspace/install/tiago_pro_description:/home/user/exchange/workspace/install/pal_sea_arm_moveit_config:/home/user/exchange/workspace/install/pal_sea_arm_description:/home/user/exchange/workspace/install/pal_sea_arm_controller_configuration:/home/user/exchange/workspace/install/pal_pro_gripper_controller_configuration:/home/user/exchange/workspace/install/pal_pro_gripper_description:/home/user/exchange/workspace/install/tiago_manipulation_tasks:/home/user/exchange/workspace/install/tiago_pro_simulation:/home/user/exchange/workspace/install/tiago_pro_robot:/home/user/exchange/workspace/install/tiago_pro_navigation:/home/user/exchange/workspace/install/tiago_pro_gazebo:/home/user/exchange/workspace/install/tiago_pro_rgbd_sensors:/home/user/exchange/workspace/install/tiago_pro_mujoco:/home/user/exchange/workspace/install/tiago_pro_moveit_config:/home/user/exchange/workspace/install/tiago_pro_laser_sensors:/home/user/exchange/workspace/install/tiago_pro_bringup:/home/user/exchange/workspace/install/tiago_pro_controller_configuration:/home/user/exchange/workspace/install/tiago_pro_2dnav:/home/user/exchange/workspace/install/pal_sea_arm:/home/user/exchange/workspace/install/pal_sea_arm_bringup:/home/user/exchange/workspace/install/pal_pro_gripper_simulation:/home/user/exchange/workspace/install/pal_pro_gripper_bringup:/home/user/exchange/workspace/install/pal_pro_gripper:/home/user/exchange/workspace/install/pal_gazebo_worlds:/home/user/exchange/workspace/install/pick_task:/home/user/exchange/workspace/install/pal_pro_gripper_wrapper:/opt/ros/humble PYTHONPATH=/home/user/exchange/workspace/install/pal_pro_gripper_wrapper/lib/python3.10/site-packages:/home/user/exchange/workspace/install/pick_task/lib/python3.10/site-packages:/home/user/exchange/workspace/install/tiago_pro_description/local/lib/python3.10/dist-packages:/home/user/exchange/workspace/install/pal_sea_arm_description/local/lib/python3.10/dist-packages:/home/user/exchange/workspace/install/pal_pro_gripper_description/local/lib/python3.10/dist-packages:/opt/ros/humble/lib/python3.10/site-packages:/opt/ros/humble/local/lib/python3.10/dist-packages /usr/bin/cmake --build /home/user/exchange/workspace/build/tiago_pro_moveit_config -- -j12 -l12
[1.453s] DEBUG:colcon.colcon_core.event_handler.log_command:Invoking command in '/home/user/exchange/workspace/build/tiago_pro_moveit_config': AMENT_PREFIX_PATH=/home/user/exchange/workspace/install/pal_pro_gripper_wrapper:/home/user/exchange/workspace/install/tiago_manipulation_tasks:/home/user/exchange/workspace/install/pick_task:/home/user/exchange/workspace/install/tiago_pro_simulation:/home/user/exchange/workspace/install/tiago_pro_robot:/home/user/exchange/workspace/install/tiago_pro_navigation:/home/user/exchange/workspace/install/tiago_pro_gazebo:/home/user/exchange/workspace/install/tiago_pro_rgbd_sensors:/home/user/exchange/workspace/install/tiago_pro_mujoco:/home/user/exchange/workspace/install/tiago_pro_moveit_config:/home/user/exchange/workspace/install/tiago_pro_laser_sensors:/home/user/exchange/workspace/install/tiago_pro_description:/home/user/exchange/workspace/install/tiago_pro_bringup:/home/user/exchange/workspace/install/tiago_pro_controller_configuration:/home/user/exchange/workspace/install/tiago_pro_2dnav:/home/user/exchange/workspace/install/pal_sea_arm_moveit_config:/home/user/exchange/workspace/install/pal_sea_arm:/home/user/exchange/workspace/install/pal_sea_arm_bringup:/home/user/exchange/workspace/install/pal_sea_arm_description:/home/user/exchange/workspace/install/pal_sea_arm_controller_configuration:/home/user/exchange/workspace/install/pal_pro_gripper_simulation:/home/user/exchange/workspace/install/pal_pro_gripper_bringup:/home/user/exchange/workspace/install/pal_pro_gripper:/home/user/exchange/workspace/install/pal_pro_gripper_controller_configuration:/home/user/exchange/workspace/install/pal_pro_gripper_description:/home/user/exchange/workspace/install/pal_gazebo_worlds:/opt/ros/humble CMAKE_PREFIX_PATH=/home/user/exchange/workspace/install/tiago_pro_description:/home/user/exchange/workspace/install/pal_sea_arm_moveit_config:/home/user/exchange/workspace/install/pal_sea_arm_description:/home/user/exchange/workspace/install/pal_sea_arm_controller_configuration:/home/user/exchange/workspace/install/pal_pro_gripper_controller_configuration:/home/user/exchange/workspace/install/pal_pro_gripper_description:/home/user/exchange/workspace/install/tiago_manipulation_tasks:/home/user/exchange/workspace/install/tiago_pro_simulation:/home/user/exchange/workspace/install/tiago_pro_robot:/home/user/exchange/workspace/install/tiago_pro_navigation:/home/user/exchange/workspace/install/tiago_pro_gazebo:/home/user/exchange/workspace/install/tiago_pro_rgbd_sensors:/home/user/exchange/workspace/install/tiago_pro_mujoco:/home/user/exchange/workspace/install/tiago_pro_moveit_config:/home/user/exchange/workspace/install/tiago_pro_laser_sensors:/home/user/exchange/workspace/install/tiago_pro_bringup:/home/user/exchange/workspace/install/tiago_pro_controller_configuration:/home/user/exchange/workspace/install/tiago_pro_2dnav:/home/user/exchange/workspace/install/pal_sea_arm:/home/user/exchange/workspace/install/pal_sea_arm_bringup:/home/user/exchange/workspace/install/pal_pro_gripper_simulation:/home/user/exchange/workspace/install/pal_pro_gripper_bringup:/home/user/exchange/workspace/install/pal_pro_gripper:/home/user/exchange/workspace/install/pal_gazebo_worlds:/home/user/exchange/workspace/install/pick_task:/home/user/exchange/workspace/install/pal_pro_gripper_wrapper:/opt/ros/humble PYTHONPATH=/home/user/exchange/workspace/install/pal_pro_gripper_wrapper/lib/python3.10/site-packages:/home/user/exchange/workspace/install/pick_task/lib/python3.10/site-packages:/home/user/exchange/workspace/install/tiago_pro_description/local/lib/python3.10/dist-packages:/home/user/exchange/workspace/install/pal_sea_arm_description/local/lib/python3.10/dist-packages:/home/user/exchange/workspace/install/pal_pro_gripper_description/local/lib/python3.10/dist-packages:/opt/ros/humble/lib/python3.10/site-packages:/opt/ros/humble/local/lib/python3.10/dist-packages /usr/bin/cmake --install /home/user/exchange/workspace/build/tiago_pro_moveit_config
[1.456s] DEBUG:colcon.colcon_core.event_handler.log_command:Invoked command in '/home/user/exchange/workspace/build/tiago_pro_robot' returned '0': AMENT_PREFIX_PATH=/home/user/exchange/workspace/install/pal_pro_gripper_wrapper:/home/user/exchange/workspace/install/tiago_manipulation_tasks:/home/user/exchange/workspace/install/pick_task:/home/user/exchange/workspace/install/tiago_pro_simulation:/home/user/exchange/workspace/install/tiago_pro_robot:/home/user/exchange/workspace/install/tiago_pro_navigation:/home/user/exchange/workspace/install/tiago_pro_gazebo:/home/user/exchange/workspace/install/tiago_pro_rgbd_sensors:/home/user/exchange/workspace/install/tiago_pro_mujoco:/home/user/exchange/workspace/install/tiago_pro_moveit_config:/home/user/exchange/workspace/install/tiago_pro_laser_sensors:/home/user/exchange/workspace/install/tiago_pro_description:/home/user/exchange/workspace/install/tiago_pro_bringup:/home/user/exchange/workspace/install/tiago_pro_controller_configuration:/home/user/exchange/workspace/install/tiago_pro_2dnav:/home/user/exchange/workspace/install/pal_sea_arm_moveit_config:/home/user/exchange/workspace/install/pal_sea_arm:/home/user/exchange/workspace/install/pal_sea_arm_bringup:/home/user/exchange/workspace/install/pal_sea_arm_description:/home/user/exchange/workspace/install/pal_sea_arm_controller_configuration:/home/user/exchange/workspace/install/pal_pro_gripper_simulation:/home/user/exchange/workspace/install/pal_pro_gripper_bringup:/home/user/exchange/workspace/install/pal_pro_gripper:/home/user/exchange/workspace/install/pal_pro_gripper_controller_configuration:/home/user/exchange/workspace/install/pal_pro_gripper_description:/home/user/exchange/workspace/install/pal_gazebo_worlds:/opt/ros/humble CMAKE_PREFIX_PATH=/home/user/exchange/workspace/install/tiago_pro_description:/home/user/exchange/workspace/install/tiago_pro_bringup:/home/user/exchange/workspace/install/tiago_pro_controller_configuration:/home/user/exchange/workspace/install/pal_sea_arm_description:/home/user/exchange/workspace/install/pal_sea_arm_controller_configuration:/home/user/exchange/workspace/install/pal_pro_gripper_controller_configuration:/home/user/exchange/workspace/install/pal_pro_gripper_description:/home/user/exchange/workspace/install/tiago_manipulation_tasks:/home/user/exchange/workspace/install/tiago_pro_simulation:/home/user/exchange/workspace/install/tiago_pro_robot:/home/user/exchange/workspace/install/tiago_pro_navigation:/home/user/exchange/workspace/install/tiago_pro_gazebo:/home/user/exchange/workspace/install/tiago_pro_rgbd_sensors:/home/user/exchange/workspace/install/tiago_pro_mujoco:/home/user/exchange/workspace/install/tiago_pro_moveit_config:/home/user/exchange/workspace/install/tiago_pro_laser_sensors:/home/user/exchange/workspace/install/tiago_pro_2dnav:/home/user/exchange/workspace/install/pal_sea_arm_moveit_config:/home/user/exchange/workspace/install/pal_sea_arm:/home/user/exchange/workspace/install/pal_sea_arm_bringup:/home/user/exchange/workspace/install/pal_pro_gripper_simulation:/home/user/exchange/workspace/install/pal_pro_gripper_bringup:/home/user/exchange/workspace/install/pal_pro_gripper:/home/user/exchange/workspace/install/pal_gazebo_worlds:/home/user/exchange/workspace/install/pick_task:/home/user/exchange/workspace/install/pal_pro_gripper_wrapper:/opt/ros/humble PYTHONPATH=/home/user/exchange/workspace/install/pal_pro_gripper_wrapper/lib/python3.10/site-packages:/home/user/exchange/workspace/install/pick_task/lib/python3.10/site-packages:/home/user/exchange/workspace/install/tiago_pro_description/local/lib/python3.10/dist-packages:/home/user/exchange/workspace/install/pal_sea_arm_description/local/lib/python3.10/dist-packages:/home/user/exchange/workspace/install/pal_pro_gripper_description/local/lib/python3.10/dist-packages:/opt/ros/humble/lib/python3.10/site-packages:/opt/ros/humble/local/lib/python3.10/dist-packages /usr/bin/cmake --build /home/user/exchange/workspace/build/tiago_pro_robot -- -j12 -l12
[1.457s] DEBUG:colcon.colcon_core.event_handler.log_command:Invoking command in '/home/user/exchange/workspace/build/tiago_pro_robot': AMENT_PREFIX_PATH=/home/user/exchange/workspace/install/pal_pro_gripper_wrapper:/home/user/exchange/workspace/install/tiago_manipulation_tasks:/home/user/exchange/workspace/install/pick_task:/home/user/exchange/workspace/install/tiago_pro_simulation:/home/user/exchange/workspace/install/tiago_pro_robot:/home/user/exchange/workspace/install/tiago_pro_navigation:/home/user/exchange/workspace/install/tiago_pro_gazebo:/home/user/exchange/workspace/install/tiago_pro_rgbd_sensors:/home/user/exchange/workspace/install/tiago_pro_mujoco:/home/user/exchange/workspace/install/tiago_pro_moveit_config:/home/user/exchange/workspace/install/tiago_pro_laser_sensors:/home/user/exchange/workspace/install/tiago_pro_description:/home/user/exchange/workspace/install/tiago_pro_bringup:/home/user/exchange/workspace/install/tiago_pro_controller_configuration:/home/user/exchange/workspace/install/tiago_pro_2dnav:/home/user/exchange/workspace/install/pal_sea_arm_moveit_config:/home/user/exchange/workspace/install/pal_sea_arm:/home/user/exchange/workspace/install/pal_sea_arm_bringup:/home/user/exchange/workspace/install/pal_sea_arm_description:/home/user/exchange/workspace/install/pal_sea_arm_controller_configuration:/home/user/exchange/workspace/install/pal_pro_gripper_simulation:/home/user/exchange/workspace/install/pal_pro_gripper_bringup:/home/user/exchange/workspace/install/pal_pro_gripper:/home/user/exchange/workspace/install/pal_pro_gripper_controller_configuration:/home/user/exchange/workspace/install/pal_pro_gripper_description:/home/user/exchange/workspace/install/pal_gazebo_worlds:/opt/ros/humble CMAKE_PREFIX_PATH=/home/user/exchange/workspace/install/tiago_pro_description:/home/user/exchange/workspace/install/tiago_pro_bringup:/home/user/exchange/workspace/install/tiago_pro_controller_configuration:/home/user/exchange/workspace/install/pal_sea_arm_description:/home/user/exchange/workspace/install/pal_sea_arm_controller_configuration:/home/user/exchange/workspace/install/pal_pro_gripper_controller_configuration:/home/user/exchange/workspace/install/pal_pro_gripper_description:/home/user/exchange/workspace/install/tiago_manipulation_tasks:/home/user/exchange/workspace/install/tiago_pro_simulation:/home/user/exchange/workspace/install/tiago_pro_robot:/home/user/exchange/workspace/install/tiago_pro_navigation:/home/user/exchange/workspace/install/tiago_pro_gazebo:/home/user/exchange/workspace/install/tiago_pro_rgbd_sensors:/home/user/exchange/workspace/install/tiago_pro_mujoco:/home/user/exchange/workspace/install/tiago_pro_moveit_config:/home/user/exchange/workspace/install/tiago_pro_laser_sensors:/home/user/exchange/workspace/install/tiago_pro_2dnav:/home/user/exchange/workspace/install/pal_sea_arm_moveit_config:/home/user/exchange/workspace/install/pal_sea_arm:/home/user/exchange/workspace/install/pal_sea_arm_bringup:/home/user/exchange/workspace/install/pal_pro_gripper_simulation:/home/user/exchange/workspace/install/pal_pro_gripper_bringup:/home/user/exchange/workspace/install/pal_pro_gripper:/home/user/exchange/workspace/install/pal_gazebo_worlds:/home/user/exchange/workspace/install/pick_task:/home/user/exchange/workspace/install/pal_pro_gripper_wrapper:/opt/ros/humble PYTHONPATH=/home/user/exchange/workspace/install/pal_pro_gripper_wrapper/lib/python3.10/site-packages:/home/user/exchange/workspace/install/pick_task/lib/python3.10/site-packages:/home/user/exchange/workspace/install/tiago_pro_description/local/lib/python3.10/dist-packages:/home/user/exchange/workspace/install/pal_sea_arm_description/local/lib/python3.10/dist-packages:/home/user/exchange/workspace/install/pal_pro_gripper_description/local/lib/python3.10/dist-packages:/opt/ros/humble/lib/python3.10/site-packages:/opt/ros/humble/local/lib/python3.10/dist-packages /usr/bin/cmake --install /home/user/exchange/workspace/build/tiago_pro_robot
[1.461s] Level 1:colcon.colcon_core.environment:create_environment_scripts_only(tiago_pro_moveit_config)
[1.461s] Level 1:colcon.colcon_core.environment:checking '/home/user/exchange/workspace/install/tiago_pro_moveit_config' for CMake module files
[1.462s] Level 1:colcon.colcon_core.environment:checking '/home/user/exchange/workspace/install/tiago_pro_moveit_config' for CMake config files
[1.463s] Level 1:colcon.colcon_core.shell:create_environment_hook('tiago_pro_moveit_config', 'cmake_prefix_path')
[1.463s] INFO:colcon.colcon_core.shell:Creating environment hook '/home/user/exchange/workspace/install/tiago_pro_moveit_config/share/tiago_pro_moveit_config/hook/cmake_prefix_path.ps1'
[1.463s] INFO:colcon.colcon_core.shell:Creating environment descriptor '/home/user/exchange/workspace/install/tiago_pro_moveit_config/share/tiago_pro_moveit_config/hook/cmake_prefix_path.dsv'
[1.463s] INFO:colcon.colcon_core.shell:Creating environment hook '/home/user/exchange/workspace/install/tiago_pro_moveit_config/share/tiago_pro_moveit_config/hook/cmake_prefix_path.sh'
[1.464s] Level 1:colcon.colcon_core.environment:checking '/home/user/exchange/workspace/install/tiago_pro_moveit_config/lib'
[1.464s] Level 1:colcon.colcon_core.environment:checking '/home/user/exchange/workspace/install/tiago_pro_moveit_config/bin'
[1.464s] Level 1:colcon.colcon_core.environment:checking '/home/user/exchange/workspace/install/tiago_pro_moveit_config/lib/pkgconfig/tiago_pro_moveit_config.pc'
[1.464s] Level 1:colcon.colcon_core.environment:checking '/home/user/exchange/workspace/install/tiago_pro_moveit_config/lib/python3.10/site-packages'
[1.465s] Level 1:colcon.colcon_core.environment:checking '/home/user/exchange/workspace/install/tiago_pro_moveit_config/bin'
[1.465s] INFO:colcon.colcon_core.shell:Creating package script '/home/user/exchange/workspace/install/tiago_pro_moveit_config/share/tiago_pro_moveit_config/package.ps1'
[1.466s] INFO:colcon.colcon_core.shell:Creating package descriptor '/home/user/exchange/workspace/install/tiago_pro_moveit_config/share/tiago_pro_moveit_config/package.dsv'
[1.466s] INFO:colcon.colcon_core.shell:Creating package script '/home/user/exchange/workspace/install/tiago_pro_moveit_config/share/tiago_pro_moveit_config/package.sh'
[1.467s] INFO:colcon.colcon_core.shell:Creating package script '/home/user/exchange/workspace/install/tiago_pro_moveit_config/share/tiago_pro_moveit_config/package.bash'
[1.467s] INFO:colcon.colcon_core.shell:Creating package script '/home/user/exchange/workspace/install/tiago_pro_moveit_config/share/tiago_pro_moveit_config/package.zsh'
[1.468s] Level 1:colcon.colcon_core.environment:create_file_with_runtime_dependencies(/home/user/exchange/workspace/install/tiago_pro_moveit_config/share/colcon-core/packages/tiago_pro_moveit_config)
[1.468s] Level 1:colcon.colcon_core.environment:create_environment_scripts_only(tiago_pro_moveit_config)
[1.468s] Level 1:colcon.colcon_core.environment:checking '/home/user/exchange/workspace/install/tiago_pro_moveit_config' for CMake module files
[1.469s] Level 1:colcon.colcon_core.environment:checking '/home/user/exchange/workspace/install/tiago_pro_moveit_config' for CMake config files
[1.471s] Level 1:colcon.colcon_core.shell:create_environment_hook('tiago_pro_moveit_config', 'cmake_prefix_path')
[1.472s] INFO:colcon.colcon_core.shell:Creating environment hook '/home/user/exchange/workspace/install/tiago_pro_moveit_config/share/tiago_pro_moveit_config/hook/cmake_prefix_path.ps1'
[1.472s] INFO:colcon.colcon_core.shell:Creating environment descriptor '/home/user/exchange/workspace/install/tiago_pro_moveit_config/share/tiago_pro_moveit_config/hook/cmake_prefix_path.dsv'
[1.473s] INFO:colcon.colcon_core.shell:Creating environment hook '/home/user/exchange/workspace/install/tiago_pro_moveit_config/share/tiago_pro_moveit_config/hook/cmake_prefix_path.sh'
[1.474s] Level 1:colcon.colcon_core.environment:checking '/home/user/exchange/workspace/install/tiago_pro_moveit_config/lib'
[1.474s] Level 1:colcon.colcon_core.environment:checking '/home/user/exchange/workspace/install/tiago_pro_moveit_config/bin'
[1.474s] Level 1:colcon.colcon_core.environment:checking '/home/user/exchange/workspace/install/tiago_pro_moveit_config/lib/pkgconfig/tiago_pro_moveit_config.pc'
[1.474s] Level 1:colcon.colcon_core.environment:checking '/home/user/exchange/workspace/install/tiago_pro_moveit_config/lib/python3.10/site-packages'
[1.475s] Level 1:colcon.colcon_core.environment:checking '/home/user/exchange/workspace/install/tiago_pro_moveit_config/bin'
[1.475s] INFO:colcon.colcon_core.shell:Creating package script '/home/user/exchange/workspace/install/tiago_pro_moveit_config/share/tiago_pro_moveit_config/package.ps1'
[1.476s] INFO:colcon.colcon_core.shell:Creating package descriptor '/home/user/exchange/workspace/install/tiago_pro_moveit_config/share/tiago_pro_moveit_config/package.dsv'
[1.476s] INFO:colcon.colcon_core.shell:Creating package script '/home/user/exchange/workspace/install/tiago_pro_moveit_config/share/tiago_pro_moveit_config/package.sh'
[1.476s] INFO:colcon.colcon_core.shell:Creating package script '/home/user/exchange/workspace/install/tiago_pro_moveit_config/share/tiago_pro_moveit_config/package.bash'
[1.477s] DEBUG:colcon.colcon_core.event_handler.log_command:Invoked command in '/home/user/exchange/workspace/build/tiago_pro_moveit_config' returned '0': AMENT_PREFIX_PATH=/home/user/exchange/workspace/install/pal_pro_gripper_wrapper:/home/user/exchange/workspace/install/tiago_manipulation_tasks:/home/user/exchange/workspace/install/pick_task:/home/user/exchange/workspace/install/tiago_pro_simulation:/home/user/exchange/workspace/install/tiago_pro_robot:/home/user/exchange/workspace/install/tiago_pro_navigation:/home/user/exchange/workspace/install/tiago_pro_gazebo:/home/user/exchange/workspace/install/tiago_pro_rgbd_sensors:/home/user/exchange/workspace/install/tiago_pro_mujoco:/home/user/exchange/workspace/install/tiago_pro_moveit_config:/home/user/exchange/workspace/install/tiago_pro_laser_sensors:/home/user/exchange/workspace/install/tiago_pro_description:/home/user/exchange/workspace/install/tiago_pro_bringup:/home/user/exchange/workspace/install/tiago_pro_controller_configuration:/home/user/exchange/workspace/install/tiago_pro_2dnav:/home/user/exchange/workspace/install/pal_sea_arm_moveit_config:/home/user/exchange/workspace/install/pal_sea_arm:/home/user/exchange/workspace/install/pal_sea_arm_bringup:/home/user/exchange/workspace/install/pal_sea_arm_description:/home/user/exchange/workspace/install/pal_sea_arm_controller_configuration:/home/user/exchange/workspace/install/pal_pro_gripper_simulation:/home/user/exchange/workspace/install/pal_pro_gripper_bringup:/home/user/exchange/workspace/install/pal_pro_gripper:/home/user/exchange/workspace/install/pal_pro_gripper_controller_configuration:/home/user/exchange/workspace/install/pal_pro_gripper_description:/home/user/exchange/workspace/install/pal_gazebo_worlds:/opt/ros/humble CMAKE_PREFIX_PATH=/home/user/exchange/workspace/install/tiago_pro_description:/home/user/exchange/workspace/install/pal_sea_arm_moveit_config:/home/user/exchange/workspace/install/pal_sea_arm_description:/home/user/exchange/workspace/install/pal_sea_arm_controller_configuration:/home/user/exchange/workspace/install/pal_pro_gripper_controller_configuration:/home/user/exchange/workspace/install/pal_pro_gripper_description:/home/user/exchange/workspace/install/tiago_manipulation_tasks:/home/user/exchange/workspace/install/tiago_pro_simulation:/home/user/exchange/workspace/install/tiago_pro_robot:/home/user/exchange/workspace/install/tiago_pro_navigation:/home/user/exchange/workspace/install/tiago_pro_gazebo:/home/user/exchange/workspace/install/tiago_pro_rgbd_sensors:/home/user/exchange/workspace/install/tiago_pro_mujoco:/home/user/exchange/workspace/install/tiago_pro_moveit_config:/home/user/exchange/workspace/install/tiago_pro_laser_sensors:/home/user/exchange/workspace/install/tiago_pro_bringup:/home/user/exchange/workspace/install/tiago_pro_controller_configuration:/home/user/exchange/workspace/install/tiago_pro_2dnav:/home/user/exchange/workspace/install/pal_sea_arm:/home/user/exchange/workspace/install/pal_sea_arm_bringup:/home/user/exchange/workspace/install/pal_pro_gripper_simulation:/home/user/exchange/workspace/install/pal_pro_gripper_bringup:/home/user/exchange/workspace/install/pal_pro_gripper:/home/user/exchange/workspace/install/pal_gazebo_worlds:/home/user/exchange/workspace/install/pick_task:/home/user/exchange/workspace/install/pal_pro_gripper_wrapper:/opt/ros/humble PYTHONPATH=/home/user/exchange/workspace/install/pal_pro_gripper_wrapper/lib/python3.10/site-packages:/home/user/exchange/workspace/install/pick_task/lib/python3.10/site-packages:/home/user/exchange/workspace/install/tiago_pro_description/local/lib/python3.10/dist-packages:/home/user/exchange/workspace/install/pal_sea_arm_description/local/lib/python3.10/dist-packages:/home/user/exchange/workspace/install/pal_pro_gripper_description/local/lib/python3.10/dist-packages:/opt/ros/humble/lib/python3.10/site-packages:/opt/ros/humble/local/lib/python3.10/dist-packages /usr/bin/cmake --install /home/user/exchange/workspace/build/tiago_pro_moveit_config
[1.477s] INFO:colcon.colcon_core.shell:Creating package script '/home/user/exchange/workspace/install/tiago_pro_moveit_config/share/tiago_pro_moveit_config/package.zsh'
[1.477s] Level 1:colcon.colcon_core.environment:create_file_with_runtime_dependencies(/home/user/exchange/workspace/install/tiago_pro_moveit_config/share/colcon-core/packages/tiago_pro_moveit_config)
[1.478s] INFO:colcon.colcon_ros.task.ament_cmake.build:Building ROS package in '/home/user/exchange/workspace/src/tiago_pro_simulation/tiago_pro_gazebo' with build type 'ament_cmake'
[1.478s] INFO:colcon.colcon_cmake.task.cmake.build:Building CMake package in '/home/user/exchange/workspace/src/tiago_pro_simulation/tiago_pro_gazebo'
[1.478s] INFO:colcon.colcon_core.shell:Skip shell extension 'powershell' for command environment: Not usable outside of PowerShell
[1.478s] DEBUG:colcon.colcon_core.shell:Skip shell extension 'dsv' for command environment
[1.482s] INFO:colcon.colcon_ros.task.ament_cmake.build:Building ROS package in '/home/user/exchange/workspace/src/tiago_pro_simulation/tiago_pro_mujoco' with build type 'ament_cmake'
[1.482s] INFO:colcon.colcon_cmake.task.cmake.build:Building CMake package in '/home/user/exchange/workspace/src/tiago_pro_simulation/tiago_pro_mujoco'
[1.482s] INFO:colcon.colcon_core.shell:Skip shell extension 'powershell' for command environment: Not usable outside of PowerShell
[1.482s] DEBUG:colcon.colcon_core.shell:Skip shell extension 'dsv' for command environment
[1.486s] Level 1:colcon.colcon_core.environment:create_environment_scripts_only(tiago_pro_robot)
[1.486s] Level 1:colcon.colcon_core.environment:checking '/home/user/exchange/workspace/install/tiago_pro_robot' for CMake module files
[1.486s] DEBUG:colcon.colcon_core.event_handler.log_command:Invoked command in '/home/user/exchange/workspace/build/tiago_pro_robot' returned '0': AMENT_PREFIX_PATH=/home/user/exchange/workspace/install/pal_pro_gripper_wrapper:/home/user/exchange/workspace/install/tiago_manipulation_tasks:/home/user/exchange/workspace/install/pick_task:/home/user/exchange/workspace/install/tiago_pro_simulation:/home/user/exchange/workspace/install/tiago_pro_robot:/home/user/exchange/workspace/install/tiago_pro_navigation:/home/user/exchange/workspace/install/tiago_pro_gazebo:/home/user/exchange/workspace/install/tiago_pro_rgbd_sensors:/home/user/exchange/workspace/install/tiago_pro_mujoco:/home/user/exchange/workspace/install/tiago_pro_moveit_config:/home/user/exchange/workspace/install/tiago_pro_laser_sensors:/home/user/exchange/workspace/install/tiago_pro_description:/home/user/exchange/workspace/install/tiago_pro_bringup:/home/user/exchange/workspace/install/tiago_pro_controller_configuration:/home/user/exchange/workspace/install/tiago_pro_2dnav:/home/user/exchange/workspace/install/pal_sea_arm_moveit_config:/home/user/exchange/workspace/install/pal_sea_arm:/home/user/exchange/workspace/install/pal_sea_arm_bringup:/home/user/exchange/workspace/install/pal_sea_arm_description:/home/user/exchange/workspace/install/pal_sea_arm_controller_configuration:/home/user/exchange/workspace/install/pal_pro_gripper_simulation:/home/user/exchange/workspace/install/pal_pro_gripper_bringup:/home/user/exchange/workspace/install/pal_pro_gripper:/home/user/exchange/workspace/install/pal_pro_gripper_controller_configuration:/home/user/exchange/workspace/install/pal_pro_gripper_description:/home/user/exchange/workspace/install/pal_gazebo_worlds:/opt/ros/humble CMAKE_PREFIX_PATH=/home/user/exchange/workspace/install/tiago_pro_description:/home/user/exchange/workspace/install/tiago_pro_bringup:/home/user/exchange/workspace/install/tiago_pro_controller_configuration:/home/user/exchange/workspace/install/pal_sea_arm_description:/home/user/exchange/workspace/install/pal_sea_arm_controller_configuration:/home/user/exchange/workspace/install/pal_pro_gripper_controller_configuration:/home/user/exchange/workspace/install/pal_pro_gripper_description:/home/user/exchange/workspace/install/tiago_manipulation_tasks:/home/user/exchange/workspace/install/tiago_pro_simulation:/home/user/exchange/workspace/install/tiago_pro_robot:/home/user/exchange/workspace/install/tiago_pro_navigation:/home/user/exchange/workspace/install/tiago_pro_gazebo:/home/user/exchange/workspace/install/tiago_pro_rgbd_sensors:/home/user/exchange/workspace/install/tiago_pro_mujoco:/home/user/exchange/workspace/install/tiago_pro_moveit_config:/home/user/exchange/workspace/install/tiago_pro_laser_sensors:/home/user/exchange/workspace/install/tiago_pro_2dnav:/home/user/exchange/workspace/install/pal_sea_arm_moveit_config:/home/user/exchange/workspace/install/pal_sea_arm:/home/user/exchange/workspace/install/pal_sea_arm_bringup:/home/user/exchange/workspace/install/pal_pro_gripper_simulation:/home/user/exchange/workspace/install/pal_pro_gripper_bringup:/home/user/exchange/workspace/install/pal_pro_gripper:/home/user/exchange/workspace/install/pal_gazebo_worlds:/home/user/exchange/workspace/install/pick_task:/home/user/exchange/workspace/install/pal_pro_gripper_wrapper:/opt/ros/humble PYTHONPATH=/home/user/exchange/workspace/install/pal_pro_gripper_wrapper/lib/python3.10/site-packages:/home/user/exchange/workspace/install/pick_task/lib/python3.10/site-packages:/home/user/exchange/workspace/install/tiago_pro_description/local/lib/python3.10/dist-packages:/home/user/exchange/workspace/install/pal_sea_arm_description/local/lib/python3.10/dist-packages:/home/user/exchange/workspace/install/pal_pro_gripper_description/local/lib/python3.10/dist-packages:/opt/ros/humble/lib/python3.10/site-packages:/opt/ros/humble/local/lib/python3.10/dist-packages /usr/bin/cmake --install /home/user/exchange/workspace/build/tiago_pro_robot
[1.487s] Level 1:colcon.colcon_core.environment:checking '/home/user/exchange/workspace/install/tiago_pro_robot' for CMake config files
[1.487s] Level 1:colcon.colcon_core.shell:create_environment_hook('tiago_pro_robot', 'cmake_prefix_path')
[1.487s] INFO:colcon.colcon_core.shell:Creating environment hook '/home/user/exchange/workspace/install/tiago_pro_robot/share/tiago_pro_robot/hook/cmake_prefix_path.ps1'
[1.487s] INFO:colcon.colcon_core.shell:Creating environment descriptor '/home/user/exchange/workspace/install/tiago_pro_robot/share/tiago_pro_robot/hook/cmake_prefix_path.dsv'
[1.488s] INFO:colcon.colcon_core.shell:Creating environment hook '/home/user/exchange/workspace/install/tiago_pro_robot/share/tiago_pro_robot/hook/cmake_prefix_path.sh'
[1.488s] Level 1:colcon.colcon_core.environment:checking '/home/user/exchange/workspace/install/tiago_pro_robot/bin'
[1.488s] Level 1:colcon.colcon_core.environment:checking '/home/user/exchange/workspace/install/tiago_pro_robot/lib/pkgconfig/tiago_pro_robot.pc'
[1.488s] Level 1:colcon.colcon_core.environment:checking '/home/user/exchange/workspace/install/tiago_pro_robot/lib/python3.10/site-packages'
[1.488s] Level 1:colcon.colcon_core.environment:checking '/home/user/exchange/workspace/install/tiago_pro_robot/bin'
[1.488s] INFO:colcon.colcon_core.shell:Creating package script '/home/user/exchange/workspace/install/tiago_pro_robot/share/tiago_pro_robot/package.ps1'
[1.489s] INFO:colcon.colcon_core.shell:Creating package descriptor '/home/user/exchange/workspace/install/tiago_pro_robot/share/tiago_pro_robot/package.dsv'
[1.489s] INFO:colcon.colcon_core.shell:Creating package script '/home/user/exchange/workspace/install/tiago_pro_robot/share/tiago_pro_robot/package.sh'
[1.489s] INFO:colcon.colcon_core.shell:Creating package script '/home/user/exchange/workspace/install/tiago_pro_robot/share/tiago_pro_robot/package.bash'
[1.490s] INFO:colcon.colcon_core.shell:Creating package script '/home/user/exchange/workspace/install/tiago_pro_robot/share/tiago_pro_robot/package.zsh'
[1.490s] Level 1:colcon.colcon_core.environment:create_file_with_runtime_dependencies(/home/user/exchange/workspace/install/tiago_pro_robot/share/colcon-core/packages/tiago_pro_robot)
[1.490s] Level 1:colcon.colcon_core.environment:create_environment_scripts_only(tiago_pro_robot)
[1.490s] Level 1:colcon.colcon_core.environment:checking '/home/user/exchange/workspace/install/tiago_pro_robot' for CMake module files
[1.491s] Level 1:colcon.colcon_core.environment:checking '/home/user/exchange/workspace/install/tiago_pro_robot' for CMake config files
[1.491s] Level 1:colcon.colcon_core.shell:create_environment_hook('tiago_pro_robot', 'cmake_prefix_path')
[1.491s] INFO:colcon.colcon_core.shell:Creating environment hook '/home/user/exchange/workspace/install/tiago_pro_robot/share/tiago_pro_robot/hook/cmake_prefix_path.ps1'
[1.491s] INFO:colcon.colcon_core.shell:Creating environment descriptor '/home/user/exchange/workspace/install/tiago_pro_robot/share/tiago_pro_robot/hook/cmake_prefix_path.dsv'
[1.491s] INFO:colcon.colcon_core.shell:Creating environment hook '/home/user/exchange/workspace/install/tiago_pro_robot/share/tiago_pro_robot/hook/cmake_prefix_path.sh'
[1.492s] Level 1:colcon.colcon_core.environment:checking '/home/user/exchange/workspace/install/tiago_pro_robot/bin'
[1.492s] Level 1:colcon.colcon_core.environment:checking '/home/user/exchange/workspace/install/tiago_pro_robot/lib/pkgconfig/tiago_pro_robot.pc'
[1.492s] Level 1:colcon.colcon_core.environment:checking '/home/user/exchange/workspace/install/tiago_pro_robot/lib/python3.10/site-packages'
[1.492s] Level 1:colcon.colcon_core.environment:checking '/home/user/exchange/workspace/install/tiago_pro_robot/bin'
[1.492s] INFO:colcon.colcon_core.shell:Creating package script '/home/user/exchange/workspace/install/tiago_pro_robot/share/tiago_pro_robot/package.ps1'
[1.492s] INFO:colcon.colcon_core.shell:Creating package descriptor '/home/user/exchange/workspace/install/tiago_pro_robot/share/tiago_pro_robot/package.dsv'
[1.493s] INFO:colcon.colcon_core.shell:Creating package script '/home/user/exchange/workspace/install/tiago_pro_robot/share/tiago_pro_robot/package.sh'
[1.493s] INFO:colcon.colcon_core.shell:Creating package script '/home/user/exchange/workspace/install/tiago_pro_robot/share/tiago_pro_robot/package.bash'
[1.493s] INFO:colcon.colcon_core.shell:Creating package script '/home/user/exchange/workspace/install/tiago_pro_robot/share/tiago_pro_robot/package.zsh'
[1.493s] Level 1:colcon.colcon_core.environment:create_file_with_runtime_dependencies(/home/user/exchange/workspace/install/tiago_pro_robot/share/colcon-core/packages/tiago_pro_robot)
[1.496s] DEBUG:colcon.colcon_core.event_handler.log_command:Invoking command in '/home/user/exchange/workspace/build/tiago_pro_gazebo': AMENT_PREFIX_PATH=/home/user/exchange/workspace/install/pal_pro_gripper_wrapper:/home/user/exchange/workspace/install/tiago_manipulation_tasks:/home/user/exchange/workspace/install/pick_task:/home/user/exchange/workspace/install/tiago_pro_simulation:/home/user/exchange/workspace/install/tiago_pro_robot:/home/user/exchange/workspace/install/tiago_pro_navigation:/home/user/exchange/workspace/install/tiago_pro_gazebo:/home/user/exchange/workspace/install/tiago_pro_rgbd_sensors:/home/user/exchange/workspace/install/tiago_pro_mujoco:/home/user/exchange/workspace/install/tiago_pro_moveit_config:/home/user/exchange/workspace/install/tiago_pro_laser_sensors:/home/user/exchange/workspace/install/tiago_pro_description:/home/user/exchange/workspace/install/tiago_pro_bringup:/home/user/exchange/workspace/install/tiago_pro_controller_configuration:/home/user/exchange/workspace/install/tiago_pro_2dnav:/home/user/exchange/workspace/install/pal_sea_arm_moveit_config:/home/user/exchange/workspace/install/pal_sea_arm:/home/user/exchange/workspace/install/pal_sea_arm_bringup:/home/user/exchange/workspace/install/pal_sea_arm_description:/home/user/exchange/workspace/install/pal_sea_arm_controller_configuration:/home/user/exchange/workspace/install/pal_pro_gripper_simulation:/home/user/exchange/workspace/install/pal_pro_gripper_bringup:/home/user/exchange/workspace/install/pal_pro_gripper:/home/user/exchange/workspace/install/pal_pro_gripper_controller_configuration:/home/user/exchange/workspace/install/pal_pro_gripper_description:/home/user/exchange/workspace/install/pal_gazebo_worlds:/opt/ros/humble CMAKE_PREFIX_PATH=/home/user/exchange/workspace/install/tiago_pro_moveit_config:/home/user/exchange/workspace/install/tiago_pro_description:/home/user/exchange/workspace/install/tiago_pro_bringup:/home/user/exchange/workspace/install/pal_sea_arm_moveit_config:/home/user/exchange/workspace/install/tiago_pro_controller_configuration:/home/user/exchange/workspace/install/pal_sea_arm_description:/home/user/exchange/workspace/install/pal_sea_arm_controller_configuration:/home/user/exchange/workspace/install/pal_pro_gripper_controller_configuration:/home/user/exchange/workspace/install/tiago_pro_rgbd_sensors:/home/user/exchange/workspace/install/tiago_pro_laser_sensors:/home/user/exchange/workspace/install/tiago_pro_2dnav:/home/user/exchange/workspace/install/pal_pro_gripper_description:/home/user/exchange/workspace/install/pal_gazebo_worlds:/home/user/exchange/workspace/install/tiago_manipulation_tasks:/home/user/exchange/workspace/install/tiago_pro_simulation:/home/user/exchange/workspace/install/tiago_pro_robot:/home/user/exchange/workspace/install/tiago_pro_navigation:/home/user/exchange/workspace/install/tiago_pro_gazebo:/home/user/exchange/workspace/install/tiago_pro_mujoco:/home/user/exchange/workspace/install/pal_sea_arm:/home/user/exchange/workspace/install/pal_sea_arm_bringup:/home/user/exchange/workspace/install/pal_pro_gripper_simulation:/home/user/exchange/workspace/install/pal_pro_gripper_bringup:/home/user/exchange/workspace/install/pal_pro_gripper:/home/user/exchange/workspace/install/pick_task:/home/user/exchange/workspace/install/pal_pro_gripper_wrapper:/opt/ros/humble PYTHONPATH=/home/user/exchange/workspace/install/pal_pro_gripper_wrapper/lib/python3.10/site-packages:/home/user/exchange/workspace/install/pick_task/lib/python3.10/site-packages:/home/user/exchange/workspace/install/tiago_pro_description/local/lib/python3.10/dist-packages:/home/user/exchange/workspace/install/pal_sea_arm_description/local/lib/python3.10/dist-packages:/home/user/exchange/workspace/install/pal_pro_gripper_description/local/lib/python3.10/dist-packages:/opt/ros/humble/lib/python3.10/site-packages:/opt/ros/humble/local/lib/python3.10/dist-packages /usr/bin/cmake --build /home/user/exchange/workspace/build/tiago_pro_gazebo -- -j12 -l12
[1.497s] DEBUG:colcon.colcon_core.event_handler.log_command:Invoking command in '/home/user/exchange/workspace/build/tiago_pro_mujoco': AMENT_PREFIX_PATH=/home/user/exchange/workspace/install/pal_pro_gripper_wrapper:/home/user/exchange/workspace/install/tiago_manipulation_tasks:/home/user/exchange/workspace/install/pick_task:/home/user/exchange/workspace/install/tiago_pro_simulation:/home/user/exchange/workspace/install/tiago_pro_robot:/home/user/exchange/workspace/install/tiago_pro_navigation:/home/user/exchange/workspace/install/tiago_pro_gazebo:/home/user/exchange/workspace/install/tiago_pro_rgbd_sensors:/home/user/exchange/workspace/install/tiago_pro_mujoco:/home/user/exchange/workspace/install/tiago_pro_moveit_config:/home/user/exchange/workspace/install/tiago_pro_laser_sensors:/home/user/exchange/workspace/install/tiago_pro_description:/home/user/exchange/workspace/install/tiago_pro_bringup:/home/user/exchange/workspace/install/tiago_pro_controller_configuration:/home/user/exchange/workspace/install/tiago_pro_2dnav:/home/user/exchange/workspace/install/pal_sea_arm_moveit_config:/home/user/exchange/workspace/install/pal_sea_arm:/home/user/exchange/workspace/install/pal_sea_arm_bringup:/home/user/exchange/workspace/install/pal_sea_arm_description:/home/user/exchange/workspace/install/pal_sea_arm_controller_configuration:/home/user/exchange/workspace/install/pal_pro_gripper_simulation:/home/user/exchange/workspace/install/pal_pro_gripper_bringup:/home/user/exchange/workspace/install/pal_pro_gripper:/home/user/exchange/workspace/install/pal_pro_gripper_controller_configuration:/home/user/exchange/workspace/install/pal_pro_gripper_description:/home/user/exchange/workspace/install/pal_gazebo_worlds:/opt/ros/humble CMAKE_PREFIX_PATH=/home/user/exchange/workspace/install/tiago_pro_moveit_config:/home/user/exchange/workspace/install/tiago_pro_description:/home/user/exchange/workspace/install/tiago_pro_bringup:/home/user/exchange/workspace/install/pal_sea_arm_moveit_config:/home/user/exchange/workspace/install/tiago_pro_controller_configuration:/home/user/exchange/workspace/install/pal_sea_arm_description:/home/user/exchange/workspace/install/pal_sea_arm_controller_configuration:/home/user/exchange/workspace/install/pal_pro_gripper_controller_configuration:/home/user/exchange/workspace/install/tiago_pro_laser_sensors:/home/user/exchange/workspace/install/pal_pro_gripper_description:/home/user/exchange/workspace/install/tiago_manipulation_tasks:/home/user/exchange/workspace/install/tiago_pro_simulation:/home/user/exchange/workspace/install/tiago_pro_robot:/home/user/exchange/workspace/install/tiago_pro_navigation:/home/user/exchange/workspace/install/tiago_pro_gazebo:/home/user/exchange/workspace/install/tiago_pro_rgbd_sensors:/home/user/exchange/workspace/install/tiago_pro_mujoco:/home/user/exchange/workspace/install/tiago_pro_2dnav:/home/user/exchange/workspace/install/pal_sea_arm:/home/user/exchange/workspace/install/pal_sea_arm_bringup:/home/user/exchange/workspace/install/pal_pro_gripper_simulation:/home/user/exchange/workspace/install/pal_pro_gripper_bringup:/home/user/exchange/workspace/install/pal_pro_gripper:/home/user/exchange/workspace/install/pal_gazebo_worlds:/home/user/exchange/workspace/install/pick_task:/home/user/exchange/workspace/install/pal_pro_gripper_wrapper:/opt/ros/humble PYTHONPATH=/home/user/exchange/workspace/install/pal_pro_gripper_wrapper/lib/python3.10/site-packages:/home/user/exchange/workspace/install/pick_task/lib/python3.10/site-packages:/home/user/exchange/workspace/install/tiago_pro_description/local/lib/python3.10/dist-packages:/home/user/exchange/workspace/install/pal_sea_arm_description/local/lib/python3.10/dist-packages:/home/user/exchange/workspace/install/pal_pro_gripper_description/local/lib/python3.10/dist-packages:/opt/ros/humble/lib/python3.10/site-packages:/opt/ros/humble/local/lib/python3.10/dist-packages /usr/bin/cmake --build /home/user/exchange/workspace/build/tiago_pro_mujoco -- -j12 -l12
[1.518s] DEBUG:colcon.colcon_core.event_handler.log_command:Invoked command in '/home/user/exchange/workspace/build/tiago_pro_gazebo' returned '0': AMENT_PREFIX_PATH=/home/user/exchange/workspace/install/pal_pro_gripper_wrapper:/home/user/exchange/workspace/install/tiago_manipulation_tasks:/home/user/exchange/workspace/install/pick_task:/home/user/exchange/workspace/install/tiago_pro_simulation:/home/user/exchange/workspace/install/tiago_pro_robot:/home/user/exchange/workspace/install/tiago_pro_navigation:/home/user/exchange/workspace/install/tiago_pro_gazebo:/home/user/exchange/workspace/install/tiago_pro_rgbd_sensors:/home/user/exchange/workspace/install/tiago_pro_mujoco:/home/user/exchange/workspace/install/tiago_pro_moveit_config:/home/user/exchange/workspace/install/tiago_pro_laser_sensors:/home/user/exchange/workspace/install/tiago_pro_description:/home/user/exchange/workspace/install/tiago_pro_bringup:/home/user/exchange/workspace/install/tiago_pro_controller_configuration:/home/user/exchange/workspace/install/tiago_pro_2dnav:/home/user/exchange/workspace/install/pal_sea_arm_moveit_config:/home/user/exchange/workspace/install/pal_sea_arm:/home/user/exchange/workspace/install/pal_sea_arm_bringup:/home/user/exchange/workspace/install/pal_sea_arm_description:/home/user/exchange/workspace/install/pal_sea_arm_controller_configuration:/home/user/exchange/workspace/install/pal_pro_gripper_simulation:/home/user/exchange/workspace/install/pal_pro_gripper_bringup:/home/user/exchange/workspace/install/pal_pro_gripper:/home/user/exchange/workspace/install/pal_pro_gripper_controller_configuration:/home/user/exchange/workspace/install/pal_pro_gripper_description:/home/user/exchange/workspace/install/pal_gazebo_worlds:/opt/ros/humble CMAKE_PREFIX_PATH=/home/user/exchange/workspace/install/tiago_pro_moveit_config:/home/user/exchange/workspace/install/tiago_pro_description:/home/user/exchange/workspace/install/tiago_pro_bringup:/home/user/exchange/workspace/install/pal_sea_arm_moveit_config:/home/user/exchange/workspace/install/tiago_pro_controller_configuration:/home/user/exchange/workspace/install/pal_sea_arm_description:/home/user/exchange/workspace/install/pal_sea_arm_controller_configuration:/home/user/exchange/workspace/install/pal_pro_gripper_controller_configuration:/home/user/exchange/workspace/install/tiago_pro_rgbd_sensors:/home/user/exchange/workspace/install/tiago_pro_laser_sensors:/home/user/exchange/workspace/install/tiago_pro_2dnav:/home/user/exchange/workspace/install/pal_pro_gripper_description:/home/user/exchange/workspace/install/pal_gazebo_worlds:/home/user/exchange/workspace/install/tiago_manipulation_tasks:/home/user/exchange/workspace/install/tiago_pro_simulation:/home/user/exchange/workspace/install/tiago_pro_robot:/home/user/exchange/workspace/install/tiago_pro_navigation:/home/user/exchange/workspace/install/tiago_pro_gazebo:/home/user/exchange/workspace/install/tiago_pro_mujoco:/home/user/exchange/workspace/install/pal_sea_arm:/home/user/exchange/workspace/install/pal_sea_arm_bringup:/home/user/exchange/workspace/install/pal_pro_gripper_simulation:/home/user/exchange/workspace/install/pal_pro_gripper_bringup:/home/user/exchange/workspace/install/pal_pro_gripper:/home/user/exchange/workspace/install/pick_task:/home/user/exchange/workspace/install/pal_pro_gripper_wrapper:/opt/ros/humble PYTHONPATH=/home/user/exchange/workspace/install/pal_pro_gripper_wrapper/lib/python3.10/site-packages:/home/user/exchange/workspace/install/pick_task/lib/python3.10/site-packages:/home/user/exchange/workspace/install/tiago_pro_description/local/lib/python3.10/dist-packages:/home/user/exchange/workspace/install/pal_sea_arm_description/local/lib/python3.10/dist-packages:/home/user/exchange/workspace/install/pal_pro_gripper_description/local/lib/python3.10/dist-packages:/opt/ros/humble/lib/python3.10/site-packages:/opt/ros/humble/local/lib/python3.10/dist-packages /usr/bin/cmake --build /home/user/exchange/workspace/build/tiago_pro_gazebo -- -j12 -l12
[1.519s] DEBUG:colcon.colcon_core.event_handler.log_command:Invoking command in '/home/user/exchange/workspace/build/tiago_pro_gazebo': AMENT_PREFIX_PATH=/home/user/exchange/workspace/install/pal_pro_gripper_wrapper:/home/user/exchange/workspace/install/tiago_manipulation_tasks:/home/user/exchange/workspace/install/pick_task:/home/user/exchange/workspace/install/tiago_pro_simulation:/home/user/exchange/workspace/install/tiago_pro_robot:/home/user/exchange/workspace/install/tiago_pro_navigation:/home/user/exchange/workspace/install/tiago_pro_gazebo:/home/user/exchange/workspace/install/tiago_pro_rgbd_sensors:/home/user/exchange/workspace/install/tiago_pro_mujoco:/home/user/exchange/workspace/install/tiago_pro_moveit_config:/home/user/exchange/workspace/install/tiago_pro_laser_sensors:/home/user/exchange/workspace/install/tiago_pro_description:/home/user/exchange/workspace/install/tiago_pro_bringup:/home/user/exchange/workspace/install/tiago_pro_controller_configuration:/home/user/exchange/workspace/install/tiago_pro_2dnav:/home/user/exchange/workspace/install/pal_sea_arm_moveit_config:/home/user/exchange/workspace/install/pal_sea_arm:/home/user/exchange/workspace/install/pal_sea_arm_bringup:/home/user/exchange/workspace/install/pal_sea_arm_description:/home/user/exchange/workspace/install/pal_sea_arm_controller_configuration:/home/user/exchange/workspace/install/pal_pro_gripper_simulation:/home/user/exchange/workspace/install/pal_pro_gripper_bringup:/home/user/exchange/workspace/install/pal_pro_gripper:/home/user/exchange/workspace/install/pal_pro_gripper_controller_configuration:/home/user/exchange/workspace/install/pal_pro_gripper_description:/home/user/exchange/workspace/install/pal_gazebo_worlds:/opt/ros/humble CMAKE_PREFIX_PATH=/home/user/exchange/workspace/install/tiago_pro_moveit_config:/home/user/exchange/workspace/install/tiago_pro_description:/home/user/exchange/workspace/install/tiago_pro_bringup:/home/user/exchange/workspace/install/pal_sea_arm_moveit_config:/home/user/exchange/workspace/install/tiago_pro_controller_configuration:/home/user/exchange/workspace/install/pal_sea_arm_description:/home/user/exchange/workspace/install/pal_sea_arm_controller_configuration:/home/user/exchange/workspace/install/pal_pro_gripper_controller_configuration:/home/user/exchange/workspace/install/tiago_pro_rgbd_sensors:/home/user/exchange/workspace/install/tiago_pro_laser_sensors:/home/user/exchange/workspace/install/tiago_pro_2dnav:/home/user/exchange/workspace/install/pal_pro_gripper_description:/home/user/exchange/workspace/install/pal_gazebo_worlds:/home/user/exchange/workspace/install/tiago_manipulation_tasks:/home/user/exchange/workspace/install/tiago_pro_simulation:/home/user/exchange/workspace/install/tiago_pro_robot:/home/user/exchange/workspace/install/tiago_pro_navigation:/home/user/exchange/workspace/install/tiago_pro_gazebo:/home/user/exchange/workspace/install/tiago_pro_mujoco:/home/user/exchange/workspace/install/pal_sea_arm:/home/user/exchange/workspace/install/pal_sea_arm_bringup:/home/user/exchange/workspace/install/pal_pro_gripper_simulation:/home/user/exchange/workspace/install/pal_pro_gripper_bringup:/home/user/exchange/workspace/install/pal_pro_gripper:/home/user/exchange/workspace/install/pick_task:/home/user/exchange/workspace/install/pal_pro_gripper_wrapper:/opt/ros/humble PYTHONPATH=/home/user/exchange/workspace/install/pal_pro_gripper_wrapper/lib/python3.10/site-packages:/home/user/exchange/workspace/install/pick_task/lib/python3.10/site-packages:/home/user/exchange/workspace/install/tiago_pro_description/local/lib/python3.10/dist-packages:/home/user/exchange/workspace/install/pal_sea_arm_description/local/lib/python3.10/dist-packages:/home/user/exchange/workspace/install/pal_pro_gripper_description/local/lib/python3.10/dist-packages:/opt/ros/humble/lib/python3.10/site-packages:/opt/ros/humble/local/lib/python3.10/dist-packages /usr/bin/cmake --install /home/user/exchange/workspace/build/tiago_pro_gazebo
[1.520s] DEBUG:colcon.colcon_core.event_handler.log_command:Invoked command in '/home/user/exchange/workspace/build/tiago_pro_mujoco' returned '0': AMENT_PREFIX_PATH=/home/user/exchange/workspace/install/pal_pro_gripper_wrapper:/home/user/exchange/workspace/install/tiago_manipulation_tasks:/home/user/exchange/workspace/install/pick_task:/home/user/exchange/workspace/install/tiago_pro_simulation:/home/user/exchange/workspace/install/tiago_pro_robot:/home/user/exchange/workspace/install/tiago_pro_navigation:/home/user/exchange/workspace/install/tiago_pro_gazebo:/home/user/exchange/workspace/install/tiago_pro_rgbd_sensors:/home/user/exchange/workspace/install/tiago_pro_mujoco:/home/user/exchange/workspace/install/tiago_pro_moveit_config:/home/user/exchange/workspace/install/tiago_pro_laser_sensors:/home/user/exchange/workspace/install/tiago_pro_description:/home/user/exchange/workspace/install/tiago_pro_bringup:/home/user/exchange/workspace/install/tiago_pro_controller_configuration:/home/user/exchange/workspace/install/tiago_pro_2dnav:/home/user/exchange/workspace/install/pal_sea_arm_moveit_config:/home/user/exchange/workspace/install/pal_sea_arm:/home/user/exchange/workspace/install/pal_sea_arm_bringup:/home/user/exchange/workspace/install/pal_sea_arm_description:/home/user/exchange/workspace/install/pal_sea_arm_controller_configuration:/home/user/exchange/workspace/install/pal_pro_gripper_simulation:/home/user/exchange/workspace/install/pal_pro_gripper_bringup:/home/user/exchange/workspace/install/pal_pro_gripper:/home/user/exchange/workspace/install/pal_pro_gripper_controller_configuration:/home/user/exchange/workspace/install/pal_pro_gripper_description:/home/user/exchange/workspace/install/pal_gazebo_worlds:/opt/ros/humble CMAKE_PREFIX_PATH=/home/user/exchange/workspace/install/tiago_pro_moveit_config:/home/user/exchange/workspace/install/tiago_pro_description:/home/user/exchange/workspace/install/tiago_pro_bringup:/home/user/exchange/workspace/install/pal_sea_arm_moveit_config:/home/user/exchange/workspace/install/tiago_pro_controller_configuration:/home/user/exchange/workspace/install/pal_sea_arm_description:/home/user/exchange/workspace/install/pal_sea_arm_controller_configuration:/home/user/exchange/workspace/install/pal_pro_gripper_controller_configuration:/home/user/exchange/workspace/install/tiago_pro_laser_sensors:/home/user/exchange/workspace/install/pal_pro_gripper_description:/home/user/exchange/workspace/install/tiago_manipulation_tasks:/home/user/exchange/workspace/install/tiago_pro_simulation:/home/user/exchange/workspace/install/tiago_pro_robot:/home/user/exchange/workspace/install/tiago_pro_navigation:/home/user/exchange/workspace/install/tiago_pro_gazebo:/home/user/exchange/workspace/install/tiago_pro_rgbd_sensors:/home/user/exchange/workspace/install/tiago_pro_mujoco:/home/user/exchange/workspace/install/tiago_pro_2dnav:/home/user/exchange/workspace/install/pal_sea_arm:/home/user/exchange/workspace/install/pal_sea_arm_bringup:/home/user/exchange/workspace/install/pal_pro_gripper_simulation:/home/user/exchange/workspace/install/pal_pro_gripper_bringup:/home/user/exchange/workspace/install/pal_pro_gripper:/home/user/exchange/workspace/install/pal_gazebo_worlds:/home/user/exchange/workspace/install/pick_task:/home/user/exchange/workspace/install/pal_pro_gripper_wrapper:/opt/ros/humble PYTHONPATH=/home/user/exchange/workspace/install/pal_pro_gripper_wrapper/lib/python3.10/site-packages:/home/user/exchange/workspace/install/pick_task/lib/python3.10/site-packages:/home/user/exchange/workspace/install/tiago_pro_description/local/lib/python3.10/dist-packages:/home/user/exchange/workspace/install/pal_sea_arm_description/local/lib/python3.10/dist-packages:/home/user/exchange/workspace/install/pal_pro_gripper_description/local/lib/python3.10/dist-packages:/opt/ros/humble/lib/python3.10/site-packages:/opt/ros/humble/local/lib/python3.10/dist-packages /usr/bin/cmake --build /home/user/exchange/workspace/build/tiago_pro_mujoco -- -j12 -l12
[1.520s] DEBUG:colcon.colcon_core.event_handler.log_command:Invoking command in '/home/user/exchange/workspace/build/tiago_pro_mujoco': AMENT_PREFIX_PATH=/home/user/exchange/workspace/install/pal_pro_gripper_wrapper:/home/user/exchange/workspace/install/tiago_manipulation_tasks:/home/user/exchange/workspace/install/pick_task:/home/user/exchange/workspace/install/tiago_pro_simulation:/home/user/exchange/workspace/install/tiago_pro_robot:/home/user/exchange/workspace/install/tiago_pro_navigation:/home/user/exchange/workspace/install/tiago_pro_gazebo:/home/user/exchange/workspace/install/tiago_pro_rgbd_sensors:/home/user/exchange/workspace/install/tiago_pro_mujoco:/home/user/exchange/workspace/install/tiago_pro_moveit_config:/home/user/exchange/workspace/install/tiago_pro_laser_sensors:/home/user/exchange/workspace/install/tiago_pro_description:/home/user/exchange/workspace/install/tiago_pro_bringup:/home/user/exchange/workspace/install/tiago_pro_controller_configuration:/home/user/exchange/workspace/install/tiago_pro_2dnav:/home/user/exchange/workspace/install/pal_sea_arm_moveit_config:/home/user/exchange/workspace/install/pal_sea_arm:/home/user/exchange/workspace/install/pal_sea_arm_bringup:/home/user/exchange/workspace/install/pal_sea_arm_description:/home/user/exchange/workspace/install/pal_sea_arm_controller_configuration:/home/user/exchange/workspace/install/pal_pro_gripper_simulation:/home/user/exchange/workspace/install/pal_pro_gripper_bringup:/home/user/exchange/workspace/install/pal_pro_gripper:/home/user/exchange/workspace/install/pal_pro_gripper_controller_configuration:/home/user/exchange/workspace/install/pal_pro_gripper_description:/home/user/exchange/workspace/install/pal_gazebo_worlds:/opt/ros/humble CMAKE_PREFIX_PATH=/home/user/exchange/workspace/install/tiago_pro_moveit_config:/home/user/exchange/workspace/install/tiago_pro_description:/home/user/exchange/workspace/install/tiago_pro_bringup:/home/user/exchange/workspace/install/pal_sea_arm_moveit_config:/home/user/exchange/workspace/install/tiago_pro_controller_configuration:/home/user/exchange/workspace/install/pal_sea_arm_description:/home/user/exchange/workspace/install/pal_sea_arm_controller_configuration:/home/user/exchange/workspace/install/pal_pro_gripper_controller_configuration:/home/user/exchange/workspace/install/tiago_pro_laser_sensors:/home/user/exchange/workspace/install/pal_pro_gripper_description:/home/user/exchange/workspace/install/tiago_manipulation_tasks:/home/user/exchange/workspace/install/tiago_pro_simulation:/home/user/exchange/workspace/install/tiago_pro_robot:/home/user/exchange/workspace/install/tiago_pro_navigation:/home/user/exchange/workspace/install/tiago_pro_gazebo:/home/user/exchange/workspace/install/tiago_pro_rgbd_sensors:/home/user/exchange/workspace/install/tiago_pro_mujoco:/home/user/exchange/workspace/install/tiago_pro_2dnav:/home/user/exchange/workspace/install/pal_sea_arm:/home/user/exchange/workspace/install/pal_sea_arm_bringup:/home/user/exchange/workspace/install/pal_pro_gripper_simulation:/home/user/exchange/workspace/install/pal_pro_gripper_bringup:/home/user/exchange/workspace/install/pal_pro_gripper:/home/user/exchange/workspace/install/pal_gazebo_worlds:/home/user/exchange/workspace/install/pick_task:/home/user/exchange/workspace/install/pal_pro_gripper_wrapper:/opt/ros/humble PYTHONPATH=/home/user/exchange/workspace/install/pal_pro_gripper_wrapper/lib/python3.10/site-packages:/home/user/exchange/workspace/install/pick_task/lib/python3.10/site-packages:/home/user/exchange/workspace/install/tiago_pro_description/local/lib/python3.10/dist-packages:/home/user/exchange/workspace/install/pal_sea_arm_description/local/lib/python3.10/dist-packages:/home/user/exchange/workspace/install/pal_pro_gripper_description/local/lib/python3.10/dist-packages:/opt/ros/humble/lib/python3.10/site-packages:/opt/ros/humble/local/lib/python3.10/dist-packages /usr/bin/cmake --install /home/user/exchange/workspace/build/tiago_pro_mujoco
[1.525s] Level 1:colcon.colcon_core.environment:create_environment_scripts_only(tiago_pro_gazebo)
[1.526s] Level 1:colcon.colcon_core.environment:checking '/home/user/exchange/workspace/install/tiago_pro_gazebo' for CMake module files
[1.526s] Level 1:colcon.colcon_core.environment:checking '/home/user/exchange/workspace/install/tiago_pro_gazebo' for CMake config files
[1.527s] DEBUG:colcon.colcon_core.event_handler.log_command:Invoked command in '/home/user/exchange/workspace/build/tiago_pro_gazebo' returned '0': AMENT_PREFIX_PATH=/home/user/exchange/workspace/install/pal_pro_gripper_wrapper:/home/user/exchange/workspace/install/tiago_manipulation_tasks:/home/user/exchange/workspace/install/pick_task:/home/user/exchange/workspace/install/tiago_pro_simulation:/home/user/exchange/workspace/install/tiago_pro_robot:/home/user/exchange/workspace/install/tiago_pro_navigation:/home/user/exchange/workspace/install/tiago_pro_gazebo:/home/user/exchange/workspace/install/tiago_pro_rgbd_sensors:/home/user/exchange/workspace/install/tiago_pro_mujoco:/home/user/exchange/workspace/install/tiago_pro_moveit_config:/home/user/exchange/workspace/install/tiago_pro_laser_sensors:/home/user/exchange/workspace/install/tiago_pro_description:/home/user/exchange/workspace/install/tiago_pro_bringup:/home/user/exchange/workspace/install/tiago_pro_controller_configuration:/home/user/exchange/workspace/install/tiago_pro_2dnav:/home/user/exchange/workspace/install/pal_sea_arm_moveit_config:/home/user/exchange/workspace/install/pal_sea_arm:/home/user/exchange/workspace/install/pal_sea_arm_bringup:/home/user/exchange/workspace/install/pal_sea_arm_description:/home/user/exchange/workspace/install/pal_sea_arm_controller_configuration:/home/user/exchange/workspace/install/pal_pro_gripper_simulation:/home/user/exchange/workspace/install/pal_pro_gripper_bringup:/home/user/exchange/workspace/install/pal_pro_gripper:/home/user/exchange/workspace/install/pal_pro_gripper_controller_configuration:/home/user/exchange/workspace/install/pal_pro_gripper_description:/home/user/exchange/workspace/install/pal_gazebo_worlds:/opt/ros/humble CMAKE_PREFIX_PATH=/home/user/exchange/workspace/install/tiago_pro_moveit_config:/home/user/exchange/workspace/install/tiago_pro_description:/home/user/exchange/workspace/install/tiago_pro_bringup:/home/user/exchange/workspace/install/pal_sea_arm_moveit_config:/home/user/exchange/workspace/install/tiago_pro_controller_configuration:/home/user/exchange/workspace/install/pal_sea_arm_description:/home/user/exchange/workspace/install/pal_sea_arm_controller_configuration:/home/user/exchange/workspace/install/pal_pro_gripper_controller_configuration:/home/user/exchange/workspace/install/tiago_pro_rgbd_sensors:/home/user/exchange/workspace/install/tiago_pro_laser_sensors:/home/user/exchange/workspace/install/tiago_pro_2dnav:/home/user/exchange/workspace/install/pal_pro_gripper_description:/home/user/exchange/workspace/install/pal_gazebo_worlds:/home/user/exchange/workspace/install/tiago_manipulation_tasks:/home/user/exchange/workspace/install/tiago_pro_simulation:/home/user/exchange/workspace/install/tiago_pro_robot:/home/user/exchange/workspace/install/tiago_pro_navigation:/home/user/exchange/workspace/install/tiago_pro_gazebo:/home/user/exchange/workspace/install/tiago_pro_mujoco:/home/user/exchange/workspace/install/pal_sea_arm:/home/user/exchange/workspace/install/pal_sea_arm_bringup:/home/user/exchange/workspace/install/pal_pro_gripper_simulation:/home/user/exchange/workspace/install/pal_pro_gripper_bringup:/home/user/exchange/workspace/install/pal_pro_gripper:/home/user/exchange/workspace/install/pick_task:/home/user/exchange/workspace/install/pal_pro_gripper_wrapper:/opt/ros/humble PYTHONPATH=/home/user/exchange/workspace/install/pal_pro_gripper_wrapper/lib/python3.10/site-packages:/home/user/exchange/workspace/install/pick_task/lib/python3.10/site-packages:/home/user/exchange/workspace/install/tiago_pro_description/local/lib/python3.10/dist-packages:/home/user/exchange/workspace/install/pal_sea_arm_description/local/lib/python3.10/dist-packages:/home/user/exchange/workspace/install/pal_pro_gripper_description/local/lib/python3.10/dist-packages:/opt/ros/humble/lib/python3.10/site-packages:/opt/ros/humble/local/lib/python3.10/dist-packages /usr/bin/cmake --install /home/user/exchange/workspace/build/tiago_pro_gazebo
[1.527s] Level 1:colcon.colcon_core.shell:create_environment_hook('tiago_pro_gazebo', 'cmake_prefix_path')
[1.527s] INFO:colcon.colcon_core.shell:Creating environment hook '/home/user/exchange/workspace/install/tiago_pro_gazebo/share/tiago_pro_gazebo/hook/cmake_prefix_path.ps1'
[1.528s] INFO:colcon.colcon_core.shell:Creating environment descriptor '/home/user/exchange/workspace/install/tiago_pro_gazebo/share/tiago_pro_gazebo/hook/cmake_prefix_path.dsv'
[1.528s] INFO:colcon.colcon_core.shell:Creating environment hook '/home/user/exchange/workspace/install/tiago_pro_gazebo/share/tiago_pro_gazebo/hook/cmake_prefix_path.sh'
[1.529s] Level 1:colcon.colcon_core.environment:checking '/home/user/exchange/workspace/install/tiago_pro_gazebo/lib'
[1.529s] Level 1:colcon.colcon_core.environment:checking '/home/user/exchange/workspace/install/tiago_pro_gazebo/bin'
[1.529s] Level 1:colcon.colcon_core.environment:checking '/home/user/exchange/workspace/install/tiago_pro_gazebo/lib/pkgconfig/tiago_pro_gazebo.pc'
[1.529s] Level 1:colcon.colcon_core.environment:checking '/home/user/exchange/workspace/install/tiago_pro_gazebo/lib/python3.10/site-packages'
[1.529s] Level 1:colcon.colcon_core.environment:checking '/home/user/exchange/workspace/install/tiago_pro_gazebo/bin'
[1.529s] INFO:colcon.colcon_core.shell:Creating package script '/home/user/exchange/workspace/install/tiago_pro_gazebo/share/tiago_pro_gazebo/package.ps1'
[1.530s] INFO:colcon.colcon_core.shell:Creating package descriptor '/home/user/exchange/workspace/install/tiago_pro_gazebo/share/tiago_pro_gazebo/package.dsv'
[1.530s] INFO:colcon.colcon_core.shell:Creating package script '/home/user/exchange/workspace/install/tiago_pro_gazebo/share/tiago_pro_gazebo/package.sh'
[1.530s] INFO:colcon.colcon_core.shell:Creating package script '/home/user/exchange/workspace/install/tiago_pro_gazebo/share/tiago_pro_gazebo/package.bash'
[1.531s] INFO:colcon.colcon_core.shell:Creating package script '/home/user/exchange/workspace/install/tiago_pro_gazebo/share/tiago_pro_gazebo/package.zsh'
[1.531s] Level 1:colcon.colcon_core.environment:create_file_with_runtime_dependencies(/home/user/exchange/workspace/install/tiago_pro_gazebo/share/colcon-core/packages/tiago_pro_gazebo)
[1.531s] Level 1:colcon.colcon_core.environment:create_environment_scripts_only(tiago_pro_gazebo)
[1.532s] Level 1:colcon.colcon_core.environment:checking '/home/user/exchange/workspace/install/tiago_pro_gazebo' for CMake module files
[1.532s] Level 1:colcon.colcon_core.environment:checking '/home/user/exchange/workspace/install/tiago_pro_gazebo' for CMake config files
[1.532s] Level 1:colcon.colcon_core.shell:create_environment_hook('tiago_pro_gazebo', 'cmake_prefix_path')
[1.532s] INFO:colcon.colcon_core.shell:Creating environment hook '/home/user/exchange/workspace/install/tiago_pro_gazebo/share/tiago_pro_gazebo/hook/cmake_prefix_path.ps1'
[1.533s] INFO:colcon.colcon_core.shell:Creating environment descriptor '/home/user/exchange/workspace/install/tiago_pro_gazebo/share/tiago_pro_gazebo/hook/cmake_prefix_path.dsv'
[1.533s] INFO:colcon.colcon_core.shell:Creating environment hook '/home/user/exchange/workspace/install/tiago_pro_gazebo/share/tiago_pro_gazebo/hook/cmake_prefix_path.sh'
[1.533s] Level 1:colcon.colcon_core.environment:checking '/home/user/exchange/workspace/install/tiago_pro_gazebo/lib'
[1.533s] Level 1:colcon.colcon_core.environment:checking '/home/user/exchange/workspace/install/tiago_pro_gazebo/bin'
[1.533s] Level 1:colcon.colcon_core.environment:checking '/home/user/exchange/workspace/install/tiago_pro_gazebo/lib/pkgconfig/tiago_pro_gazebo.pc'
[1.533s] Level 1:colcon.colcon_core.environment:checking '/home/user/exchange/workspace/install/tiago_pro_gazebo/lib/python3.10/site-packages'
[1.534s] Level 1:colcon.colcon_core.environment:checking '/home/user/exchange/workspace/install/tiago_pro_gazebo/bin'
[1.534s] INFO:colcon.colcon_core.shell:Creating package script '/home/user/exchange/workspace/install/tiago_pro_gazebo/share/tiago_pro_gazebo/package.ps1'
[1.534s] INFO:colcon.colcon_core.shell:Creating package descriptor '/home/user/exchange/workspace/install/tiago_pro_gazebo/share/tiago_pro_gazebo/package.dsv'
[1.535s] INFO:colcon.colcon_core.shell:Creating package script '/home/user/exchange/workspace/install/tiago_pro_gazebo/share/tiago_pro_gazebo/package.sh'
[1.535s] INFO:colcon.colcon_core.shell:Creating package script '/home/user/exchange/workspace/install/tiago_pro_gazebo/share/tiago_pro_gazebo/package.bash'
[1.535s] INFO:colcon.colcon_core.shell:Creating package script '/home/user/exchange/workspace/install/tiago_pro_gazebo/share/tiago_pro_gazebo/package.zsh'
[1.536s] Level 1:colcon.colcon_core.environment:create_file_with_runtime_dependencies(/home/user/exchange/workspace/install/tiago_pro_gazebo/share/colcon-core/packages/tiago_pro_gazebo)
[1.536s] Level 1:colcon.colcon_core.environment:create_environment_scripts_only(tiago_pro_mujoco)
[1.537s] Level 1:colcon.colcon_core.environment:checking '/home/user/exchange/workspace/install/tiago_pro_mujoco' for CMake module files
[1.537s] Level 1:colcon.colcon_core.environment:checking '/home/user/exchange/workspace/install/tiago_pro_mujoco' for CMake config files
[1.537s] Level 1:colcon.colcon_core.shell:create_environment_hook('tiago_pro_mujoco', 'cmake_prefix_path')
[1.538s] INFO:colcon.colcon_core.shell:Creating environment hook '/home/user/exchange/workspace/install/tiago_pro_mujoco/share/tiago_pro_mujoco/hook/cmake_prefix_path.ps1'
[1.538s] DEBUG:colcon.colcon_core.event_handler.log_command:Invoked command in '/home/user/exchange/workspace/build/tiago_pro_mujoco' returned '0': AMENT_PREFIX_PATH=/home/user/exchange/workspace/install/pal_pro_gripper_wrapper:/home/user/exchange/workspace/install/tiago_manipulation_tasks:/home/user/exchange/workspace/install/pick_task:/home/user/exchange/workspace/install/tiago_pro_simulation:/home/user/exchange/workspace/install/tiago_pro_robot:/home/user/exchange/workspace/install/tiago_pro_navigation:/home/user/exchange/workspace/install/tiago_pro_gazebo:/home/user/exchange/workspace/install/tiago_pro_rgbd_sensors:/home/user/exchange/workspace/install/tiago_pro_mujoco:/home/user/exchange/workspace/install/tiago_pro_moveit_config:/home/user/exchange/workspace/install/tiago_pro_laser_sensors:/home/user/exchange/workspace/install/tiago_pro_description:/home/user/exchange/workspace/install/tiago_pro_bringup:/home/user/exchange/workspace/install/tiago_pro_controller_configuration:/home/user/exchange/workspace/install/tiago_pro_2dnav:/home/user/exchange/workspace/install/pal_sea_arm_moveit_config:/home/user/exchange/workspace/install/pal_sea_arm:/home/user/exchange/workspace/install/pal_sea_arm_bringup:/home/user/exchange/workspace/install/pal_sea_arm_description:/home/user/exchange/workspace/install/pal_sea_arm_controller_configuration:/home/user/exchange/workspace/install/pal_pro_gripper_simulation:/home/user/exchange/workspace/install/pal_pro_gripper_bringup:/home/user/exchange/workspace/install/pal_pro_gripper:/home/user/exchange/workspace/install/pal_pro_gripper_controller_configuration:/home/user/exchange/workspace/install/pal_pro_gripper_description:/home/user/exchange/workspace/install/pal_gazebo_worlds:/opt/ros/humble CMAKE_PREFIX_PATH=/home/user/exchange/workspace/install/tiago_pro_moveit_config:/home/user/exchange/workspace/install/tiago_pro_description:/home/user/exchange/workspace/install/tiago_pro_bringup:/home/user/exchange/workspace/install/pal_sea_arm_moveit_config:/home/user/exchange/workspace/install/tiago_pro_controller_configuration:/home/user/exchange/workspace/install/pal_sea_arm_description:/home/user/exchange/workspace/install/pal_sea_arm_controller_configuration:/home/user/exchange/workspace/install/pal_pro_gripper_controller_configuration:/home/user/exchange/workspace/install/tiago_pro_laser_sensors:/home/user/exchange/workspace/install/pal_pro_gripper_description:/home/user/exchange/workspace/install/tiago_manipulation_tasks:/home/user/exchange/workspace/install/tiago_pro_simulation:/home/user/exchange/workspace/install/tiago_pro_robot:/home/user/exchange/workspace/install/tiago_pro_navigation:/home/user/exchange/workspace/install/tiago_pro_gazebo:/home/user/exchange/workspace/install/tiago_pro_rgbd_sensors:/home/user/exchange/workspace/install/tiago_pro_mujoco:/home/user/exchange/workspace/install/tiago_pro_2dnav:/home/user/exchange/workspace/install/pal_sea_arm:/home/user/exchange/workspace/install/pal_sea_arm_bringup:/home/user/exchange/workspace/install/pal_pro_gripper_simulation:/home/user/exchange/workspace/install/pal_pro_gripper_bringup:/home/user/exchange/workspace/install/pal_pro_gripper:/home/user/exchange/workspace/install/pal_gazebo_worlds:/home/user/exchange/workspace/install/pick_task:/home/user/exchange/workspace/install/pal_pro_gripper_wrapper:/opt/ros/humble PYTHONPATH=/home/user/exchange/workspace/install/pal_pro_gripper_wrapper/lib/python3.10/site-packages:/home/user/exchange/workspace/install/pick_task/lib/python3.10/site-packages:/home/user/exchange/workspace/install/tiago_pro_description/local/lib/python3.10/dist-packages:/home/user/exchange/workspace/install/pal_sea_arm_description/local/lib/python3.10/dist-packages:/home/user/exchange/workspace/install/pal_pro_gripper_description/local/lib/python3.10/dist-packages:/opt/ros/humble/lib/python3.10/site-packages:/opt/ros/humble/local/lib/python3.10/dist-packages /usr/bin/cmake --install /home/user/exchange/workspace/build/tiago_pro_mujoco
[1.538s] INFO:colcon.colcon_core.shell:Creating environment descriptor '/home/user/exchange/workspace/install/tiago_pro_mujoco/share/tiago_pro_mujoco/hook/cmake_prefix_path.dsv'
[1.539s] INFO:colcon.colcon_core.shell:Creating environment hook '/home/user/exchange/workspace/install/tiago_pro_mujoco/share/tiago_pro_mujoco/hook/cmake_prefix_path.sh'
[1.539s] Level 1:colcon.colcon_core.environment:checking '/home/user/exchange/workspace/install/tiago_pro_mujoco/bin'
[1.539s] Level 1:colcon.colcon_core.environment:checking '/home/user/exchange/workspace/install/tiago_pro_mujoco/lib/pkgconfig/tiago_pro_mujoco.pc'
[1.539s] Level 1:colcon.colcon_core.environment:checking '/home/user/exchange/workspace/install/tiago_pro_mujoco/lib/python3.10/site-packages'
[1.539s] Level 1:colcon.colcon_core.environment:checking '/home/user/exchange/workspace/install/tiago_pro_mujoco/bin'
[1.540s] INFO:colcon.colcon_core.shell:Creating package script '/home/user/exchange/workspace/install/tiago_pro_mujoco/share/tiago_pro_mujoco/package.ps1'
[1.540s] INFO:colcon.colcon_core.shell:Creating package descriptor '/home/user/exchange/workspace/install/tiago_pro_mujoco/share/tiago_pro_mujoco/package.dsv'
[1.540s] INFO:colcon.colcon_core.shell:Creating package script '/home/user/exchange/workspace/install/tiago_pro_mujoco/share/tiago_pro_mujoco/package.sh'
[1.540s] INFO:colcon.colcon_core.shell:Creating package script '/home/user/exchange/workspace/install/tiago_pro_mujoco/share/tiago_pro_mujoco/package.bash'
[1.541s] INFO:colcon.colcon_core.shell:Creating package script '/home/user/exchange/workspace/install/tiago_pro_mujoco/share/tiago_pro_mujoco/package.zsh'
[1.541s] Level 1:colcon.colcon_core.environment:create_file_with_runtime_dependencies(/home/user/exchange/workspace/install/tiago_pro_mujoco/share/colcon-core/packages/tiago_pro_mujoco)
[1.541s] Level 1:colcon.colcon_core.environment:create_environment_scripts_only(tiago_pro_mujoco)
[1.541s] Level 1:colcon.colcon_core.environment:checking '/home/user/exchange/workspace/install/tiago_pro_mujoco' for CMake module files
[1.542s] Level 1:colcon.colcon_core.environment:checking '/home/user/exchange/workspace/install/tiago_pro_mujoco' for CMake config files
[1.542s] Level 1:colcon.colcon_core.shell:create_environment_hook('tiago_pro_mujoco', 'cmake_prefix_path')
[1.542s] INFO:colcon.colcon_core.shell:Creating environment hook '/home/user/exchange/workspace/install/tiago_pro_mujoco/share/tiago_pro_mujoco/hook/cmake_prefix_path.ps1'
[1.542s] INFO:colcon.colcon_core.shell:Creating environment descriptor '/home/user/exchange/workspace/install/tiago_pro_mujoco/share/tiago_pro_mujoco/hook/cmake_prefix_path.dsv'
[1.542s] INFO:colcon.colcon_core.shell:Creating environment hook '/home/user/exchange/workspace/install/tiago_pro_mujoco/share/tiago_pro_mujoco/hook/cmake_prefix_path.sh'
[1.543s] Level 1:colcon.colcon_core.environment:checking '/home/user/exchange/workspace/install/tiago_pro_mujoco/bin'
[1.543s] Level 1:colcon.colcon_core.environment:checking '/home/user/exchange/workspace/install/tiago_pro_mujoco/lib/pkgconfig/tiago_pro_mujoco.pc'
[1.543s] Level 1:colcon.colcon_core.environment:checking '/home/user/exchange/workspace/install/tiago_pro_mujoco/lib/python3.10/site-packages'
[1.543s] Level 1:colcon.colcon_core.environment:checking '/home/user/exchange/workspace/install/tiago_pro_mujoco/bin'
[1.543s] INFO:colcon.colcon_core.shell:Creating package script '/home/user/exchange/workspace/install/tiago_pro_mujoco/share/tiago_pro_mujoco/package.ps1'
[1.543s] INFO:colcon.colcon_core.shell:Creating package descriptor '/home/user/exchange/workspace/install/tiago_pro_mujoco/share/tiago_pro_mujoco/package.dsv'
[1.544s] INFO:colcon.colcon_core.shell:Creating package script '/home/user/exchange/workspace/install/tiago_pro_mujoco/share/tiago_pro_mujoco/package.sh'
[1.544s] INFO:colcon.colcon_core.shell:Creating package script '/home/user/exchange/workspace/install/tiago_pro_mujoco/share/tiago_pro_mujoco/package.bash'
[1.544s] INFO:colcon.colcon_core.shell:Creating package script '/home/user/exchange/workspace/install/tiago_pro_mujoco/share/tiago_pro_mujoco/package.zsh'
[1.544s] Level 1:colcon.colcon_core.environment:create_file_with_runtime_dependencies(/home/user/exchange/workspace/install/tiago_pro_mujoco/share/colcon-core/packages/tiago_pro_mujoco)
[1.545s] INFO:colcon.colcon_ros.task.ament_cmake.build:Building ROS package in '/home/user/exchange/workspace/src/tiago_pro_simulation/tiago_pro_simulation' with build type 'ament_cmake'
[1.545s] INFO:colcon.colcon_cmake.task.cmake.build:Building CMake package in '/home/user/exchange/workspace/src/tiago_pro_simulation/tiago_pro_simulation'
[1.545s] INFO:colcon.colcon_core.shell:Skip shell extension 'powershell' for command environment: Not usable outside of PowerShell
[1.545s] DEBUG:colcon.colcon_core.shell:Skip shell extension 'dsv' for command environment
[1.558s] DEBUG:colcon.colcon_core.event_handler.log_command:Invoking command in '/home/user/exchange/workspace/build/tiago_pro_simulation': AMENT_PREFIX_PATH=/home/user/exchange/workspace/install/pal_pro_gripper_wrapper:/home/user/exchange/workspace/install/tiago_manipulation_tasks:/home/user/exchange/workspace/install/pick_task:/home/user/exchange/workspace/install/tiago_pro_simulation:/home/user/exchange/workspace/install/tiago_pro_robot:/home/user/exchange/workspace/install/tiago_pro_navigation:/home/user/exchange/workspace/install/tiago_pro_gazebo:/home/user/exchange/workspace/install/tiago_pro_rgbd_sensors:/home/user/exchange/workspace/install/tiago_pro_mujoco:/home/user/exchange/workspace/install/tiago_pro_moveit_config:/home/user/exchange/workspace/install/tiago_pro_laser_sensors:/home/user/exchange/workspace/install/tiago_pro_description:/home/user/exchange/workspace/install/tiago_pro_bringup:/home/user/exchange/workspace/install/tiago_pro_controller_configuration:/home/user/exchange/workspace/install/tiago_pro_2dnav:/home/user/exchange/workspace/install/pal_sea_arm_moveit_config:/home/user/exchange/workspace/install/pal_sea_arm:/home/user/exchange/workspace/install/pal_sea_arm_bringup:/home/user/exchange/workspace/install/pal_sea_arm_description:/home/user/exchange/workspace/install/pal_sea_arm_controller_configuration:/home/user/exchange/workspace/install/pal_pro_gripper_simulation:/home/user/exchange/workspace/install/pal_pro_gripper_bringup:/home/user/exchange/workspace/install/pal_pro_gripper:/home/user/exchange/workspace/install/pal_pro_gripper_controller_configuration:/home/user/exchange/workspace/install/pal_pro_gripper_description:/home/user/exchange/workspace/install/pal_gazebo_worlds:/opt/ros/humble CMAKE_PREFIX_PATH=/home/user/exchange/workspace/install/tiago_pro_mujoco:/home/user/exchange/workspace/install/tiago_pro_gazebo:/home/user/exchange/workspace/install/tiago_pro_moveit_config:/home/user/exchange/workspace/install/tiago_pro_description:/home/user/exchange/workspace/install/tiago_pro_bringup:/home/user/exchange/workspace/install/pal_sea_arm_moveit_config:/home/user/exchange/workspace/install/tiago_pro_controller_configuration:/home/user/exchange/workspace/install/pal_sea_arm_description:/home/user/exchange/workspace/install/pal_sea_arm_controller_configuration:/home/user/exchange/workspace/install/pal_pro_gripper_controller_configuration:/home/user/exchange/workspace/install/tiago_pro_rgbd_sensors:/home/user/exchange/workspace/install/tiago_pro_laser_sensors:/home/user/exchange/workspace/install/tiago_pro_2dnav:/home/user/exchange/workspace/install/pal_pro_gripper_description:/home/user/exchange/workspace/install/pal_gazebo_worlds:/home/user/exchange/workspace/install/tiago_manipulation_tasks:/home/user/exchange/workspace/install/tiago_pro_simulation:/home/user/exchange/workspace/install/tiago_pro_robot:/home/user/exchange/workspace/install/tiago_pro_navigation:/home/user/exchange/workspace/install/pal_sea_arm:/home/user/exchange/workspace/install/pal_sea_arm_bringup:/home/user/exchange/workspace/install/pal_pro_gripper_simulation:/home/user/exchange/workspace/install/pal_pro_gripper_bringup:/home/user/exchange/workspace/install/pal_pro_gripper:/home/user/exchange/workspace/install/pick_task:/home/user/exchange/workspace/install/pal_pro_gripper_wrapper:/opt/ros/humble PYTHONPATH=/home/user/exchange/workspace/install/pal_pro_gripper_wrapper/lib/python3.10/site-packages:/home/user/exchange/workspace/install/pick_task/lib/python3.10/site-packages:/home/user/exchange/workspace/install/tiago_pro_description/local/lib/python3.10/dist-packages:/home/user/exchange/workspace/install/pal_sea_arm_description/local/lib/python3.10/dist-packages:/home/user/exchange/workspace/install/pal_pro_gripper_description/local/lib/python3.10/dist-packages:/opt/ros/humble/lib/python3.10/site-packages:/opt/ros/humble/local/lib/python3.10/dist-packages /usr/bin/cmake --build /home/user/exchange/workspace/build/tiago_pro_simulation -- -j12 -l12
[1.581s] DEBUG:colcon.colcon_core.event_handler.log_command:Invoked command in '/home/user/exchange/workspace/build/tiago_pro_simulation' returned '0': AMENT_PREFIX_PATH=/home/user/exchange/workspace/install/pal_pro_gripper_wrapper:/home/user/exchange/workspace/install/tiago_manipulation_tasks:/home/user/exchange/workspace/install/pick_task:/home/user/exchange/workspace/install/tiago_pro_simulation:/home/user/exchange/workspace/install/tiago_pro_robot:/home/user/exchange/workspace/install/tiago_pro_navigation:/home/user/exchange/workspace/install/tiago_pro_gazebo:/home/user/exchange/workspace/install/tiago_pro_rgbd_sensors:/home/user/exchange/workspace/install/tiago_pro_mujoco:/home/user/exchange/workspace/install/tiago_pro_moveit_config:/home/user/exchange/workspace/install/tiago_pro_laser_sensors:/home/user/exchange/workspace/install/tiago_pro_description:/home/user/exchange/workspace/install/tiago_pro_bringup:/home/user/exchange/workspace/install/tiago_pro_controller_configuration:/home/user/exchange/workspace/install/tiago_pro_2dnav:/home/user/exchange/workspace/install/pal_sea_arm_moveit_config:/home/user/exchange/workspace/install/pal_sea_arm:/home/user/exchange/workspace/install/pal_sea_arm_bringup:/home/user/exchange/workspace/install/pal_sea_arm_description:/home/user/exchange/workspace/install/pal_sea_arm_controller_configuration:/home/user/exchange/workspace/install/pal_pro_gripper_simulation:/home/user/exchange/workspace/install/pal_pro_gripper_bringup:/home/user/exchange/workspace/install/pal_pro_gripper:/home/user/exchange/workspace/install/pal_pro_gripper_controller_configuration:/home/user/exchange/workspace/install/pal_pro_gripper_description:/home/user/exchange/workspace/install/pal_gazebo_worlds:/opt/ros/humble CMAKE_PREFIX_PATH=/home/user/exchange/workspace/install/tiago_pro_mujoco:/home/user/exchange/workspace/install/tiago_pro_gazebo:/home/user/exchange/workspace/install/tiago_pro_moveit_config:/home/user/exchange/workspace/install/tiago_pro_description:/home/user/exchange/workspace/install/tiago_pro_bringup:/home/user/exchange/workspace/install/pal_sea_arm_moveit_config:/home/user/exchange/workspace/install/tiago_pro_controller_configuration:/home/user/exchange/workspace/install/pal_sea_arm_description:/home/user/exchange/workspace/install/pal_sea_arm_controller_configuration:/home/user/exchange/workspace/install/pal_pro_gripper_controller_configuration:/home/user/exchange/workspace/install/tiago_pro_rgbd_sensors:/home/user/exchange/workspace/install/tiago_pro_laser_sensors:/home/user/exchange/workspace/install/tiago_pro_2dnav:/home/user/exchange/workspace/install/pal_pro_gripper_description:/home/user/exchange/workspace/install/pal_gazebo_worlds:/home/user/exchange/workspace/install/tiago_manipulation_tasks:/home/user/exchange/workspace/install/tiago_pro_simulation:/home/user/exchange/workspace/install/tiago_pro_robot:/home/user/exchange/workspace/install/tiago_pro_navigation:/home/user/exchange/workspace/install/pal_sea_arm:/home/user/exchange/workspace/install/pal_sea_arm_bringup:/home/user/exchange/workspace/install/pal_pro_gripper_simulation:/home/user/exchange/workspace/install/pal_pro_gripper_bringup:/home/user/exchange/workspace/install/pal_pro_gripper:/home/user/exchange/workspace/install/pick_task:/home/user/exchange/workspace/install/pal_pro_gripper_wrapper:/opt/ros/humble PYTHONPATH=/home/user/exchange/workspace/install/pal_pro_gripper_wrapper/lib/python3.10/site-packages:/home/user/exchange/workspace/install/pick_task/lib/python3.10/site-packages:/home/user/exchange/workspace/install/tiago_pro_description/local/lib/python3.10/dist-packages:/home/user/exchange/workspace/install/pal_sea_arm_description/local/lib/python3.10/dist-packages:/home/user/exchange/workspace/install/pal_pro_gripper_description/local/lib/python3.10/dist-packages:/opt/ros/humble/lib/python3.10/site-packages:/opt/ros/humble/local/lib/python3.10/dist-packages /usr/bin/cmake --build /home/user/exchange/workspace/build/tiago_pro_simulation -- -j12 -l12
[1.582s] DEBUG:colcon.colcon_core.event_handler.log_command:Invoking command in '/home/user/exchange/workspace/build/tiago_pro_simulation': AMENT_PREFIX_PATH=/home/user/exchange/workspace/install/pal_pro_gripper_wrapper:/home/user/exchange/workspace/install/tiago_manipulation_tasks:/home/user/exchange/workspace/install/pick_task:/home/user/exchange/workspace/install/tiago_pro_simulation:/home/user/exchange/workspace/install/tiago_pro_robot:/home/user/exchange/workspace/install/tiago_pro_navigation:/home/user/exchange/workspace/install/tiago_pro_gazebo:/home/user/exchange/workspace/install/tiago_pro_rgbd_sensors:/home/user/exchange/workspace/install/tiago_pro_mujoco:/home/user/exchange/workspace/install/tiago_pro_moveit_config:/home/user/exchange/workspace/install/tiago_pro_laser_sensors:/home/user/exchange/workspace/install/tiago_pro_description:/home/user/exchange/workspace/install/tiago_pro_bringup:/home/user/exchange/workspace/install/tiago_pro_controller_configuration:/home/user/exchange/workspace/install/tiago_pro_2dnav:/home/user/exchange/workspace/install/pal_sea_arm_moveit_config:/home/user/exchange/workspace/install/pal_sea_arm:/home/user/exchange/workspace/install/pal_sea_arm_bringup:/home/user/exchange/workspace/install/pal_sea_arm_description:/home/user/exchange/workspace/install/pal_sea_arm_controller_configuration:/home/user/exchange/workspace/install/pal_pro_gripper_simulation:/home/user/exchange/workspace/install/pal_pro_gripper_bringup:/home/user/exchange/workspace/install/pal_pro_gripper:/home/user/exchange/workspace/install/pal_pro_gripper_controller_configuration:/home/user/exchange/workspace/install/pal_pro_gripper_description:/home/user/exchange/workspace/install/pal_gazebo_worlds:/opt/ros/humble CMAKE_PREFIX_PATH=/home/user/exchange/workspace/install/tiago_pro_mujoco:/home/user/exchange/workspace/install/tiago_pro_gazebo:/home/user/exchange/workspace/install/tiago_pro_moveit_config:/home/user/exchange/workspace/install/tiago_pro_description:/home/user/exchange/workspace/install/tiago_pro_bringup:/home/user/exchange/workspace/install/pal_sea_arm_moveit_config:/home/user/exchange/workspace/install/tiago_pro_controller_configuration:/home/user/exchange/workspace/install/pal_sea_arm_description:/home/user/exchange/workspace/install/pal_sea_arm_controller_configuration:/home/user/exchange/workspace/install/pal_pro_gripper_controller_configuration:/home/user/exchange/workspace/install/tiago_pro_rgbd_sensors:/home/user/exchange/workspace/install/tiago_pro_laser_sensors:/home/user/exchange/workspace/install/tiago_pro_2dnav:/home/user/exchange/workspace/install/pal_pro_gripper_description:/home/user/exchange/workspace/install/pal_gazebo_worlds:/home/user/exchange/workspace/install/tiago_manipulation_tasks:/home/user/exchange/workspace/install/tiago_pro_simulation:/home/user/exchange/workspace/install/tiago_pro_robot:/home/user/exchange/workspace/install/tiago_pro_navigation:/home/user/exchange/workspace/install/pal_sea_arm:/home/user/exchange/workspace/install/pal_sea_arm_bringup:/home/user/exchange/workspace/install/pal_pro_gripper_simulation:/home/user/exchange/workspace/install/pal_pro_gripper_bringup:/home/user/exchange/workspace/install/pal_pro_gripper:/home/user/exchange/workspace/install/pick_task:/home/user/exchange/workspace/install/pal_pro_gripper_wrapper:/opt/ros/humble PYTHONPATH=/home/user/exchange/workspace/install/pal_pro_gripper_wrapper/lib/python3.10/site-packages:/home/user/exchange/workspace/install/pick_task/lib/python3.10/site-packages:/home/user/exchange/workspace/install/tiago_pro_description/local/lib/python3.10/dist-packages:/home/user/exchange/workspace/install/pal_sea_arm_description/local/lib/python3.10/dist-packages:/home/user/exchange/workspace/install/pal_pro_gripper_description/local/lib/python3.10/dist-packages:/opt/ros/humble/lib/python3.10/site-packages:/opt/ros/humble/local/lib/python3.10/dist-packages /usr/bin/cmake --install /home/user/exchange/workspace/build/tiago_pro_simulation
[1.587s] Level 1:colcon.colcon_core.environment:create_environment_scripts_only(tiago_pro_simulation)
[1.588s] Level 1:colcon.colcon_core.environment:checking '/home/user/exchange/workspace/install/tiago_pro_simulation' for CMake module files
[1.588s] DEBUG:colcon.colcon_core.event_handler.log_command:Invoked command in '/home/user/exchange/workspace/build/tiago_pro_simulation' returned '0': AMENT_PREFIX_PATH=/home/user/exchange/workspace/install/pal_pro_gripper_wrapper:/home/user/exchange/workspace/install/tiago_manipulation_tasks:/home/user/exchange/workspace/install/pick_task:/home/user/exchange/workspace/install/tiago_pro_simulation:/home/user/exchange/workspace/install/tiago_pro_robot:/home/user/exchange/workspace/install/tiago_pro_navigation:/home/user/exchange/workspace/install/tiago_pro_gazebo:/home/user/exchange/workspace/install/tiago_pro_rgbd_sensors:/home/user/exchange/workspace/install/tiago_pro_mujoco:/home/user/exchange/workspace/install/tiago_pro_moveit_config:/home/user/exchange/workspace/install/tiago_pro_laser_sensors:/home/user/exchange/workspace/install/tiago_pro_description:/home/user/exchange/workspace/install/tiago_pro_bringup:/home/user/exchange/workspace/install/tiago_pro_controller_configuration:/home/user/exchange/workspace/install/tiago_pro_2dnav:/home/user/exchange/workspace/install/pal_sea_arm_moveit_config:/home/user/exchange/workspace/install/pal_sea_arm:/home/user/exchange/workspace/install/pal_sea_arm_bringup:/home/user/exchange/workspace/install/pal_sea_arm_description:/home/user/exchange/workspace/install/pal_sea_arm_controller_configuration:/home/user/exchange/workspace/install/pal_pro_gripper_simulation:/home/user/exchange/workspace/install/pal_pro_gripper_bringup:/home/user/exchange/workspace/install/pal_pro_gripper:/home/user/exchange/workspace/install/pal_pro_gripper_controller_configuration:/home/user/exchange/workspace/install/pal_pro_gripper_description:/home/user/exchange/workspace/install/pal_gazebo_worlds:/opt/ros/humble CMAKE_PREFIX_PATH=/home/user/exchange/workspace/install/tiago_pro_mujoco:/home/user/exchange/workspace/install/tiago_pro_gazebo:/home/user/exchange/workspace/install/tiago_pro_moveit_config:/home/user/exchange/workspace/install/tiago_pro_description:/home/user/exchange/workspace/install/tiago_pro_bringup:/home/user/exchange/workspace/install/pal_sea_arm_moveit_config:/home/user/exchange/workspace/install/tiago_pro_controller_configuration:/home/user/exchange/workspace/install/pal_sea_arm_description:/home/user/exchange/workspace/install/pal_sea_arm_controller_configuration:/home/user/exchange/workspace/install/pal_pro_gripper_controller_configuration:/home/user/exchange/workspace/install/tiago_pro_rgbd_sensors:/home/user/exchange/workspace/install/tiago_pro_laser_sensors:/home/user/exchange/workspace/install/tiago_pro_2dnav:/home/user/exchange/workspace/install/pal_pro_gripper_description:/home/user/exchange/workspace/install/pal_gazebo_worlds:/home/user/exchange/workspace/install/tiago_manipulation_tasks:/home/user/exchange/workspace/install/tiago_pro_simulation:/home/user/exchange/workspace/install/tiago_pro_robot:/home/user/exchange/workspace/install/tiago_pro_navigation:/home/user/exchange/workspace/install/pal_sea_arm:/home/user/exchange/workspace/install/pal_sea_arm_bringup:/home/user/exchange/workspace/install/pal_pro_gripper_simulation:/home/user/exchange/workspace/install/pal_pro_gripper_bringup:/home/user/exchange/workspace/install/pal_pro_gripper:/home/user/exchange/workspace/install/pick_task:/home/user/exchange/workspace/install/pal_pro_gripper_wrapper:/opt/ros/humble PYTHONPATH=/home/user/exchange/workspace/install/pal_pro_gripper_wrapper/lib/python3.10/site-packages:/home/user/exchange/workspace/install/pick_task/lib/python3.10/site-packages:/home/user/exchange/workspace/install/tiago_pro_description/local/lib/python3.10/dist-packages:/home/user/exchange/workspace/install/pal_sea_arm_description/local/lib/python3.10/dist-packages:/home/user/exchange/workspace/install/pal_pro_gripper_description/local/lib/python3.10/dist-packages:/opt/ros/humble/lib/python3.10/site-packages:/opt/ros/humble/local/lib/python3.10/dist-packages /usr/bin/cmake --install /home/user/exchange/workspace/build/tiago_pro_simulation
[1.588s] Level 1:colcon.colcon_core.environment:checking '/home/user/exchange/workspace/install/tiago_pro_simulation' for CMake config files
[1.588s] Level 1:colcon.colcon_core.shell:create_environment_hook('tiago_pro_simulation', 'cmake_prefix_path')
[1.588s] INFO:colcon.colcon_core.shell:Creating environment hook '/home/user/exchange/workspace/install/tiago_pro_simulation/share/tiago_pro_simulation/hook/cmake_prefix_path.ps1'
[1.589s] INFO:colcon.colcon_core.shell:Creating environment descriptor '/home/user/exchange/workspace/install/tiago_pro_simulation/share/tiago_pro_simulation/hook/cmake_prefix_path.dsv'
[1.589s] INFO:colcon.colcon_core.shell:Creating environment hook '/home/user/exchange/workspace/install/tiago_pro_simulation/share/tiago_pro_simulation/hook/cmake_prefix_path.sh'
[1.589s] Level 1:colcon.colcon_core.environment:checking '/home/user/exchange/workspace/install/tiago_pro_simulation/bin'
[1.589s] Level 1:colcon.colcon_core.environment:checking '/home/user/exchange/workspace/install/tiago_pro_simulation/lib/pkgconfig/tiago_pro_simulation.pc'
[1.589s] Level 1:colcon.colcon_core.environment:checking '/home/user/exchange/workspace/install/tiago_pro_simulation/lib/python3.10/site-packages'
[1.590s] Level 1:colcon.colcon_core.environment:checking '/home/user/exchange/workspace/install/tiago_pro_simulation/bin'
[1.590s] INFO:colcon.colcon_core.shell:Creating package script '/home/user/exchange/workspace/install/tiago_pro_simulation/share/tiago_pro_simulation/package.ps1'
[1.590s] INFO:colcon.colcon_core.shell:Creating package descriptor '/home/user/exchange/workspace/install/tiago_pro_simulation/share/tiago_pro_simulation/package.dsv'
[1.591s] INFO:colcon.colcon_core.shell:Creating package script '/home/user/exchange/workspace/install/tiago_pro_simulation/share/tiago_pro_simulation/package.sh'
[1.591s] INFO:colcon.colcon_core.shell:Creating package script '/home/user/exchange/workspace/install/tiago_pro_simulation/share/tiago_pro_simulation/package.bash'
[1.591s] INFO:colcon.colcon_core.shell:Creating package script '/home/user/exchange/workspace/install/tiago_pro_simulation/share/tiago_pro_simulation/package.zsh'
[1.591s] Level 1:colcon.colcon_core.environment:create_file_with_runtime_dependencies(/home/user/exchange/workspace/install/tiago_pro_simulation/share/colcon-core/packages/tiago_pro_simulation)
[1.592s] Level 1:colcon.colcon_core.environment:create_environment_scripts_only(tiago_pro_simulation)
[1.592s] Level 1:colcon.colcon_core.environment:checking '/home/user/exchange/workspace/install/tiago_pro_simulation' for CMake module files
[1.592s] Level 1:colcon.colcon_core.environment:checking '/home/user/exchange/workspace/install/tiago_pro_simulation' for CMake config files
[1.592s] Level 1:colcon.colcon_core.shell:create_environment_hook('tiago_pro_simulation', 'cmake_prefix_path')
[1.593s] INFO:colcon.colcon_core.shell:Creating environment hook '/home/user/exchange/workspace/install/tiago_pro_simulation/share/tiago_pro_simulation/hook/cmake_prefix_path.ps1'
[1.593s] INFO:colcon.colcon_core.shell:Creating environment descriptor '/home/user/exchange/workspace/install/tiago_pro_simulation/share/tiago_pro_simulation/hook/cmake_prefix_path.dsv'
[1.593s] INFO:colcon.colcon_core.shell:Creating environment hook '/home/user/exchange/workspace/install/tiago_pro_simulation/share/tiago_pro_simulation/hook/cmake_prefix_path.sh'
[1.594s] Level 1:colcon.colcon_core.environment:checking '/home/user/exchange/workspace/install/tiago_pro_simulation/bin'
[1.594s] Level 1:colcon.colcon_core.environment:checking '/home/user/exchange/workspace/install/tiago_pro_simulation/lib/pkgconfig/tiago_pro_simulation.pc'
[1.594s] Level 1:colcon.colcon_core.environment:checking '/home/user/exchange/workspace/install/tiago_pro_simulation/lib/python3.10/site-packages'
[1.594s] Level 1:colcon.colcon_core.environment:checking '/home/user/exchange/workspace/install/tiago_pro_simulation/bin'
[1.594s] INFO:colcon.colcon_core.shell:Creating package script '/home/user/exchange/workspace/install/tiago_pro_simulation/share/tiago_pro_simulation/package.ps1'
[1.595s] INFO:colcon.colcon_core.shell:Creating package descriptor '/home/user/exchange/workspace/install/tiago_pro_simulation/share/tiago_pro_simulation/package.dsv'
[1.595s] INFO:colcon.colcon_core.shell:Creating package script '/home/user/exchange/workspace/install/tiago_pro_simulation/share/tiago_pro_simulation/package.sh'
[1.595s] INFO:colcon.colcon_core.shell:Creating package script '/home/user/exchange/workspace/install/tiago_pro_simulation/share/tiago_pro_simulation/package.bash'
[1.596s] INFO:colcon.colcon_core.shell:Creating package script '/home/user/exchange/workspace/install/tiago_pro_simulation/share/tiago_pro_simulation/package.zsh'
[1.596s] Level 1:colcon.colcon_core.environment:create_file_with_runtime_dependencies(/home/user/exchange/workspace/install/tiago_pro_simulation/share/colcon-core/packages/tiago_pro_simulation)
[1.596s] INFO:colcon.colcon_ros.task.ament_python.build:Building ROS package in '/home/user/exchange/workspace/src/pick_task' with build type 'ament_python'
[1.596s] Level 1:colcon.colcon_core.shell:create_environment_hook('pick_task', 'ament_prefix_path')
[1.597s] INFO:colcon.colcon_core.shell:Creating environment hook '/home/user/exchange/workspace/install/pick_task/share/pick_task/hook/ament_prefix_path.ps1'
[1.597s] INFO:colcon.colcon_core.shell:Creating environment descriptor '/home/user/exchange/workspace/install/pick_task/share/pick_task/hook/ament_prefix_path.dsv'
[1.597s] INFO:colcon.colcon_core.shell:Creating environment hook '/home/user/exchange/workspace/install/pick_task/share/pick_task/hook/ament_prefix_path.sh'
[1.598s] INFO:colcon.colcon_core.shell:Skip shell extension 'powershell' for command environment: Not usable outside of PowerShell
[1.598s] DEBUG:colcon.colcon_core.shell:Skip shell extension 'dsv' for command environment
[1.602s] INFO:colcon.colcon_ros.task.ament_cmake.build:Building ROS package in '/home/user/exchange/workspace/src/tiago_manipulation_tasks' with build type 'ament_cmake'
[1.602s] INFO:colcon.colcon_cmake.task.cmake.build:Building CMake package in '/home/user/exchange/workspace/src/tiago_manipulation_tasks'
[1.602s] INFO:colcon.colcon_core.shell:Skip shell extension 'powershell' for command environment: Not usable outside of PowerShell
[1.602s] DEBUG:colcon.colcon_core.shell:Skip shell extension 'dsv' for command environment
[1.768s] INFO:colcon.colcon_core.task.python.build:Building Python package in '/home/user/exchange/workspace/src/pick_task'
[1.768s] INFO:colcon.colcon_core.shell:Skip shell extension 'powershell' for command environment: Not usable outside of PowerShell
[1.768s] DEBUG:colcon.colcon_core.shell:Skip shell extension 'dsv' for command environment
[1.776s] DEBUG:colcon.colcon_core.event_handler.log_command:Invoking command in '/home/user/exchange/workspace/build/tiago_manipulation_tasks': AMENT_PREFIX_PATH=/home/user/exchange/workspace/install/pal_pro_gripper_wrapper:/home/user/exchange/workspace/install/tiago_manipulation_tasks:/home/user/exchange/workspace/install/pick_task:/home/user/exchange/workspace/install/tiago_pro_simulation:/home/user/exchange/workspace/install/tiago_pro_robot:/home/user/exchange/workspace/install/tiago_pro_navigation:/home/user/exchange/workspace/install/tiago_pro_gazebo:/home/user/exchange/workspace/install/tiago_pro_rgbd_sensors:/home/user/exchange/workspace/install/tiago_pro_mujoco:/home/user/exchange/workspace/install/tiago_pro_moveit_config:/home/user/exchange/workspace/install/tiago_pro_laser_sensors:/home/user/exchange/workspace/install/tiago_pro_description:/home/user/exchange/workspace/install/tiago_pro_bringup:/home/user/exchange/workspace/install/tiago_pro_controller_configuration:/home/user/exchange/workspace/install/tiago_pro_2dnav:/home/user/exchange/workspace/install/pal_sea_arm_moveit_config:/home/user/exchange/workspace/install/pal_sea_arm:/home/user/exchange/workspace/install/pal_sea_arm_bringup:/home/user/exchange/workspace/install/pal_sea_arm_description:/home/user/exchange/workspace/install/pal_sea_arm_controller_configuration:/home/user/exchange/workspace/install/pal_pro_gripper_simulation:/home/user/exchange/workspace/install/pal_pro_gripper_bringup:/home/user/exchange/workspace/install/pal_pro_gripper:/home/user/exchange/workspace/install/pal_pro_gripper_controller_configuration:/home/user/exchange/workspace/install/pal_pro_gripper_description:/home/user/exchange/workspace/install/pal_gazebo_worlds:/opt/ros/humble CMAKE_PREFIX_PATH=/home/user/exchange/workspace/install/tiago_pro_simulation:/home/user/exchange/workspace/install/tiago_pro_mujoco:/home/user/exchange/workspace/install/tiago_pro_gazebo:/home/user/exchange/workspace/install/tiago_pro_robot:/home/user/exchange/workspace/install/tiago_pro_moveit_config:/home/user/exchange/workspace/install/pal_sea_arm:/home/user/exchange/workspace/install/tiago_pro_description:/home/user/exchange/workspace/install/tiago_pro_bringup:/home/user/exchange/workspace/install/pal_sea_arm_moveit_config:/home/user/exchange/workspace/install/pal_sea_arm_bringup:/home/user/exchange/workspace/install/tiago_pro_controller_configuration:/home/user/exchange/workspace/install/pal_sea_arm_description:/home/user/exchange/workspace/install/pal_sea_arm_controller_configuration:/home/user/exchange/workspace/install/pal_pro_gripper:/home/user/exchange/workspace/install/pal_pro_gripper_controller_configuration:/home/user/exchange/workspace/install/tiago_pro_rgbd_sensors:/home/user/exchange/workspace/install/tiago_pro_laser_sensors:/home/user/exchange/workspace/install/tiago_pro_2dnav:/home/user/exchange/workspace/install/pal_pro_gripper_description:/home/user/exchange/workspace/install/pal_gazebo_worlds:/home/user/exchange/workspace/install/tiago_manipulation_tasks:/home/user/exchange/workspace/install/tiago_pro_navigation:/home/user/exchange/workspace/install/pal_pro_gripper_simulation:/home/user/exchange/workspace/install/pal_pro_gripper_bringup:/home/user/exchange/workspace/install/pick_task:/home/user/exchange/workspace/install/pal_pro_gripper_wrapper:/opt/ros/humble PYTHONPATH=/home/user/exchange/workspace/install/pal_pro_gripper_wrapper/lib/python3.10/site-packages:/home/user/exchange/workspace/install/pick_task/lib/python3.10/site-packages:/home/user/exchange/workspace/install/tiago_pro_description/local/lib/python3.10/dist-packages:/home/user/exchange/workspace/install/pal_sea_arm_description/local/lib/python3.10/dist-packages:/home/user/exchange/workspace/install/pal_pro_gripper_description/local/lib/python3.10/dist-packages:/opt/ros/humble/lib/python3.10/site-packages:/opt/ros/humble/local/lib/python3.10/dist-packages /usr/bin/cmake --build /home/user/exchange/workspace/build/tiago_manipulation_tasks -- -j12 -l12
[2.005s] DEBUG:colcon.colcon_core.event_handler.log_command:Invoking command in '/home/user/exchange/workspace/src/pick_task': AMENT_PREFIX_PATH=/home/user/exchange/workspace/install/pal_pro_gripper_wrapper:/home/user/exchange/workspace/install/tiago_manipulation_tasks:/home/user/exchange/workspace/install/pick_task:/home/user/exchange/workspace/install/tiago_pro_simulation:/home/user/exchange/workspace/install/tiago_pro_robot:/home/user/exchange/workspace/install/tiago_pro_navigation:/home/user/exchange/workspace/install/tiago_pro_gazebo:/home/user/exchange/workspace/install/tiago_pro_rgbd_sensors:/home/user/exchange/workspace/install/tiago_pro_mujoco:/home/user/exchange/workspace/install/tiago_pro_moveit_config:/home/user/exchange/workspace/install/tiago_pro_laser_sensors:/home/user/exchange/workspace/install/tiago_pro_description:/home/user/exchange/workspace/install/tiago_pro_bringup:/home/user/exchange/workspace/install/tiago_pro_controller_configuration:/home/user/exchange/workspace/install/tiago_pro_2dnav:/home/user/exchange/workspace/install/pal_sea_arm_moveit_config:/home/user/exchange/workspace/install/pal_sea_arm:/home/user/exchange/workspace/install/pal_sea_arm_bringup:/home/user/exchange/workspace/install/pal_sea_arm_description:/home/user/exchange/workspace/install/pal_sea_arm_controller_configuration:/home/user/exchange/workspace/install/pal_pro_gripper_simulation:/home/user/exchange/workspace/install/pal_pro_gripper_bringup:/home/user/exchange/workspace/install/pal_pro_gripper:/home/user/exchange/workspace/install/pal_pro_gripper_controller_configuration:/home/user/exchange/workspace/install/pal_pro_gripper_description:/home/user/exchange/workspace/install/pal_gazebo_worlds:/opt/ros/humble CMAKE_PREFIX_PATH=/home/user/exchange/workspace/install/tiago_pro_simulation:/home/user/exchange/workspace/install/tiago_pro_mujoco:/home/user/exchange/workspace/install/tiago_pro_gazebo:/home/user/exchange/workspace/install/tiago_pro_robot:/home/user/exchange/workspace/install/tiago_pro_moveit_config:/home/user/exchange/workspace/install/pal_sea_arm:/home/user/exchange/workspace/install/tiago_pro_description:/home/user/exchange/workspace/install/tiago_pro_bringup:/home/user/exchange/workspace/install/pal_sea_arm_moveit_config:/home/user/exchange/workspace/install/pal_sea_arm_bringup:/home/user/exchange/workspace/install/tiago_pro_controller_configuration:/home/user/exchange/workspace/install/pal_sea_arm_description:/home/user/exchange/workspace/install/pal_sea_arm_controller_configuration:/home/user/exchange/workspace/install/pal_pro_gripper:/home/user/exchange/workspace/install/pal_pro_gripper_controller_configuration:/home/user/exchange/workspace/install/tiago_pro_rgbd_sensors:/home/user/exchange/workspace/install/tiago_pro_laser_sensors:/home/user/exchange/workspace/install/tiago_pro_2dnav:/home/user/exchange/workspace/install/pal_pro_gripper_description:/home/user/exchange/workspace/install/pal_gazebo_worlds:/home/user/exchange/workspace/install/tiago_manipulation_tasks:/home/user/exchange/workspace/install/tiago_pro_navigation:/home/user/exchange/workspace/install/pal_pro_gripper_simulation:/home/user/exchange/workspace/install/pal_pro_gripper_bringup PYTHONPATH=/home/user/exchange/workspace/build/pick_task/prefix_override:/usr/lib/python3/dist-packages/colcon_core/task/python/colcon_distutils_commands:/home/user/exchange/workspace/install/pick_task/lib/python3.10/site-packages:/home/user/exchange/workspace/install/pal_pro_gripper_wrapper/lib/python3.10/site-packages:/home/user/exchange/workspace/install/pick_task/lib/python3.10/site-packages:/home/user/exchange/workspace/install/tiago_pro_description/local/lib/python3.10/dist-packages:/home/user/exchange/workspace/install/pal_sea_arm_description/local/lib/python3.10/dist-packages:/home/user/exchange/workspace/install/pal_pro_gripper_description/local/lib/python3.10/dist-packages:/opt/ros/humble/lib/python3.10/site-packages:/opt/ros/humble/local/lib/python3.10/dist-packages /usr/bin/python3 -W ignore:setup.py install is deprecated -W ignore:easy_install command is deprecated setup.py egg_info --egg-base ../../build/pick_task build --build-base /home/user/exchange/workspace/build/pick_task/build install --record /home/user/exchange/workspace/build/pick_task/install.log --single-version-externally-managed install_data
[2.219s] Level 1:colcon.colcon_core.environment:checking '/home/user/exchange/workspace/install/pick_task' for CMake module files
[2.220s] DEBUG:colcon.colcon_core.event_handler.log_command:Invoked command in '/home/user/exchange/workspace/src/pick_task' returned '0': AMENT_PREFIX_PATH=/home/user/exchange/workspace/install/pal_pro_gripper_wrapper:/home/user/exchange/workspace/install/tiago_manipulation_tasks:/home/user/exchange/workspace/install/pick_task:/home/user/exchange/workspace/install/tiago_pro_simulation:/home/user/exchange/workspace/install/tiago_pro_robot:/home/user/exchange/workspace/install/tiago_pro_navigation:/home/user/exchange/workspace/install/tiago_pro_gazebo:/home/user/exchange/workspace/install/tiago_pro_rgbd_sensors:/home/user/exchange/workspace/install/tiago_pro_mujoco:/home/user/exchange/workspace/install/tiago_pro_moveit_config:/home/user/exchange/workspace/install/tiago_pro_laser_sensors:/home/user/exchange/workspace/install/tiago_pro_description:/home/user/exchange/workspace/install/tiago_pro_bringup:/home/user/exchange/workspace/install/tiago_pro_controller_configuration:/home/user/exchange/workspace/install/tiago_pro_2dnav:/home/user/exchange/workspace/install/pal_sea_arm_moveit_config:/home/user/exchange/workspace/install/pal_sea_arm:/home/user/exchange/workspace/install/pal_sea_arm_bringup:/home/user/exchange/workspace/install/pal_sea_arm_description:/home/user/exchange/workspace/install/pal_sea_arm_controller_configuration:/home/user/exchange/workspace/install/pal_pro_gripper_simulation:/home/user/exchange/workspace/install/pal_pro_gripper_bringup:/home/user/exchange/workspace/install/pal_pro_gripper:/home/user/exchange/workspace/install/pal_pro_gripper_controller_configuration:/home/user/exchange/workspace/install/pal_pro_gripper_description:/home/user/exchange/workspace/install/pal_gazebo_worlds:/opt/ros/humble CMAKE_PREFIX_PATH=/home/user/exchange/workspace/install/tiago_pro_simulation:/home/user/exchange/workspace/install/tiago_pro_mujoco:/home/user/exchange/workspace/install/tiago_pro_gazebo:/home/user/exchange/workspace/install/tiago_pro_robot:/home/user/exchange/workspace/install/tiago_pro_moveit_config:/home/user/exchange/workspace/install/pal_sea_arm:/home/user/exchange/workspace/install/tiago_pro_description:/home/user/exchange/workspace/install/tiago_pro_bringup:/home/user/exchange/workspace/install/pal_sea_arm_moveit_config:/home/user/exchange/workspace/install/pal_sea_arm_bringup:/home/user/exchange/workspace/install/tiago_pro_controller_configuration:/home/user/exchange/workspace/install/pal_sea_arm_description:/home/user/exchange/workspace/install/pal_sea_arm_controller_configuration:/home/user/exchange/workspace/install/pal_pro_gripper:/home/user/exchange/workspace/install/pal_pro_gripper_controller_configuration:/home/user/exchange/workspace/install/tiago_pro_rgbd_sensors:/home/user/exchange/workspace/install/tiago_pro_laser_sensors:/home/user/exchange/workspace/install/tiago_pro_2dnav:/home/user/exchange/workspace/install/pal_pro_gripper_description:/home/user/exchange/workspace/install/pal_gazebo_worlds:/home/user/exchange/workspace/install/tiago_manipulation_tasks:/home/user/exchange/workspace/install/tiago_pro_navigation:/home/user/exchange/workspace/install/pal_pro_gripper_simulation:/home/user/exchange/workspace/install/pal_pro_gripper_bringup PYTHONPATH=/home/user/exchange/workspace/build/pick_task/prefix_override:/usr/lib/python3/dist-packages/colcon_core/task/python/colcon_distutils_commands:/home/user/exchange/workspace/install/pick_task/lib/python3.10/site-packages:/home/user/exchange/workspace/install/pal_pro_gripper_wrapper/lib/python3.10/site-packages:/home/user/exchange/workspace/install/pick_task/lib/python3.10/site-packages:/home/user/exchange/workspace/install/tiago_pro_description/local/lib/python3.10/dist-packages:/home/user/exchange/workspace/install/pal_sea_arm_description/local/lib/python3.10/dist-packages:/home/user/exchange/workspace/install/pal_pro_gripper_description/local/lib/python3.10/dist-packages:/opt/ros/humble/lib/python3.10/site-packages:/opt/ros/humble/local/lib/python3.10/dist-packages /usr/bin/python3 -W ignore:setup.py install is deprecated -W ignore:easy_install command is deprecated setup.py egg_info --egg-base ../../build/pick_task build --build-base /home/user/exchange/workspace/build/pick_task/build install --record /home/user/exchange/workspace/build/pick_task/install.log --single-version-externally-managed install_data
[2.220s] Level 1:colcon.colcon_core.environment:checking '/home/user/exchange/workspace/install/pick_task' for CMake config files
[2.220s] Level 1:colcon.colcon_core.environment:checking '/home/user/exchange/workspace/install/pick_task/lib'
[2.221s] Level 1:colcon.colcon_core.environment:checking '/home/user/exchange/workspace/install/pick_task/bin'
[2.221s] Level 1:colcon.colcon_core.environment:checking '/home/user/exchange/workspace/install/pick_task/lib/pkgconfig/pick_task.pc'
[2.221s] Level 1:colcon.colcon_core.environment:checking '/home/user/exchange/workspace/install/pick_task/lib/python3.10/site-packages'
[2.221s] Level 1:colcon.colcon_core.shell:create_environment_hook('pick_task', 'pythonpath')
[2.221s] INFO:colcon.colcon_core.shell:Creating environment hook '/home/user/exchange/workspace/install/pick_task/share/pick_task/hook/pythonpath.ps1'
[2.221s] INFO:colcon.colcon_core.shell:Creating environment descriptor '/home/user/exchange/workspace/install/pick_task/share/pick_task/hook/pythonpath.dsv'
[2.221s] INFO:colcon.colcon_core.shell:Creating environment hook '/home/user/exchange/workspace/install/pick_task/share/pick_task/hook/pythonpath.sh'
[2.222s] Level 1:colcon.colcon_core.environment:checking '/home/user/exchange/workspace/install/pick_task/bin'
[2.222s] Level 1:colcon.colcon_core.environment:create_environment_scripts_only(pick_task)
[2.222s] INFO:colcon.colcon_core.shell:Creating package script '/home/user/exchange/workspace/install/pick_task/share/pick_task/package.ps1'
[2.222s] INFO:colcon.colcon_core.shell:Creating package descriptor '/home/user/exchange/workspace/install/pick_task/share/pick_task/package.dsv'
[2.223s] INFO:colcon.colcon_core.shell:Creating package script '/home/user/exchange/workspace/install/pick_task/share/pick_task/package.sh'
[2.223s] INFO:colcon.colcon_core.shell:Creating package script '/home/user/exchange/workspace/install/pick_task/share/pick_task/package.bash'
[2.223s] INFO:colcon.colcon_core.shell:Creating package script '/home/user/exchange/workspace/install/pick_task/share/pick_task/package.zsh'
[2.223s] Level 1:colcon.colcon_core.environment:create_file_with_runtime_dependencies(/home/user/exchange/workspace/install/pick_task/share/colcon-core/packages/pick_task)
[8.027s] DEBUG:colcon.colcon_core.event_handler.log_command:Invoked command in '/home/user/exchange/workspace/build/tiago_manipulation_tasks' returned '2': AMENT_PREFIX_PATH=/home/user/exchange/workspace/install/pal_pro_gripper_wrapper:/home/user/exchange/workspace/install/tiago_manipulation_tasks:/home/user/exchange/workspace/install/pick_task:/home/user/exchange/workspace/install/tiago_pro_simulation:/home/user/exchange/workspace/install/tiago_pro_robot:/home/user/exchange/workspace/install/tiago_pro_navigation:/home/user/exchange/workspace/install/tiago_pro_gazebo:/home/user/exchange/workspace/install/tiago_pro_rgbd_sensors:/home/user/exchange/workspace/install/tiago_pro_mujoco:/home/user/exchange/workspace/install/tiago_pro_moveit_config:/home/user/exchange/workspace/install/tiago_pro_laser_sensors:/home/user/exchange/workspace/install/tiago_pro_description:/home/user/exchange/workspace/install/tiago_pro_bringup:/home/user/exchange/workspace/install/tiago_pro_controller_configuration:/home/user/exchange/workspace/install/tiago_pro_2dnav:/home/user/exchange/workspace/install/pal_sea_arm_moveit_config:/home/user/exchange/workspace/install/pal_sea_arm:/home/user/exchange/workspace/install/pal_sea_arm_bringup:/home/user/exchange/workspace/install/pal_sea_arm_description:/home/user/exchange/workspace/install/pal_sea_arm_controller_configuration:/home/user/exchange/workspace/install/pal_pro_gripper_simulation:/home/user/exchange/workspace/install/pal_pro_gripper_bringup:/home/user/exchange/workspace/install/pal_pro_gripper:/home/user/exchange/workspace/install/pal_pro_gripper_controller_configuration:/home/user/exchange/workspace/install/pal_pro_gripper_description:/home/user/exchange/workspace/install/pal_gazebo_worlds:/opt/ros/humble CMAKE_PREFIX_PATH=/home/user/exchange/workspace/install/tiago_pro_simulation:/home/user/exchange/workspace/install/tiago_pro_mujoco:/home/user/exchange/workspace/install/tiago_pro_gazebo:/home/user/exchange/workspace/install/tiago_pro_robot:/home/user/exchange/workspace/install/tiago_pro_moveit_config:/home/user/exchange/workspace/install/pal_sea_arm:/home/user/exchange/workspace/install/tiago_pro_description:/home/user/exchange/workspace/install/tiago_pro_bringup:/home/user/exchange/workspace/install/pal_sea_arm_moveit_config:/home/user/exchange/workspace/install/pal_sea_arm_bringup:/home/user/exchange/workspace/install/tiago_pro_controller_configuration:/home/user/exchange/workspace/install/pal_sea_arm_description:/home/user/exchange/workspace/install/pal_sea_arm_controller_configuration:/home/user/exchange/workspace/install/pal_pro_gripper:/home/user/exchange/workspace/install/pal_pro_gripper_controller_configuration:/home/user/exchange/workspace/install/tiago_pro_rgbd_sensors:/home/user/exchange/workspace/install/tiago_pro_laser_sensors:/home/user/exchange/workspace/install/tiago_pro_2dnav:/home/user/exchange/workspace/install/pal_pro_gripper_description:/home/user/exchange/workspace/install/pal_gazebo_worlds:/home/user/exchange/workspace/install/tiago_manipulation_tasks:/home/user/exchange/workspace/install/tiago_pro_navigation:/home/user/exchange/workspace/install/pal_pro_gripper_simulation:/home/user/exchange/workspace/install/pal_pro_gripper_bringup:/home/user/exchange/workspace/install/pick_task:/home/user/exchange/workspace/install/pal_pro_gripper_wrapper:/opt/ros/humble PYTHONPATH=/home/user/exchange/workspace/install/pal_pro_gripper_wrapper/lib/python3.10/site-packages:/home/user/exchange/workspace/install/pick_task/lib/python3.10/site-packages:/home/user/exchange/workspace/install/tiago_pro_description/local/lib/python3.10/dist-packages:/home/user/exchange/workspace/install/pal_sea_arm_description/local/lib/python3.10/dist-packages:/home/user/exchange/workspace/install/pal_pro_gripper_description/local/lib/python3.10/dist-packages:/opt/ros/humble/lib/python3.10/site-packages:/opt/ros/humble/local/lib/python3.10/dist-packages /usr/bin/cmake --build /home/user/exchange/workspace/build/tiago_manipulation_tasks -- -j12 -l12
[8.027s] Level 1:colcon.colcon_core.environment:create_environment_scripts_only(tiago_manipulation_tasks)
[8.027s] Level 1:colcon.colcon_core.environment:checking '/home/user/exchange/workspace/install/tiago_manipulation_tasks' for CMake module files
[8.028s] Level 1:colcon.colcon_core.environment:checking '/home/user/exchange/workspace/install/tiago_manipulation_tasks' for CMake config files
[8.028s] Level 1:colcon.colcon_core.shell:create_environment_hook('tiago_manipulation_tasks', 'cmake_prefix_path')
[8.028s] INFO:colcon.colcon_core.shell:Creating environment hook '/home/user/exchange/workspace/install/tiago_manipulation_tasks/share/tiago_manipulation_tasks/hook/cmake_prefix_path.ps1'
[8.028s] INFO:colcon.colcon_core.shell:Creating environment descriptor '/home/user/exchange/workspace/install/tiago_manipulation_tasks/share/tiago_manipulation_tasks/hook/cmake_prefix_path.dsv'
[8.028s] INFO:colcon.colcon_core.shell:Creating environment hook '/home/user/exchange/workspace/install/tiago_manipulation_tasks/share/tiago_manipulation_tasks/hook/cmake_prefix_path.sh'
[8.029s] Level 1:colcon.colcon_core.environment:checking '/home/user/exchange/workspace/install/tiago_manipulation_tasks/lib'
[8.029s] Level 1:colcon.colcon_core.environment:checking '/home/user/exchange/workspace/install/tiago_manipulation_tasks/bin'
[8.029s] Level 1:colcon.colcon_core.environment:checking '/home/user/exchange/workspace/install/tiago_manipulation_tasks/lib/pkgconfig/tiago_manipulation_tasks.pc'
[8.029s] Level 1:colcon.colcon_core.environment:checking '/home/user/exchange/workspace/install/tiago_manipulation_tasks/lib/python3.10/site-packages'
[8.029s] Level 1:colcon.colcon_core.environment:checking '/home/user/exchange/workspace/install/tiago_manipulation_tasks/bin'
[8.029s] INFO:colcon.colcon_core.shell:Creating package script '/home/user/exchange/workspace/install/tiago_manipulation_tasks/share/tiago_manipulation_tasks/package.ps1'
[8.030s] INFO:colcon.colcon_core.shell:Creating package descriptor '/home/user/exchange/workspace/install/tiago_manipulation_tasks/share/tiago_manipulation_tasks/package.dsv'
[8.030s] INFO:colcon.colcon_core.shell:Creating package script '/home/user/exchange/workspace/install/tiago_manipulation_tasks/share/tiago_manipulation_tasks/package.sh'
[8.030s] INFO:colcon.colcon_core.shell:Creating package script '/home/user/exchange/workspace/install/tiago_manipulation_tasks/share/tiago_manipulation_tasks/package.bash'
[8.030s] INFO:colcon.colcon_core.shell:Creating package script '/home/user/exchange/workspace/install/tiago_manipulation_tasks/share/tiago_manipulation_tasks/package.zsh'
[8.031s] Level 1:colcon.colcon_core.environment:create_file_with_runtime_dependencies(/home/user/exchange/workspace/install/tiago_manipulation_tasks/share/colcon-core/packages/tiago_manipulation_tasks)
[8.041s] DEBUG:colcon.colcon_parallel_executor.executor.parallel:closing loop
[8.041s] DEBUG:colcon.colcon_parallel_executor.executor.parallel:loop closed
[8.041s] DEBUG:colcon.colcon_parallel_executor.executor.parallel:run_until_complete finished with '2'
[8.041s] DEBUG:colcon.colcon_core.event_reactor:joining thread
[8.044s] INFO:colcon.colcon_core.plugin_system:Skipping extension 'colcon_notification.desktop_notification.notify_send': Could not find 'notify-send'
[8.044s] INFO:colcon.colcon_core.plugin_system:Skipping extension 'colcon_notification.desktop_notification.terminal_notifier': Not used on non-Darwin systems
[8.044s] INFO:colcon.colcon_core.plugin_system:Skipping extension 'colcon_notification.desktop_notification.win32': Not used on non-Windows systems
[8.044s] INFO:colcon.colcon_notification.desktop_notification:Sending desktop notification using 'notify2'
[8.046s] DEBUG:colcon.colcon_notification.desktop_notification.notify2:Failed to initialize notify2: org.freedesktop.DBus.Error.Spawn.ExecFailed: /usr/bin/dbus-launch terminated abnormally without any error message
[8.046s] DEBUG:colcon.colcon_core.event_reactor:joined thread
[8.047s] INFO:colcon.colcon_core.shell:Creating prefix script '/home/user/exchange/workspace/install/local_setup.ps1'
[8.047s] INFO:colcon.colcon_core.shell:Creating prefix util module '/home/user/exchange/workspace/install/_local_setup_util_ps1.py'
[8.048s] INFO:colcon.colcon_core.shell:Creating prefix chain script '/home/user/exchange/workspace/install/setup.ps1'
[8.049s] INFO:colcon.colcon_core.shell:Creating prefix script '/home/user/exchange/workspace/install/local_setup.sh'
[8.049s] INFO:colcon.colcon_core.shell:Creating prefix util module '/home/user/exchange/workspace/install/_local_setup_util_sh.py'
[8.050s] INFO:colcon.colcon_core.shell:Creating prefix chain script '/home/user/exchange/workspace/install/setup.sh'
[8.051s] INFO:colcon.colcon_core.shell:Creating prefix script '/home/user/exchange/workspace/install/local_setup.bash'
[8.051s] INFO:colcon.colcon_core.shell:Creating prefix chain script '/home/user/exchange/workspace/install/setup.bash'
[8.052s] INFO:colcon.colcon_core.shell:Creating prefix script '/home/user/exchange/workspace/install/local_setup.zsh'
[8.052s] INFO:colcon.colcon_core.shell:Creating prefix chain script '/home/user/exchange/workspace/install/setup.zsh'
