[0.072s] DEBUG:colcon:Command line arguments: ['/usr/bin/colcon', 'build']
[0.072s] DEBUG:colcon:Parsed command line arguments: Namespace(log_base=None, log_level=None, verb_name='build', build_base='build', install_base='install', merge_install=False, symlink_install=False, test_result_base=None, continue_on_error=False, executor='parallel', parallel_workers=12, event_handlers=None, ignore_user_meta=False, metas=['./colcon.meta'], base_paths=['.'], packages_ignore=None, packages_ignore_regex=None, paths=None, packages_up_to=None, packages_up_to_regex=None, packages_above=None, packages_above_and_dependencies=None, packages_above_depth=None, packages_select_by_dep=None, packages_skip_by_dep=None, packages_skip_up_to=None, packages_select_build_failed=False, packages_skip_build_finished=False, packages_select_test_failures=False, packages_skip_test_passed=False, packages_select=None, packages_skip=None, packages_select_regex=None, packages_skip_regex=None, packages_start=None, packages_end=None, cmake_args=None, cmake_target=None, cmake_target_skip_unavailable=False, cmake_clean_cache=False, cmake_clean_first=False, cmake_force_configure=False, ament_cmake_args=None, catkin_cmake_args=None, catkin_skip_building_tests=False, verb_parser=<colcon_defaults.argument_parser.defaults.DefaultArgumentsDecorator object at 0x7af17ecba830>, verb_extension=<colcon_core.verb.build.BuildVerb object at 0x7af17ecba260>, main=<bound method BuildVerb.main of <colcon_core.verb.build.BuildVerb object at 0x7af17ecba260>>)
[0.156s] Level 1:colcon.colcon_core.package_discovery:discover_packages(colcon_meta) check parameters
[0.156s] Level 1:colcon.colcon_core.package_discovery:discover_packages(recursive) check parameters
[0.156s] Level 1:colcon.colcon_core.package_discovery:discover_packages(ignore) check parameters
[0.156s] Level 1:colcon.colcon_core.package_discovery:discover_packages(path) check parameters
[0.156s] Level 1:colcon.colcon_core.package_discovery:discover_packages(colcon_meta) discover
[0.156s] Level 1:colcon.colcon_core.package_discovery:discover_packages(recursive) discover
[0.156s] INFO:colcon.colcon_core.package_discovery:Crawling recursively for packages in '/home/user/exchange/workspace'
[0.156s] Level 1:colcon.colcon_core.package_identification:_identify(.) by extensions ['ignore', 'ignore_ament_install']
[0.156s] Level 1:colcon.colcon_core.package_identification:_identify(.) by extension 'ignore'
[0.156s] Level 1:colcon.colcon_core.package_identification:_identify(.) by extension 'ignore_ament_install'
[0.156s] Level 1:colcon.colcon_core.package_identification:_identify(.) by extensions ['colcon_pkg']
[0.156s] Level 1:colcon.colcon_core.package_identification:_identify(.) by extension 'colcon_pkg'
[0.156s] Level 1:colcon.colcon_core.package_identification:_identify(.) by extensions ['colcon_meta']
[0.156s] Level 1:colcon.colcon_core.package_identification:_identify(.) by extension 'colcon_meta'
[0.156s] Level 1:colcon.colcon_core.package_identification:_identify(.) by extensions ['ros']
[0.156s] Level 1:colcon.colcon_core.package_identification:_identify(.) by extension 'ros'
[0.164s] Level 1:colcon.colcon_core.package_identification:_identify(.) by extensions ['cmake', 'python']
[0.164s] Level 1:colcon.colcon_core.package_identification:_identify(.) by extension 'cmake'
[0.164s] Level 1:colcon.colcon_core.package_identification:_identify(.) by extension 'python'
[0.164s] Level 1:colcon.colcon_core.package_identification:_identify(.) by extensions ['python_setup_py']
[0.164s] Level 1:colcon.colcon_core.package_identification:_identify(.) by extension 'python_setup_py'
[0.164s] Level 1:colcon.colcon_core.package_identification:_identify(build) by extensions ['ignore', 'ignore_ament_install']
[0.164s] Level 1:colcon.colcon_core.package_identification:_identify(build) by extension 'ignore'
[0.164s] Level 1:colcon.colcon_core.package_identification:_identify(build) ignored
[0.164s] Level 1:colcon.colcon_core.package_identification:_identify(install) by extensions ['ignore', 'ignore_ament_install']
[0.165s] Level 1:colcon.colcon_core.package_identification:_identify(install) by extension 'ignore'
[0.165s] Level 1:colcon.colcon_core.package_identification:_identify(install) ignored
[0.165s] Level 1:colcon.colcon_core.package_identification:_identify(log) by extensions ['ignore', 'ignore_ament_install']
[0.165s] Level 1:colcon.colcon_core.package_identification:_identify(log) by extension 'ignore'
[0.165s] Level 1:colcon.colcon_core.package_identification:_identify(log) ignored
[0.165s] Level 1:colcon.colcon_core.package_identification:_identify(src) by extensions ['ignore', 'ignore_ament_install']
[0.165s] Level 1:colcon.colcon_core.package_identification:_identify(src) by extension 'ignore'
[0.165s] Level 1:colcon.colcon_core.package_identification:_identify(src) by extension 'ignore_ament_install'
[0.165s] Level 1:colcon.colcon_core.package_identification:_identify(src) by extensions ['colcon_pkg']
[0.165s] Level 1:colcon.colcon_core.package_identification:_identify(src) by extension 'colcon_pkg'
[0.165s] Level 1:colcon.colcon_core.package_identification:_identify(src) by extensions ['colcon_meta']
[0.165s] Level 1:colcon.colcon_core.package_identification:_identify(src) by extension 'colcon_meta'
[0.165s] Level 1:colcon.colcon_core.package_identification:_identify(src) by extensions ['ros']
[0.165s] Level 1:colcon.colcon_core.package_identification:_identify(src) by extension 'ros'
[0.165s] Level 1:colcon.colcon_core.package_identification:_identify(src) by extensions ['cmake', 'python']
[0.165s] Level 1:colcon.colcon_core.package_identification:_identify(src) by extension 'cmake'
[0.165s] Level 1:colcon.colcon_core.package_identification:_identify(src) by extension 'python'
[0.165s] Level 1:colcon.colcon_core.package_identification:_identify(src) by extensions ['python_setup_py']
[0.165s] Level 1:colcon.colcon_core.package_identification:_identify(src) by extension 'python_setup_py'
[0.165s] Level 1:colcon.colcon_core.package_identification:_identify(src/pal_gazebo_worlds) by extensions ['ignore', 'ignore_ament_install']
[0.165s] Level 1:colcon.colcon_core.package_identification:_identify(src/pal_gazebo_worlds) by extension 'ignore'
[0.166s] Level 1:colcon.colcon_core.package_identification:_identify(src/pal_gazebo_worlds) by extension 'ignore_ament_install'
[0.166s] Level 1:colcon.colcon_core.package_identification:_identify(src/pal_gazebo_worlds) by extensions ['colcon_pkg']
[0.166s] Level 1:colcon.colcon_core.package_identification:_identify(src/pal_gazebo_worlds) by extension 'colcon_pkg'
[0.166s] Level 1:colcon.colcon_core.package_identification:_identify(src/pal_gazebo_worlds) by extensions ['colcon_meta']
[0.166s] Level 1:colcon.colcon_core.package_identification:_identify(src/pal_gazebo_worlds) by extension 'colcon_meta'
[0.166s] Level 1:colcon.colcon_core.package_identification:_identify(src/pal_gazebo_worlds) by extensions ['ros']
[0.166s] Level 1:colcon.colcon_core.package_identification:_identify(src/pal_gazebo_worlds) by extension 'ros'
[0.171s] DEBUG:colcon.colcon_core.package_identification:Package 'src/pal_gazebo_worlds' with type 'ros.ament_cmake' and name 'pal_gazebo_worlds'
[0.171s] Level 1:colcon.colcon_core.package_identification:_identify(src/pal_pro_gripper) by extensions ['ignore', 'ignore_ament_install']
[0.171s] Level 1:colcon.colcon_core.package_identification:_identify(src/pal_pro_gripper) by extension 'ignore'
[0.171s] Level 1:colcon.colcon_core.package_identification:_identify(src/pal_pro_gripper) by extension 'ignore_ament_install'
[0.171s] Level 1:colcon.colcon_core.package_identification:_identify(src/pal_pro_gripper) by extensions ['colcon_pkg']
[0.171s] Level 1:colcon.colcon_core.package_identification:_identify(src/pal_pro_gripper) by extension 'colcon_pkg'
[0.171s] Level 1:colcon.colcon_core.package_identification:_identify(src/pal_pro_gripper) by extensions ['colcon_meta']
[0.171s] Level 1:colcon.colcon_core.package_identification:_identify(src/pal_pro_gripper) by extension 'colcon_meta'
[0.171s] Level 1:colcon.colcon_core.package_identification:_identify(src/pal_pro_gripper) by extensions ['ros']
[0.171s] Level 1:colcon.colcon_core.package_identification:_identify(src/pal_pro_gripper) by extension 'ros'
[0.171s] Level 1:colcon.colcon_core.package_identification:_identify(src/pal_pro_gripper) by extensions ['cmake', 'python']
[0.171s] Level 1:colcon.colcon_core.package_identification:_identify(src/pal_pro_gripper) by extension 'cmake'
[0.172s] Level 1:colcon.colcon_core.package_identification:_identify(src/pal_pro_gripper) by extension 'python'
[0.172s] Level 1:colcon.colcon_core.package_identification:_identify(src/pal_pro_gripper) by extensions ['python_setup_py']
[0.172s] Level 1:colcon.colcon_core.package_identification:_identify(src/pal_pro_gripper) by extension 'python_setup_py'
[0.172s] Level 1:colcon.colcon_core.package_identification:_identify(src/pal_pro_gripper/pal_pro_gripper) by extensions ['ignore', 'ignore_ament_install']
[0.172s] Level 1:colcon.colcon_core.package_identification:_identify(src/pal_pro_gripper/pal_pro_gripper) by extension 'ignore'
[0.172s] Level 1:colcon.colcon_core.package_identification:_identify(src/pal_pro_gripper/pal_pro_gripper) by extension 'ignore_ament_install'
[0.172s] Level 1:colcon.colcon_core.package_identification:_identify(src/pal_pro_gripper/pal_pro_gripper) by extensions ['colcon_pkg']
[0.172s] Level 1:colcon.colcon_core.package_identification:_identify(src/pal_pro_gripper/pal_pro_gripper) by extension 'colcon_pkg'
[0.172s] Level 1:colcon.colcon_core.package_identification:_identify(src/pal_pro_gripper/pal_pro_gripper) by extensions ['colcon_meta']
[0.172s] Level 1:colcon.colcon_core.package_identification:_identify(src/pal_pro_gripper/pal_pro_gripper) by extension 'colcon_meta'
[0.172s] Level 1:colcon.colcon_core.package_identification:_identify(src/pal_pro_gripper/pal_pro_gripper) by extensions ['ros']
[0.172s] Level 1:colcon.colcon_core.package_identification:_identify(src/pal_pro_gripper/pal_pro_gripper) by extension 'ros'
[0.173s] DEBUG:colcon.colcon_core.package_identification:Package 'src/pal_pro_gripper/pal_pro_gripper' with type 'ros.ament_cmake' and name 'pal_pro_gripper'
[0.173s] Level 1:colcon.colcon_core.package_identification:_identify(src/pal_pro_gripper/pal_pro_gripper_bringup) by extensions ['ignore', 'ignore_ament_install']
[0.173s] Level 1:colcon.colcon_core.package_identification:_identify(src/pal_pro_gripper/pal_pro_gripper_bringup) by extension 'ignore'
[0.173s] Level 1:colcon.colcon_core.package_identification:_identify(src/pal_pro_gripper/pal_pro_gripper_bringup) by extension 'ignore_ament_install'
[0.173s] Level 1:colcon.colcon_core.package_identification:_identify(src/pal_pro_gripper/pal_pro_gripper_bringup) by extensions ['colcon_pkg']
[0.173s] Level 1:colcon.colcon_core.package_identification:_identify(src/pal_pro_gripper/pal_pro_gripper_bringup) by extension 'colcon_pkg'
[0.173s] Level 1:colcon.colcon_core.package_identification:_identify(src/pal_pro_gripper/pal_pro_gripper_bringup) by extensions ['colcon_meta']
[0.173s] Level 1:colcon.colcon_core.package_identification:_identify(src/pal_pro_gripper/pal_pro_gripper_bringup) by extension 'colcon_meta'
[0.173s] Level 1:colcon.colcon_core.package_identification:_identify(src/pal_pro_gripper/pal_pro_gripper_bringup) by extensions ['ros']
[0.173s] Level 1:colcon.colcon_core.package_identification:_identify(src/pal_pro_gripper/pal_pro_gripper_bringup) by extension 'ros'
[0.174s] DEBUG:colcon.colcon_core.package_identification:Package 'src/pal_pro_gripper/pal_pro_gripper_bringup' with type 'ros.ament_cmake' and name 'pal_pro_gripper_bringup'
[0.174s] Level 1:colcon.colcon_core.package_identification:_identify(src/pal_pro_gripper/pal_pro_gripper_controller_configuration) by extensions ['ignore', 'ignore_ament_install']
[0.174s] Level 1:colcon.colcon_core.package_identification:_identify(src/pal_pro_gripper/pal_pro_gripper_controller_configuration) by extension 'ignore'
[0.174s] Level 1:colcon.colcon_core.package_identification:_identify(src/pal_pro_gripper/pal_pro_gripper_controller_configuration) by extension 'ignore_ament_install'
[0.174s] Level 1:colcon.colcon_core.package_identification:_identify(src/pal_pro_gripper/pal_pro_gripper_controller_configuration) by extensions ['colcon_pkg']
[0.174s] Level 1:colcon.colcon_core.package_identification:_identify(src/pal_pro_gripper/pal_pro_gripper_controller_configuration) by extension 'colcon_pkg'
[0.174s] Level 1:colcon.colcon_core.package_identification:_identify(src/pal_pro_gripper/pal_pro_gripper_controller_configuration) by extensions ['colcon_meta']
[0.174s] Level 1:colcon.colcon_core.package_identification:_identify(src/pal_pro_gripper/pal_pro_gripper_controller_configuration) by extension 'colcon_meta'
[0.174s] Level 1:colcon.colcon_core.package_identification:_identify(src/pal_pro_gripper/pal_pro_gripper_controller_configuration) by extensions ['ros']
[0.174s] Level 1:colcon.colcon_core.package_identification:_identify(src/pal_pro_gripper/pal_pro_gripper_controller_configuration) by extension 'ros'
[0.175s] DEBUG:colcon.colcon_core.package_identification:Package 'src/pal_pro_gripper/pal_pro_gripper_controller_configuration' with type 'ros.ament_cmake' and name 'pal_pro_gripper_controller_configuration'
[0.175s] Level 1:colcon.colcon_core.package_identification:_identify(src/pal_pro_gripper/pal_pro_gripper_description) by extensions ['ignore', 'ignore_ament_install']
[0.175s] Level 1:colcon.colcon_core.package_identification:_identify(src/pal_pro_gripper/pal_pro_gripper_description) by extension 'ignore'
[0.175s] Level 1:colcon.colcon_core.package_identification:_identify(src/pal_pro_gripper/pal_pro_gripper_description) by extension 'ignore_ament_install'
[0.175s] Level 1:colcon.colcon_core.package_identification:_identify(src/pal_pro_gripper/pal_pro_gripper_description) by extensions ['colcon_pkg']
[0.175s] Level 1:colcon.colcon_core.package_identification:_identify(src/pal_pro_gripper/pal_pro_gripper_description) by extension 'colcon_pkg'
[0.175s] Level 1:colcon.colcon_core.package_identification:_identify(src/pal_pro_gripper/pal_pro_gripper_description) by extensions ['colcon_meta']
[0.175s] Level 1:colcon.colcon_core.package_identification:_identify(src/pal_pro_gripper/pal_pro_gripper_description) by extension 'colcon_meta'
[0.175s] Level 1:colcon.colcon_core.package_identification:_identify(src/pal_pro_gripper/pal_pro_gripper_description) by extensions ['ros']
[0.175s] Level 1:colcon.colcon_core.package_identification:_identify(src/pal_pro_gripper/pal_pro_gripper_description) by extension 'ros'
[0.176s] DEBUG:colcon.colcon_core.package_identification:Package 'src/pal_pro_gripper/pal_pro_gripper_description' with type 'ros.ament_cmake' and name 'pal_pro_gripper_description'
[0.176s] Level 1:colcon.colcon_core.package_identification:_identify(src/pal_pro_gripper/pal_pro_gripper_simulation) by extensions ['ignore', 'ignore_ament_install']
[0.176s] Level 1:colcon.colcon_core.package_identification:_identify(src/pal_pro_gripper/pal_pro_gripper_simulation) by extension 'ignore'
[0.176s] Level 1:colcon.colcon_core.package_identification:_identify(src/pal_pro_gripper/pal_pro_gripper_simulation) by extension 'ignore_ament_install'
[0.176s] Level 1:colcon.colcon_core.package_identification:_identify(src/pal_pro_gripper/pal_pro_gripper_simulation) by extensions ['colcon_pkg']
[0.176s] Level 1:colcon.colcon_core.package_identification:_identify(src/pal_pro_gripper/pal_pro_gripper_simulation) by extension 'colcon_pkg'
[0.176s] Level 1:colcon.colcon_core.package_identification:_identify(src/pal_pro_gripper/pal_pro_gripper_simulation) by extensions ['colcon_meta']
[0.176s] Level 1:colcon.colcon_core.package_identification:_identify(src/pal_pro_gripper/pal_pro_gripper_simulation) by extension 'colcon_meta'
[0.176s] Level 1:colcon.colcon_core.package_identification:_identify(src/pal_pro_gripper/pal_pro_gripper_simulation) by extensions ['ros']
[0.176s] Level 1:colcon.colcon_core.package_identification:_identify(src/pal_pro_gripper/pal_pro_gripper_simulation) by extension 'ros'
[0.177s] DEBUG:colcon.colcon_core.package_identification:Package 'src/pal_pro_gripper/pal_pro_gripper_simulation' with type 'ros.ament_cmake' and name 'pal_pro_gripper_simulation'
[0.177s] Level 1:colcon.colcon_core.package_identification:_identify(src/pal_pro_gripper/pal_pro_gripper_wrapper) by extensions ['ignore', 'ignore_ament_install']
[0.177s] Level 1:colcon.colcon_core.package_identification:_identify(src/pal_pro_gripper/pal_pro_gripper_wrapper) by extension 'ignore'
[0.177s] Level 1:colcon.colcon_core.package_identification:_identify(src/pal_pro_gripper/pal_pro_gripper_wrapper) by extension 'ignore_ament_install'
[0.177s] Level 1:colcon.colcon_core.package_identification:_identify(src/pal_pro_gripper/pal_pro_gripper_wrapper) by extensions ['colcon_pkg']
[0.177s] Level 1:colcon.colcon_core.package_identification:_identify(src/pal_pro_gripper/pal_pro_gripper_wrapper) by extension 'colcon_pkg'
[0.177s] Level 1:colcon.colcon_core.package_identification:_identify(src/pal_pro_gripper/pal_pro_gripper_wrapper) by extensions ['colcon_meta']
[0.177s] Level 1:colcon.colcon_core.package_identification:_identify(src/pal_pro_gripper/pal_pro_gripper_wrapper) by extension 'colcon_meta'
[0.177s] Level 1:colcon.colcon_core.package_identification:_identify(src/pal_pro_gripper/pal_pro_gripper_wrapper) by extensions ['ros']
[0.177s] Level 1:colcon.colcon_core.package_identification:_identify(src/pal_pro_gripper/pal_pro_gripper_wrapper) by extension 'ros'
[0.177s] DEBUG:colcon.colcon_core.package_identification:Package 'src/pal_pro_gripper/pal_pro_gripper_wrapper' with type 'ros.ament_python' and name 'pal_pro_gripper_wrapper'
[0.177s] Level 1:colcon.colcon_core.package_identification:_identify(src/pal_sea_arm) by extensions ['ignore', 'ignore_ament_install']
[0.177s] Level 1:colcon.colcon_core.package_identification:_identify(src/pal_sea_arm) by extension 'ignore'
[0.177s] Level 1:colcon.colcon_core.package_identification:_identify(src/pal_sea_arm) by extension 'ignore_ament_install'
[0.178s] Level 1:colcon.colcon_core.package_identification:_identify(src/pal_sea_arm) by extensions ['colcon_pkg']
[0.178s] Level 1:colcon.colcon_core.package_identification:_identify(src/pal_sea_arm) by extension 'colcon_pkg'
[0.178s] Level 1:colcon.colcon_core.package_identification:_identify(src/pal_sea_arm) by extensions ['colcon_meta']
[0.178s] Level 1:colcon.colcon_core.package_identification:_identify(src/pal_sea_arm) by extension 'colcon_meta'
[0.178s] Level 1:colcon.colcon_core.package_identification:_identify(src/pal_sea_arm) by extensions ['ros']
[0.178s] Level 1:colcon.colcon_core.package_identification:_identify(src/pal_sea_arm) by extension 'ros'
[0.178s] Level 1:colcon.colcon_core.package_identification:_identify(src/pal_sea_arm) by extensions ['cmake', 'python']
[0.178s] Level 1:colcon.colcon_core.package_identification:_identify(src/pal_sea_arm) by extension 'cmake'
[0.178s] Level 1:colcon.colcon_core.package_identification:_identify(src/pal_sea_arm) by extension 'python'
[0.178s] Level 1:colcon.colcon_core.package_identification:_identify(src/pal_sea_arm) by extensions ['python_setup_py']
[0.178s] Level 1:colcon.colcon_core.package_identification:_identify(src/pal_sea_arm) by extension 'python_setup_py'
[0.178s] Level 1:colcon.colcon_core.package_identification:_identify(src/pal_sea_arm/pal_sea_arm) by extensions ['ignore', 'ignore_ament_install']
[0.178s] Level 1:colcon.colcon_core.package_identification:_identify(src/pal_sea_arm/pal_sea_arm) by extension 'ignore'
[0.178s] Level 1:colcon.colcon_core.package_identification:_identify(src/pal_sea_arm/pal_sea_arm) by extension 'ignore_ament_install'
[0.178s] Level 1:colcon.colcon_core.package_identification:_identify(src/pal_sea_arm/pal_sea_arm) by extensions ['colcon_pkg']
[0.178s] Level 1:colcon.colcon_core.package_identification:_identify(src/pal_sea_arm/pal_sea_arm) by extension 'colcon_pkg'
[0.178s] Level 1:colcon.colcon_core.package_identification:_identify(src/pal_sea_arm/pal_sea_arm) by extensions ['colcon_meta']
[0.178s] Level 1:colcon.colcon_core.package_identification:_identify(src/pal_sea_arm/pal_sea_arm) by extension 'colcon_meta'
[0.178s] Level 1:colcon.colcon_core.package_identification:_identify(src/pal_sea_arm/pal_sea_arm) by extensions ['ros']
[0.178s] Level 1:colcon.colcon_core.package_identification:_identify(src/pal_sea_arm/pal_sea_arm) by extension 'ros'
[0.178s] DEBUG:colcon.colcon_core.package_identification:Package 'src/pal_sea_arm/pal_sea_arm' with type 'ros.ament_cmake' and name 'pal_sea_arm'
[0.178s] Level 1:colcon.colcon_core.package_identification:_identify(src/pal_sea_arm/pal_sea_arm_bringup) by extensions ['ignore', 'ignore_ament_install']
[0.179s] Level 1:colcon.colcon_core.package_identification:_identify(src/pal_sea_arm/pal_sea_arm_bringup) by extension 'ignore'
[0.179s] Level 1:colcon.colcon_core.package_identification:_identify(src/pal_sea_arm/pal_sea_arm_bringup) by extension 'ignore_ament_install'
[0.179s] Level 1:colcon.colcon_core.package_identification:_identify(src/pal_sea_arm/pal_sea_arm_bringup) by extensions ['colcon_pkg']
[0.179s] Level 1:colcon.colcon_core.package_identification:_identify(src/pal_sea_arm/pal_sea_arm_bringup) by extension 'colcon_pkg'
[0.179s] Level 1:colcon.colcon_core.package_identification:_identify(src/pal_sea_arm/pal_sea_arm_bringup) by extensions ['colcon_meta']
[0.179s] Level 1:colcon.colcon_core.package_identification:_identify(src/pal_sea_arm/pal_sea_arm_bringup) by extension 'colcon_meta'
[0.179s] Level 1:colcon.colcon_core.package_identification:_identify(src/pal_sea_arm/pal_sea_arm_bringup) by extensions ['ros']
[0.179s] Level 1:colcon.colcon_core.package_identification:_identify(src/pal_sea_arm/pal_sea_arm_bringup) by extension 'ros'
[0.180s] DEBUG:colcon.colcon_core.package_identification:Package 'src/pal_sea_arm/pal_sea_arm_bringup' with type 'ros.ament_cmake' and name 'pal_sea_arm_bringup'
[0.180s] Level 1:colcon.colcon_core.package_identification:_identify(src/pal_sea_arm/pal_sea_arm_controller_configuration) by extensions ['ignore', 'ignore_ament_install']
[0.180s] Level 1:colcon.colcon_core.package_identification:_identify(src/pal_sea_arm/pal_sea_arm_controller_configuration) by extension 'ignore'
[0.180s] Level 1:colcon.colcon_core.package_identification:_identify(src/pal_sea_arm/pal_sea_arm_controller_configuration) by extension 'ignore_ament_install'
[0.180s] Level 1:colcon.colcon_core.package_identification:_identify(src/pal_sea_arm/pal_sea_arm_controller_configuration) by extensions ['colcon_pkg']
[0.180s] Level 1:colcon.colcon_core.package_identification:_identify(src/pal_sea_arm/pal_sea_arm_controller_configuration) by extension 'colcon_pkg'
[0.180s] Level 1:colcon.colcon_core.package_identification:_identify(src/pal_sea_arm/pal_sea_arm_controller_configuration) by extensions ['colcon_meta']
[0.180s] Level 1:colcon.colcon_core.package_identification:_identify(src/pal_sea_arm/pal_sea_arm_controller_configuration) by extension 'colcon_meta'
[0.180s] Level 1:colcon.colcon_core.package_identification:_identify(src/pal_sea_arm/pal_sea_arm_controller_configuration) by extensions ['ros']
[0.180s] Level 1:colcon.colcon_core.package_identification:_identify(src/pal_sea_arm/pal_sea_arm_controller_configuration) by extension 'ros'
[0.181s] DEBUG:colcon.colcon_core.package_identification:Package 'src/pal_sea_arm/pal_sea_arm_controller_configuration' with type 'ros.ament_cmake' and name 'pal_sea_arm_controller_configuration'
[0.181s] Level 1:colcon.colcon_core.package_identification:_identify(src/pal_sea_arm/pal_sea_arm_description) by extensions ['ignore', 'ignore_ament_install']
[0.181s] Level 1:colcon.colcon_core.package_identification:_identify(src/pal_sea_arm/pal_sea_arm_description) by extension 'ignore'
[0.181s] Level 1:colcon.colcon_core.package_identification:_identify(src/pal_sea_arm/pal_sea_arm_description) by extension 'ignore_ament_install'
[0.181s] Level 1:colcon.colcon_core.package_identification:_identify(src/pal_sea_arm/pal_sea_arm_description) by extensions ['colcon_pkg']
[0.181s] Level 1:colcon.colcon_core.package_identification:_identify(src/pal_sea_arm/pal_sea_arm_description) by extension 'colcon_pkg'
[0.181s] Level 1:colcon.colcon_core.package_identification:_identify(src/pal_sea_arm/pal_sea_arm_description) by extensions ['colcon_meta']
[0.182s] Level 1:colcon.colcon_core.package_identification:_identify(src/pal_sea_arm/pal_sea_arm_description) by extension 'colcon_meta'
[0.182s] Level 1:colcon.colcon_core.package_identification:_identify(src/pal_sea_arm/pal_sea_arm_description) by extensions ['ros']
[0.182s] Level 1:colcon.colcon_core.package_identification:_identify(src/pal_sea_arm/pal_sea_arm_description) by extension 'ros'
[0.183s] DEBUG:colcon.colcon_core.package_identification:Package 'src/pal_sea_arm/pal_sea_arm_description' with type 'ros.ament_cmake' and name 'pal_sea_arm_description'
[0.183s] Level 1:colcon.colcon_core.package_identification:_identify(src/pal_sea_arm_moveit_config) by extensions ['ignore', 'ignore_ament_install']
[0.183s] Level 1:colcon.colcon_core.package_identification:_identify(src/pal_sea_arm_moveit_config) by extension 'ignore'
[0.183s] Level 1:colcon.colcon_core.package_identification:_identify(src/pal_sea_arm_moveit_config) by extension 'ignore_ament_install'
[0.183s] Level 1:colcon.colcon_core.package_identification:_identify(src/pal_sea_arm_moveit_config) by extensions ['colcon_pkg']
[0.183s] Level 1:colcon.colcon_core.package_identification:_identify(src/pal_sea_arm_moveit_config) by extension 'colcon_pkg'
[0.183s] Level 1:colcon.colcon_core.package_identification:_identify(src/pal_sea_arm_moveit_config) by extensions ['colcon_meta']
[0.183s] Level 1:colcon.colcon_core.package_identification:_identify(src/pal_sea_arm_moveit_config) by extension 'colcon_meta'
[0.183s] Level 1:colcon.colcon_core.package_identification:_identify(src/pal_sea_arm_moveit_config) by extensions ['ros']
[0.183s] Level 1:colcon.colcon_core.package_identification:_identify(src/pal_sea_arm_moveit_config) by extension 'ros'
[0.184s] DEBUG:colcon.colcon_core.package_identification:Package 'src/pal_sea_arm_moveit_config' with type 'ros.ament_cmake' and name 'pal_sea_arm_moveit_config'
[0.184s] Level 1:colcon.colcon_core.package_identification:_identify(src/pick_task) by extensions ['ignore', 'ignore_ament_install']
[0.184s] Level 1:colcon.colcon_core.package_identification:_identify(src/pick_task) by extension 'ignore'
[0.184s] Level 1:colcon.colcon_core.package_identification:_identify(src/pick_task) by extension 'ignore_ament_install'
[0.184s] Level 1:colcon.colcon_core.package_identification:_identify(src/pick_task) by extensions ['colcon_pkg']
[0.184s] Level 1:colcon.colcon_core.package_identification:_identify(src/pick_task) by extension 'colcon_pkg'
[0.184s] Level 1:colcon.colcon_core.package_identification:_identify(src/pick_task) by extensions ['colcon_meta']
[0.184s] Level 1:colcon.colcon_core.package_identification:_identify(src/pick_task) by extension 'colcon_meta'
[0.184s] Level 1:colcon.colcon_core.package_identification:_identify(src/pick_task) by extensions ['ros']
[0.184s] Level 1:colcon.colcon_core.package_identification:_identify(src/pick_task) by extension 'ros'
[0.185s] DEBUG:colcon.colcon_core.package_identification:Package 'src/pick_task' with type 'ros.ament_python' and name 'pick_task'
[0.185s] Level 1:colcon.colcon_core.package_identification:_identify(src/tiago_manipulation_tasks) by extensions ['ignore', 'ignore_ament_install']
[0.185s] Level 1:colcon.colcon_core.package_identification:_identify(src/tiago_manipulation_tasks) by extension 'ignore'
[0.185s] Level 1:colcon.colcon_core.package_identification:_identify(src/tiago_manipulation_tasks) by extension 'ignore_ament_install'
[0.185s] Level 1:colcon.colcon_core.package_identification:_identify(src/tiago_manipulation_tasks) by extensions ['colcon_pkg']
[0.185s] Level 1:colcon.colcon_core.package_identification:_identify(src/tiago_manipulation_tasks) by extension 'colcon_pkg'
[0.185s] Level 1:colcon.colcon_core.package_identification:_identify(src/tiago_manipulation_tasks) by extensions ['colcon_meta']
[0.185s] Level 1:colcon.colcon_core.package_identification:_identify(src/tiago_manipulation_tasks) by extension 'colcon_meta'
[0.185s] Level 1:colcon.colcon_core.package_identification:_identify(src/tiago_manipulation_tasks) by extensions ['ros']
[0.185s] Level 1:colcon.colcon_core.package_identification:_identify(src/tiago_manipulation_tasks) by extension 'ros'
[0.186s] DEBUG:colcon.colcon_core.package_identification:Package 'src/tiago_manipulation_tasks' with type 'ros.ament_cmake' and name 'tiago_manipulation_tasks'
[0.186s] Level 1:colcon.colcon_core.package_identification:_identify(src/tiago_pro_moveit_config) by extensions ['ignore', 'ignore_ament_install']
[0.186s] Level 1:colcon.colcon_core.package_identification:_identify(src/tiago_pro_moveit_config) by extension 'ignore'
[0.186s] Level 1:colcon.colcon_core.package_identification:_identify(src/tiago_pro_moveit_config) by extension 'ignore_ament_install'
[0.186s] Level 1:colcon.colcon_core.package_identification:_identify(src/tiago_pro_moveit_config) by extensions ['colcon_pkg']
[0.186s] Level 1:colcon.colcon_core.package_identification:_identify(src/tiago_pro_moveit_config) by extension 'colcon_pkg'
[0.186s] Level 1:colcon.colcon_core.package_identification:_identify(src/tiago_pro_moveit_config) by extensions ['colcon_meta']
[0.186s] Level 1:colcon.colcon_core.package_identification:_identify(src/tiago_pro_moveit_config) by extension 'colcon_meta'
[0.187s] Level 1:colcon.colcon_core.package_identification:_identify(src/tiago_pro_moveit_config) by extensions ['ros']
[0.187s] Level 1:colcon.colcon_core.package_identification:_identify(src/tiago_pro_moveit_config) by extension 'ros'
[0.187s] DEBUG:colcon.colcon_core.package_identification:Package 'src/tiago_pro_moveit_config' with type 'ros.ament_cmake' and name 'tiago_pro_moveit_config'
[0.187s] Level 1:colcon.colcon_core.package_identification:_identify(src/tiago_pro_navigation) by extensions ['ignore', 'ignore_ament_install']
[0.187s] Level 1:colcon.colcon_core.package_identification:_identify(src/tiago_pro_navigation) by extension 'ignore'
[0.187s] Level 1:colcon.colcon_core.package_identification:_identify(src/tiago_pro_navigation) by extension 'ignore_ament_install'
[0.187s] Level 1:colcon.colcon_core.package_identification:_identify(src/tiago_pro_navigation) by extensions ['colcon_pkg']
[0.187s] Level 1:colcon.colcon_core.package_identification:_identify(src/tiago_pro_navigation) by extension 'colcon_pkg'
[0.187s] Level 1:colcon.colcon_core.package_identification:_identify(src/tiago_pro_navigation) by extensions ['colcon_meta']
[0.187s] Level 1:colcon.colcon_core.package_identification:_identify(src/tiago_pro_navigation) by extension 'colcon_meta'
[0.187s] Level 1:colcon.colcon_core.package_identification:_identify(src/tiago_pro_navigation) by extensions ['ros']
[0.187s] Level 1:colcon.colcon_core.package_identification:_identify(src/tiago_pro_navigation) by extension 'ros'
[0.187s] Level 1:colcon.colcon_core.package_identification:_identify(src/tiago_pro_navigation) by extensions ['cmake', 'python']
[0.187s] Level 1:colcon.colcon_core.package_identification:_identify(src/tiago_pro_navigation) by extension 'cmake'
[0.187s] Level 1:colcon.colcon_core.package_identification:_identify(src/tiago_pro_navigation) by extension 'python'
[0.187s] Level 1:colcon.colcon_core.package_identification:_identify(src/tiago_pro_navigation) by extensions ['python_setup_py']
[0.187s] Level 1:colcon.colcon_core.package_identification:_identify(src/tiago_pro_navigation) by extension 'python_setup_py'
[0.188s] Level 1:colcon.colcon_core.package_identification:_identify(src/tiago_pro_navigation/tiago_pro_2dnav) by extensions ['ignore', 'ignore_ament_install']
[0.188s] Level 1:colcon.colcon_core.package_identification:_identify(src/tiago_pro_navigation/tiago_pro_2dnav) by extension 'ignore'
[0.188s] Level 1:colcon.colcon_core.package_identification:_identify(src/tiago_pro_navigation/tiago_pro_2dnav) by extension 'ignore_ament_install'
[0.188s] Level 1:colcon.colcon_core.package_identification:_identify(src/tiago_pro_navigation/tiago_pro_2dnav) by extensions ['colcon_pkg']
[0.188s] Level 1:colcon.colcon_core.package_identification:_identify(src/tiago_pro_navigation/tiago_pro_2dnav) by extension 'colcon_pkg'
[0.188s] Level 1:colcon.colcon_core.package_identification:_identify(src/tiago_pro_navigation/tiago_pro_2dnav) by extensions ['colcon_meta']
[0.188s] Level 1:colcon.colcon_core.package_identification:_identify(src/tiago_pro_navigation/tiago_pro_2dnav) by extension 'colcon_meta'
[0.188s] Level 1:colcon.colcon_core.package_identification:_identify(src/tiago_pro_navigation/tiago_pro_2dnav) by extensions ['ros']
[0.188s] Level 1:colcon.colcon_core.package_identification:_identify(src/tiago_pro_navigation/tiago_pro_2dnav) by extension 'ros'
[0.188s] DEBUG:colcon.colcon_core.package_identification:Package 'src/tiago_pro_navigation/tiago_pro_2dnav' with type 'ros.ament_cmake' and name 'tiago_pro_2dnav'
[0.188s] Level 1:colcon.colcon_core.package_identification:_identify(src/tiago_pro_navigation/tiago_pro_laser_sensors) by extensions ['ignore', 'ignore_ament_install']
[0.188s] Level 1:colcon.colcon_core.package_identification:_identify(src/tiago_pro_navigation/tiago_pro_laser_sensors) by extension 'ignore'
[0.188s] Level 1:colcon.colcon_core.package_identification:_identify(src/tiago_pro_navigation/tiago_pro_laser_sensors) by extension 'ignore_ament_install'
[0.188s] Level 1:colcon.colcon_core.package_identification:_identify(src/tiago_pro_navigation/tiago_pro_laser_sensors) by extensions ['colcon_pkg']
[0.188s] Level 1:colcon.colcon_core.package_identification:_identify(src/tiago_pro_navigation/tiago_pro_laser_sensors) by extension 'colcon_pkg'
[0.188s] Level 1:colcon.colcon_core.package_identification:_identify(src/tiago_pro_navigation/tiago_pro_laser_sensors) by extensions ['colcon_meta']
[0.188s] Level 1:colcon.colcon_core.package_identification:_identify(src/tiago_pro_navigation/tiago_pro_laser_sensors) by extension 'colcon_meta'
[0.188s] Level 1:colcon.colcon_core.package_identification:_identify(src/tiago_pro_navigation/tiago_pro_laser_sensors) by extensions ['ros']
[0.188s] Level 1:colcon.colcon_core.package_identification:_identify(src/tiago_pro_navigation/tiago_pro_laser_sensors) by extension 'ros'
[0.189s] DEBUG:colcon.colcon_core.package_identification:Package 'src/tiago_pro_navigation/tiago_pro_laser_sensors' with type 'ros.ament_cmake' and name 'tiago_pro_laser_sensors'
[0.189s] Level 1:colcon.colcon_core.package_identification:_identify(src/tiago_pro_navigation/tiago_pro_navigation) by extensions ['ignore', 'ignore_ament_install']
[0.189s] Level 1:colcon.colcon_core.package_identification:_identify(src/tiago_pro_navigation/tiago_pro_navigation) by extension 'ignore'
[0.189s] Level 1:colcon.colcon_core.package_identification:_identify(src/tiago_pro_navigation/tiago_pro_navigation) by extension 'ignore_ament_install'
[0.189s] Level 1:colcon.colcon_core.package_identification:_identify(src/tiago_pro_navigation/tiago_pro_navigation) by extensions ['colcon_pkg']
[0.189s] Level 1:colcon.colcon_core.package_identification:_identify(src/tiago_pro_navigation/tiago_pro_navigation) by extension 'colcon_pkg'
[0.189s] Level 1:colcon.colcon_core.package_identification:_identify(src/tiago_pro_navigation/tiago_pro_navigation) by extensions ['colcon_meta']
[0.189s] Level 1:colcon.colcon_core.package_identification:_identify(src/tiago_pro_navigation/tiago_pro_navigation) by extension 'colcon_meta'
[0.189s] Level 1:colcon.colcon_core.package_identification:_identify(src/tiago_pro_navigation/tiago_pro_navigation) by extensions ['ros']
[0.189s] Level 1:colcon.colcon_core.package_identification:_identify(src/tiago_pro_navigation/tiago_pro_navigation) by extension 'ros'
[0.190s] DEBUG:colcon.colcon_core.package_identification:Package 'src/tiago_pro_navigation/tiago_pro_navigation' with type 'ros.ament_cmake' and name 'tiago_pro_navigation'
[0.190s] Level 1:colcon.colcon_core.package_identification:_identify(src/tiago_pro_navigation/tiago_pro_rgbd_sensors) by extensions ['ignore', 'ignore_ament_install']
[0.190s] Level 1:colcon.colcon_core.package_identification:_identify(src/tiago_pro_navigation/tiago_pro_rgbd_sensors) by extension 'ignore'
[0.190s] Level 1:colcon.colcon_core.package_identification:_identify(src/tiago_pro_navigation/tiago_pro_rgbd_sensors) by extension 'ignore_ament_install'
[0.190s] Level 1:colcon.colcon_core.package_identification:_identify(src/tiago_pro_navigation/tiago_pro_rgbd_sensors) by extensions ['colcon_pkg']
[0.190s] Level 1:colcon.colcon_core.package_identification:_identify(src/tiago_pro_navigation/tiago_pro_rgbd_sensors) by extension 'colcon_pkg'
[0.190s] Level 1:colcon.colcon_core.package_identification:_identify(src/tiago_pro_navigation/tiago_pro_rgbd_sensors) by extensions ['colcon_meta']
[0.190s] Level 1:colcon.colcon_core.package_identification:_identify(src/tiago_pro_navigation/tiago_pro_rgbd_sensors) by extension 'colcon_meta'
[0.190s] Level 1:colcon.colcon_core.package_identification:_identify(src/tiago_pro_navigation/tiago_pro_rgbd_sensors) by extensions ['ros']
[0.190s] Level 1:colcon.colcon_core.package_identification:_identify(src/tiago_pro_navigation/tiago_pro_rgbd_sensors) by extension 'ros'
[0.191s] DEBUG:colcon.colcon_core.package_identification:Package 'src/tiago_pro_navigation/tiago_pro_rgbd_sensors' with type 'ros.ament_cmake' and name 'tiago_pro_rgbd_sensors'
[0.191s] Level 1:colcon.colcon_core.package_identification:_identify(src/tiago_pro_robot) by extensions ['ignore', 'ignore_ament_install']
[0.191s] Level 1:colcon.colcon_core.package_identification:_identify(src/tiago_pro_robot) by extension 'ignore'
[0.191s] Level 1:colcon.colcon_core.package_identification:_identify(src/tiago_pro_robot) by extension 'ignore_ament_install'
[0.191s] Level 1:colcon.colcon_core.package_identification:_identify(src/tiago_pro_robot) by extensions ['colcon_pkg']
[0.191s] Level 1:colcon.colcon_core.package_identification:_identify(src/tiago_pro_robot) by extension 'colcon_pkg'
[0.191s] Level 1:colcon.colcon_core.package_identification:_identify(src/tiago_pro_robot) by extensions ['colcon_meta']
[0.191s] Level 1:colcon.colcon_core.package_identification:_identify(src/tiago_pro_robot) by extension 'colcon_meta'
[0.191s] Level 1:colcon.colcon_core.package_identification:_identify(src/tiago_pro_robot) by extensions ['ros']
[0.191s] Level 1:colcon.colcon_core.package_identification:_identify(src/tiago_pro_robot) by extension 'ros'
[0.191s] Level 1:colcon.colcon_core.package_identification:_identify(src/tiago_pro_robot) by extensions ['cmake', 'python']
[0.191s] Level 1:colcon.colcon_core.package_identification:_identify(src/tiago_pro_robot) by extension 'cmake'
[0.191s] Level 1:colcon.colcon_core.package_identification:_identify(src/tiago_pro_robot) by extension 'python'
[0.191s] Level 1:colcon.colcon_core.package_identification:_identify(src/tiago_pro_robot) by extensions ['python_setup_py']
[0.191s] Level 1:colcon.colcon_core.package_identification:_identify(src/tiago_pro_robot) by extension 'python_setup_py'
[0.191s] Level 1:colcon.colcon_core.package_identification:_identify(src/tiago_pro_robot/tiago_pro_bringup) by extensions ['ignore', 'ignore_ament_install']
[0.191s] Level 1:colcon.colcon_core.package_identification:_identify(src/tiago_pro_robot/tiago_pro_bringup) by extension 'ignore'
[0.191s] Level 1:colcon.colcon_core.package_identification:_identify(src/tiago_pro_robot/tiago_pro_bringup) by extension 'ignore_ament_install'
[0.192s] Level 1:colcon.colcon_core.package_identification:_identify(src/tiago_pro_robot/tiago_pro_bringup) by extensions ['colcon_pkg']
[0.192s] Level 1:colcon.colcon_core.package_identification:_identify(src/tiago_pro_robot/tiago_pro_bringup) by extension 'colcon_pkg'
[0.192s] Level 1:colcon.colcon_core.package_identification:_identify(src/tiago_pro_robot/tiago_pro_bringup) by extensions ['colcon_meta']
[0.192s] Level 1:colcon.colcon_core.package_identification:_identify(src/tiago_pro_robot/tiago_pro_bringup) by extension 'colcon_meta'
[0.192s] Level 1:colcon.colcon_core.package_identification:_identify(src/tiago_pro_robot/tiago_pro_bringup) by extensions ['ros']
[0.192s] Level 1:colcon.colcon_core.package_identification:_identify(src/tiago_pro_robot/tiago_pro_bringup) by extension 'ros'
[0.193s] DEBUG:colcon.colcon_core.package_identification:Package 'src/tiago_pro_robot/tiago_pro_bringup' with type 'ros.ament_cmake' and name 'tiago_pro_bringup'
[0.193s] Level 1:colcon.colcon_core.package_identification:_identify(src/tiago_pro_robot/tiago_pro_controller_configuration) by extensions ['ignore', 'ignore_ament_install']
[0.193s] Level 1:colcon.colcon_core.package_identification:_identify(src/tiago_pro_robot/tiago_pro_controller_configuration) by extension 'ignore'
[0.193s] Level 1:colcon.colcon_core.package_identification:_identify(src/tiago_pro_robot/tiago_pro_controller_configuration) by extension 'ignore_ament_install'
[0.193s] Level 1:colcon.colcon_core.package_identification:_identify(src/tiago_pro_robot/tiago_pro_controller_configuration) by extensions ['colcon_pkg']
[0.193s] Level 1:colcon.colcon_core.package_identification:_identify(src/tiago_pro_robot/tiago_pro_controller_configuration) by extension 'colcon_pkg'
[0.193s] Level 1:colcon.colcon_core.package_identification:_identify(src/tiago_pro_robot/tiago_pro_controller_configuration) by extensions ['colcon_meta']
[0.193s] Level 1:colcon.colcon_core.package_identification:_identify(src/tiago_pro_robot/tiago_pro_controller_configuration) by extension 'colcon_meta'
[0.193s] Level 1:colcon.colcon_core.package_identification:_identify(src/tiago_pro_robot/tiago_pro_controller_configuration) by extensions ['ros']
[0.193s] Level 1:colcon.colcon_core.package_identification:_identify(src/tiago_pro_robot/tiago_pro_controller_configuration) by extension 'ros'
[0.194s] DEBUG:colcon.colcon_core.package_identification:Package 'src/tiago_pro_robot/tiago_pro_controller_configuration' with type 'ros.ament_cmake' and name 'tiago_pro_controller_configuration'
[0.194s] Level 1:colcon.colcon_core.package_identification:_identify(src/tiago_pro_robot/tiago_pro_description) by extensions ['ignore', 'ignore_ament_install']
[0.194s] Level 1:colcon.colcon_core.package_identification:_identify(src/tiago_pro_robot/tiago_pro_description) by extension 'ignore'
[0.194s] Level 1:colcon.colcon_core.package_identification:_identify(src/tiago_pro_robot/tiago_pro_description) by extension 'ignore_ament_install'
[0.194s] Level 1:colcon.colcon_core.package_identification:_identify(src/tiago_pro_robot/tiago_pro_description) by extensions ['colcon_pkg']
[0.194s] Level 1:colcon.colcon_core.package_identification:_identify(src/tiago_pro_robot/tiago_pro_description) by extension 'colcon_pkg'
[0.194s] Level 1:colcon.colcon_core.package_identification:_identify(src/tiago_pro_robot/tiago_pro_description) by extensions ['colcon_meta']
[0.194s] Level 1:colcon.colcon_core.package_identification:_identify(src/tiago_pro_robot/tiago_pro_description) by extension 'colcon_meta'
[0.194s] Level 1:colcon.colcon_core.package_identification:_identify(src/tiago_pro_robot/tiago_pro_description) by extensions ['ros']
[0.195s] Level 1:colcon.colcon_core.package_identification:_identify(src/tiago_pro_robot/tiago_pro_description) by extension 'ros'
[0.196s] DEBUG:colcon.colcon_core.package_identification:Package 'src/tiago_pro_robot/tiago_pro_description' with type 'ros.ament_cmake' and name 'tiago_pro_description'
[0.196s] Level 1:colcon.colcon_core.package_identification:_identify(src/tiago_pro_robot/tiago_pro_robot) by extensions ['ignore', 'ignore_ament_install']
[0.196s] Level 1:colcon.colcon_core.package_identification:_identify(src/tiago_pro_robot/tiago_pro_robot) by extension 'ignore'
[0.196s] Level 1:colcon.colcon_core.package_identification:_identify(src/tiago_pro_robot/tiago_pro_robot) by extension 'ignore_ament_install'
[0.196s] Level 1:colcon.colcon_core.package_identification:_identify(src/tiago_pro_robot/tiago_pro_robot) by extensions ['colcon_pkg']
[0.196s] Level 1:colcon.colcon_core.package_identification:_identify(src/tiago_pro_robot/tiago_pro_robot) by extension 'colcon_pkg'
[0.196s] Level 1:colcon.colcon_core.package_identification:_identify(src/tiago_pro_robot/tiago_pro_robot) by extensions ['colcon_meta']
[0.196s] Level 1:colcon.colcon_core.package_identification:_identify(src/tiago_pro_robot/tiago_pro_robot) by extension 'colcon_meta'
[0.196s] Level 1:colcon.colcon_core.package_identification:_identify(src/tiago_pro_robot/tiago_pro_robot) by extensions ['ros']
[0.196s] Level 1:colcon.colcon_core.package_identification:_identify(src/tiago_pro_robot/tiago_pro_robot) by extension 'ros'
[0.196s] DEBUG:colcon.colcon_core.package_identification:Package 'src/tiago_pro_robot/tiago_pro_robot' with type 'ros.ament_cmake' and name 'tiago_pro_robot'
[0.196s] Level 1:colcon.colcon_core.package_identification:_identify(src/tiago_pro_simulation) by extensions ['ignore', 'ignore_ament_install']
[0.197s] Level 1:colcon.colcon_core.package_identification:_identify(src/tiago_pro_simulation) by extension 'ignore'
[0.197s] Level 1:colcon.colcon_core.package_identification:_identify(src/tiago_pro_simulation) by extension 'ignore_ament_install'
[0.197s] Level 1:colcon.colcon_core.package_identification:_identify(src/tiago_pro_simulation) by extensions ['colcon_pkg']
[0.197s] Level 1:colcon.colcon_core.package_identification:_identify(src/tiago_pro_simulation) by extension 'colcon_pkg'
[0.197s] Level 1:colcon.colcon_core.package_identification:_identify(src/tiago_pro_simulation) by extensions ['colcon_meta']
[0.197s] Level 1:colcon.colcon_core.package_identification:_identify(src/tiago_pro_simulation) by extension 'colcon_meta'
[0.197s] Level 1:colcon.colcon_core.package_identification:_identify(src/tiago_pro_simulation) by extensions ['ros']
[0.197s] Level 1:colcon.colcon_core.package_identification:_identify(src/tiago_pro_simulation) by extension 'ros'
[0.197s] Level 1:colcon.colcon_core.package_identification:_identify(src/tiago_pro_simulation) by extensions ['cmake', 'python']
[0.197s] Level 1:colcon.colcon_core.package_identification:_identify(src/tiago_pro_simulation) by extension 'cmake'
[0.197s] Level 1:colcon.colcon_core.package_identification:_identify(src/tiago_pro_simulation) by extension 'python'
[0.197s] Level 1:colcon.colcon_core.package_identification:_identify(src/tiago_pro_simulation) by extensions ['python_setup_py']
[0.197s] Level 1:colcon.colcon_core.package_identification:_identify(src/tiago_pro_simulation) by extension 'python_setup_py'
[0.197s] Level 1:colcon.colcon_core.package_identification:_identify(src/tiago_pro_simulation/tiago_pro_gazebo) by extensions ['ignore', 'ignore_ament_install']
[0.197s] Level 1:colcon.colcon_core.package_identification:_identify(src/tiago_pro_simulation/tiago_pro_gazebo) by extension 'ignore'
[0.197s] Level 1:colcon.colcon_core.package_identification:_identify(src/tiago_pro_simulation/tiago_pro_gazebo) by extension 'ignore_ament_install'
[0.197s] Level 1:colcon.colcon_core.package_identification:_identify(src/tiago_pro_simulation/tiago_pro_gazebo) by extensions ['colcon_pkg']
[0.197s] Level 1:colcon.colcon_core.package_identification:_identify(src/tiago_pro_simulation/tiago_pro_gazebo) by extension 'colcon_pkg'
[0.197s] Level 1:colcon.colcon_core.package_identification:_identify(src/tiago_pro_simulation/tiago_pro_gazebo) by extensions ['colcon_meta']
[0.197s] Level 1:colcon.colcon_core.package_identification:_identify(src/tiago_pro_simulation/tiago_pro_gazebo) by extension 'colcon_meta'
[0.197s] Level 1:colcon.colcon_core.package_identification:_identify(src/tiago_pro_simulation/tiago_pro_gazebo) by extensions ['ros']
[0.197s] Level 1:colcon.colcon_core.package_identification:_identify(src/tiago_pro_simulation/tiago_pro_gazebo) by extension 'ros'
[0.198s] DEBUG:colcon.colcon_core.package_identification:Package 'src/tiago_pro_simulation/tiago_pro_gazebo' with type 'ros.ament_cmake' and name 'tiago_pro_gazebo'
[0.198s] Level 1:colcon.colcon_core.package_identification:_identify(src/tiago_pro_simulation/tiago_pro_mujoco) by extensions ['ignore', 'ignore_ament_install']
[0.198s] Level 1:colcon.colcon_core.package_identification:_identify(src/tiago_pro_simulation/tiago_pro_mujoco) by extension 'ignore'
[0.198s] Level 1:colcon.colcon_core.package_identification:_identify(src/tiago_pro_simulation/tiago_pro_mujoco) by extension 'ignore_ament_install'
[0.198s] Level 1:colcon.colcon_core.package_identification:_identify(src/tiago_pro_simulation/tiago_pro_mujoco) by extensions ['colcon_pkg']
[0.198s] Level 1:colcon.colcon_core.package_identification:_identify(src/tiago_pro_simulation/tiago_pro_mujoco) by extension 'colcon_pkg'
[0.198s] Level 1:colcon.colcon_core.package_identification:_identify(src/tiago_pro_simulation/tiago_pro_mujoco) by extensions ['colcon_meta']
[0.198s] Level 1:colcon.colcon_core.package_identification:_identify(src/tiago_pro_simulation/tiago_pro_mujoco) by extension 'colcon_meta'
[0.198s] Level 1:colcon.colcon_core.package_identification:_identify(src/tiago_pro_simulation/tiago_pro_mujoco) by extensions ['ros']
[0.198s] Level 1:colcon.colcon_core.package_identification:_identify(src/tiago_pro_simulation/tiago_pro_mujoco) by extension 'ros'
[0.207s] DEBUG:colcon.colcon_core.package_identification:Package 'src/tiago_pro_simulation/tiago_pro_mujoco' with type 'ros.ament_cmake' and name 'tiago_pro_mujoco'
[0.207s] Level 1:colcon.colcon_core.package_identification:_identify(src/tiago_pro_simulation/tiago_pro_simulation) by extensions ['ignore', 'ignore_ament_install']
[0.207s] Level 1:colcon.colcon_core.package_identification:_identify(src/tiago_pro_simulation/tiago_pro_simulation) by extension 'ignore'
[0.207s] Level 1:colcon.colcon_core.package_identification:_identify(src/tiago_pro_simulation/tiago_pro_simulation) by extension 'ignore_ament_install'
[0.207s] Level 1:colcon.colcon_core.package_identification:_identify(src/tiago_pro_simulation/tiago_pro_simulation) by extensions ['colcon_pkg']
[0.207s] Level 1:colcon.colcon_core.package_identification:_identify(src/tiago_pro_simulation/tiago_pro_simulation) by extension 'colcon_pkg'
[0.207s] Level 1:colcon.colcon_core.package_identification:_identify(src/tiago_pro_simulation/tiago_pro_simulation) by extensions ['colcon_meta']
[0.207s] Level 1:colcon.colcon_core.package_identification:_identify(src/tiago_pro_simulation/tiago_pro_simulation) by extension 'colcon_meta'
[0.208s] Level 1:colcon.colcon_core.package_identification:_identify(src/tiago_pro_simulation/tiago_pro_simulation) by extensions ['ros']
[0.208s] Level 1:colcon.colcon_core.package_identification:_identify(src/tiago_pro_simulation/tiago_pro_simulation) by extension 'ros'
[0.208s] DEBUG:colcon.colcon_core.package_identification:Package 'src/tiago_pro_simulation/tiago_pro_simulation' with type 'ros.ament_cmake' and name 'tiago_pro_simulation'
[0.208s] Level 1:colcon.colcon_core.package_discovery:discover_packages(recursive) using defaults
[0.208s] Level 1:colcon.colcon_core.package_discovery:discover_packages(ignore) discover
[0.208s] Level 1:colcon.colcon_core.package_discovery:discover_packages(ignore) using defaults
[0.208s] Level 1:colcon.colcon_core.package_discovery:discover_packages(path) discover
[0.208s] Level 1:colcon.colcon_core.package_discovery:discover_packages(path) using defaults
[0.229s] Level 5:colcon.colcon_core.verb:set package 'pal_gazebo_worlds' build argument 'cmake_args' from command line to 'None'
[0.229s] Level 5:colcon.colcon_core.verb:set package 'pal_gazebo_worlds' build argument 'cmake_target' from command line to 'None'
[0.229s] Level 5:colcon.colcon_core.verb:set package 'pal_gazebo_worlds' build argument 'cmake_target_skip_unavailable' from command line to 'False'
[0.229s] Level 5:colcon.colcon_core.verb:set package 'pal_gazebo_worlds' build argument 'cmake_clean_cache' from command line to 'False'
[0.229s] Level 5:colcon.colcon_core.verb:set package 'pal_gazebo_worlds' build argument 'cmake_clean_first' from command line to 'False'
[0.229s] Level 5:colcon.colcon_core.verb:set package 'pal_gazebo_worlds' build argument 'cmake_force_configure' from command line to 'False'
[0.229s] Level 5:colcon.colcon_core.verb:set package 'pal_gazebo_worlds' build argument 'ament_cmake_args' from command line to 'None'
[0.229s] Level 5:colcon.colcon_core.verb:set package 'pal_gazebo_worlds' build argument 'catkin_cmake_args' from command line to 'None'
[0.229s] Level 5:colcon.colcon_core.verb:set package 'pal_gazebo_worlds' build argument 'catkin_skip_building_tests' from command line to 'False'
[0.229s] DEBUG:colcon.colcon_core.verb:Building package 'pal_gazebo_worlds' with the following arguments: {'ament_cmake_args': None, 'build_base': '/home/user/exchange/workspace/build/pal_gazebo_worlds', 'catkin_cmake_args': None, 'catkin_skip_building_tests': False, 'cmake_args': None, 'cmake_clean_cache': False, 'cmake_clean_first': False, 'cmake_force_configure': False, 'cmake_target': None, 'cmake_target_skip_unavailable': False, 'install_base': '/home/user/exchange/workspace/install/pal_gazebo_worlds', 'merge_install': False, 'path': '/home/user/exchange/workspace/src/pal_gazebo_worlds', 'symlink_install': False, 'test_result_base': None}
[0.230s] Level 5:colcon.colcon_core.verb:set package 'pal_pro_gripper_description' build argument 'cmake_args' from command line to 'None'
[0.230s] Level 5:colcon.colcon_core.verb:set package 'pal_pro_gripper_description' build argument 'cmake_target' from command line to 'None'
[0.230s] Level 5:colcon.colcon_core.verb:set package 'pal_pro_gripper_description' build argument 'cmake_target_skip_unavailable' from command line to 'False'
[0.230s] Level 5:colcon.colcon_core.verb:set package 'pal_pro_gripper_description' build argument 'cmake_clean_cache' from command line to 'False'
[0.230s] Level 5:colcon.colcon_core.verb:set package 'pal_pro_gripper_description' build argument 'cmake_clean_first' from command line to 'False'
[0.230s] Level 5:colcon.colcon_core.verb:set package 'pal_pro_gripper_description' build argument 'cmake_force_configure' from command line to 'False'
[0.230s] Level 5:colcon.colcon_core.verb:set package 'pal_pro_gripper_description' build argument 'ament_cmake_args' from command line to 'None'
[0.230s] Level 5:colcon.colcon_core.verb:set package 'pal_pro_gripper_description' build argument 'catkin_cmake_args' from command line to 'None'
[0.230s] Level 5:colcon.colcon_core.verb:set package 'pal_pro_gripper_description' build argument 'catkin_skip_building_tests' from command line to 'False'
[0.230s] DEBUG:colcon.colcon_core.verb:Building package 'pal_pro_gripper_description' with the following arguments: {'ament_cmake_args': None, 'build_base': '/home/user/exchange/workspace/build/pal_pro_gripper_description', 'catkin_cmake_args': None, 'catkin_skip_building_tests': False, 'cmake_args': None, 'cmake_clean_cache': False, 'cmake_clean_first': False, 'cmake_force_configure': False, 'cmake_target': None, 'cmake_target_skip_unavailable': False, 'install_base': '/home/user/exchange/workspace/install/pal_pro_gripper_description', 'merge_install': False, 'path': '/home/user/exchange/workspace/src/pal_pro_gripper/pal_pro_gripper_description', 'symlink_install': False, 'test_result_base': None}
[0.230s] Level 5:colcon.colcon_core.verb:set package 'pal_pro_gripper_wrapper' build argument 'cmake_args' from command line to 'None'
[0.230s] Level 5:colcon.colcon_core.verb:set package 'pal_pro_gripper_wrapper' build argument 'cmake_target' from command line to 'None'
[0.230s] Level 5:colcon.colcon_core.verb:set package 'pal_pro_gripper_wrapper' build argument 'cmake_target_skip_unavailable' from command line to 'False'
[0.230s] Level 5:colcon.colcon_core.verb:set package 'pal_pro_gripper_wrapper' build argument 'cmake_clean_cache' from command line to 'False'
[0.230s] Level 5:colcon.colcon_core.verb:set package 'pal_pro_gripper_wrapper' build argument 'cmake_clean_first' from command line to 'False'
[0.230s] Level 5:colcon.colcon_core.verb:set package 'pal_pro_gripper_wrapper' build argument 'cmake_force_configure' from command line to 'False'
[0.230s] Level 5:colcon.colcon_core.verb:set package 'pal_pro_gripper_wrapper' build argument 'ament_cmake_args' from command line to 'None'
[0.230s] Level 5:colcon.colcon_core.verb:set package 'pal_pro_gripper_wrapper' build argument 'catkin_cmake_args' from command line to 'None'
[0.230s] Level 5:colcon.colcon_core.verb:set package 'pal_pro_gripper_wrapper' build argument 'catkin_skip_building_tests' from command line to 'False'
[0.230s] DEBUG:colcon.colcon_core.verb:Building package 'pal_pro_gripper_wrapper' with the following arguments: {'ament_cmake_args': None, 'build_base': '/home/user/exchange/workspace/build/pal_pro_gripper_wrapper', 'catkin_cmake_args': None, 'catkin_skip_building_tests': False, 'cmake_args': None, 'cmake_clean_cache': False, 'cmake_clean_first': False, 'cmake_force_configure': False, 'cmake_target': None, 'cmake_target_skip_unavailable': False, 'install_base': '/home/user/exchange/workspace/install/pal_pro_gripper_wrapper', 'merge_install': False, 'path': '/home/user/exchange/workspace/src/pal_pro_gripper/pal_pro_gripper_wrapper', 'symlink_install': False, 'test_result_base': None}
[0.230s] Level 5:colcon.colcon_core.verb:set package 'tiago_pro_2dnav' build argument 'cmake_args' from command line to 'None'
[0.230s] Level 5:colcon.colcon_core.verb:set package 'tiago_pro_2dnav' build argument 'cmake_target' from command line to 'None'
[0.230s] Level 5:colcon.colcon_core.verb:set package 'tiago_pro_2dnav' build argument 'cmake_target_skip_unavailable' from command line to 'False'
[0.230s] Level 5:colcon.colcon_core.verb:set package 'tiago_pro_2dnav' build argument 'cmake_clean_cache' from command line to 'False'
[0.230s] Level 5:colcon.colcon_core.verb:set package 'tiago_pro_2dnav' build argument 'cmake_clean_first' from command line to 'False'
[0.230s] Level 5:colcon.colcon_core.verb:set package 'tiago_pro_2dnav' build argument 'cmake_force_configure' from command line to 'False'
[0.230s] Level 5:colcon.colcon_core.verb:set package 'tiago_pro_2dnav' build argument 'ament_cmake_args' from command line to 'None'
[0.230s] Level 5:colcon.colcon_core.verb:set package 'tiago_pro_2dnav' build argument 'catkin_cmake_args' from command line to 'None'
[0.230s] Level 5:colcon.colcon_core.verb:set package 'tiago_pro_2dnav' build argument 'catkin_skip_building_tests' from command line to 'False'
[0.230s] DEBUG:colcon.colcon_core.verb:Building package 'tiago_pro_2dnav' with the following arguments: {'ament_cmake_args': None, 'build_base': '/home/user/exchange/workspace/build/tiago_pro_2dnav', 'catkin_cmake_args': None, 'catkin_skip_building_tests': False, 'cmake_args': None, 'cmake_clean_cache': False, 'cmake_clean_first': False, 'cmake_force_configure': False, 'cmake_target': None, 'cmake_target_skip_unavailable': False, 'install_base': '/home/user/exchange/workspace/install/tiago_pro_2dnav', 'merge_install': False, 'path': '/home/user/exchange/workspace/src/tiago_pro_navigation/tiago_pro_2dnav', 'symlink_install': False, 'test_result_base': None}
[0.231s] Level 5:colcon.colcon_core.verb:set package 'tiago_pro_laser_sensors' build argument 'cmake_args' from command line to 'None'
[0.231s] Level 5:colcon.colcon_core.verb:set package 'tiago_pro_laser_sensors' build argument 'cmake_target' from command line to 'None'
[0.231s] Level 5:colcon.colcon_core.verb:set package 'tiago_pro_laser_sensors' build argument 'cmake_target_skip_unavailable' from command line to 'False'
[0.231s] Level 5:colcon.colcon_core.verb:set package 'tiago_pro_laser_sensors' build argument 'cmake_clean_cache' from command line to 'False'
[0.231s] Level 5:colcon.colcon_core.verb:set package 'tiago_pro_laser_sensors' build argument 'cmake_clean_first' from command line to 'False'
[0.231s] Level 5:colcon.colcon_core.verb:set package 'tiago_pro_laser_sensors' build argument 'cmake_force_configure' from command line to 'False'
[0.231s] Level 5:colcon.colcon_core.verb:set package 'tiago_pro_laser_sensors' build argument 'ament_cmake_args' from command line to 'None'
[0.231s] Level 5:colcon.colcon_core.verb:set package 'tiago_pro_laser_sensors' build argument 'catkin_cmake_args' from command line to 'None'
[0.231s] Level 5:colcon.colcon_core.verb:set package 'tiago_pro_laser_sensors' build argument 'catkin_skip_building_tests' from command line to 'False'
[0.231s] DEBUG:colcon.colcon_core.verb:Building package 'tiago_pro_laser_sensors' with the following arguments: {'ament_cmake_args': None, 'build_base': '/home/user/exchange/workspace/build/tiago_pro_laser_sensors', 'catkin_cmake_args': None, 'catkin_skip_building_tests': False, 'cmake_args': None, 'cmake_clean_cache': False, 'cmake_clean_first': False, 'cmake_force_configure': False, 'cmake_target': None, 'cmake_target_skip_unavailable': False, 'install_base': '/home/user/exchange/workspace/install/tiago_pro_laser_sensors', 'merge_install': False, 'path': '/home/user/exchange/workspace/src/tiago_pro_navigation/tiago_pro_laser_sensors', 'symlink_install': False, 'test_result_base': None}
[0.231s] Level 5:colcon.colcon_core.verb:set package 'tiago_pro_rgbd_sensors' build argument 'cmake_args' from command line to 'None'
[0.231s] Level 5:colcon.colcon_core.verb:set package 'tiago_pro_rgbd_sensors' build argument 'cmake_target' from command line to 'None'
[0.231s] Level 5:colcon.colcon_core.verb:set package 'tiago_pro_rgbd_sensors' build argument 'cmake_target_skip_unavailable' from command line to 'False'
[0.231s] Level 5:colcon.colcon_core.verb:set package 'tiago_pro_rgbd_sensors' build argument 'cmake_clean_cache' from command line to 'False'
[0.231s] Level 5:colcon.colcon_core.verb:set package 'tiago_pro_rgbd_sensors' build argument 'cmake_clean_first' from command line to 'False'
[0.231s] Level 5:colcon.colcon_core.verb:set package 'tiago_pro_rgbd_sensors' build argument 'cmake_force_configure' from command line to 'False'
[0.231s] Level 5:colcon.colcon_core.verb:set package 'tiago_pro_rgbd_sensors' build argument 'ament_cmake_args' from command line to 'None'
[0.231s] Level 5:colcon.colcon_core.verb:set package 'tiago_pro_rgbd_sensors' build argument 'catkin_cmake_args' from command line to 'None'
[0.231s] Level 5:colcon.colcon_core.verb:set package 'tiago_pro_rgbd_sensors' build argument 'catkin_skip_building_tests' from command line to 'False'
[0.231s] DEBUG:colcon.colcon_core.verb:Building package 'tiago_pro_rgbd_sensors' with the following arguments: {'ament_cmake_args': None, 'build_base': '/home/user/exchange/workspace/build/tiago_pro_rgbd_sensors', 'catkin_cmake_args': None, 'catkin_skip_building_tests': False, 'cmake_args': None, 'cmake_clean_cache': False, 'cmake_clean_first': False, 'cmake_force_configure': False, 'cmake_target': None, 'cmake_target_skip_unavailable': False, 'install_base': '/home/user/exchange/workspace/install/tiago_pro_rgbd_sensors', 'merge_install': False, 'path': '/home/user/exchange/workspace/src/tiago_pro_navigation/tiago_pro_rgbd_sensors', 'symlink_install': False, 'test_result_base': None}
[0.232s] Level 5:colcon.colcon_core.verb:set package 'pal_pro_gripper_controller_configuration' build argument 'cmake_args' from command line to 'None'
[0.232s] Level 5:colcon.colcon_core.verb:set package 'pal_pro_gripper_controller_configuration' build argument 'cmake_target' from command line to 'None'
[0.232s] Level 5:colcon.colcon_core.verb:set package 'pal_pro_gripper_controller_configuration' build argument 'cmake_target_skip_unavailable' from command line to 'False'
[0.232s] Level 5:colcon.colcon_core.verb:set package 'pal_pro_gripper_controller_configuration' build argument 'cmake_clean_cache' from command line to 'False'
[0.232s] Level 5:colcon.colcon_core.verb:set package 'pal_pro_gripper_controller_configuration' build argument 'cmake_clean_first' from command line to 'False'
[0.232s] Level 5:colcon.colcon_core.verb:set package 'pal_pro_gripper_controller_configuration' build argument 'cmake_force_configure' from command line to 'False'
[0.232s] Level 5:colcon.colcon_core.verb:set package 'pal_pro_gripper_controller_configuration' build argument 'ament_cmake_args' from command line to 'None'
[0.232s] Level 5:colcon.colcon_core.verb:set package 'pal_pro_gripper_controller_configuration' build argument 'catkin_cmake_args' from command line to 'None'
[0.232s] Level 5:colcon.colcon_core.verb:set package 'pal_pro_gripper_controller_configuration' build argument 'catkin_skip_building_tests' from command line to 'False'
[0.232s] DEBUG:colcon.colcon_core.verb:Building package 'pal_pro_gripper_controller_configuration' with the following arguments: {'ament_cmake_args': None, 'build_base': '/home/user/exchange/workspace/build/pal_pro_gripper_controller_configuration', 'catkin_cmake_args': None, 'catkin_skip_building_tests': False, 'cmake_args': None, 'cmake_clean_cache': False, 'cmake_clean_first': False, 'cmake_force_configure': False, 'cmake_target': None, 'cmake_target_skip_unavailable': False, 'install_base': '/home/user/exchange/workspace/install/pal_pro_gripper_controller_configuration', 'merge_install': False, 'path': '/home/user/exchange/workspace/src/pal_pro_gripper/pal_pro_gripper_controller_configuration', 'symlink_install': False, 'test_result_base': None}
[0.232s] Level 5:colcon.colcon_core.verb:set package 'tiago_pro_navigation' build argument 'cmake_args' from command line to 'None'
[0.232s] Level 5:colcon.colcon_core.verb:set package 'tiago_pro_navigation' build argument 'cmake_target' from command line to 'None'
[0.232s] Level 5:colcon.colcon_core.verb:set package 'tiago_pro_navigation' build argument 'cmake_target_skip_unavailable' from command line to 'False'
[0.232s] Level 5:colcon.colcon_core.verb:set package 'tiago_pro_navigation' build argument 'cmake_clean_cache' from command line to 'False'
[0.232s] Level 5:colcon.colcon_core.verb:set package 'tiago_pro_navigation' build argument 'cmake_clean_first' from command line to 'False'
[0.232s] Level 5:colcon.colcon_core.verb:set package 'tiago_pro_navigation' build argument 'cmake_force_configure' from command line to 'False'
[0.232s] Level 5:colcon.colcon_core.verb:set package 'tiago_pro_navigation' build argument 'ament_cmake_args' from command line to 'None'
[0.232s] Level 5:colcon.colcon_core.verb:set package 'tiago_pro_navigation' build argument 'catkin_cmake_args' from command line to 'None'
[0.232s] Level 5:colcon.colcon_core.verb:set package 'tiago_pro_navigation' build argument 'catkin_skip_building_tests' from command line to 'False'
[0.232s] DEBUG:colcon.colcon_core.verb:Building package 'tiago_pro_navigation' with the following arguments: {'ament_cmake_args': None, 'build_base': '/home/user/exchange/workspace/build/tiago_pro_navigation', 'catkin_cmake_args': None, 'catkin_skip_building_tests': False, 'cmake_args': None, 'cmake_clean_cache': False, 'cmake_clean_first': False, 'cmake_force_configure': False, 'cmake_target': None, 'cmake_target_skip_unavailable': False, 'install_base': '/home/user/exchange/workspace/install/tiago_pro_navigation', 'merge_install': False, 'path': '/home/user/exchange/workspace/src/tiago_pro_navigation/tiago_pro_navigation', 'symlink_install': False, 'test_result_base': None}
[0.232s] Level 5:colcon.colcon_core.verb:set package 'pal_pro_gripper' build argument 'cmake_args' from command line to 'None'
[0.232s] Level 5:colcon.colcon_core.verb:set package 'pal_pro_gripper' build argument 'cmake_target' from command line to 'None'
[0.232s] Level 5:colcon.colcon_core.verb:set package 'pal_pro_gripper' build argument 'cmake_target_skip_unavailable' from command line to 'False'
[0.232s] Level 5:colcon.colcon_core.verb:set package 'pal_pro_gripper' build argument 'cmake_clean_cache' from command line to 'False'
[0.232s] Level 5:colcon.colcon_core.verb:set package 'pal_pro_gripper' build argument 'cmake_clean_first' from command line to 'False'
[0.232s] Level 5:colcon.colcon_core.verb:set package 'pal_pro_gripper' build argument 'cmake_force_configure' from command line to 'False'
[0.232s] Level 5:colcon.colcon_core.verb:set package 'pal_pro_gripper' build argument 'ament_cmake_args' from command line to 'None'
[0.232s] Level 5:colcon.colcon_core.verb:set package 'pal_pro_gripper' build argument 'catkin_cmake_args' from command line to 'None'
[0.232s] Level 5:colcon.colcon_core.verb:set package 'pal_pro_gripper' build argument 'catkin_skip_building_tests' from command line to 'False'
[0.232s] DEBUG:colcon.colcon_core.verb:Building package 'pal_pro_gripper' with the following arguments: {'ament_cmake_args': None, 'build_base': '/home/user/exchange/workspace/build/pal_pro_gripper', 'catkin_cmake_args': None, 'catkin_skip_building_tests': False, 'cmake_args': None, 'cmake_clean_cache': False, 'cmake_clean_first': False, 'cmake_force_configure': False, 'cmake_target': None, 'cmake_target_skip_unavailable': False, 'install_base': '/home/user/exchange/workspace/install/pal_pro_gripper', 'merge_install': False, 'path': '/home/user/exchange/workspace/src/pal_pro_gripper/pal_pro_gripper', 'symlink_install': False, 'test_result_base': None}
[0.233s] Level 5:colcon.colcon_core.verb:set package 'pal_pro_gripper_bringup' build argument 'cmake_args' from command line to 'None'
[0.233s] Level 5:colcon.colcon_core.verb:set package 'pal_pro_gripper_bringup' build argument 'cmake_target' from command line to 'None'
[0.233s] Level 5:colcon.colcon_core.verb:set package 'pal_pro_gripper_bringup' build argument 'cmake_target_skip_unavailable' from command line to 'False'
[0.233s] Level 5:colcon.colcon_core.verb:set package 'pal_pro_gripper_bringup' build argument 'cmake_clean_cache' from command line to 'False'
[0.233s] Level 5:colcon.colcon_core.verb:set package 'pal_pro_gripper_bringup' build argument 'cmake_clean_first' from command line to 'False'
[0.233s] Level 5:colcon.colcon_core.verb:set package 'pal_pro_gripper_bringup' build argument 'cmake_force_configure' from command line to 'False'
[0.233s] Level 5:colcon.colcon_core.verb:set package 'pal_pro_gripper_bringup' build argument 'ament_cmake_args' from command line to 'None'
[0.233s] Level 5:colcon.colcon_core.verb:set package 'pal_pro_gripper_bringup' build argument 'catkin_cmake_args' from command line to 'None'
[0.233s] Level 5:colcon.colcon_core.verb:set package 'pal_pro_gripper_bringup' build argument 'catkin_skip_building_tests' from command line to 'False'
[0.233s] DEBUG:colcon.colcon_core.verb:Building package 'pal_pro_gripper_bringup' with the following arguments: {'ament_cmake_args': None, 'build_base': '/home/user/exchange/workspace/build/pal_pro_gripper_bringup', 'catkin_cmake_args': None, 'catkin_skip_building_tests': False, 'cmake_args': None, 'cmake_clean_cache': False, 'cmake_clean_first': False, 'cmake_force_configure': False, 'cmake_target': None, 'cmake_target_skip_unavailable': False, 'install_base': '/home/user/exchange/workspace/install/pal_pro_gripper_bringup', 'merge_install': False, 'path': '/home/user/exchange/workspace/src/pal_pro_gripper/pal_pro_gripper_bringup', 'symlink_install': False, 'test_result_base': None}
[0.233s] Level 5:colcon.colcon_core.verb:set package 'pal_pro_gripper_simulation' build argument 'cmake_args' from command line to 'None'
[0.233s] Level 5:colcon.colcon_core.verb:set package 'pal_pro_gripper_simulation' build argument 'cmake_target' from command line to 'None'
[0.233s] Level 5:colcon.colcon_core.verb:set package 'pal_pro_gripper_simulation' build argument 'cmake_target_skip_unavailable' from command line to 'False'
[0.233s] Level 5:colcon.colcon_core.verb:set package 'pal_pro_gripper_simulation' build argument 'cmake_clean_cache' from command line to 'False'
[0.233s] Level 5:colcon.colcon_core.verb:set package 'pal_pro_gripper_simulation' build argument 'cmake_clean_first' from command line to 'False'
[0.233s] Level 5:colcon.colcon_core.verb:set package 'pal_pro_gripper_simulation' build argument 'cmake_force_configure' from command line to 'False'
[0.233s] Level 5:colcon.colcon_core.verb:set package 'pal_pro_gripper_simulation' build argument 'ament_cmake_args' from command line to 'None'
[0.233s] Level 5:colcon.colcon_core.verb:set package 'pal_pro_gripper_simulation' build argument 'catkin_cmake_args' from command line to 'None'
[0.233s] Level 5:colcon.colcon_core.verb:set package 'pal_pro_gripper_simulation' build argument 'catkin_skip_building_tests' from command line to 'False'
[0.233s] DEBUG:colcon.colcon_core.verb:Building package 'pal_pro_gripper_simulation' with the following arguments: {'ament_cmake_args': None, 'build_base': '/home/user/exchange/workspace/build/pal_pro_gripper_simulation', 'catkin_cmake_args': None, 'catkin_skip_building_tests': False, 'cmake_args': None, 'cmake_clean_cache': False, 'cmake_clean_first': False, 'cmake_force_configure': False, 'cmake_target': None, 'cmake_target_skip_unavailable': False, 'install_base': '/home/user/exchange/workspace/install/pal_pro_gripper_simulation', 'merge_install': False, 'path': '/home/user/exchange/workspace/src/pal_pro_gripper/pal_pro_gripper_simulation', 'symlink_install': False, 'test_result_base': None}
[0.233s] Level 5:colcon.colcon_core.verb:set package 'pal_sea_arm_controller_configuration' build argument 'cmake_args' from command line to 'None'
[0.233s] Level 5:colcon.colcon_core.verb:set package 'pal_sea_arm_controller_configuration' build argument 'cmake_target' from command line to 'None'
[0.233s] Level 5:colcon.colcon_core.verb:set package 'pal_sea_arm_controller_configuration' build argument 'cmake_target_skip_unavailable' from command line to 'False'
[0.233s] Level 5:colcon.colcon_core.verb:set package 'pal_sea_arm_controller_configuration' build argument 'cmake_clean_cache' from command line to 'False'
[0.233s] Level 5:colcon.colcon_core.verb:set package 'pal_sea_arm_controller_configuration' build argument 'cmake_clean_first' from command line to 'False'
[0.233s] Level 5:colcon.colcon_core.verb:set package 'pal_sea_arm_controller_configuration' build argument 'cmake_force_configure' from command line to 'False'
[0.233s] Level 5:colcon.colcon_core.verb:set package 'pal_sea_arm_controller_configuration' build argument 'ament_cmake_args' from command line to 'None'
[0.233s] Level 5:colcon.colcon_core.verb:set package 'pal_sea_arm_controller_configuration' build argument 'catkin_cmake_args' from command line to 'None'
[0.233s] Level 5:colcon.colcon_core.verb:set package 'pal_sea_arm_controller_configuration' build argument 'catkin_skip_building_tests' from command line to 'False'
[0.233s] DEBUG:colcon.colcon_core.verb:Building package 'pal_sea_arm_controller_configuration' with the following arguments: {'ament_cmake_args': None, 'build_base': '/home/user/exchange/workspace/build/pal_sea_arm_controller_configuration', 'catkin_cmake_args': None, 'catkin_skip_building_tests': False, 'cmake_args': None, 'cmake_clean_cache': False, 'cmake_clean_first': False, 'cmake_force_configure': False, 'cmake_target': None, 'cmake_target_skip_unavailable': False, 'install_base': '/home/user/exchange/workspace/install/pal_sea_arm_controller_configuration', 'merge_install': False, 'path': '/home/user/exchange/workspace/src/pal_sea_arm/pal_sea_arm_controller_configuration', 'symlink_install': False, 'test_result_base': None}
[0.234s] Level 5:colcon.colcon_core.verb:set package 'pal_sea_arm_description' build argument 'cmake_args' from command line to 'None'
[0.234s] Level 5:colcon.colcon_core.verb:set package 'pal_sea_arm_description' build argument 'cmake_target' from command line to 'None'
[0.234s] Level 5:colcon.colcon_core.verb:set package 'pal_sea_arm_description' build argument 'cmake_target_skip_unavailable' from command line to 'False'
[0.234s] Level 5:colcon.colcon_core.verb:set package 'pal_sea_arm_description' build argument 'cmake_clean_cache' from command line to 'False'
[0.234s] Level 5:colcon.colcon_core.verb:set package 'pal_sea_arm_description' build argument 'cmake_clean_first' from command line to 'False'
[0.234s] Level 5:colcon.colcon_core.verb:set package 'pal_sea_arm_description' build argument 'cmake_force_configure' from command line to 'False'
[0.234s] Level 5:colcon.colcon_core.verb:set package 'pal_sea_arm_description' build argument 'ament_cmake_args' from command line to 'None'
[0.234s] Level 5:colcon.colcon_core.verb:set package 'pal_sea_arm_description' build argument 'catkin_cmake_args' from command line to 'None'
[0.234s] Level 5:colcon.colcon_core.verb:set package 'pal_sea_arm_description' build argument 'catkin_skip_building_tests' from command line to 'False'
[0.234s] DEBUG:colcon.colcon_core.verb:Building package 'pal_sea_arm_description' with the following arguments: {'ament_cmake_args': None, 'build_base': '/home/user/exchange/workspace/build/pal_sea_arm_description', 'catkin_cmake_args': None, 'catkin_skip_building_tests': False, 'cmake_args': None, 'cmake_clean_cache': False, 'cmake_clean_first': False, 'cmake_force_configure': False, 'cmake_target': None, 'cmake_target_skip_unavailable': False, 'install_base': '/home/user/exchange/workspace/install/pal_sea_arm_description', 'merge_install': False, 'path': '/home/user/exchange/workspace/src/pal_sea_arm/pal_sea_arm_description', 'symlink_install': False, 'test_result_base': None}
[0.234s] Level 5:colcon.colcon_core.verb:set package 'tiago_pro_controller_configuration' build argument 'cmake_args' from command line to 'None'
[0.234s] Level 5:colcon.colcon_core.verb:set package 'tiago_pro_controller_configuration' build argument 'cmake_target' from command line to 'None'
[0.234s] Level 5:colcon.colcon_core.verb:set package 'tiago_pro_controller_configuration' build argument 'cmake_target_skip_unavailable' from command line to 'False'
[0.234s] Level 5:colcon.colcon_core.verb:set package 'tiago_pro_controller_configuration' build argument 'cmake_clean_cache' from command line to 'False'
[0.234s] Level 5:colcon.colcon_core.verb:set package 'tiago_pro_controller_configuration' build argument 'cmake_clean_first' from command line to 'False'
[0.234s] Level 5:colcon.colcon_core.verb:set package 'tiago_pro_controller_configuration' build argument 'cmake_force_configure' from command line to 'False'
[0.234s] Level 5:colcon.colcon_core.verb:set package 'tiago_pro_controller_configuration' build argument 'ament_cmake_args' from command line to 'None'
[0.234s] Level 5:colcon.colcon_core.verb:set package 'tiago_pro_controller_configuration' build argument 'catkin_cmake_args' from command line to 'None'
[0.234s] Level 5:colcon.colcon_core.verb:set package 'tiago_pro_controller_configuration' build argument 'catkin_skip_building_tests' from command line to 'False'
[0.234s] DEBUG:colcon.colcon_core.verb:Building package 'tiago_pro_controller_configuration' with the following arguments: {'ament_cmake_args': None, 'build_base': '/home/user/exchange/workspace/build/tiago_pro_controller_configuration', 'catkin_cmake_args': None, 'catkin_skip_building_tests': False, 'cmake_args': None, 'cmake_clean_cache': False, 'cmake_clean_first': False, 'cmake_force_configure': False, 'cmake_target': None, 'cmake_target_skip_unavailable': False, 'install_base': '/home/user/exchange/workspace/install/tiago_pro_controller_configuration', 'merge_install': False, 'path': '/home/user/exchange/workspace/src/tiago_pro_robot/tiago_pro_controller_configuration', 'symlink_install': False, 'test_result_base': None}
[0.234s] Level 5:colcon.colcon_core.verb:set package 'pal_sea_arm_bringup' build argument 'cmake_args' from command line to 'None'
[0.234s] Level 5:colcon.colcon_core.verb:set package 'pal_sea_arm_bringup' build argument 'cmake_target' from command line to 'None'
[0.234s] Level 5:colcon.colcon_core.verb:set package 'pal_sea_arm_bringup' build argument 'cmake_target_skip_unavailable' from command line to 'False'
[0.234s] Level 5:colcon.colcon_core.verb:set package 'pal_sea_arm_bringup' build argument 'cmake_clean_cache' from command line to 'False'
[0.234s] Level 5:colcon.colcon_core.verb:set package 'pal_sea_arm_bringup' build argument 'cmake_clean_first' from command line to 'False'
[0.234s] Level 5:colcon.colcon_core.verb:set package 'pal_sea_arm_bringup' build argument 'cmake_force_configure' from command line to 'False'
[0.234s] Level 5:colcon.colcon_core.verb:set package 'pal_sea_arm_bringup' build argument 'ament_cmake_args' from command line to 'None'
[0.234s] Level 5:colcon.colcon_core.verb:set package 'pal_sea_arm_bringup' build argument 'catkin_cmake_args' from command line to 'None'
[0.234s] Level 5:colcon.colcon_core.verb:set package 'pal_sea_arm_bringup' build argument 'catkin_skip_building_tests' from command line to 'False'
[0.235s] DEBUG:colcon.colcon_core.verb:Building package 'pal_sea_arm_bringup' with the following arguments: {'ament_cmake_args': None, 'build_base': '/home/user/exchange/workspace/build/pal_sea_arm_bringup', 'catkin_cmake_args': None, 'catkin_skip_building_tests': False, 'cmake_args': None, 'cmake_clean_cache': False, 'cmake_clean_first': False, 'cmake_force_configure': False, 'cmake_target': None, 'cmake_target_skip_unavailable': False, 'install_base': '/home/user/exchange/workspace/install/pal_sea_arm_bringup', 'merge_install': False, 'path': '/home/user/exchange/workspace/src/pal_sea_arm/pal_sea_arm_bringup', 'symlink_install': False, 'test_result_base': None}
[0.235s] Level 5:colcon.colcon_core.verb:set package 'pal_sea_arm_moveit_config' build argument 'cmake_args' from command line to 'None'
[0.235s] Level 5:colcon.colcon_core.verb:set package 'pal_sea_arm_moveit_config' build argument 'cmake_target' from command line to 'None'
[0.235s] Level 5:colcon.colcon_core.verb:set package 'pal_sea_arm_moveit_config' build argument 'cmake_target_skip_unavailable' from command line to 'False'
[0.235s] Level 5:colcon.colcon_core.verb:set package 'pal_sea_arm_moveit_config' build argument 'cmake_clean_cache' from command line to 'False'
[0.235s] Level 5:colcon.colcon_core.verb:set package 'pal_sea_arm_moveit_config' build argument 'cmake_clean_first' from command line to 'False'
[0.235s] Level 5:colcon.colcon_core.verb:set package 'pal_sea_arm_moveit_config' build argument 'cmake_force_configure' from command line to 'False'
[0.235s] Level 5:colcon.colcon_core.verb:set package 'pal_sea_arm_moveit_config' build argument 'ament_cmake_args' from command line to 'None'
[0.235s] Level 5:colcon.colcon_core.verb:set package 'pal_sea_arm_moveit_config' build argument 'catkin_cmake_args' from command line to 'None'
[0.235s] Level 5:colcon.colcon_core.verb:set package 'pal_sea_arm_moveit_config' build argument 'catkin_skip_building_tests' from command line to 'False'
[0.235s] DEBUG:colcon.colcon_core.verb:Building package 'pal_sea_arm_moveit_config' with the following arguments: {'ament_cmake_args': None, 'build_base': '/home/user/exchange/workspace/build/pal_sea_arm_moveit_config', 'catkin_cmake_args': None, 'catkin_skip_building_tests': False, 'cmake_args': None, 'cmake_clean_cache': False, 'cmake_clean_first': False, 'cmake_force_configure': False, 'cmake_target': None, 'cmake_target_skip_unavailable': False, 'install_base': '/home/user/exchange/workspace/install/pal_sea_arm_moveit_config', 'merge_install': False, 'path': '/home/user/exchange/workspace/src/pal_sea_arm_moveit_config', 'symlink_install': False, 'test_result_base': None}
[0.236s] Level 5:colcon.colcon_core.verb:set package 'tiago_pro_bringup' build argument 'cmake_args' from command line to 'None'
[0.236s] Level 5:colcon.colcon_core.verb:set package 'tiago_pro_bringup' build argument 'cmake_target' from command line to 'None'
[0.236s] Level 5:colcon.colcon_core.verb:set package 'tiago_pro_bringup' build argument 'cmake_target_skip_unavailable' from command line to 'False'
[0.236s] Level 5:colcon.colcon_core.verb:set package 'tiago_pro_bringup' build argument 'cmake_clean_cache' from command line to 'False'
[0.236s] Level 5:colcon.colcon_core.verb:set package 'tiago_pro_bringup' build argument 'cmake_clean_first' from command line to 'False'
[0.236s] Level 5:colcon.colcon_core.verb:set package 'tiago_pro_bringup' build argument 'cmake_force_configure' from command line to 'False'
[0.236s] Level 5:colcon.colcon_core.verb:set package 'tiago_pro_bringup' build argument 'ament_cmake_args' from command line to 'None'
[0.236s] Level 5:colcon.colcon_core.verb:set package 'tiago_pro_bringup' build argument 'catkin_cmake_args' from command line to 'None'
[0.236s] Level 5:colcon.colcon_core.verb:set package 'tiago_pro_bringup' build argument 'catkin_skip_building_tests' from command line to 'False'
[0.236s] DEBUG:colcon.colcon_core.verb:Building package 'tiago_pro_bringup' with the following arguments: {'ament_cmake_args': None, 'build_base': '/home/user/exchange/workspace/build/tiago_pro_bringup', 'catkin_cmake_args': None, 'catkin_skip_building_tests': False, 'cmake_args': None, 'cmake_clean_cache': False, 'cmake_clean_first': False, 'cmake_force_configure': False, 'cmake_target': None, 'cmake_target_skip_unavailable': False, 'install_base': '/home/user/exchange/workspace/install/tiago_pro_bringup', 'merge_install': False, 'path': '/home/user/exchange/workspace/src/tiago_pro_robot/tiago_pro_bringup', 'symlink_install': False, 'test_result_base': None}
[0.236s] Level 5:colcon.colcon_core.verb:set package 'tiago_pro_description' build argument 'cmake_args' from command line to 'None'
[0.236s] Level 5:colcon.colcon_core.verb:set package 'tiago_pro_description' build argument 'cmake_target' from command line to 'None'
[0.236s] Level 5:colcon.colcon_core.verb:set package 'tiago_pro_description' build argument 'cmake_target_skip_unavailable' from command line to 'False'
[0.236s] Level 5:colcon.colcon_core.verb:set package 'tiago_pro_description' build argument 'cmake_clean_cache' from command line to 'False'
[0.236s] Level 5:colcon.colcon_core.verb:set package 'tiago_pro_description' build argument 'cmake_clean_first' from command line to 'False'
[0.236s] Level 5:colcon.colcon_core.verb:set package 'tiago_pro_description' build argument 'cmake_force_configure' from command line to 'False'
[0.236s] Level 5:colcon.colcon_core.verb:set package 'tiago_pro_description' build argument 'ament_cmake_args' from command line to 'None'
[0.236s] Level 5:colcon.colcon_core.verb:set package 'tiago_pro_description' build argument 'catkin_cmake_args' from command line to 'None'
[0.236s] Level 5:colcon.colcon_core.verb:set package 'tiago_pro_description' build argument 'catkin_skip_building_tests' from command line to 'False'
[0.237s] DEBUG:colcon.colcon_core.verb:Building package 'tiago_pro_description' with the following arguments: {'ament_cmake_args': None, 'build_base': '/home/user/exchange/workspace/build/tiago_pro_description', 'catkin_cmake_args': None, 'catkin_skip_building_tests': False, 'cmake_args': None, 'cmake_clean_cache': False, 'cmake_clean_first': False, 'cmake_force_configure': False, 'cmake_target': None, 'cmake_target_skip_unavailable': False, 'install_base': '/home/user/exchange/workspace/install/tiago_pro_description', 'merge_install': False, 'path': '/home/user/exchange/workspace/src/tiago_pro_robot/tiago_pro_description', 'symlink_install': False, 'test_result_base': None}
[0.237s] Level 5:colcon.colcon_core.verb:set package 'pal_sea_arm' build argument 'cmake_args' from command line to 'None'
[0.237s] Level 5:colcon.colcon_core.verb:set package 'pal_sea_arm' build argument 'cmake_target' from command line to 'None'
[0.237s] Level 5:colcon.colcon_core.verb:set package 'pal_sea_arm' build argument 'cmake_target_skip_unavailable' from command line to 'False'
[0.237s] Level 5:colcon.colcon_core.verb:set package 'pal_sea_arm' build argument 'cmake_clean_cache' from command line to 'False'
[0.237s] Level 5:colcon.colcon_core.verb:set package 'pal_sea_arm' build argument 'cmake_clean_first' from command line to 'False'
[0.237s] Level 5:colcon.colcon_core.verb:set package 'pal_sea_arm' build argument 'cmake_force_configure' from command line to 'False'
[0.237s] Level 5:colcon.colcon_core.verb:set package 'pal_sea_arm' build argument 'ament_cmake_args' from command line to 'None'
[0.237s] Level 5:colcon.colcon_core.verb:set package 'pal_sea_arm' build argument 'catkin_cmake_args' from command line to 'None'
[0.237s] Level 5:colcon.colcon_core.verb:set package 'pal_sea_arm' build argument 'catkin_skip_building_tests' from command line to 'False'
[0.237s] DEBUG:colcon.colcon_core.verb:Building package 'pal_sea_arm' with the following arguments: {'ament_cmake_args': None, 'build_base': '/home/user/exchange/workspace/build/pal_sea_arm', 'catkin_cmake_args': None, 'catkin_skip_building_tests': False, 'cmake_args': None, 'cmake_clean_cache': False, 'cmake_clean_first': False, 'cmake_force_configure': False, 'cmake_target': None, 'cmake_target_skip_unavailable': False, 'install_base': '/home/user/exchange/workspace/install/pal_sea_arm', 'merge_install': False, 'path': '/home/user/exchange/workspace/src/pal_sea_arm/pal_sea_arm', 'symlink_install': False, 'test_result_base': None}
[0.237s] Level 5:colcon.colcon_core.verb:set package 'tiago_pro_moveit_config' build argument 'cmake_args' from command line to 'None'
[0.237s] Level 5:colcon.colcon_core.verb:set package 'tiago_pro_moveit_config' build argument 'cmake_target' from command line to 'None'
[0.237s] Level 5:colcon.colcon_core.verb:set package 'tiago_pro_moveit_config' build argument 'cmake_target_skip_unavailable' from command line to 'False'
[0.237s] Level 5:colcon.colcon_core.verb:set package 'tiago_pro_moveit_config' build argument 'cmake_clean_cache' from command line to 'False'
[0.237s] Level 5:colcon.colcon_core.verb:set package 'tiago_pro_moveit_config' build argument 'cmake_clean_first' from command line to 'False'
[0.237s] Level 5:colcon.colcon_core.verb:set package 'tiago_pro_moveit_config' build argument 'cmake_force_configure' from command line to 'False'
[0.237s] Level 5:colcon.colcon_core.verb:set package 'tiago_pro_moveit_config' build argument 'ament_cmake_args' from command line to 'None'
[0.237s] Level 5:colcon.colcon_core.verb:set package 'tiago_pro_moveit_config' build argument 'catkin_cmake_args' from command line to 'None'
[0.237s] Level 5:colcon.colcon_core.verb:set package 'tiago_pro_moveit_config' build argument 'catkin_skip_building_tests' from command line to 'False'
[0.237s] DEBUG:colcon.colcon_core.verb:Building package 'tiago_pro_moveit_config' with the following arguments: {'ament_cmake_args': None, 'build_base': '/home/user/exchange/workspace/build/tiago_pro_moveit_config', 'catkin_cmake_args': None, 'catkin_skip_building_tests': False, 'cmake_args': None, 'cmake_clean_cache': False, 'cmake_clean_first': False, 'cmake_force_configure': False, 'cmake_target': None, 'cmake_target_skip_unavailable': False, 'install_base': '/home/user/exchange/workspace/install/tiago_pro_moveit_config', 'merge_install': False, 'path': '/home/user/exchange/workspace/src/tiago_pro_moveit_config', 'symlink_install': False, 'test_result_base': None}
[0.237s] Level 5:colcon.colcon_core.verb:set package 'tiago_pro_robot' build argument 'cmake_args' from command line to 'None'
[0.237s] Level 5:colcon.colcon_core.verb:set package 'tiago_pro_robot' build argument 'cmake_target' from command line to 'None'
[0.237s] Level 5:colcon.colcon_core.verb:set package 'tiago_pro_robot' build argument 'cmake_target_skip_unavailable' from command line to 'False'
[0.237s] Level 5:colcon.colcon_core.verb:set package 'tiago_pro_robot' build argument 'cmake_clean_cache' from command line to 'False'
[0.237s] Level 5:colcon.colcon_core.verb:set package 'tiago_pro_robot' build argument 'cmake_clean_first' from command line to 'False'
[0.237s] Level 5:colcon.colcon_core.verb:set package 'tiago_pro_robot' build argument 'cmake_force_configure' from command line to 'False'
[0.237s] Level 5:colcon.colcon_core.verb:set package 'tiago_pro_robot' build argument 'ament_cmake_args' from command line to 'None'
[0.237s] Level 5:colcon.colcon_core.verb:set package 'tiago_pro_robot' build argument 'catkin_cmake_args' from command line to 'None'
[0.238s] Level 5:colcon.colcon_core.verb:set package 'tiago_pro_robot' build argument 'catkin_skip_building_tests' from command line to 'False'
[0.238s] DEBUG:colcon.colcon_core.verb:Building package 'tiago_pro_robot' with the following arguments: {'ament_cmake_args': None, 'build_base': '/home/user/exchange/workspace/build/tiago_pro_robot', 'catkin_cmake_args': None, 'catkin_skip_building_tests': False, 'cmake_args': None, 'cmake_clean_cache': False, 'cmake_clean_first': False, 'cmake_force_configure': False, 'cmake_target': None, 'cmake_target_skip_unavailable': False, 'install_base': '/home/user/exchange/workspace/install/tiago_pro_robot', 'merge_install': False, 'path': '/home/user/exchange/workspace/src/tiago_pro_robot/tiago_pro_robot', 'symlink_install': False, 'test_result_base': None}
[0.238s] Level 5:colcon.colcon_core.verb:set package 'tiago_pro_gazebo' build argument 'cmake_args' from command line to 'None'
[0.238s] Level 5:colcon.colcon_core.verb:set package 'tiago_pro_gazebo' build argument 'cmake_target' from command line to 'None'
[0.238s] Level 5:colcon.colcon_core.verb:set package 'tiago_pro_gazebo' build argument 'cmake_target_skip_unavailable' from command line to 'False'
[0.238s] Level 5:colcon.colcon_core.verb:set package 'tiago_pro_gazebo' build argument 'cmake_clean_cache' from command line to 'False'
[0.238s] Level 5:colcon.colcon_core.verb:set package 'tiago_pro_gazebo' build argument 'cmake_clean_first' from command line to 'False'
[0.238s] Level 5:colcon.colcon_core.verb:set package 'tiago_pro_gazebo' build argument 'cmake_force_configure' from command line to 'False'
[0.238s] Level 5:colcon.colcon_core.verb:set package 'tiago_pro_gazebo' build argument 'ament_cmake_args' from command line to 'None'
[0.238s] Level 5:colcon.colcon_core.verb:set package 'tiago_pro_gazebo' build argument 'catkin_cmake_args' from command line to 'None'
[0.238s] Level 5:colcon.colcon_core.verb:set package 'tiago_pro_gazebo' build argument 'catkin_skip_building_tests' from command line to 'False'
[0.238s] DEBUG:colcon.colcon_core.verb:Building package 'tiago_pro_gazebo' with the following arguments: {'ament_cmake_args': None, 'build_base': '/home/user/exchange/workspace/build/tiago_pro_gazebo', 'catkin_cmake_args': None, 'catkin_skip_building_tests': False, 'cmake_args': None, 'cmake_clean_cache': False, 'cmake_clean_first': False, 'cmake_force_configure': False, 'cmake_target': None, 'cmake_target_skip_unavailable': False, 'install_base': '/home/user/exchange/workspace/install/tiago_pro_gazebo', 'merge_install': False, 'path': '/home/user/exchange/workspace/src/tiago_pro_simulation/tiago_pro_gazebo', 'symlink_install': False, 'test_result_base': None}
[0.238s] Level 5:colcon.colcon_core.verb:set package 'tiago_pro_mujoco' build argument 'cmake_args' from command line to 'None'
[0.238s] Level 5:colcon.colcon_core.verb:set package 'tiago_pro_mujoco' build argument 'cmake_target' from command line to 'None'
[0.238s] Level 5:colcon.colcon_core.verb:set package 'tiago_pro_mujoco' build argument 'cmake_target_skip_unavailable' from command line to 'False'
[0.238s] Level 5:colcon.colcon_core.verb:set package 'tiago_pro_mujoco' build argument 'cmake_clean_cache' from command line to 'False'
[0.238s] Level 5:colcon.colcon_core.verb:set package 'tiago_pro_mujoco' build argument 'cmake_clean_first' from command line to 'False'
[0.238s] Level 5:colcon.colcon_core.verb:set package 'tiago_pro_mujoco' build argument 'cmake_force_configure' from command line to 'False'
[0.238s] Level 5:colcon.colcon_core.verb:set package 'tiago_pro_mujoco' build argument 'ament_cmake_args' from command line to 'None'
[0.238s] Level 5:colcon.colcon_core.verb:set package 'tiago_pro_mujoco' build argument 'catkin_cmake_args' from command line to 'None'
[0.238s] Level 5:colcon.colcon_core.verb:set package 'tiago_pro_mujoco' build argument 'catkin_skip_building_tests' from command line to 'False'
[0.238s] DEBUG:colcon.colcon_core.verb:Building package 'tiago_pro_mujoco' with the following arguments: {'ament_cmake_args': None, 'build_base': '/home/user/exchange/workspace/build/tiago_pro_mujoco', 'catkin_cmake_args': None, 'catkin_skip_building_tests': False, 'cmake_args': None, 'cmake_clean_cache': False, 'cmake_clean_first': False, 'cmake_force_configure': False, 'cmake_target': None, 'cmake_target_skip_unavailable': False, 'install_base': '/home/user/exchange/workspace/install/tiago_pro_mujoco', 'merge_install': False, 'path': '/home/user/exchange/workspace/src/tiago_pro_simulation/tiago_pro_mujoco', 'symlink_install': False, 'test_result_base': None}
[0.238s] Level 5:colcon.colcon_core.verb:set package 'tiago_pro_simulation' build argument 'cmake_args' from command line to 'None'
[0.238s] Level 5:colcon.colcon_core.verb:set package 'tiago_pro_simulation' build argument 'cmake_target' from command line to 'None'
[0.238s] Level 5:colcon.colcon_core.verb:set package 'tiago_pro_simulation' build argument 'cmake_target_skip_unavailable' from command line to 'False'
[0.238s] Level 5:colcon.colcon_core.verb:set package 'tiago_pro_simulation' build argument 'cmake_clean_cache' from command line to 'False'
[0.238s] Level 5:colcon.colcon_core.verb:set package 'tiago_pro_simulation' build argument 'cmake_clean_first' from command line to 'False'
[0.238s] Level 5:colcon.colcon_core.verb:set package 'tiago_pro_simulation' build argument 'cmake_force_configure' from command line to 'False'
[0.238s] Level 5:colcon.colcon_core.verb:set package 'tiago_pro_simulation' build argument 'ament_cmake_args' from command line to 'None'
[0.238s] Level 5:colcon.colcon_core.verb:set package 'tiago_pro_simulation' build argument 'catkin_cmake_args' from command line to 'None'
[0.238s] Level 5:colcon.colcon_core.verb:set package 'tiago_pro_simulation' build argument 'catkin_skip_building_tests' from command line to 'False'
[0.238s] DEBUG:colcon.colcon_core.verb:Building package 'tiago_pro_simulation' with the following arguments: {'ament_cmake_args': None, 'build_base': '/home/user/exchange/workspace/build/tiago_pro_simulation', 'catkin_cmake_args': None, 'catkin_skip_building_tests': False, 'cmake_args': None, 'cmake_clean_cache': False, 'cmake_clean_first': False, 'cmake_force_configure': False, 'cmake_target': None, 'cmake_target_skip_unavailable': False, 'install_base': '/home/user/exchange/workspace/install/tiago_pro_simulation', 'merge_install': False, 'path': '/home/user/exchange/workspace/src/tiago_pro_simulation/tiago_pro_simulation', 'symlink_install': False, 'test_result_base': None}
[0.239s] Level 5:colcon.colcon_core.verb:set package 'pick_task' build argument 'cmake_args' from command line to 'None'
[0.239s] Level 5:colcon.colcon_core.verb:set package 'pick_task' build argument 'cmake_target' from command line to 'None'
[0.239s] Level 5:colcon.colcon_core.verb:set package 'pick_task' build argument 'cmake_target_skip_unavailable' from command line to 'False'
[0.239s] Level 5:colcon.colcon_core.verb:set package 'pick_task' build argument 'cmake_clean_cache' from command line to 'False'
[0.239s] Level 5:colcon.colcon_core.verb:set package 'pick_task' build argument 'cmake_clean_first' from command line to 'False'
[0.239s] Level 5:colcon.colcon_core.verb:set package 'pick_task' build argument 'cmake_force_configure' from command line to 'False'
[0.239s] Level 5:colcon.colcon_core.verb:set package 'pick_task' build argument 'ament_cmake_args' from command line to 'None'
[0.239s] Level 5:colcon.colcon_core.verb:set package 'pick_task' build argument 'catkin_cmake_args' from command line to 'None'
[0.239s] Level 5:colcon.colcon_core.verb:set package 'pick_task' build argument 'catkin_skip_building_tests' from command line to 'False'
[0.239s] DEBUG:colcon.colcon_core.verb:Building package 'pick_task' with the following arguments: {'ament_cmake_args': None, 'build_base': '/home/user/exchange/workspace/build/pick_task', 'catkin_cmake_args': None, 'catkin_skip_building_tests': False, 'cmake_args': None, 'cmake_clean_cache': False, 'cmake_clean_first': False, 'cmake_force_configure': False, 'cmake_target': None, 'cmake_target_skip_unavailable': False, 'install_base': '/home/user/exchange/workspace/install/pick_task', 'merge_install': False, 'path': '/home/user/exchange/workspace/src/pick_task', 'symlink_install': False, 'test_result_base': None}
[0.239s] Level 5:colcon.colcon_core.verb:set package 'tiago_manipulation_tasks' build argument 'cmake_args' from command line to 'None'
[0.239s] Level 5:colcon.colcon_core.verb:set package 'tiago_manipulation_tasks' build argument 'cmake_target' from command line to 'None'
[0.239s] Level 5:colcon.colcon_core.verb:set package 'tiago_manipulation_tasks' build argument 'cmake_target_skip_unavailable' from command line to 'False'
[0.239s] Level 5:colcon.colcon_core.verb:set package 'tiago_manipulation_tasks' build argument 'cmake_clean_cache' from command line to 'False'
[0.239s] Level 5:colcon.colcon_core.verb:set package 'tiago_manipulation_tasks' build argument 'cmake_clean_first' from command line to 'False'
[0.239s] Level 5:colcon.colcon_core.verb:set package 'tiago_manipulation_tasks' build argument 'cmake_force_configure' from command line to 'False'
[0.239s] Level 5:colcon.colcon_core.verb:set package 'tiago_manipulation_tasks' build argument 'ament_cmake_args' from command line to 'None'
[0.239s] Level 5:colcon.colcon_core.verb:set package 'tiago_manipulation_tasks' build argument 'catkin_cmake_args' from command line to 'None'
[0.239s] Level 5:colcon.colcon_core.verb:set package 'tiago_manipulation_tasks' build argument 'catkin_skip_building_tests' from command line to 'False'
[0.239s] DEBUG:colcon.colcon_core.verb:Building package 'tiago_manipulation_tasks' with the following arguments: {'ament_cmake_args': None, 'build_base': '/home/user/exchange/workspace/build/tiago_manipulation_tasks', 'catkin_cmake_args': None, 'catkin_skip_building_tests': False, 'cmake_args': None, 'cmake_clean_cache': False, 'cmake_clean_first': False, 'cmake_force_configure': False, 'cmake_target': None, 'cmake_target_skip_unavailable': False, 'install_base': '/home/user/exchange/workspace/install/tiago_manipulation_tasks', 'merge_install': False, 'path': '/home/user/exchange/workspace/src/tiago_manipulation_tasks', 'symlink_install': False, 'test_result_base': None}
[0.239s] INFO:colcon.colcon_core.executor:Executing jobs using 'parallel' executor
[0.240s] DEBUG:colcon.colcon_parallel_executor.executor.parallel:run_until_complete
[0.240s] INFO:colcon.colcon_ros.task.ament_python.build:Building ROS package in '/home/user/exchange/workspace/src/pal_pro_gripper/pal_pro_gripper_wrapper' with build type 'ament_python'
[0.240s] Level 1:colcon.colcon_core.shell:create_environment_hook('pal_pro_gripper_wrapper', 'ament_prefix_path')
[0.242s] INFO:colcon.colcon_core.plugin_system:Skipping extension 'colcon_core.shell.bat': Not used on non-Windows systems
[0.242s] INFO:colcon.colcon_core.shell:Creating environment hook '/home/user/exchange/workspace/install/pal_pro_gripper_wrapper/share/pal_pro_gripper_wrapper/hook/ament_prefix_path.ps1'
[0.243s] INFO:colcon.colcon_core.shell:Creating environment descriptor '/home/user/exchange/workspace/install/pal_pro_gripper_wrapper/share/pal_pro_gripper_wrapper/hook/ament_prefix_path.dsv'
[0.243s] INFO:colcon.colcon_core.shell:Creating environment hook '/home/user/exchange/workspace/install/pal_pro_gripper_wrapper/share/pal_pro_gripper_wrapper/hook/ament_prefix_path.sh'
[0.244s] INFO:colcon.colcon_core.shell:Skip shell extension 'powershell' for command environment: Not usable outside of PowerShell
[0.244s] DEBUG:colcon.colcon_core.shell:Skip shell extension 'dsv' for command environment
[0.247s] INFO:colcon.colcon_ros.task.ament_cmake.build:Building ROS package in '/home/user/exchange/workspace/src/pal_pro_gripper/pal_pro_gripper_description' with build type 'ament_cmake'
[0.248s] INFO:colcon.colcon_cmake.task.cmake.build:Building CMake package in '/home/user/exchange/workspace/src/pal_pro_gripper/pal_pro_gripper_description'
[0.248s] INFO:colcon.colcon_core.shell:Skip shell extension 'powershell' for command environment: Not usable outside of PowerShell
[0.248s] DEBUG:colcon.colcon_core.shell:Skip shell extension 'dsv' for command environment
[0.251s] INFO:colcon.colcon_ros.task.ament_cmake.build:Building ROS package in '/home/user/exchange/workspace/src/tiago_pro_navigation/tiago_pro_laser_sensors' with build type 'ament_cmake'
[0.251s] INFO:colcon.colcon_cmake.task.cmake.build:Building CMake package in '/home/user/exchange/workspace/src/tiago_pro_navigation/tiago_pro_laser_sensors'
[0.252s] INFO:colcon.colcon_core.shell:Skip shell extension 'powershell' for command environment: Not usable outside of PowerShell
[0.252s] DEBUG:colcon.colcon_core.shell:Skip shell extension 'dsv' for command environment
[0.255s] INFO:colcon.colcon_ros.task.ament_cmake.build:Building ROS package in '/home/user/exchange/workspace/src/pal_gazebo_worlds' with build type 'ament_cmake'
[0.255s] INFO:colcon.colcon_cmake.task.cmake.build:Building CMake package in '/home/user/exchange/workspace/src/pal_gazebo_worlds'
[0.255s] INFO:colcon.colcon_core.shell:Skip shell extension 'powershell' for command environment: Not usable outside of PowerShell
[0.255s] DEBUG:colcon.colcon_core.shell:Skip shell extension 'dsv' for command environment
[0.258s] INFO:colcon.colcon_ros.task.ament_cmake.build:Building ROS package in '/home/user/exchange/workspace/src/tiago_pro_navigation/tiago_pro_2dnav' with build type 'ament_cmake'
[0.258s] INFO:colcon.colcon_cmake.task.cmake.build:Building CMake package in '/home/user/exchange/workspace/src/tiago_pro_navigation/tiago_pro_2dnav'
[0.258s] INFO:colcon.colcon_core.shell:Skip shell extension 'powershell' for command environment: Not usable outside of PowerShell
[0.258s] DEBUG:colcon.colcon_core.shell:Skip shell extension 'dsv' for command environment
[0.262s] INFO:colcon.colcon_ros.task.ament_cmake.build:Building ROS package in '/home/user/exchange/workspace/src/tiago_pro_navigation/tiago_pro_rgbd_sensors' with build type 'ament_cmake'
[0.262s] INFO:colcon.colcon_cmake.task.cmake.build:Building CMake package in '/home/user/exchange/workspace/src/tiago_pro_navigation/tiago_pro_rgbd_sensors'
[0.262s] INFO:colcon.colcon_core.shell:Skip shell extension 'powershell' for command environment: Not usable outside of PowerShell
[0.262s] DEBUG:colcon.colcon_core.shell:Skip shell extension 'dsv' for command environment
[0.413s] INFO:colcon.colcon_core.task.python.build:Building Python package in '/home/user/exchange/workspace/src/pal_pro_gripper/pal_pro_gripper_wrapper'
[0.413s] INFO:colcon.colcon_core.shell:Skip shell extension 'powershell' for command environment: Not usable outside of PowerShell
[0.413s] DEBUG:colcon.colcon_core.shell:Skip shell extension 'dsv' for command environment
[0.418s] DEBUG:colcon.colcon_core.event_handler.log_command:Invoking command in '/home/user/exchange/workspace/build/pal_pro_gripper_description': CMAKE_PREFIX_PATH=${CMAKE_PREFIX_PATH}:/home/user/exchange/workspace/install/pick_task:/home/user/exchange/workspace/install/pal_pro_gripper_wrapper:/opt/ros/humble /usr/bin/cmake --build /home/user/exchange/workspace/build/pal_pro_gripper_description -- -j12 -l12
[0.421s] DEBUG:colcon.colcon_core.event_handler.log_command:Invoking command in '/home/user/exchange/workspace/build/tiago_pro_laser_sensors': CMAKE_PREFIX_PATH=${CMAKE_PREFIX_PATH}:/home/user/exchange/workspace/install/pick_task:/home/user/exchange/workspace/install/pal_pro_gripper_wrapper:/opt/ros/humble /usr/bin/cmake --build /home/user/exchange/workspace/build/tiago_pro_laser_sensors -- -j12 -l12
[0.422s] DEBUG:colcon.colcon_core.event_handler.log_command:Invoking command in '/home/user/exchange/workspace/build/pal_gazebo_worlds': CMAKE_PREFIX_PATH=${CMAKE_PREFIX_PATH}:/home/user/exchange/workspace/install/pick_task:/home/user/exchange/workspace/install/pal_pro_gripper_wrapper:/opt/ros/humble /usr/bin/cmake --build /home/user/exchange/workspace/build/pal_gazebo_worlds -- -j12 -l12
[0.425s] DEBUG:colcon.colcon_core.event_handler.log_command:Invoking command in '/home/user/exchange/workspace/build/tiago_pro_2dnav': CMAKE_PREFIX_PATH=${CMAKE_PREFIX_PATH}:/home/user/exchange/workspace/install/pick_task:/home/user/exchange/workspace/install/pal_pro_gripper_wrapper:/opt/ros/humble /usr/bin/cmake --build /home/user/exchange/workspace/build/tiago_pro_2dnav -- -j12 -l12
[0.429s] DEBUG:colcon.colcon_core.event_handler.log_command:Invoking command in '/home/user/exchange/workspace/build/tiago_pro_rgbd_sensors': CMAKE_PREFIX_PATH=${CMAKE_PREFIX_PATH}:/home/user/exchange/workspace/install/pick_task:/home/user/exchange/workspace/install/pal_pro_gripper_wrapper:/opt/ros/humble /usr/bin/cmake --build /home/user/exchange/workspace/build/tiago_pro_rgbd_sensors -- -j12 -l12
[0.449s] DEBUG:colcon.colcon_core.event_handler.log_command:Invoked command in '/home/user/exchange/workspace/build/tiago_pro_laser_sensors' returned '0': CMAKE_PREFIX_PATH=${CMAKE_PREFIX_PATH}:/home/user/exchange/workspace/install/pick_task:/home/user/exchange/workspace/install/pal_pro_gripper_wrapper:/opt/ros/humble /usr/bin/cmake --build /home/user/exchange/workspace/build/tiago_pro_laser_sensors -- -j12 -l12
[0.455s] DEBUG:colcon.colcon_core.event_handler.log_command:Invoking command in '/home/user/exchange/workspace/build/tiago_pro_laser_sensors': CMAKE_PREFIX_PATH=${CMAKE_PREFIX_PATH}:/home/user/exchange/workspace/install/pick_task:/home/user/exchange/workspace/install/pal_pro_gripper_wrapper:/opt/ros/humble /usr/bin/cmake --install /home/user/exchange/workspace/build/tiago_pro_laser_sensors
[0.458s] DEBUG:colcon.colcon_core.event_handler.log_command:Invoked command in '/home/user/exchange/workspace/build/pal_gazebo_worlds' returned '0': CMAKE_PREFIX_PATH=${CMAKE_PREFIX_PATH}:/home/user/exchange/workspace/install/pick_task:/home/user/exchange/workspace/install/pal_pro_gripper_wrapper:/opt/ros/humble /usr/bin/cmake --build /home/user/exchange/workspace/build/pal_gazebo_worlds -- -j12 -l12
[0.459s] DEBUG:colcon.colcon_core.event_handler.log_command:Invoking command in '/home/user/exchange/workspace/build/pal_gazebo_worlds': CMAKE_PREFIX_PATH=${CMAKE_PREFIX_PATH}:/home/user/exchange/workspace/install/pick_task:/home/user/exchange/workspace/install/pal_pro_gripper_wrapper:/opt/ros/humble /usr/bin/cmake --install /home/user/exchange/workspace/build/pal_gazebo_worlds
[0.460s] DEBUG:colcon.colcon_core.event_handler.log_command:Invoked command in '/home/user/exchange/workspace/build/tiago_pro_2dnav' returned '0': CMAKE_PREFIX_PATH=${CMAKE_PREFIX_PATH}:/home/user/exchange/workspace/install/pick_task:/home/user/exchange/workspace/install/pal_pro_gripper_wrapper:/opt/ros/humble /usr/bin/cmake --build /home/user/exchange/workspace/build/tiago_pro_2dnav -- -j12 -l12
[0.461s] DEBUG:colcon.colcon_core.event_handler.log_command:Invoking command in '/home/user/exchange/workspace/build/tiago_pro_2dnav': CMAKE_PREFIX_PATH=${CMAKE_PREFIX_PATH}:/home/user/exchange/workspace/install/pick_task:/home/user/exchange/workspace/install/pal_pro_gripper_wrapper:/opt/ros/humble /usr/bin/cmake --install /home/user/exchange/workspace/build/tiago_pro_2dnav
[0.463s] DEBUG:colcon.colcon_core.event_handler.log_command:Invoked command in '/home/user/exchange/workspace/build/tiago_pro_rgbd_sensors' returned '0': CMAKE_PREFIX_PATH=${CMAKE_PREFIX_PATH}:/home/user/exchange/workspace/install/pick_task:/home/user/exchange/workspace/install/pal_pro_gripper_wrapper:/opt/ros/humble /usr/bin/cmake --build /home/user/exchange/workspace/build/tiago_pro_rgbd_sensors -- -j12 -l12
[0.467s] Level 1:colcon.colcon_core.environment:create_environment_scripts_only(tiago_pro_laser_sensors)
[0.470s] DEBUG:colcon.colcon_core.event_handler.log_command:Invoking command in '/home/user/exchange/workspace/build/tiago_pro_rgbd_sensors': CMAKE_PREFIX_PATH=${CMAKE_PREFIX_PATH}:/home/user/exchange/workspace/install/pick_task:/home/user/exchange/workspace/install/pal_pro_gripper_wrapper:/opt/ros/humble /usr/bin/cmake --install /home/user/exchange/workspace/build/tiago_pro_rgbd_sensors
[0.477s] Level 1:colcon.colcon_core.environment:checking '/home/user/exchange/workspace/install/tiago_pro_laser_sensors' for CMake module files
[0.479s] Level 1:colcon.colcon_core.environment:checking '/home/user/exchange/workspace/install/tiago_pro_laser_sensors' for CMake config files
[0.480s] Level 1:colcon.colcon_core.shell:create_environment_hook('tiago_pro_laser_sensors', 'cmake_prefix_path')
[0.480s] INFO:colcon.colcon_core.shell:Creating environment hook '/home/user/exchange/workspace/install/tiago_pro_laser_sensors/share/tiago_pro_laser_sensors/hook/cmake_prefix_path.ps1'
[0.480s] DEBUG:colcon.colcon_core.event_handler.log_command:Invoked command in '/home/user/exchange/workspace/build/tiago_pro_laser_sensors' returned '0': CMAKE_PREFIX_PATH=${CMAKE_PREFIX_PATH}:/home/user/exchange/workspace/install/pick_task:/home/user/exchange/workspace/install/pal_pro_gripper_wrapper:/opt/ros/humble /usr/bin/cmake --install /home/user/exchange/workspace/build/tiago_pro_laser_sensors
[0.481s] INFO:colcon.colcon_core.shell:Creating environment descriptor '/home/user/exchange/workspace/install/tiago_pro_laser_sensors/share/tiago_pro_laser_sensors/hook/cmake_prefix_path.dsv'
[0.482s] INFO:colcon.colcon_core.shell:Creating environment hook '/home/user/exchange/workspace/install/tiago_pro_laser_sensors/share/tiago_pro_laser_sensors/hook/cmake_prefix_path.sh'
[0.483s] Level 1:colcon.colcon_core.environment:checking '/home/user/exchange/workspace/install/tiago_pro_laser_sensors/bin'
[0.483s] Level 1:colcon.colcon_core.environment:checking '/home/user/exchange/workspace/install/tiago_pro_laser_sensors/lib/pkgconfig/tiago_pro_laser_sensors.pc'
[0.484s] Level 1:colcon.colcon_core.environment:checking '/home/user/exchange/workspace/install/tiago_pro_laser_sensors/lib/python3.10/site-packages'
[0.484s] Level 1:colcon.colcon_core.environment:checking '/home/user/exchange/workspace/install/tiago_pro_laser_sensors/bin'
[0.484s] INFO:colcon.colcon_core.shell:Creating package script '/home/user/exchange/workspace/install/tiago_pro_laser_sensors/share/tiago_pro_laser_sensors/package.ps1'
[0.485s] INFO:colcon.colcon_core.shell:Creating package descriptor '/home/user/exchange/workspace/install/tiago_pro_laser_sensors/share/tiago_pro_laser_sensors/package.dsv'
[0.486s] INFO:colcon.colcon_core.shell:Creating package script '/home/user/exchange/workspace/install/tiago_pro_laser_sensors/share/tiago_pro_laser_sensors/package.sh'
[0.487s] INFO:colcon.colcon_core.shell:Creating package script '/home/user/exchange/workspace/install/tiago_pro_laser_sensors/share/tiago_pro_laser_sensors/package.bash'
[0.487s] INFO:colcon.colcon_core.shell:Creating package script '/home/user/exchange/workspace/install/tiago_pro_laser_sensors/share/tiago_pro_laser_sensors/package.zsh'
[0.488s] Level 1:colcon.colcon_core.environment:create_file_with_runtime_dependencies(/home/user/exchange/workspace/install/tiago_pro_laser_sensors/share/colcon-core/packages/tiago_pro_laser_sensors)
[0.489s] Level 1:colcon.colcon_core.environment:create_environment_scripts_only(tiago_pro_laser_sensors)
[0.489s] Level 1:colcon.colcon_core.environment:checking '/home/user/exchange/workspace/install/tiago_pro_laser_sensors' for CMake module files
[0.489s] Level 1:colcon.colcon_core.environment:checking '/home/user/exchange/workspace/install/tiago_pro_laser_sensors' for CMake config files
[0.490s] Level 1:colcon.colcon_core.shell:create_environment_hook('tiago_pro_laser_sensors', 'cmake_prefix_path')
[0.490s] INFO:colcon.colcon_core.shell:Creating environment hook '/home/user/exchange/workspace/install/tiago_pro_laser_sensors/share/tiago_pro_laser_sensors/hook/cmake_prefix_path.ps1'
[0.490s] INFO:colcon.colcon_core.shell:Creating environment descriptor '/home/user/exchange/workspace/install/tiago_pro_laser_sensors/share/tiago_pro_laser_sensors/hook/cmake_prefix_path.dsv'
[0.491s] INFO:colcon.colcon_core.shell:Creating environment hook '/home/user/exchange/workspace/install/tiago_pro_laser_sensors/share/tiago_pro_laser_sensors/hook/cmake_prefix_path.sh'
[0.492s] Level 1:colcon.colcon_core.environment:checking '/home/user/exchange/workspace/install/tiago_pro_laser_sensors/bin'
[0.493s] Level 1:colcon.colcon_core.environment:checking '/home/user/exchange/workspace/install/tiago_pro_laser_sensors/lib/pkgconfig/tiago_pro_laser_sensors.pc'
[0.493s] Level 1:colcon.colcon_core.environment:checking '/home/user/exchange/workspace/install/tiago_pro_laser_sensors/lib/python3.10/site-packages'
[0.493s] Level 1:colcon.colcon_core.environment:checking '/home/user/exchange/workspace/install/tiago_pro_laser_sensors/bin'
[0.493s] INFO:colcon.colcon_core.shell:Creating package script '/home/user/exchange/workspace/install/tiago_pro_laser_sensors/share/tiago_pro_laser_sensors/package.ps1'
[0.494s] INFO:colcon.colcon_core.shell:Creating package descriptor '/home/user/exchange/workspace/install/tiago_pro_laser_sensors/share/tiago_pro_laser_sensors/package.dsv'
[0.495s] INFO:colcon.colcon_core.shell:Creating package script '/home/user/exchange/workspace/install/tiago_pro_laser_sensors/share/tiago_pro_laser_sensors/package.sh'
[0.495s] INFO:colcon.colcon_core.shell:Creating package script '/home/user/exchange/workspace/install/tiago_pro_laser_sensors/share/tiago_pro_laser_sensors/package.bash'
[0.496s] INFO:colcon.colcon_core.shell:Creating package script '/home/user/exchange/workspace/install/tiago_pro_laser_sensors/share/tiago_pro_laser_sensors/package.zsh'
[0.496s] Level 1:colcon.colcon_core.environment:create_file_with_runtime_dependencies(/home/user/exchange/workspace/install/tiago_pro_laser_sensors/share/colcon-core/packages/tiago_pro_laser_sensors)
[0.498s] Level 1:colcon.colcon_core.environment:create_environment_scripts_only(tiago_pro_2dnav)
[0.498s] Level 1:colcon.colcon_core.environment:checking '/home/user/exchange/workspace/install/tiago_pro_2dnav' for CMake module files
[0.499s] Level 1:colcon.colcon_core.environment:checking '/home/user/exchange/workspace/install/tiago_pro_2dnav' for CMake config files
[0.500s] Level 1:colcon.colcon_core.shell:create_environment_hook('tiago_pro_2dnav', 'cmake_prefix_path')
[0.500s] INFO:colcon.colcon_core.shell:Creating environment hook '/home/user/exchange/workspace/install/tiago_pro_2dnav/share/tiago_pro_2dnav/hook/cmake_prefix_path.ps1'
[0.501s] INFO:colcon.colcon_core.shell:Creating environment descriptor '/home/user/exchange/workspace/install/tiago_pro_2dnav/share/tiago_pro_2dnav/hook/cmake_prefix_path.dsv'
[0.501s] INFO:colcon.colcon_core.shell:Creating environment hook '/home/user/exchange/workspace/install/tiago_pro_2dnav/share/tiago_pro_2dnav/hook/cmake_prefix_path.sh'
[0.503s] Level 1:colcon.colcon_core.environment:checking '/home/user/exchange/workspace/install/tiago_pro_2dnav/bin'
[0.503s] Level 1:colcon.colcon_core.environment:checking '/home/user/exchange/workspace/install/tiago_pro_2dnav/lib/pkgconfig/tiago_pro_2dnav.pc'
[0.503s] Level 1:colcon.colcon_core.environment:checking '/home/user/exchange/workspace/install/tiago_pro_2dnav/lib/python3.10/site-packages'
[0.504s] Level 1:colcon.colcon_core.environment:checking '/home/user/exchange/workspace/install/tiago_pro_2dnav/bin'
[0.504s] INFO:colcon.colcon_core.shell:Creating package script '/home/user/exchange/workspace/install/tiago_pro_2dnav/share/tiago_pro_2dnav/package.ps1'
[0.505s] INFO:colcon.colcon_core.shell:Creating package descriptor '/home/user/exchange/workspace/install/tiago_pro_2dnav/share/tiago_pro_2dnav/package.dsv'
[0.505s] INFO:colcon.colcon_core.shell:Creating package script '/home/user/exchange/workspace/install/tiago_pro_2dnav/share/tiago_pro_2dnav/package.sh'
[0.507s] INFO:colcon.colcon_core.shell:Creating package script '/home/user/exchange/workspace/install/tiago_pro_2dnav/share/tiago_pro_2dnav/package.bash'
[0.508s] INFO:colcon.colcon_core.shell:Creating package script '/home/user/exchange/workspace/install/tiago_pro_2dnav/share/tiago_pro_2dnav/package.zsh'
[0.508s] Level 1:colcon.colcon_core.environment:create_file_with_runtime_dependencies(/home/user/exchange/workspace/install/tiago_pro_2dnav/share/colcon-core/packages/tiago_pro_2dnav)
[0.509s] Level 1:colcon.colcon_core.environment:create_environment_scripts_only(tiago_pro_2dnav)
[0.509s] Level 1:colcon.colcon_core.environment:checking '/home/user/exchange/workspace/install/tiago_pro_2dnav' for CMake module files
[0.510s] Level 1:colcon.colcon_core.environment:checking '/home/user/exchange/workspace/install/tiago_pro_2dnav' for CMake config files
[0.513s] Level 1:colcon.colcon_core.shell:create_environment_hook('tiago_pro_2dnav', 'cmake_prefix_path')
[0.513s] INFO:colcon.colcon_core.shell:Creating environment hook '/home/user/exchange/workspace/install/tiago_pro_2dnav/share/tiago_pro_2dnav/hook/cmake_prefix_path.ps1'
[0.514s] INFO:colcon.colcon_core.shell:Creating environment descriptor '/home/user/exchange/workspace/install/tiago_pro_2dnav/share/tiago_pro_2dnav/hook/cmake_prefix_path.dsv'
[0.515s] INFO:colcon.colcon_core.shell:Creating environment hook '/home/user/exchange/workspace/install/tiago_pro_2dnav/share/tiago_pro_2dnav/hook/cmake_prefix_path.sh'
[0.516s] Level 1:colcon.colcon_core.environment:checking '/home/user/exchange/workspace/install/tiago_pro_2dnav/bin'
[0.516s] Level 1:colcon.colcon_core.environment:checking '/home/user/exchange/workspace/install/tiago_pro_2dnav/lib/pkgconfig/tiago_pro_2dnav.pc'
[0.516s] Level 1:colcon.colcon_core.environment:checking '/home/user/exchange/workspace/install/tiago_pro_2dnav/lib/python3.10/site-packages'
[0.516s] Level 1:colcon.colcon_core.environment:checking '/home/user/exchange/workspace/install/tiago_pro_2dnav/bin'
[0.517s] INFO:colcon.colcon_core.shell:Creating package script '/home/user/exchange/workspace/install/tiago_pro_2dnav/share/tiago_pro_2dnav/package.ps1'
[0.518s] INFO:colcon.colcon_core.shell:Creating package descriptor '/home/user/exchange/workspace/install/tiago_pro_2dnav/share/tiago_pro_2dnav/package.dsv'
[0.519s] INFO:colcon.colcon_core.shell:Creating package script '/home/user/exchange/workspace/install/tiago_pro_2dnav/share/tiago_pro_2dnav/package.sh'
[0.520s] INFO:colcon.colcon_core.shell:Creating package script '/home/user/exchange/workspace/install/tiago_pro_2dnav/share/tiago_pro_2dnav/package.bash'
[0.521s] INFO:colcon.colcon_core.shell:Creating package script '/home/user/exchange/workspace/install/tiago_pro_2dnav/share/tiago_pro_2dnav/package.zsh'
[0.523s] Level 1:colcon.colcon_core.environment:create_file_with_runtime_dependencies(/home/user/exchange/workspace/install/tiago_pro_2dnav/share/colcon-core/packages/tiago_pro_2dnav)
[0.524s] Level 1:colcon.colcon_core.environment:create_environment_scripts_only(tiago_pro_rgbd_sensors)
[0.524s] Level 1:colcon.colcon_core.environment:checking '/home/user/exchange/workspace/install/tiago_pro_rgbd_sensors' for CMake module files
[0.525s] Level 1:colcon.colcon_core.environment:checking '/home/user/exchange/workspace/install/tiago_pro_rgbd_sensors' for CMake config files
[0.526s] Level 1:colcon.colcon_core.shell:create_environment_hook('tiago_pro_rgbd_sensors', 'cmake_prefix_path')
[0.526s] INFO:colcon.colcon_core.shell:Creating environment hook '/home/user/exchange/workspace/install/tiago_pro_rgbd_sensors/share/tiago_pro_rgbd_sensors/hook/cmake_prefix_path.ps1'
[0.527s] INFO:colcon.colcon_core.shell:Creating environment descriptor '/home/user/exchange/workspace/install/tiago_pro_rgbd_sensors/share/tiago_pro_rgbd_sensors/hook/cmake_prefix_path.dsv'
[0.527s] INFO:colcon.colcon_core.shell:Creating environment hook '/home/user/exchange/workspace/install/tiago_pro_rgbd_sensors/share/tiago_pro_rgbd_sensors/hook/cmake_prefix_path.sh'
[0.532s] Level 1:colcon.colcon_core.environment:checking '/home/user/exchange/workspace/install/tiago_pro_rgbd_sensors/bin'
[0.532s] Level 1:colcon.colcon_core.environment:checking '/home/user/exchange/workspace/install/tiago_pro_rgbd_sensors/lib/pkgconfig/tiago_pro_rgbd_sensors.pc'
[0.532s] Level 1:colcon.colcon_core.environment:checking '/home/user/exchange/workspace/install/tiago_pro_rgbd_sensors/lib/python3.10/site-packages'
[0.532s] Level 1:colcon.colcon_core.environment:checking '/home/user/exchange/workspace/install/tiago_pro_rgbd_sensors/bin'
[0.533s] INFO:colcon.colcon_core.shell:Creating package script '/home/user/exchange/workspace/install/tiago_pro_rgbd_sensors/share/tiago_pro_rgbd_sensors/package.ps1'
[0.533s] INFO:colcon.colcon_core.shell:Creating package descriptor '/home/user/exchange/workspace/install/tiago_pro_rgbd_sensors/share/tiago_pro_rgbd_sensors/package.dsv'
[0.534s] INFO:colcon.colcon_core.shell:Creating package script '/home/user/exchange/workspace/install/tiago_pro_rgbd_sensors/share/tiago_pro_rgbd_sensors/package.sh'
[0.534s] INFO:colcon.colcon_core.shell:Creating package script '/home/user/exchange/workspace/install/tiago_pro_rgbd_sensors/share/tiago_pro_rgbd_sensors/package.bash'
[0.535s] INFO:colcon.colcon_core.shell:Creating package script '/home/user/exchange/workspace/install/tiago_pro_rgbd_sensors/share/tiago_pro_rgbd_sensors/package.zsh'
[0.535s] Level 1:colcon.colcon_core.environment:create_file_with_runtime_dependencies(/home/user/exchange/workspace/install/tiago_pro_rgbd_sensors/share/colcon-core/packages/tiago_pro_rgbd_sensors)
[0.536s] Level 1:colcon.colcon_core.environment:create_environment_scripts_only(tiago_pro_rgbd_sensors)
[0.536s] Level 1:colcon.colcon_core.environment:checking '/home/user/exchange/workspace/install/tiago_pro_rgbd_sensors' for CMake module files
[0.537s] Level 1:colcon.colcon_core.environment:checking '/home/user/exchange/workspace/install/tiago_pro_rgbd_sensors' for CMake config files
[0.537s] Level 1:colcon.colcon_core.shell:create_environment_hook('tiago_pro_rgbd_sensors', 'cmake_prefix_path')
[0.537s] INFO:colcon.colcon_core.shell:Creating environment hook '/home/user/exchange/workspace/install/tiago_pro_rgbd_sensors/share/tiago_pro_rgbd_sensors/hook/cmake_prefix_path.ps1'
[0.538s] INFO:colcon.colcon_core.shell:Creating environment descriptor '/home/user/exchange/workspace/install/tiago_pro_rgbd_sensors/share/tiago_pro_rgbd_sensors/hook/cmake_prefix_path.dsv'
[0.539s] INFO:colcon.colcon_core.shell:Creating environment hook '/home/user/exchange/workspace/install/tiago_pro_rgbd_sensors/share/tiago_pro_rgbd_sensors/hook/cmake_prefix_path.sh'
[0.539s] Level 1:colcon.colcon_core.environment:checking '/home/user/exchange/workspace/install/tiago_pro_rgbd_sensors/bin'
[0.539s] Level 1:colcon.colcon_core.environment:checking '/home/user/exchange/workspace/install/tiago_pro_rgbd_sensors/lib/pkgconfig/tiago_pro_rgbd_sensors.pc'
[0.540s] Level 1:colcon.colcon_core.environment:checking '/home/user/exchange/workspace/install/tiago_pro_rgbd_sensors/lib/python3.10/site-packages'
[0.540s] Level 1:colcon.colcon_core.environment:checking '/home/user/exchange/workspace/install/tiago_pro_rgbd_sensors/bin'
[0.540s] INFO:colcon.colcon_core.shell:Creating package script '/home/user/exchange/workspace/install/tiago_pro_rgbd_sensors/share/tiago_pro_rgbd_sensors/package.ps1'
[0.541s] INFO:colcon.colcon_core.shell:Creating package descriptor '/home/user/exchange/workspace/install/tiago_pro_rgbd_sensors/share/tiago_pro_rgbd_sensors/package.dsv'
[0.541s] INFO:colcon.colcon_core.shell:Creating package script '/home/user/exchange/workspace/install/tiago_pro_rgbd_sensors/share/tiago_pro_rgbd_sensors/package.sh'
[0.542s] DEBUG:colcon.colcon_core.event_handler.log_command:Invoked command in '/home/user/exchange/workspace/build/tiago_pro_2dnav' returned '0': CMAKE_PREFIX_PATH=${CMAKE_PREFIX_PATH}:/home/user/exchange/workspace/install/pick_task:/home/user/exchange/workspace/install/pal_pro_gripper_wrapper:/opt/ros/humble /usr/bin/cmake --install /home/user/exchange/workspace/build/tiago_pro_2dnav
[0.542s] INFO:colcon.colcon_core.shell:Creating package script '/home/user/exchange/workspace/install/tiago_pro_rgbd_sensors/share/tiago_pro_rgbd_sensors/package.bash'
[0.542s] DEBUG:colcon.colcon_core.event_handler.log_command:Invoked command in '/home/user/exchange/workspace/build/tiago_pro_rgbd_sensors' returned '0': CMAKE_PREFIX_PATH=${CMAKE_PREFIX_PATH}:/home/user/exchange/workspace/install/pick_task:/home/user/exchange/workspace/install/pal_pro_gripper_wrapper:/opt/ros/humble /usr/bin/cmake --install /home/user/exchange/workspace/build/tiago_pro_rgbd_sensors
[0.543s] INFO:colcon.colcon_core.shell:Creating package script '/home/user/exchange/workspace/install/tiago_pro_rgbd_sensors/share/tiago_pro_rgbd_sensors/package.zsh'
[0.543s] Level 1:colcon.colcon_core.environment:create_file_with_runtime_dependencies(/home/user/exchange/workspace/install/tiago_pro_rgbd_sensors/share/colcon-core/packages/tiago_pro_rgbd_sensors)
[0.543s] Level 1:colcon.colcon_core.environment:create_environment_scripts_only(pal_gazebo_worlds)
[0.543s] Level 1:colcon.colcon_core.environment:checking '/home/user/exchange/workspace/install/pal_gazebo_worlds' for CMake module files
[0.544s] DEBUG:colcon.colcon_core.event_handler.log_command:Invoked command in '/home/user/exchange/workspace/build/pal_gazebo_worlds' returned '0': CMAKE_PREFIX_PATH=${CMAKE_PREFIX_PATH}:/home/user/exchange/workspace/install/pick_task:/home/user/exchange/workspace/install/pal_pro_gripper_wrapper:/opt/ros/humble /usr/bin/cmake --install /home/user/exchange/workspace/build/pal_gazebo_worlds
[0.544s] Level 1:colcon.colcon_core.environment:checking '/home/user/exchange/workspace/install/pal_gazebo_worlds' for CMake config files
[0.547s] Level 1:colcon.colcon_core.shell:create_environment_hook('pal_gazebo_worlds', 'cmake_prefix_path')
[0.547s] INFO:colcon.colcon_core.shell:Creating environment hook '/home/user/exchange/workspace/install/pal_gazebo_worlds/share/pal_gazebo_worlds/hook/cmake_prefix_path.ps1'
[0.548s] INFO:colcon.colcon_core.shell:Creating environment descriptor '/home/user/exchange/workspace/install/pal_gazebo_worlds/share/pal_gazebo_worlds/hook/cmake_prefix_path.dsv'
[0.548s] INFO:colcon.colcon_core.shell:Creating environment hook '/home/user/exchange/workspace/install/pal_gazebo_worlds/share/pal_gazebo_worlds/hook/cmake_prefix_path.sh'
[0.548s] Level 1:colcon.colcon_core.environment:checking '/home/user/exchange/workspace/install/pal_gazebo_worlds/bin'
[0.548s] Level 1:colcon.colcon_core.environment:checking '/home/user/exchange/workspace/install/pal_gazebo_worlds/lib/pkgconfig/pal_gazebo_worlds.pc'
[0.549s] Level 1:colcon.colcon_core.environment:checking '/home/user/exchange/workspace/install/pal_gazebo_worlds/lib/python3.10/site-packages'
[0.549s] Level 1:colcon.colcon_core.environment:checking '/home/user/exchange/workspace/install/pal_gazebo_worlds/bin'
[0.549s] INFO:colcon.colcon_core.shell:Creating package script '/home/user/exchange/workspace/install/pal_gazebo_worlds/share/pal_gazebo_worlds/package.ps1'
[0.550s] INFO:colcon.colcon_core.shell:Creating package descriptor '/home/user/exchange/workspace/install/pal_gazebo_worlds/share/pal_gazebo_worlds/package.dsv'
[0.550s] INFO:colcon.colcon_core.shell:Creating package script '/home/user/exchange/workspace/install/pal_gazebo_worlds/share/pal_gazebo_worlds/package.sh'
[0.550s] INFO:colcon.colcon_core.shell:Creating package script '/home/user/exchange/workspace/install/pal_gazebo_worlds/share/pal_gazebo_worlds/package.bash'
[0.550s] INFO:colcon.colcon_core.shell:Creating package script '/home/user/exchange/workspace/install/pal_gazebo_worlds/share/pal_gazebo_worlds/package.zsh'
[0.551s] Level 1:colcon.colcon_core.environment:create_file_with_runtime_dependencies(/home/user/exchange/workspace/install/pal_gazebo_worlds/share/colcon-core/packages/pal_gazebo_worlds)
[0.551s] Level 1:colcon.colcon_core.environment:create_environment_scripts_only(pal_gazebo_worlds)
[0.551s] Level 1:colcon.colcon_core.environment:checking '/home/user/exchange/workspace/install/pal_gazebo_worlds' for CMake module files
[0.551s] Level 1:colcon.colcon_core.environment:checking '/home/user/exchange/workspace/install/pal_gazebo_worlds' for CMake config files
[0.555s] Level 1:colcon.colcon_core.shell:create_environment_hook('pal_gazebo_worlds', 'cmake_prefix_path')
[0.555s] INFO:colcon.colcon_core.shell:Creating environment hook '/home/user/exchange/workspace/install/pal_gazebo_worlds/share/pal_gazebo_worlds/hook/cmake_prefix_path.ps1'
[0.556s] INFO:colcon.colcon_core.shell:Creating environment descriptor '/home/user/exchange/workspace/install/pal_gazebo_worlds/share/pal_gazebo_worlds/hook/cmake_prefix_path.dsv'
[0.556s] INFO:colcon.colcon_core.shell:Creating environment hook '/home/user/exchange/workspace/install/pal_gazebo_worlds/share/pal_gazebo_worlds/hook/cmake_prefix_path.sh'
[0.556s] Level 1:colcon.colcon_core.environment:checking '/home/user/exchange/workspace/install/pal_gazebo_worlds/bin'
[0.556s] Level 1:colcon.colcon_core.environment:checking '/home/user/exchange/workspace/install/pal_gazebo_worlds/lib/pkgconfig/pal_gazebo_worlds.pc'
[0.557s] Level 1:colcon.colcon_core.environment:checking '/home/user/exchange/workspace/install/pal_gazebo_worlds/lib/python3.10/site-packages'
[0.557s] Level 1:colcon.colcon_core.environment:checking '/home/user/exchange/workspace/install/pal_gazebo_worlds/bin'
[0.557s] INFO:colcon.colcon_core.shell:Creating package script '/home/user/exchange/workspace/install/pal_gazebo_worlds/share/pal_gazebo_worlds/package.ps1'
[0.558s] INFO:colcon.colcon_core.shell:Creating package descriptor '/home/user/exchange/workspace/install/pal_gazebo_worlds/share/pal_gazebo_worlds/package.dsv'
[0.558s] INFO:colcon.colcon_core.shell:Creating package script '/home/user/exchange/workspace/install/pal_gazebo_worlds/share/pal_gazebo_worlds/package.sh'
[0.558s] INFO:colcon.colcon_core.shell:Creating package script '/home/user/exchange/workspace/install/pal_gazebo_worlds/share/pal_gazebo_worlds/package.bash'
[0.558s] INFO:colcon.colcon_core.shell:Creating package script '/home/user/exchange/workspace/install/pal_gazebo_worlds/share/pal_gazebo_worlds/package.zsh'
[0.559s] Level 1:colcon.colcon_core.environment:create_file_with_runtime_dependencies(/home/user/exchange/workspace/install/pal_gazebo_worlds/share/colcon-core/packages/pal_gazebo_worlds)
[0.559s] INFO:colcon.colcon_ros.task.ament_cmake.build:Building ROS package in '/home/user/exchange/workspace/src/tiago_pro_navigation/tiago_pro_navigation' with build type 'ament_cmake'
[0.559s] INFO:colcon.colcon_cmake.task.cmake.build:Building CMake package in '/home/user/exchange/workspace/src/tiago_pro_navigation/tiago_pro_navigation'
[0.559s] INFO:colcon.colcon_core.shell:Skip shell extension 'powershell' for command environment: Not usable outside of PowerShell
[0.559s] DEBUG:colcon.colcon_core.shell:Skip shell extension 'dsv' for command environment
[0.568s] DEBUG:colcon.colcon_core.event_handler.log_command:Invoking command in '/home/user/exchange/workspace/build/tiago_pro_navigation': CMAKE_PREFIX_PATH=/home/user/exchange/workspace/install/tiago_pro_rgbd_sensors:/home/user/exchange/workspace/install/tiago_pro_laser_sensors:/home/user/exchange/workspace/install/tiago_pro_2dnav:/home/user/exchange/workspace/install/tiago_manipulation_tasks:/home/user/exchange/workspace/install/tiago_pro_simulation:/home/user/exchange/workspace/install/tiago_pro_robot:/home/user/exchange/workspace/install/tiago_pro_navigation:/home/user/exchange/workspace/install/tiago_pro_gazebo:/home/user/exchange/workspace/install/tiago_pro_mujoco:/home/user/exchange/workspace/install/tiago_pro_moveit_config:/home/user/exchange/workspace/install/tiago_pro_description:/home/user/exchange/workspace/install/tiago_pro_bringup:/home/user/exchange/workspace/install/tiago_pro_controller_configuration:/home/user/exchange/workspace/install/pal_sea_arm_moveit_config:/home/user/exchange/workspace/install/pal_sea_arm:/home/user/exchange/workspace/install/pal_sea_arm_bringup:/home/user/exchange/workspace/install/pal_sea_arm_description:/home/user/exchange/workspace/install/pal_sea_arm_controller_configuration:/home/user/exchange/workspace/install/pal_pro_gripper_simulation:/home/user/exchange/workspace/install/pal_pro_gripper_bringup:/home/user/exchange/workspace/install/pal_pro_gripper:/home/user/exchange/workspace/install/pal_pro_gripper_controller_configuration:/home/user/exchange/workspace/install/pal_pro_gripper_description:/home/user/exchange/workspace/install/pal_gazebo_worlds:/home/user/exchange/workspace/install/pick_task:/home/user/exchange/workspace/install/pal_pro_gripper_wrapper:/opt/ros/humble /usr/bin/cmake --build /home/user/exchange/workspace/build/tiago_pro_navigation -- -j12 -l12
[0.593s] DEBUG:colcon.colcon_core.event_handler.log_command:Invoked command in '/home/user/exchange/workspace/build/tiago_pro_navigation' returned '0': CMAKE_PREFIX_PATH=/home/user/exchange/workspace/install/tiago_pro_rgbd_sensors:/home/user/exchange/workspace/install/tiago_pro_laser_sensors:/home/user/exchange/workspace/install/tiago_pro_2dnav:/home/user/exchange/workspace/install/tiago_manipulation_tasks:/home/user/exchange/workspace/install/tiago_pro_simulation:/home/user/exchange/workspace/install/tiago_pro_robot:/home/user/exchange/workspace/install/tiago_pro_navigation:/home/user/exchange/workspace/install/tiago_pro_gazebo:/home/user/exchange/workspace/install/tiago_pro_mujoco:/home/user/exchange/workspace/install/tiago_pro_moveit_config:/home/user/exchange/workspace/install/tiago_pro_description:/home/user/exchange/workspace/install/tiago_pro_bringup:/home/user/exchange/workspace/install/tiago_pro_controller_configuration:/home/user/exchange/workspace/install/pal_sea_arm_moveit_config:/home/user/exchange/workspace/install/pal_sea_arm:/home/user/exchange/workspace/install/pal_sea_arm_bringup:/home/user/exchange/workspace/install/pal_sea_arm_description:/home/user/exchange/workspace/install/pal_sea_arm_controller_configuration:/home/user/exchange/workspace/install/pal_pro_gripper_simulation:/home/user/exchange/workspace/install/pal_pro_gripper_bringup:/home/user/exchange/workspace/install/pal_pro_gripper:/home/user/exchange/workspace/install/pal_pro_gripper_controller_configuration:/home/user/exchange/workspace/install/pal_pro_gripper_description:/home/user/exchange/workspace/install/pal_gazebo_worlds:/home/user/exchange/workspace/install/pick_task:/home/user/exchange/workspace/install/pal_pro_gripper_wrapper:/opt/ros/humble /usr/bin/cmake --build /home/user/exchange/workspace/build/tiago_pro_navigation -- -j12 -l12
[0.594s] DEBUG:colcon.colcon_core.event_handler.log_command:Invoking command in '/home/user/exchange/workspace/build/tiago_pro_navigation': CMAKE_PREFIX_PATH=/home/user/exchange/workspace/install/tiago_pro_rgbd_sensors:/home/user/exchange/workspace/install/tiago_pro_laser_sensors:/home/user/exchange/workspace/install/tiago_pro_2dnav:/home/user/exchange/workspace/install/tiago_manipulation_tasks:/home/user/exchange/workspace/install/tiago_pro_simulation:/home/user/exchange/workspace/install/tiago_pro_robot:/home/user/exchange/workspace/install/tiago_pro_navigation:/home/user/exchange/workspace/install/tiago_pro_gazebo:/home/user/exchange/workspace/install/tiago_pro_mujoco:/home/user/exchange/workspace/install/tiago_pro_moveit_config:/home/user/exchange/workspace/install/tiago_pro_description:/home/user/exchange/workspace/install/tiago_pro_bringup:/home/user/exchange/workspace/install/tiago_pro_controller_configuration:/home/user/exchange/workspace/install/pal_sea_arm_moveit_config:/home/user/exchange/workspace/install/pal_sea_arm:/home/user/exchange/workspace/install/pal_sea_arm_bringup:/home/user/exchange/workspace/install/pal_sea_arm_description:/home/user/exchange/workspace/install/pal_sea_arm_controller_configuration:/home/user/exchange/workspace/install/pal_pro_gripper_simulation:/home/user/exchange/workspace/install/pal_pro_gripper_bringup:/home/user/exchange/workspace/install/pal_pro_gripper:/home/user/exchange/workspace/install/pal_pro_gripper_controller_configuration:/home/user/exchange/workspace/install/pal_pro_gripper_description:/home/user/exchange/workspace/install/pal_gazebo_worlds:/home/user/exchange/workspace/install/pick_task:/home/user/exchange/workspace/install/pal_pro_gripper_wrapper:/opt/ros/humble /usr/bin/cmake --install /home/user/exchange/workspace/build/tiago_pro_navigation
[0.601s] Level 1:colcon.colcon_core.environment:create_environment_scripts_only(tiago_pro_navigation)
[0.602s] Level 1:colcon.colcon_core.environment:checking '/home/user/exchange/workspace/install/tiago_pro_navigation' for CMake module files
[0.602s] DEBUG:colcon.colcon_core.event_handler.log_command:Invoked command in '/home/user/exchange/workspace/build/tiago_pro_navigation' returned '0': CMAKE_PREFIX_PATH=/home/user/exchange/workspace/install/tiago_pro_rgbd_sensors:/home/user/exchange/workspace/install/tiago_pro_laser_sensors:/home/user/exchange/workspace/install/tiago_pro_2dnav:/home/user/exchange/workspace/install/tiago_manipulation_tasks:/home/user/exchange/workspace/install/tiago_pro_simulation:/home/user/exchange/workspace/install/tiago_pro_robot:/home/user/exchange/workspace/install/tiago_pro_navigation:/home/user/exchange/workspace/install/tiago_pro_gazebo:/home/user/exchange/workspace/install/tiago_pro_mujoco:/home/user/exchange/workspace/install/tiago_pro_moveit_config:/home/user/exchange/workspace/install/tiago_pro_description:/home/user/exchange/workspace/install/tiago_pro_bringup:/home/user/exchange/workspace/install/tiago_pro_controller_configuration:/home/user/exchange/workspace/install/pal_sea_arm_moveit_config:/home/user/exchange/workspace/install/pal_sea_arm:/home/user/exchange/workspace/install/pal_sea_arm_bringup:/home/user/exchange/workspace/install/pal_sea_arm_description:/home/user/exchange/workspace/install/pal_sea_arm_controller_configuration:/home/user/exchange/workspace/install/pal_pro_gripper_simulation:/home/user/exchange/workspace/install/pal_pro_gripper_bringup:/home/user/exchange/workspace/install/pal_pro_gripper:/home/user/exchange/workspace/install/pal_pro_gripper_controller_configuration:/home/user/exchange/workspace/install/pal_pro_gripper_description:/home/user/exchange/workspace/install/pal_gazebo_worlds:/home/user/exchange/workspace/install/pick_task:/home/user/exchange/workspace/install/pal_pro_gripper_wrapper:/opt/ros/humble /usr/bin/cmake --install /home/user/exchange/workspace/build/tiago_pro_navigation
[0.602s] Level 1:colcon.colcon_core.environment:checking '/home/user/exchange/workspace/install/tiago_pro_navigation' for CMake config files
[0.602s] Level 1:colcon.colcon_core.shell:create_environment_hook('tiago_pro_navigation', 'cmake_prefix_path')
[0.603s] INFO:colcon.colcon_core.shell:Creating environment hook '/home/user/exchange/workspace/install/tiago_pro_navigation/share/tiago_pro_navigation/hook/cmake_prefix_path.ps1'
[0.603s] INFO:colcon.colcon_core.shell:Creating environment descriptor '/home/user/exchange/workspace/install/tiago_pro_navigation/share/tiago_pro_navigation/hook/cmake_prefix_path.dsv'
[0.603s] INFO:colcon.colcon_core.shell:Creating environment hook '/home/user/exchange/workspace/install/tiago_pro_navigation/share/tiago_pro_navigation/hook/cmake_prefix_path.sh'
[0.603s] Level 1:colcon.colcon_core.environment:checking '/home/user/exchange/workspace/install/tiago_pro_navigation/bin'
[0.604s] Level 1:colcon.colcon_core.environment:checking '/home/user/exchange/workspace/install/tiago_pro_navigation/lib/pkgconfig/tiago_pro_navigation.pc'
[0.604s] Level 1:colcon.colcon_core.environment:checking '/home/user/exchange/workspace/install/tiago_pro_navigation/lib/python3.10/site-packages'
[0.604s] Level 1:colcon.colcon_core.environment:checking '/home/user/exchange/workspace/install/tiago_pro_navigation/bin'
[0.604s] INFO:colcon.colcon_core.shell:Creating package script '/home/user/exchange/workspace/install/tiago_pro_navigation/share/tiago_pro_navigation/package.ps1'
[0.604s] INFO:colcon.colcon_core.shell:Creating package descriptor '/home/user/exchange/workspace/install/tiago_pro_navigation/share/tiago_pro_navigation/package.dsv'
[0.605s] INFO:colcon.colcon_core.shell:Creating package script '/home/user/exchange/workspace/install/tiago_pro_navigation/share/tiago_pro_navigation/package.sh'
[0.605s] INFO:colcon.colcon_core.shell:Creating package script '/home/user/exchange/workspace/install/tiago_pro_navigation/share/tiago_pro_navigation/package.bash'
[0.605s] INFO:colcon.colcon_core.shell:Creating package script '/home/user/exchange/workspace/install/tiago_pro_navigation/share/tiago_pro_navigation/package.zsh'
[0.605s] Level 1:colcon.colcon_core.environment:create_file_with_runtime_dependencies(/home/user/exchange/workspace/install/tiago_pro_navigation/share/colcon-core/packages/tiago_pro_navigation)
[0.606s] Level 1:colcon.colcon_core.environment:create_environment_scripts_only(tiago_pro_navigation)
[0.606s] Level 1:colcon.colcon_core.environment:checking '/home/user/exchange/workspace/install/tiago_pro_navigation' for CMake module files
[0.606s] Level 1:colcon.colcon_core.environment:checking '/home/user/exchange/workspace/install/tiago_pro_navigation' for CMake config files
[0.606s] Level 1:colcon.colcon_core.shell:create_environment_hook('tiago_pro_navigation', 'cmake_prefix_path')
[0.606s] INFO:colcon.colcon_core.shell:Creating environment hook '/home/user/exchange/workspace/install/tiago_pro_navigation/share/tiago_pro_navigation/hook/cmake_prefix_path.ps1'
[0.607s] INFO:colcon.colcon_core.shell:Creating environment descriptor '/home/user/exchange/workspace/install/tiago_pro_navigation/share/tiago_pro_navigation/hook/cmake_prefix_path.dsv'
[0.607s] INFO:colcon.colcon_core.shell:Creating environment hook '/home/user/exchange/workspace/install/tiago_pro_navigation/share/tiago_pro_navigation/hook/cmake_prefix_path.sh'
[0.607s] Level 1:colcon.colcon_core.environment:checking '/home/user/exchange/workspace/install/tiago_pro_navigation/bin'
[0.607s] Level 1:colcon.colcon_core.environment:checking '/home/user/exchange/workspace/install/tiago_pro_navigation/lib/pkgconfig/tiago_pro_navigation.pc'
[0.608s] Level 1:colcon.colcon_core.environment:checking '/home/user/exchange/workspace/install/tiago_pro_navigation/lib/python3.10/site-packages'
[0.608s] Level 1:colcon.colcon_core.environment:checking '/home/user/exchange/workspace/install/tiago_pro_navigation/bin'
[0.608s] INFO:colcon.colcon_core.shell:Creating package script '/home/user/exchange/workspace/install/tiago_pro_navigation/share/tiago_pro_navigation/package.ps1'
[0.608s] INFO:colcon.colcon_core.shell:Creating package descriptor '/home/user/exchange/workspace/install/tiago_pro_navigation/share/tiago_pro_navigation/package.dsv'
[0.609s] INFO:colcon.colcon_core.shell:Creating package script '/home/user/exchange/workspace/install/tiago_pro_navigation/share/tiago_pro_navigation/package.sh'
[0.609s] INFO:colcon.colcon_core.shell:Creating package script '/home/user/exchange/workspace/install/tiago_pro_navigation/share/tiago_pro_navigation/package.bash'
[0.609s] INFO:colcon.colcon_core.shell:Creating package script '/home/user/exchange/workspace/install/tiago_pro_navigation/share/tiago_pro_navigation/package.zsh'
[0.609s] Level 1:colcon.colcon_core.environment:create_file_with_runtime_dependencies(/home/user/exchange/workspace/install/tiago_pro_navigation/share/colcon-core/packages/tiago_pro_navigation)
[0.643s] DEBUG:colcon.colcon_core.event_handler.log_command:Invoked command in '/home/user/exchange/workspace/build/pal_pro_gripper_description' returned '0': CMAKE_PREFIX_PATH=${CMAKE_PREFIX_PATH}:/home/user/exchange/workspace/install/pick_task:/home/user/exchange/workspace/install/pal_pro_gripper_wrapper:/opt/ros/humble /usr/bin/cmake --build /home/user/exchange/workspace/build/pal_pro_gripper_description -- -j12 -l12
[0.644s] DEBUG:colcon.colcon_core.event_handler.log_command:Invoking command in '/home/user/exchange/workspace/build/pal_pro_gripper_description': CMAKE_PREFIX_PATH=${CMAKE_PREFIX_PATH}:/home/user/exchange/workspace/install/pick_task:/home/user/exchange/workspace/install/pal_pro_gripper_wrapper:/opt/ros/humble /usr/bin/cmake --install /home/user/exchange/workspace/build/pal_pro_gripper_description
[0.683s] Level 1:colcon.colcon_core.environment:create_environment_scripts_only(pal_pro_gripper_description)
[0.683s] Level 1:colcon.colcon_core.environment:checking '/home/user/exchange/workspace/install/pal_pro_gripper_description' for CMake module files
[0.685s] DEBUG:colcon.colcon_core.event_handler.log_command:Invoking command in '/home/user/exchange/workspace/src/pal_pro_gripper/pal_pro_gripper_wrapper': PYTHONPATH=/home/user/exchange/workspace/build/pal_pro_gripper_wrapper/prefix_override:/usr/lib/python3/dist-packages/colcon_core/task/python/colcon_distutils_commands:/home/user/exchange/workspace/install/pal_pro_gripper_wrapper/lib/python3.10/site-packages:${PYTHONPATH} /usr/bin/python3 -W ignore:setup.py install is deprecated -W ignore:easy_install command is deprecated setup.py egg_info --egg-base ../../../build/pal_pro_gripper_wrapper build --build-base /home/user/exchange/workspace/build/pal_pro_gripper_wrapper/build install --record /home/user/exchange/workspace/build/pal_pro_gripper_wrapper/install.log --single-version-externally-managed install_data
[0.685s] DEBUG:colcon.colcon_core.event_handler.log_command:Invoked command in '/home/user/exchange/workspace/build/pal_pro_gripper_description' returned '0': CMAKE_PREFIX_PATH=${CMAKE_PREFIX_PATH}:/home/user/exchange/workspace/install/pick_task:/home/user/exchange/workspace/install/pal_pro_gripper_wrapper:/opt/ros/humble /usr/bin/cmake --install /home/user/exchange/workspace/build/pal_pro_gripper_description
[0.685s] Level 1:colcon.colcon_core.environment:checking '/home/user/exchange/workspace/install/pal_pro_gripper_description' for CMake config files
[0.685s] Level 1:colcon.colcon_core.shell:create_environment_hook('pal_pro_gripper_description', 'cmake_prefix_path')
[0.685s] INFO:colcon.colcon_core.shell:Creating environment hook '/home/user/exchange/workspace/install/pal_pro_gripper_description/share/pal_pro_gripper_description/hook/cmake_prefix_path.ps1'
[0.686s] INFO:colcon.colcon_core.shell:Creating environment descriptor '/home/user/exchange/workspace/install/pal_pro_gripper_description/share/pal_pro_gripper_description/hook/cmake_prefix_path.dsv'
[0.686s] INFO:colcon.colcon_core.shell:Creating environment hook '/home/user/exchange/workspace/install/pal_pro_gripper_description/share/pal_pro_gripper_description/hook/cmake_prefix_path.sh'
[0.686s] Level 1:colcon.colcon_core.environment:checking '/home/user/exchange/workspace/install/pal_pro_gripper_description/bin'
[0.687s] Level 1:colcon.colcon_core.environment:checking '/home/user/exchange/workspace/install/pal_pro_gripper_description/lib/pkgconfig/pal_pro_gripper_description.pc'
[0.687s] Level 1:colcon.colcon_core.environment:checking '/home/user/exchange/workspace/install/pal_pro_gripper_description/lib/python3.10/site-packages'
[0.687s] Level 1:colcon.colcon_core.environment:checking '/home/user/exchange/workspace/install/pal_pro_gripper_description/bin'
[0.687s] INFO:colcon.colcon_core.shell:Creating package script '/home/user/exchange/workspace/install/pal_pro_gripper_description/share/pal_pro_gripper_description/package.ps1'
[0.688s] INFO:colcon.colcon_core.shell:Creating package descriptor '/home/user/exchange/workspace/install/pal_pro_gripper_description/share/pal_pro_gripper_description/package.dsv'
[0.688s] INFO:colcon.colcon_core.shell:Creating package script '/home/user/exchange/workspace/install/pal_pro_gripper_description/share/pal_pro_gripper_description/package.sh'
[0.688s] INFO:colcon.colcon_core.shell:Creating package script '/home/user/exchange/workspace/install/pal_pro_gripper_description/share/pal_pro_gripper_description/package.bash'
[0.688s] INFO:colcon.colcon_core.shell:Creating package script '/home/user/exchange/workspace/install/pal_pro_gripper_description/share/pal_pro_gripper_description/package.zsh'
[0.688s] Level 1:colcon.colcon_core.environment:create_file_with_runtime_dependencies(/home/user/exchange/workspace/install/pal_pro_gripper_description/share/colcon-core/packages/pal_pro_gripper_description)
[0.689s] Level 1:colcon.colcon_core.environment:create_environment_scripts_only(pal_pro_gripper_description)
[0.689s] Level 1:colcon.colcon_core.environment:checking '/home/user/exchange/workspace/install/pal_pro_gripper_description' for CMake module files
[0.689s] Level 1:colcon.colcon_core.environment:checking '/home/user/exchange/workspace/install/pal_pro_gripper_description' for CMake config files
[0.689s] Level 1:colcon.colcon_core.shell:create_environment_hook('pal_pro_gripper_description', 'cmake_prefix_path')
[0.690s] INFO:colcon.colcon_core.shell:Creating environment hook '/home/user/exchange/workspace/install/pal_pro_gripper_description/share/pal_pro_gripper_description/hook/cmake_prefix_path.ps1'
[0.690s] INFO:colcon.colcon_core.shell:Creating environment descriptor '/home/user/exchange/workspace/install/pal_pro_gripper_description/share/pal_pro_gripper_description/hook/cmake_prefix_path.dsv'
[0.690s] INFO:colcon.colcon_core.shell:Creating environment hook '/home/user/exchange/workspace/install/pal_pro_gripper_description/share/pal_pro_gripper_description/hook/cmake_prefix_path.sh'
[0.690s] Level 1:colcon.colcon_core.environment:checking '/home/user/exchange/workspace/install/pal_pro_gripper_description/bin'
[0.691s] Level 1:colcon.colcon_core.environment:checking '/home/user/exchange/workspace/install/pal_pro_gripper_description/lib/pkgconfig/pal_pro_gripper_description.pc'
[0.691s] Level 1:colcon.colcon_core.environment:checking '/home/user/exchange/workspace/install/pal_pro_gripper_description/lib/python3.10/site-packages'
[0.691s] Level 1:colcon.colcon_core.environment:checking '/home/user/exchange/workspace/install/pal_pro_gripper_description/bin'
[0.691s] INFO:colcon.colcon_core.shell:Creating package script '/home/user/exchange/workspace/install/pal_pro_gripper_description/share/pal_pro_gripper_description/package.ps1'
[0.691s] INFO:colcon.colcon_core.shell:Creating package descriptor '/home/user/exchange/workspace/install/pal_pro_gripper_description/share/pal_pro_gripper_description/package.dsv'
[0.692s] INFO:colcon.colcon_core.shell:Creating package script '/home/user/exchange/workspace/install/pal_pro_gripper_description/share/pal_pro_gripper_description/package.sh'
[0.692s] INFO:colcon.colcon_core.shell:Creating package script '/home/user/exchange/workspace/install/pal_pro_gripper_description/share/pal_pro_gripper_description/package.bash'
[0.692s] INFO:colcon.colcon_core.shell:Creating package script '/home/user/exchange/workspace/install/pal_pro_gripper_description/share/pal_pro_gripper_description/package.zsh'
[0.692s] Level 1:colcon.colcon_core.environment:create_file_with_runtime_dependencies(/home/user/exchange/workspace/install/pal_pro_gripper_description/share/colcon-core/packages/pal_pro_gripper_description)
[0.867s] Level 1:colcon.colcon_core.environment:checking '/home/user/exchange/workspace/install/pal_pro_gripper_wrapper' for CMake module files
[0.868s] DEBUG:colcon.colcon_core.event_handler.log_command:Invoked command in '/home/user/exchange/workspace/src/pal_pro_gripper/pal_pro_gripper_wrapper' returned '0': PYTHONPATH=/home/user/exchange/workspace/build/pal_pro_gripper_wrapper/prefix_override:/usr/lib/python3/dist-packages/colcon_core/task/python/colcon_distutils_commands:/home/user/exchange/workspace/install/pal_pro_gripper_wrapper/lib/python3.10/site-packages:${PYTHONPATH} /usr/bin/python3 -W ignore:setup.py install is deprecated -W ignore:easy_install command is deprecated setup.py egg_info --egg-base ../../../build/pal_pro_gripper_wrapper build --build-base /home/user/exchange/workspace/build/pal_pro_gripper_wrapper/build install --record /home/user/exchange/workspace/build/pal_pro_gripper_wrapper/install.log --single-version-externally-managed install_data
[0.868s] Level 1:colcon.colcon_core.environment:checking '/home/user/exchange/workspace/install/pal_pro_gripper_wrapper' for CMake config files
[0.869s] Level 1:colcon.colcon_core.environment:checking '/home/user/exchange/workspace/install/pal_pro_gripper_wrapper/lib'
[0.869s] Level 1:colcon.colcon_core.environment:checking '/home/user/exchange/workspace/install/pal_pro_gripper_wrapper/bin'
[0.869s] Level 1:colcon.colcon_core.environment:checking '/home/user/exchange/workspace/install/pal_pro_gripper_wrapper/lib/pkgconfig/pal_pro_gripper_wrapper.pc'
[0.869s] Level 1:colcon.colcon_core.environment:checking '/home/user/exchange/workspace/install/pal_pro_gripper_wrapper/lib/python3.10/site-packages'
[0.869s] Level 1:colcon.colcon_core.shell:create_environment_hook('pal_pro_gripper_wrapper', 'pythonpath')
[0.869s] INFO:colcon.colcon_core.shell:Creating environment hook '/home/user/exchange/workspace/install/pal_pro_gripper_wrapper/share/pal_pro_gripper_wrapper/hook/pythonpath.ps1'
[0.870s] INFO:colcon.colcon_core.shell:Creating environment descriptor '/home/user/exchange/workspace/install/pal_pro_gripper_wrapper/share/pal_pro_gripper_wrapper/hook/pythonpath.dsv'
[0.870s] INFO:colcon.colcon_core.shell:Creating environment hook '/home/user/exchange/workspace/install/pal_pro_gripper_wrapper/share/pal_pro_gripper_wrapper/hook/pythonpath.sh'
[0.871s] Level 1:colcon.colcon_core.environment:checking '/home/user/exchange/workspace/install/pal_pro_gripper_wrapper/bin'
[0.871s] Level 1:colcon.colcon_core.environment:create_environment_scripts_only(pal_pro_gripper_wrapper)
[0.871s] INFO:colcon.colcon_core.shell:Creating package script '/home/user/exchange/workspace/install/pal_pro_gripper_wrapper/share/pal_pro_gripper_wrapper/package.ps1'
[0.871s] INFO:colcon.colcon_core.shell:Creating package descriptor '/home/user/exchange/workspace/install/pal_pro_gripper_wrapper/share/pal_pro_gripper_wrapper/package.dsv'
[0.872s] INFO:colcon.colcon_core.shell:Creating package script '/home/user/exchange/workspace/install/pal_pro_gripper_wrapper/share/pal_pro_gripper_wrapper/package.sh'
[0.872s] INFO:colcon.colcon_core.shell:Creating package script '/home/user/exchange/workspace/install/pal_pro_gripper_wrapper/share/pal_pro_gripper_wrapper/package.bash'
[0.872s] INFO:colcon.colcon_core.shell:Creating package script '/home/user/exchange/workspace/install/pal_pro_gripper_wrapper/share/pal_pro_gripper_wrapper/package.zsh'
[0.873s] Level 1:colcon.colcon_core.environment:create_file_with_runtime_dependencies(/home/user/exchange/workspace/install/pal_pro_gripper_wrapper/share/colcon-core/packages/pal_pro_gripper_wrapper)
[0.873s] INFO:colcon.colcon_ros.task.ament_cmake.build:Building ROS package in '/home/user/exchange/workspace/src/pal_pro_gripper/pal_pro_gripper_controller_configuration' with build type 'ament_cmake'
[0.873s] INFO:colcon.colcon_cmake.task.cmake.build:Building CMake package in '/home/user/exchange/workspace/src/pal_pro_gripper/pal_pro_gripper_controller_configuration'
[0.873s] INFO:colcon.colcon_core.shell:Skip shell extension 'powershell' for command environment: Not usable outside of PowerShell
[0.873s] DEBUG:colcon.colcon_core.shell:Skip shell extension 'dsv' for command environment
[0.882s] DEBUG:colcon.colcon_core.event_handler.log_command:Invoking command in '/home/user/exchange/workspace/build/pal_pro_gripper_controller_configuration': AMENT_PREFIX_PATH=/home/user/exchange/workspace/install/pal_pro_gripper_wrapper:/home/user/exchange/workspace/install/tiago_manipulation_tasks:/home/user/exchange/workspace/install/pick_task:/home/user/exchange/workspace/install/tiago_pro_simulation:/home/user/exchange/workspace/install/tiago_pro_robot:/home/user/exchange/workspace/install/tiago_pro_navigation:/home/user/exchange/workspace/install/tiago_pro_gazebo:/home/user/exchange/workspace/install/tiago_pro_rgbd_sensors:/home/user/exchange/workspace/install/tiago_pro_mujoco:/home/user/exchange/workspace/install/tiago_pro_moveit_config:/home/user/exchange/workspace/install/tiago_pro_laser_sensors:/home/user/exchange/workspace/install/tiago_pro_description:/home/user/exchange/workspace/install/tiago_pro_bringup:/home/user/exchange/workspace/install/tiago_pro_controller_configuration:/home/user/exchange/workspace/install/tiago_pro_2dnav:/home/user/exchange/workspace/install/pal_sea_arm_moveit_config:/home/user/exchange/workspace/install/pal_sea_arm:/home/user/exchange/workspace/install/pal_sea_arm_bringup:/home/user/exchange/workspace/install/pal_sea_arm_description:/home/user/exchange/workspace/install/pal_sea_arm_controller_configuration:/home/user/exchange/workspace/install/pal_pro_gripper_simulation:/home/user/exchange/workspace/install/pal_pro_gripper_bringup:/home/user/exchange/workspace/install/pal_pro_gripper:/home/user/exchange/workspace/install/pal_pro_gripper_controller_configuration:/home/user/exchange/workspace/install/pal_pro_gripper_description:/home/user/exchange/workspace/install/pal_gazebo_worlds:/opt/ros/humble CMAKE_PREFIX_PATH=${CMAKE_PREFIX_PATH}:/home/user/exchange/workspace/install/pick_task:/home/user/exchange/workspace/install/pal_pro_gripper_wrapper:/opt/ros/humble PYTHONPATH=/home/user/exchange/workspace/install/pal_pro_gripper_wrapper/lib/python3.10/site-packages:/home/user/exchange/workspace/install/pick_task/lib/python3.10/site-packages:/home/user/exchange/workspace/install/tiago_pro_description/local/lib/python3.10/dist-packages:/home/user/exchange/workspace/install/pal_sea_arm_description/local/lib/python3.10/dist-packages:/home/user/exchange/workspace/install/pal_pro_gripper_description/local/lib/python3.10/dist-packages:/opt/ros/humble/lib/python3.10/site-packages:/opt/ros/humble/local/lib/python3.10/dist-packages /usr/bin/cmake --build /home/user/exchange/workspace/build/pal_pro_gripper_controller_configuration -- -j12 -l12
[0.910s] DEBUG:colcon.colcon_core.event_handler.log_command:Invoked command in '/home/user/exchange/workspace/build/pal_pro_gripper_controller_configuration' returned '0': AMENT_PREFIX_PATH=/home/user/exchange/workspace/install/pal_pro_gripper_wrapper:/home/user/exchange/workspace/install/tiago_manipulation_tasks:/home/user/exchange/workspace/install/pick_task:/home/user/exchange/workspace/install/tiago_pro_simulation:/home/user/exchange/workspace/install/tiago_pro_robot:/home/user/exchange/workspace/install/tiago_pro_navigation:/home/user/exchange/workspace/install/tiago_pro_gazebo:/home/user/exchange/workspace/install/tiago_pro_rgbd_sensors:/home/user/exchange/workspace/install/tiago_pro_mujoco:/home/user/exchange/workspace/install/tiago_pro_moveit_config:/home/user/exchange/workspace/install/tiago_pro_laser_sensors:/home/user/exchange/workspace/install/tiago_pro_description:/home/user/exchange/workspace/install/tiago_pro_bringup:/home/user/exchange/workspace/install/tiago_pro_controller_configuration:/home/user/exchange/workspace/install/tiago_pro_2dnav:/home/user/exchange/workspace/install/pal_sea_arm_moveit_config:/home/user/exchange/workspace/install/pal_sea_arm:/home/user/exchange/workspace/install/pal_sea_arm_bringup:/home/user/exchange/workspace/install/pal_sea_arm_description:/home/user/exchange/workspace/install/pal_sea_arm_controller_configuration:/home/user/exchange/workspace/install/pal_pro_gripper_simulation:/home/user/exchange/workspace/install/pal_pro_gripper_bringup:/home/user/exchange/workspace/install/pal_pro_gripper:/home/user/exchange/workspace/install/pal_pro_gripper_controller_configuration:/home/user/exchange/workspace/install/pal_pro_gripper_description:/home/user/exchange/workspace/install/pal_gazebo_worlds:/opt/ros/humble CMAKE_PREFIX_PATH=${CMAKE_PREFIX_PATH}:/home/user/exchange/workspace/install/pick_task:/home/user/exchange/workspace/install/pal_pro_gripper_wrapper:/opt/ros/humble PYTHONPATH=/home/user/exchange/workspace/install/pal_pro_gripper_wrapper/lib/python3.10/site-packages:/home/user/exchange/workspace/install/pick_task/lib/python3.10/site-packages:/home/user/exchange/workspace/install/tiago_pro_description/local/lib/python3.10/dist-packages:/home/user/exchange/workspace/install/pal_sea_arm_description/local/lib/python3.10/dist-packages:/home/user/exchange/workspace/install/pal_pro_gripper_description/local/lib/python3.10/dist-packages:/opt/ros/humble/lib/python3.10/site-packages:/opt/ros/humble/local/lib/python3.10/dist-packages /usr/bin/cmake --build /home/user/exchange/workspace/build/pal_pro_gripper_controller_configuration -- -j12 -l12
[0.911s] DEBUG:colcon.colcon_core.event_handler.log_command:Invoking command in '/home/user/exchange/workspace/build/pal_pro_gripper_controller_configuration': AMENT_PREFIX_PATH=/home/user/exchange/workspace/install/pal_pro_gripper_wrapper:/home/user/exchange/workspace/install/tiago_manipulation_tasks:/home/user/exchange/workspace/install/pick_task:/home/user/exchange/workspace/install/tiago_pro_simulation:/home/user/exchange/workspace/install/tiago_pro_robot:/home/user/exchange/workspace/install/tiago_pro_navigation:/home/user/exchange/workspace/install/tiago_pro_gazebo:/home/user/exchange/workspace/install/tiago_pro_rgbd_sensors:/home/user/exchange/workspace/install/tiago_pro_mujoco:/home/user/exchange/workspace/install/tiago_pro_moveit_config:/home/user/exchange/workspace/install/tiago_pro_laser_sensors:/home/user/exchange/workspace/install/tiago_pro_description:/home/user/exchange/workspace/install/tiago_pro_bringup:/home/user/exchange/workspace/install/tiago_pro_controller_configuration:/home/user/exchange/workspace/install/tiago_pro_2dnav:/home/user/exchange/workspace/install/pal_sea_arm_moveit_config:/home/user/exchange/workspace/install/pal_sea_arm:/home/user/exchange/workspace/install/pal_sea_arm_bringup:/home/user/exchange/workspace/install/pal_sea_arm_description:/home/user/exchange/workspace/install/pal_sea_arm_controller_configuration:/home/user/exchange/workspace/install/pal_pro_gripper_simulation:/home/user/exchange/workspace/install/pal_pro_gripper_bringup:/home/user/exchange/workspace/install/pal_pro_gripper:/home/user/exchange/workspace/install/pal_pro_gripper_controller_configuration:/home/user/exchange/workspace/install/pal_pro_gripper_description:/home/user/exchange/workspace/install/pal_gazebo_worlds:/opt/ros/humble CMAKE_PREFIX_PATH=${CMAKE_PREFIX_PATH}:/home/user/exchange/workspace/install/pick_task:/home/user/exchange/workspace/install/pal_pro_gripper_wrapper:/opt/ros/humble PYTHONPATH=/home/user/exchange/workspace/install/pal_pro_gripper_wrapper/lib/python3.10/site-packages:/home/user/exchange/workspace/install/pick_task/lib/python3.10/site-packages:/home/user/exchange/workspace/install/tiago_pro_description/local/lib/python3.10/dist-packages:/home/user/exchange/workspace/install/pal_sea_arm_description/local/lib/python3.10/dist-packages:/home/user/exchange/workspace/install/pal_pro_gripper_description/local/lib/python3.10/dist-packages:/opt/ros/humble/lib/python3.10/site-packages:/opt/ros/humble/local/lib/python3.10/dist-packages /usr/bin/cmake --install /home/user/exchange/workspace/build/pal_pro_gripper_controller_configuration
[0.918s] Level 1:colcon.colcon_core.environment:create_environment_scripts_only(pal_pro_gripper_controller_configuration)
[0.918s] Level 1:colcon.colcon_core.environment:checking '/home/user/exchange/workspace/install/pal_pro_gripper_controller_configuration' for CMake module files
[0.918s] DEBUG:colcon.colcon_core.event_handler.log_command:Invoked command in '/home/user/exchange/workspace/build/pal_pro_gripper_controller_configuration' returned '0': AMENT_PREFIX_PATH=/home/user/exchange/workspace/install/pal_pro_gripper_wrapper:/home/user/exchange/workspace/install/tiago_manipulation_tasks:/home/user/exchange/workspace/install/pick_task:/home/user/exchange/workspace/install/tiago_pro_simulation:/home/user/exchange/workspace/install/tiago_pro_robot:/home/user/exchange/workspace/install/tiago_pro_navigation:/home/user/exchange/workspace/install/tiago_pro_gazebo:/home/user/exchange/workspace/install/tiago_pro_rgbd_sensors:/home/user/exchange/workspace/install/tiago_pro_mujoco:/home/user/exchange/workspace/install/tiago_pro_moveit_config:/home/user/exchange/workspace/install/tiago_pro_laser_sensors:/home/user/exchange/workspace/install/tiago_pro_description:/home/user/exchange/workspace/install/tiago_pro_bringup:/home/user/exchange/workspace/install/tiago_pro_controller_configuration:/home/user/exchange/workspace/install/tiago_pro_2dnav:/home/user/exchange/workspace/install/pal_sea_arm_moveit_config:/home/user/exchange/workspace/install/pal_sea_arm:/home/user/exchange/workspace/install/pal_sea_arm_bringup:/home/user/exchange/workspace/install/pal_sea_arm_description:/home/user/exchange/workspace/install/pal_sea_arm_controller_configuration:/home/user/exchange/workspace/install/pal_pro_gripper_simulation:/home/user/exchange/workspace/install/pal_pro_gripper_bringup:/home/user/exchange/workspace/install/pal_pro_gripper:/home/user/exchange/workspace/install/pal_pro_gripper_controller_configuration:/home/user/exchange/workspace/install/pal_pro_gripper_description:/home/user/exchange/workspace/install/pal_gazebo_worlds:/opt/ros/humble CMAKE_PREFIX_PATH=${CMAKE_PREFIX_PATH}:/home/user/exchange/workspace/install/pick_task:/home/user/exchange/workspace/install/pal_pro_gripper_wrapper:/opt/ros/humble PYTHONPATH=/home/user/exchange/workspace/install/pal_pro_gripper_wrapper/lib/python3.10/site-packages:/home/user/exchange/workspace/install/pick_task/lib/python3.10/site-packages:/home/user/exchange/workspace/install/tiago_pro_description/local/lib/python3.10/dist-packages:/home/user/exchange/workspace/install/pal_sea_arm_description/local/lib/python3.10/dist-packages:/home/user/exchange/workspace/install/pal_pro_gripper_description/local/lib/python3.10/dist-packages:/opt/ros/humble/lib/python3.10/site-packages:/opt/ros/humble/local/lib/python3.10/dist-packages /usr/bin/cmake --install /home/user/exchange/workspace/build/pal_pro_gripper_controller_configuration
[0.918s] Level 1:colcon.colcon_core.environment:checking '/home/user/exchange/workspace/install/pal_pro_gripper_controller_configuration' for CMake config files
[0.919s] Level 1:colcon.colcon_core.shell:create_environment_hook('pal_pro_gripper_controller_configuration', 'cmake_prefix_path')
[0.919s] INFO:colcon.colcon_core.shell:Creating environment hook '/home/user/exchange/workspace/install/pal_pro_gripper_controller_configuration/share/pal_pro_gripper_controller_configuration/hook/cmake_prefix_path.ps1'
[0.919s] INFO:colcon.colcon_core.shell:Creating environment descriptor '/home/user/exchange/workspace/install/pal_pro_gripper_controller_configuration/share/pal_pro_gripper_controller_configuration/hook/cmake_prefix_path.dsv'
[0.919s] INFO:colcon.colcon_core.shell:Creating environment hook '/home/user/exchange/workspace/install/pal_pro_gripper_controller_configuration/share/pal_pro_gripper_controller_configuration/hook/cmake_prefix_path.sh'
[0.920s] Level 1:colcon.colcon_core.environment:checking '/home/user/exchange/workspace/install/pal_pro_gripper_controller_configuration/bin'
[0.920s] Level 1:colcon.colcon_core.environment:checking '/home/user/exchange/workspace/install/pal_pro_gripper_controller_configuration/lib/pkgconfig/pal_pro_gripper_controller_configuration.pc'
[0.920s] Level 1:colcon.colcon_core.environment:checking '/home/user/exchange/workspace/install/pal_pro_gripper_controller_configuration/lib/python3.10/site-packages'
[0.920s] Level 1:colcon.colcon_core.environment:checking '/home/user/exchange/workspace/install/pal_pro_gripper_controller_configuration/bin'
[0.920s] INFO:colcon.colcon_core.shell:Creating package script '/home/user/exchange/workspace/install/pal_pro_gripper_controller_configuration/share/pal_pro_gripper_controller_configuration/package.ps1'
[0.921s] INFO:colcon.colcon_core.shell:Creating package descriptor '/home/user/exchange/workspace/install/pal_pro_gripper_controller_configuration/share/pal_pro_gripper_controller_configuration/package.dsv'
[0.921s] INFO:colcon.colcon_core.shell:Creating package script '/home/user/exchange/workspace/install/pal_pro_gripper_controller_configuration/share/pal_pro_gripper_controller_configuration/package.sh'
[0.921s] INFO:colcon.colcon_core.shell:Creating package script '/home/user/exchange/workspace/install/pal_pro_gripper_controller_configuration/share/pal_pro_gripper_controller_configuration/package.bash'
[0.921s] INFO:colcon.colcon_core.shell:Creating package script '/home/user/exchange/workspace/install/pal_pro_gripper_controller_configuration/share/pal_pro_gripper_controller_configuration/package.zsh'
[0.921s] Level 1:colcon.colcon_core.environment:create_file_with_runtime_dependencies(/home/user/exchange/workspace/install/pal_pro_gripper_controller_configuration/share/colcon-core/packages/pal_pro_gripper_controller_configuration)
[0.922s] Level 1:colcon.colcon_core.environment:create_environment_scripts_only(pal_pro_gripper_controller_configuration)
[0.922s] Level 1:colcon.colcon_core.environment:checking '/home/user/exchange/workspace/install/pal_pro_gripper_controller_configuration' for CMake module files
[0.922s] Level 1:colcon.colcon_core.environment:checking '/home/user/exchange/workspace/install/pal_pro_gripper_controller_configuration' for CMake config files
[0.922s] Level 1:colcon.colcon_core.shell:create_environment_hook('pal_pro_gripper_controller_configuration', 'cmake_prefix_path')
[0.923s] INFO:colcon.colcon_core.shell:Creating environment hook '/home/user/exchange/workspace/install/pal_pro_gripper_controller_configuration/share/pal_pro_gripper_controller_configuration/hook/cmake_prefix_path.ps1'
[0.923s] INFO:colcon.colcon_core.shell:Creating environment descriptor '/home/user/exchange/workspace/install/pal_pro_gripper_controller_configuration/share/pal_pro_gripper_controller_configuration/hook/cmake_prefix_path.dsv'
[0.923s] INFO:colcon.colcon_core.shell:Creating environment hook '/home/user/exchange/workspace/install/pal_pro_gripper_controller_configuration/share/pal_pro_gripper_controller_configuration/hook/cmake_prefix_path.sh'
[0.923s] Level 1:colcon.colcon_core.environment:checking '/home/user/exchange/workspace/install/pal_pro_gripper_controller_configuration/bin'
[0.923s] Level 1:colcon.colcon_core.environment:checking '/home/user/exchange/workspace/install/pal_pro_gripper_controller_configuration/lib/pkgconfig/pal_pro_gripper_controller_configuration.pc'
[0.924s] Level 1:colcon.colcon_core.environment:checking '/home/user/exchange/workspace/install/pal_pro_gripper_controller_configuration/lib/python3.10/site-packages'
[0.924s] Level 1:colcon.colcon_core.environment:checking '/home/user/exchange/workspace/install/pal_pro_gripper_controller_configuration/bin'
[0.924s] INFO:colcon.colcon_core.shell:Creating package script '/home/user/exchange/workspace/install/pal_pro_gripper_controller_configuration/share/pal_pro_gripper_controller_configuration/package.ps1'
[0.924s] INFO:colcon.colcon_core.shell:Creating package descriptor '/home/user/exchange/workspace/install/pal_pro_gripper_controller_configuration/share/pal_pro_gripper_controller_configuration/package.dsv'
[0.924s] INFO:colcon.colcon_core.shell:Creating package script '/home/user/exchange/workspace/install/pal_pro_gripper_controller_configuration/share/pal_pro_gripper_controller_configuration/package.sh'
[0.925s] INFO:colcon.colcon_core.shell:Creating package script '/home/user/exchange/workspace/install/pal_pro_gripper_controller_configuration/share/pal_pro_gripper_controller_configuration/package.bash'
[0.925s] INFO:colcon.colcon_core.shell:Creating package script '/home/user/exchange/workspace/install/pal_pro_gripper_controller_configuration/share/pal_pro_gripper_controller_configuration/package.zsh'
[0.925s] Level 1:colcon.colcon_core.environment:create_file_with_runtime_dependencies(/home/user/exchange/workspace/install/pal_pro_gripper_controller_configuration/share/colcon-core/packages/pal_pro_gripper_controller_configuration)
[0.925s] INFO:colcon.colcon_ros.task.ament_cmake.build:Building ROS package in '/home/user/exchange/workspace/src/pal_sea_arm/pal_sea_arm_controller_configuration' with build type 'ament_cmake'
[0.926s] INFO:colcon.colcon_cmake.task.cmake.build:Building CMake package in '/home/user/exchange/workspace/src/pal_sea_arm/pal_sea_arm_controller_configuration'
[0.926s] INFO:colcon.colcon_core.shell:Skip shell extension 'powershell' for command environment: Not usable outside of PowerShell
[0.926s] DEBUG:colcon.colcon_core.shell:Skip shell extension 'dsv' for command environment
[0.930s] INFO:colcon.colcon_ros.task.ament_cmake.build:Building ROS package in '/home/user/exchange/workspace/src/pal_pro_gripper/pal_pro_gripper' with build type 'ament_cmake'
[0.930s] INFO:colcon.colcon_cmake.task.cmake.build:Building CMake package in '/home/user/exchange/workspace/src/pal_pro_gripper/pal_pro_gripper'
[0.930s] INFO:colcon.colcon_core.shell:Skip shell extension 'powershell' for command environment: Not usable outside of PowerShell
[0.930s] DEBUG:colcon.colcon_core.shell:Skip shell extension 'dsv' for command environment
[0.933s] INFO:colcon.colcon_ros.task.ament_cmake.build:Building ROS package in '/home/user/exchange/workspace/src/pal_pro_gripper/pal_pro_gripper_bringup' with build type 'ament_cmake'
[0.933s] INFO:colcon.colcon_cmake.task.cmake.build:Building CMake package in '/home/user/exchange/workspace/src/pal_pro_gripper/pal_pro_gripper_bringup'
[0.934s] INFO:colcon.colcon_core.shell:Skip shell extension 'powershell' for command environment: Not usable outside of PowerShell
[0.934s] DEBUG:colcon.colcon_core.shell:Skip shell extension 'dsv' for command environment
[0.937s] INFO:colcon.colcon_ros.task.ament_cmake.build:Building ROS package in '/home/user/exchange/workspace/src/pal_pro_gripper/pal_pro_gripper_simulation' with build type 'ament_cmake'
[0.937s] INFO:colcon.colcon_cmake.task.cmake.build:Building CMake package in '/home/user/exchange/workspace/src/pal_pro_gripper/pal_pro_gripper_simulation'
[0.938s] INFO:colcon.colcon_core.shell:Skip shell extension 'powershell' for command environment: Not usable outside of PowerShell
[0.938s] DEBUG:colcon.colcon_core.shell:Skip shell extension 'dsv' for command environment
[0.944s] DEBUG:colcon.colcon_core.event_handler.log_command:Invoking command in '/home/user/exchange/workspace/build/pal_sea_arm_controller_configuration': AMENT_PREFIX_PATH=/home/user/exchange/workspace/install/pal_pro_gripper_wrapper:/home/user/exchange/workspace/install/tiago_manipulation_tasks:/home/user/exchange/workspace/install/pick_task:/home/user/exchange/workspace/install/tiago_pro_simulation:/home/user/exchange/workspace/install/tiago_pro_robot:/home/user/exchange/workspace/install/tiago_pro_navigation:/home/user/exchange/workspace/install/tiago_pro_gazebo:/home/user/exchange/workspace/install/tiago_pro_rgbd_sensors:/home/user/exchange/workspace/install/tiago_pro_mujoco:/home/user/exchange/workspace/install/tiago_pro_moveit_config:/home/user/exchange/workspace/install/tiago_pro_laser_sensors:/home/user/exchange/workspace/install/tiago_pro_description:/home/user/exchange/workspace/install/tiago_pro_bringup:/home/user/exchange/workspace/install/tiago_pro_controller_configuration:/home/user/exchange/workspace/install/tiago_pro_2dnav:/home/user/exchange/workspace/install/pal_sea_arm_moveit_config:/home/user/exchange/workspace/install/pal_sea_arm:/home/user/exchange/workspace/install/pal_sea_arm_bringup:/home/user/exchange/workspace/install/pal_sea_arm_description:/home/user/exchange/workspace/install/pal_sea_arm_controller_configuration:/home/user/exchange/workspace/install/pal_pro_gripper_simulation:/home/user/exchange/workspace/install/pal_pro_gripper_bringup:/home/user/exchange/workspace/install/pal_pro_gripper:/home/user/exchange/workspace/install/pal_pro_gripper_controller_configuration:/home/user/exchange/workspace/install/pal_pro_gripper_description:/home/user/exchange/workspace/install/pal_gazebo_worlds:/opt/ros/humble CMAKE_PREFIX_PATH=/home/user/exchange/workspace/install/pal_pro_gripper_controller_configuration:/home/user/exchange/workspace/install/tiago_manipulation_tasks:/home/user/exchange/workspace/install/tiago_pro_simulation:/home/user/exchange/workspace/install/tiago_pro_robot:/home/user/exchange/workspace/install/tiago_pro_navigation:/home/user/exchange/workspace/install/tiago_pro_gazebo:/home/user/exchange/workspace/install/tiago_pro_rgbd_sensors:/home/user/exchange/workspace/install/tiago_pro_mujoco:/home/user/exchange/workspace/install/tiago_pro_moveit_config:/home/user/exchange/workspace/install/tiago_pro_laser_sensors:/home/user/exchange/workspace/install/tiago_pro_description:/home/user/exchange/workspace/install/tiago_pro_bringup:/home/user/exchange/workspace/install/tiago_pro_controller_configuration:/home/user/exchange/workspace/install/tiago_pro_2dnav:/home/user/exchange/workspace/install/pal_sea_arm_moveit_config:/home/user/exchange/workspace/install/pal_sea_arm:/home/user/exchange/workspace/install/pal_sea_arm_bringup:/home/user/exchange/workspace/install/pal_sea_arm_description:/home/user/exchange/workspace/install/pal_sea_arm_controller_configuration:/home/user/exchange/workspace/install/pal_pro_gripper_simulation:/home/user/exchange/workspace/install/pal_pro_gripper_bringup:/home/user/exchange/workspace/install/pal_pro_gripper:/home/user/exchange/workspace/install/pal_pro_gripper_description:/home/user/exchange/workspace/install/pal_gazebo_worlds:/home/user/exchange/workspace/install/pick_task:/home/user/exchange/workspace/install/pal_pro_gripper_wrapper:/opt/ros/humble PYTHONPATH=/home/user/exchange/workspace/install/pal_pro_gripper_wrapper/lib/python3.10/site-packages:/home/user/exchange/workspace/install/pick_task/lib/python3.10/site-packages:/home/user/exchange/workspace/install/tiago_pro_description/local/lib/python3.10/dist-packages:/home/user/exchange/workspace/install/pal_sea_arm_description/local/lib/python3.10/dist-packages:/home/user/exchange/workspace/install/pal_pro_gripper_description/local/lib/python3.10/dist-packages:/opt/ros/humble/lib/python3.10/site-packages:/opt/ros/humble/local/lib/python3.10/dist-packages /usr/bin/cmake --build /home/user/exchange/workspace/build/pal_sea_arm_controller_configuration -- -j12 -l12
[0.946s] DEBUG:colcon.colcon_core.event_handler.log_command:Invoking command in '/home/user/exchange/workspace/build/pal_pro_gripper': AMENT_PREFIX_PATH=/home/user/exchange/workspace/install/pal_pro_gripper_wrapper:/home/user/exchange/workspace/install/tiago_manipulation_tasks:/home/user/exchange/workspace/install/pick_task:/home/user/exchange/workspace/install/tiago_pro_simulation:/home/user/exchange/workspace/install/tiago_pro_robot:/home/user/exchange/workspace/install/tiago_pro_navigation:/home/user/exchange/workspace/install/tiago_pro_gazebo:/home/user/exchange/workspace/install/tiago_pro_rgbd_sensors:/home/user/exchange/workspace/install/tiago_pro_mujoco:/home/user/exchange/workspace/install/tiago_pro_moveit_config:/home/user/exchange/workspace/install/tiago_pro_laser_sensors:/home/user/exchange/workspace/install/tiago_pro_description:/home/user/exchange/workspace/install/tiago_pro_bringup:/home/user/exchange/workspace/install/tiago_pro_controller_configuration:/home/user/exchange/workspace/install/tiago_pro_2dnav:/home/user/exchange/workspace/install/pal_sea_arm_moveit_config:/home/user/exchange/workspace/install/pal_sea_arm:/home/user/exchange/workspace/install/pal_sea_arm_bringup:/home/user/exchange/workspace/install/pal_sea_arm_description:/home/user/exchange/workspace/install/pal_sea_arm_controller_configuration:/home/user/exchange/workspace/install/pal_pro_gripper_simulation:/home/user/exchange/workspace/install/pal_pro_gripper_bringup:/home/user/exchange/workspace/install/pal_pro_gripper:/home/user/exchange/workspace/install/pal_pro_gripper_controller_configuration:/home/user/exchange/workspace/install/pal_pro_gripper_description:/home/user/exchange/workspace/install/pal_gazebo_worlds:/opt/ros/humble CMAKE_PREFIX_PATH=/home/user/exchange/workspace/install/pal_pro_gripper_controller_configuration:/home/user/exchange/workspace/install/pal_pro_gripper_description:/home/user/exchange/workspace/install/tiago_manipulation_tasks:/home/user/exchange/workspace/install/tiago_pro_simulation:/home/user/exchange/workspace/install/tiago_pro_robot:/home/user/exchange/workspace/install/tiago_pro_navigation:/home/user/exchange/workspace/install/tiago_pro_gazebo:/home/user/exchange/workspace/install/tiago_pro_rgbd_sensors:/home/user/exchange/workspace/install/tiago_pro_mujoco:/home/user/exchange/workspace/install/tiago_pro_moveit_config:/home/user/exchange/workspace/install/tiago_pro_laser_sensors:/home/user/exchange/workspace/install/tiago_pro_description:/home/user/exchange/workspace/install/tiago_pro_bringup:/home/user/exchange/workspace/install/tiago_pro_controller_configuration:/home/user/exchange/workspace/install/tiago_pro_2dnav:/home/user/exchange/workspace/install/pal_sea_arm_moveit_config:/home/user/exchange/workspace/install/pal_sea_arm:/home/user/exchange/workspace/install/pal_sea_arm_bringup:/home/user/exchange/workspace/install/pal_sea_arm_description:/home/user/exchange/workspace/install/pal_sea_arm_controller_configuration:/home/user/exchange/workspace/install/pal_pro_gripper_simulation:/home/user/exchange/workspace/install/pal_pro_gripper_bringup:/home/user/exchange/workspace/install/pal_pro_gripper:/home/user/exchange/workspace/install/pal_gazebo_worlds:/home/user/exchange/workspace/install/pick_task:/home/user/exchange/workspace/install/pal_pro_gripper_wrapper:/opt/ros/humble PYTHONPATH=/home/user/exchange/workspace/install/pal_pro_gripper_wrapper/lib/python3.10/site-packages:/home/user/exchange/workspace/install/pick_task/lib/python3.10/site-packages:/home/user/exchange/workspace/install/tiago_pro_description/local/lib/python3.10/dist-packages:/home/user/exchange/workspace/install/pal_sea_arm_description/local/lib/python3.10/dist-packages:/home/user/exchange/workspace/install/pal_pro_gripper_description/local/lib/python3.10/dist-packages:/opt/ros/humble/lib/python3.10/site-packages:/opt/ros/humble/local/lib/python3.10/dist-packages /usr/bin/cmake --build /home/user/exchange/workspace/build/pal_pro_gripper -- -j12 -l12
[0.948s] DEBUG:colcon.colcon_core.event_handler.log_command:Invoking command in '/home/user/exchange/workspace/build/pal_pro_gripper_bringup': AMENT_PREFIX_PATH=/home/user/exchange/workspace/install/pal_pro_gripper_wrapper:/home/user/exchange/workspace/install/tiago_manipulation_tasks:/home/user/exchange/workspace/install/pick_task:/home/user/exchange/workspace/install/tiago_pro_simulation:/home/user/exchange/workspace/install/tiago_pro_robot:/home/user/exchange/workspace/install/tiago_pro_navigation:/home/user/exchange/workspace/install/tiago_pro_gazebo:/home/user/exchange/workspace/install/tiago_pro_rgbd_sensors:/home/user/exchange/workspace/install/tiago_pro_mujoco:/home/user/exchange/workspace/install/tiago_pro_moveit_config:/home/user/exchange/workspace/install/tiago_pro_laser_sensors:/home/user/exchange/workspace/install/tiago_pro_description:/home/user/exchange/workspace/install/tiago_pro_bringup:/home/user/exchange/workspace/install/tiago_pro_controller_configuration:/home/user/exchange/workspace/install/tiago_pro_2dnav:/home/user/exchange/workspace/install/pal_sea_arm_moveit_config:/home/user/exchange/workspace/install/pal_sea_arm:/home/user/exchange/workspace/install/pal_sea_arm_bringup:/home/user/exchange/workspace/install/pal_sea_arm_description:/home/user/exchange/workspace/install/pal_sea_arm_controller_configuration:/home/user/exchange/workspace/install/pal_pro_gripper_simulation:/home/user/exchange/workspace/install/pal_pro_gripper_bringup:/home/user/exchange/workspace/install/pal_pro_gripper:/home/user/exchange/workspace/install/pal_pro_gripper_controller_configuration:/home/user/exchange/workspace/install/pal_pro_gripper_description:/home/user/exchange/workspace/install/pal_gazebo_worlds:/opt/ros/humble CMAKE_PREFIX_PATH=/home/user/exchange/workspace/install/pal_pro_gripper_controller_configuration:/home/user/exchange/workspace/install/pal_pro_gripper_description:/home/user/exchange/workspace/install/tiago_manipulation_tasks:/home/user/exchange/workspace/install/tiago_pro_simulation:/home/user/exchange/workspace/install/tiago_pro_robot:/home/user/exchange/workspace/install/tiago_pro_navigation:/home/user/exchange/workspace/install/tiago_pro_gazebo:/home/user/exchange/workspace/install/tiago_pro_rgbd_sensors:/home/user/exchange/workspace/install/tiago_pro_mujoco:/home/user/exchange/workspace/install/tiago_pro_moveit_config:/home/user/exchange/workspace/install/tiago_pro_laser_sensors:/home/user/exchange/workspace/install/tiago_pro_description:/home/user/exchange/workspace/install/tiago_pro_bringup:/home/user/exchange/workspace/install/tiago_pro_controller_configuration:/home/user/exchange/workspace/install/tiago_pro_2dnav:/home/user/exchange/workspace/install/pal_sea_arm_moveit_config:/home/user/exchange/workspace/install/pal_sea_arm:/home/user/exchange/workspace/install/pal_sea_arm_bringup:/home/user/exchange/workspace/install/pal_sea_arm_description:/home/user/exchange/workspace/install/pal_sea_arm_controller_configuration:/home/user/exchange/workspace/install/pal_pro_gripper_simulation:/home/user/exchange/workspace/install/pal_pro_gripper_bringup:/home/user/exchange/workspace/install/pal_pro_gripper:/home/user/exchange/workspace/install/pal_gazebo_worlds:/home/user/exchange/workspace/install/pick_task:/home/user/exchange/workspace/install/pal_pro_gripper_wrapper:/opt/ros/humble PYTHONPATH=/home/user/exchange/workspace/install/pal_pro_gripper_wrapper/lib/python3.10/site-packages:/home/user/exchange/workspace/install/pick_task/lib/python3.10/site-packages:/home/user/exchange/workspace/install/tiago_pro_description/local/lib/python3.10/dist-packages:/home/user/exchange/workspace/install/pal_sea_arm_description/local/lib/python3.10/dist-packages:/home/user/exchange/workspace/install/pal_pro_gripper_description/local/lib/python3.10/dist-packages:/opt/ros/humble/lib/python3.10/site-packages:/opt/ros/humble/local/lib/python3.10/dist-packages /usr/bin/cmake --build /home/user/exchange/workspace/build/pal_pro_gripper_bringup -- -j12 -l12
[0.950s] DEBUG:colcon.colcon_core.event_handler.log_command:Invoking command in '/home/user/exchange/workspace/build/pal_pro_gripper_simulation': AMENT_PREFIX_PATH=/home/user/exchange/workspace/install/pal_pro_gripper_wrapper:/home/user/exchange/workspace/install/tiago_manipulation_tasks:/home/user/exchange/workspace/install/pick_task:/home/user/exchange/workspace/install/tiago_pro_simulation:/home/user/exchange/workspace/install/tiago_pro_robot:/home/user/exchange/workspace/install/tiago_pro_navigation:/home/user/exchange/workspace/install/tiago_pro_gazebo:/home/user/exchange/workspace/install/tiago_pro_rgbd_sensors:/home/user/exchange/workspace/install/tiago_pro_mujoco:/home/user/exchange/workspace/install/tiago_pro_moveit_config:/home/user/exchange/workspace/install/tiago_pro_laser_sensors:/home/user/exchange/workspace/install/tiago_pro_description:/home/user/exchange/workspace/install/tiago_pro_bringup:/home/user/exchange/workspace/install/tiago_pro_controller_configuration:/home/user/exchange/workspace/install/tiago_pro_2dnav:/home/user/exchange/workspace/install/pal_sea_arm_moveit_config:/home/user/exchange/workspace/install/pal_sea_arm:/home/user/exchange/workspace/install/pal_sea_arm_bringup:/home/user/exchange/workspace/install/pal_sea_arm_description:/home/user/exchange/workspace/install/pal_sea_arm_controller_configuration:/home/user/exchange/workspace/install/pal_pro_gripper_simulation:/home/user/exchange/workspace/install/pal_pro_gripper_bringup:/home/user/exchange/workspace/install/pal_pro_gripper:/home/user/exchange/workspace/install/pal_pro_gripper_controller_configuration:/home/user/exchange/workspace/install/pal_pro_gripper_description:/home/user/exchange/workspace/install/pal_gazebo_worlds:/opt/ros/humble CMAKE_PREFIX_PATH=/home/user/exchange/workspace/install/pal_pro_gripper_controller_configuration:/home/user/exchange/workspace/install/pal_pro_gripper_description:/home/user/exchange/workspace/install/pal_gazebo_worlds:/home/user/exchange/workspace/install/tiago_manipulation_tasks:/home/user/exchange/workspace/install/tiago_pro_simulation:/home/user/exchange/workspace/install/tiago_pro_robot:/home/user/exchange/workspace/install/tiago_pro_navigation:/home/user/exchange/workspace/install/tiago_pro_gazebo:/home/user/exchange/workspace/install/tiago_pro_rgbd_sensors:/home/user/exchange/workspace/install/tiago_pro_mujoco:/home/user/exchange/workspace/install/tiago_pro_moveit_config:/home/user/exchange/workspace/install/tiago_pro_laser_sensors:/home/user/exchange/workspace/install/tiago_pro_description:/home/user/exchange/workspace/install/tiago_pro_bringup:/home/user/exchange/workspace/install/tiago_pro_controller_configuration:/home/user/exchange/workspace/install/tiago_pro_2dnav:/home/user/exchange/workspace/install/pal_sea_arm_moveit_config:/home/user/exchange/workspace/install/pal_sea_arm:/home/user/exchange/workspace/install/pal_sea_arm_bringup:/home/user/exchange/workspace/install/pal_sea_arm_description:/home/user/exchange/workspace/install/pal_sea_arm_controller_configuration:/home/user/exchange/workspace/install/pal_pro_gripper_simulation:/home/user/exchange/workspace/install/pal_pro_gripper_bringup:/home/user/exchange/workspace/install/pal_pro_gripper:/home/user/exchange/workspace/install/pick_task:/home/user/exchange/workspace/install/pal_pro_gripper_wrapper:/opt/ros/humble PYTHONPATH=/home/user/exchange/workspace/install/pal_pro_gripper_wrapper/lib/python3.10/site-packages:/home/user/exchange/workspace/install/pick_task/lib/python3.10/site-packages:/home/user/exchange/workspace/install/tiago_pro_description/local/lib/python3.10/dist-packages:/home/user/exchange/workspace/install/pal_sea_arm_description/local/lib/python3.10/dist-packages:/home/user/exchange/workspace/install/pal_pro_gripper_description/local/lib/python3.10/dist-packages:/opt/ros/humble/lib/python3.10/site-packages:/opt/ros/humble/local/lib/python3.10/dist-packages /usr/bin/cmake --build /home/user/exchange/workspace/build/pal_pro_gripper_simulation -- -j12 -l12
[0.970s] DEBUG:colcon.colcon_core.event_handler.log_command:Invoked command in '/home/user/exchange/workspace/build/pal_sea_arm_controller_configuration' returned '0': AMENT_PREFIX_PATH=/home/user/exchange/workspace/install/pal_pro_gripper_wrapper:/home/user/exchange/workspace/install/tiago_manipulation_tasks:/home/user/exchange/workspace/install/pick_task:/home/user/exchange/workspace/install/tiago_pro_simulation:/home/user/exchange/workspace/install/tiago_pro_robot:/home/user/exchange/workspace/install/tiago_pro_navigation:/home/user/exchange/workspace/install/tiago_pro_gazebo:/home/user/exchange/workspace/install/tiago_pro_rgbd_sensors:/home/user/exchange/workspace/install/tiago_pro_mujoco:/home/user/exchange/workspace/install/tiago_pro_moveit_config:/home/user/exchange/workspace/install/tiago_pro_laser_sensors:/home/user/exchange/workspace/install/tiago_pro_description:/home/user/exchange/workspace/install/tiago_pro_bringup:/home/user/exchange/workspace/install/tiago_pro_controller_configuration:/home/user/exchange/workspace/install/tiago_pro_2dnav:/home/user/exchange/workspace/install/pal_sea_arm_moveit_config:/home/user/exchange/workspace/install/pal_sea_arm:/home/user/exchange/workspace/install/pal_sea_arm_bringup:/home/user/exchange/workspace/install/pal_sea_arm_description:/home/user/exchange/workspace/install/pal_sea_arm_controller_configuration:/home/user/exchange/workspace/install/pal_pro_gripper_simulation:/home/user/exchange/workspace/install/pal_pro_gripper_bringup:/home/user/exchange/workspace/install/pal_pro_gripper:/home/user/exchange/workspace/install/pal_pro_gripper_controller_configuration:/home/user/exchange/workspace/install/pal_pro_gripper_description:/home/user/exchange/workspace/install/pal_gazebo_worlds:/opt/ros/humble CMAKE_PREFIX_PATH=/home/user/exchange/workspace/install/pal_pro_gripper_controller_configuration:/home/user/exchange/workspace/install/tiago_manipulation_tasks:/home/user/exchange/workspace/install/tiago_pro_simulation:/home/user/exchange/workspace/install/tiago_pro_robot:/home/user/exchange/workspace/install/tiago_pro_navigation:/home/user/exchange/workspace/install/tiago_pro_gazebo:/home/user/exchange/workspace/install/tiago_pro_rgbd_sensors:/home/user/exchange/workspace/install/tiago_pro_mujoco:/home/user/exchange/workspace/install/tiago_pro_moveit_config:/home/user/exchange/workspace/install/tiago_pro_laser_sensors:/home/user/exchange/workspace/install/tiago_pro_description:/home/user/exchange/workspace/install/tiago_pro_bringup:/home/user/exchange/workspace/install/tiago_pro_controller_configuration:/home/user/exchange/workspace/install/tiago_pro_2dnav:/home/user/exchange/workspace/install/pal_sea_arm_moveit_config:/home/user/exchange/workspace/install/pal_sea_arm:/home/user/exchange/workspace/install/pal_sea_arm_bringup:/home/user/exchange/workspace/install/pal_sea_arm_description:/home/user/exchange/workspace/install/pal_sea_arm_controller_configuration:/home/user/exchange/workspace/install/pal_pro_gripper_simulation:/home/user/exchange/workspace/install/pal_pro_gripper_bringup:/home/user/exchange/workspace/install/pal_pro_gripper:/home/user/exchange/workspace/install/pal_pro_gripper_description:/home/user/exchange/workspace/install/pal_gazebo_worlds:/home/user/exchange/workspace/install/pick_task:/home/user/exchange/workspace/install/pal_pro_gripper_wrapper:/opt/ros/humble PYTHONPATH=/home/user/exchange/workspace/install/pal_pro_gripper_wrapper/lib/python3.10/site-packages:/home/user/exchange/workspace/install/pick_task/lib/python3.10/site-packages:/home/user/exchange/workspace/install/tiago_pro_description/local/lib/python3.10/dist-packages:/home/user/exchange/workspace/install/pal_sea_arm_description/local/lib/python3.10/dist-packages:/home/user/exchange/workspace/install/pal_pro_gripper_description/local/lib/python3.10/dist-packages:/opt/ros/humble/lib/python3.10/site-packages:/opt/ros/humble/local/lib/python3.10/dist-packages /usr/bin/cmake --build /home/user/exchange/workspace/build/pal_sea_arm_controller_configuration -- -j12 -l12
[0.971s] DEBUG:colcon.colcon_core.event_handler.log_command:Invoking command in '/home/user/exchange/workspace/build/pal_sea_arm_controller_configuration': AMENT_PREFIX_PATH=/home/user/exchange/workspace/install/pal_pro_gripper_wrapper:/home/user/exchange/workspace/install/tiago_manipulation_tasks:/home/user/exchange/workspace/install/pick_task:/home/user/exchange/workspace/install/tiago_pro_simulation:/home/user/exchange/workspace/install/tiago_pro_robot:/home/user/exchange/workspace/install/tiago_pro_navigation:/home/user/exchange/workspace/install/tiago_pro_gazebo:/home/user/exchange/workspace/install/tiago_pro_rgbd_sensors:/home/user/exchange/workspace/install/tiago_pro_mujoco:/home/user/exchange/workspace/install/tiago_pro_moveit_config:/home/user/exchange/workspace/install/tiago_pro_laser_sensors:/home/user/exchange/workspace/install/tiago_pro_description:/home/user/exchange/workspace/install/tiago_pro_bringup:/home/user/exchange/workspace/install/tiago_pro_controller_configuration:/home/user/exchange/workspace/install/tiago_pro_2dnav:/home/user/exchange/workspace/install/pal_sea_arm_moveit_config:/home/user/exchange/workspace/install/pal_sea_arm:/home/user/exchange/workspace/install/pal_sea_arm_bringup:/home/user/exchange/workspace/install/pal_sea_arm_description:/home/user/exchange/workspace/install/pal_sea_arm_controller_configuration:/home/user/exchange/workspace/install/pal_pro_gripper_simulation:/home/user/exchange/workspace/install/pal_pro_gripper_bringup:/home/user/exchange/workspace/install/pal_pro_gripper:/home/user/exchange/workspace/install/pal_pro_gripper_controller_configuration:/home/user/exchange/workspace/install/pal_pro_gripper_description:/home/user/exchange/workspace/install/pal_gazebo_worlds:/opt/ros/humble CMAKE_PREFIX_PATH=/home/user/exchange/workspace/install/pal_pro_gripper_controller_configuration:/home/user/exchange/workspace/install/tiago_manipulation_tasks:/home/user/exchange/workspace/install/tiago_pro_simulation:/home/user/exchange/workspace/install/tiago_pro_robot:/home/user/exchange/workspace/install/tiago_pro_navigation:/home/user/exchange/workspace/install/tiago_pro_gazebo:/home/user/exchange/workspace/install/tiago_pro_rgbd_sensors:/home/user/exchange/workspace/install/tiago_pro_mujoco:/home/user/exchange/workspace/install/tiago_pro_moveit_config:/home/user/exchange/workspace/install/tiago_pro_laser_sensors:/home/user/exchange/workspace/install/tiago_pro_description:/home/user/exchange/workspace/install/tiago_pro_bringup:/home/user/exchange/workspace/install/tiago_pro_controller_configuration:/home/user/exchange/workspace/install/tiago_pro_2dnav:/home/user/exchange/workspace/install/pal_sea_arm_moveit_config:/home/user/exchange/workspace/install/pal_sea_arm:/home/user/exchange/workspace/install/pal_sea_arm_bringup:/home/user/exchange/workspace/install/pal_sea_arm_description:/home/user/exchange/workspace/install/pal_sea_arm_controller_configuration:/home/user/exchange/workspace/install/pal_pro_gripper_simulation:/home/user/exchange/workspace/install/pal_pro_gripper_bringup:/home/user/exchange/workspace/install/pal_pro_gripper:/home/user/exchange/workspace/install/pal_pro_gripper_description:/home/user/exchange/workspace/install/pal_gazebo_worlds:/home/user/exchange/workspace/install/pick_task:/home/user/exchange/workspace/install/pal_pro_gripper_wrapper:/opt/ros/humble PYTHONPATH=/home/user/exchange/workspace/install/pal_pro_gripper_wrapper/lib/python3.10/site-packages:/home/user/exchange/workspace/install/pick_task/lib/python3.10/site-packages:/home/user/exchange/workspace/install/tiago_pro_description/local/lib/python3.10/dist-packages:/home/user/exchange/workspace/install/pal_sea_arm_description/local/lib/python3.10/dist-packages:/home/user/exchange/workspace/install/pal_pro_gripper_description/local/lib/python3.10/dist-packages:/opt/ros/humble/lib/python3.10/site-packages:/opt/ros/humble/local/lib/python3.10/dist-packages /usr/bin/cmake --install /home/user/exchange/workspace/build/pal_sea_arm_controller_configuration
[0.972s] DEBUG:colcon.colcon_core.event_handler.log_command:Invoked command in '/home/user/exchange/workspace/build/pal_pro_gripper' returned '0': AMENT_PREFIX_PATH=/home/user/exchange/workspace/install/pal_pro_gripper_wrapper:/home/user/exchange/workspace/install/tiago_manipulation_tasks:/home/user/exchange/workspace/install/pick_task:/home/user/exchange/workspace/install/tiago_pro_simulation:/home/user/exchange/workspace/install/tiago_pro_robot:/home/user/exchange/workspace/install/tiago_pro_navigation:/home/user/exchange/workspace/install/tiago_pro_gazebo:/home/user/exchange/workspace/install/tiago_pro_rgbd_sensors:/home/user/exchange/workspace/install/tiago_pro_mujoco:/home/user/exchange/workspace/install/tiago_pro_moveit_config:/home/user/exchange/workspace/install/tiago_pro_laser_sensors:/home/user/exchange/workspace/install/tiago_pro_description:/home/user/exchange/workspace/install/tiago_pro_bringup:/home/user/exchange/workspace/install/tiago_pro_controller_configuration:/home/user/exchange/workspace/install/tiago_pro_2dnav:/home/user/exchange/workspace/install/pal_sea_arm_moveit_config:/home/user/exchange/workspace/install/pal_sea_arm:/home/user/exchange/workspace/install/pal_sea_arm_bringup:/home/user/exchange/workspace/install/pal_sea_arm_description:/home/user/exchange/workspace/install/pal_sea_arm_controller_configuration:/home/user/exchange/workspace/install/pal_pro_gripper_simulation:/home/user/exchange/workspace/install/pal_pro_gripper_bringup:/home/user/exchange/workspace/install/pal_pro_gripper:/home/user/exchange/workspace/install/pal_pro_gripper_controller_configuration:/home/user/exchange/workspace/install/pal_pro_gripper_description:/home/user/exchange/workspace/install/pal_gazebo_worlds:/opt/ros/humble CMAKE_PREFIX_PATH=/home/user/exchange/workspace/install/pal_pro_gripper_controller_configuration:/home/user/exchange/workspace/install/pal_pro_gripper_description:/home/user/exchange/workspace/install/tiago_manipulation_tasks:/home/user/exchange/workspace/install/tiago_pro_simulation:/home/user/exchange/workspace/install/tiago_pro_robot:/home/user/exchange/workspace/install/tiago_pro_navigation:/home/user/exchange/workspace/install/tiago_pro_gazebo:/home/user/exchange/workspace/install/tiago_pro_rgbd_sensors:/home/user/exchange/workspace/install/tiago_pro_mujoco:/home/user/exchange/workspace/install/tiago_pro_moveit_config:/home/user/exchange/workspace/install/tiago_pro_laser_sensors:/home/user/exchange/workspace/install/tiago_pro_description:/home/user/exchange/workspace/install/tiago_pro_bringup:/home/user/exchange/workspace/install/tiago_pro_controller_configuration:/home/user/exchange/workspace/install/tiago_pro_2dnav:/home/user/exchange/workspace/install/pal_sea_arm_moveit_config:/home/user/exchange/workspace/install/pal_sea_arm:/home/user/exchange/workspace/install/pal_sea_arm_bringup:/home/user/exchange/workspace/install/pal_sea_arm_description:/home/user/exchange/workspace/install/pal_sea_arm_controller_configuration:/home/user/exchange/workspace/install/pal_pro_gripper_simulation:/home/user/exchange/workspace/install/pal_pro_gripper_bringup:/home/user/exchange/workspace/install/pal_pro_gripper:/home/user/exchange/workspace/install/pal_gazebo_worlds:/home/user/exchange/workspace/install/pick_task:/home/user/exchange/workspace/install/pal_pro_gripper_wrapper:/opt/ros/humble PYTHONPATH=/home/user/exchange/workspace/install/pal_pro_gripper_wrapper/lib/python3.10/site-packages:/home/user/exchange/workspace/install/pick_task/lib/python3.10/site-packages:/home/user/exchange/workspace/install/tiago_pro_description/local/lib/python3.10/dist-packages:/home/user/exchange/workspace/install/pal_sea_arm_description/local/lib/python3.10/dist-packages:/home/user/exchange/workspace/install/pal_pro_gripper_description/local/lib/python3.10/dist-packages:/opt/ros/humble/lib/python3.10/site-packages:/opt/ros/humble/local/lib/python3.10/dist-packages /usr/bin/cmake --build /home/user/exchange/workspace/build/pal_pro_gripper -- -j12 -l12
[0.973s] DEBUG:colcon.colcon_core.event_handler.log_command:Invoking command in '/home/user/exchange/workspace/build/pal_pro_gripper': AMENT_PREFIX_PATH=/home/user/exchange/workspace/install/pal_pro_gripper_wrapper:/home/user/exchange/workspace/install/tiago_manipulation_tasks:/home/user/exchange/workspace/install/pick_task:/home/user/exchange/workspace/install/tiago_pro_simulation:/home/user/exchange/workspace/install/tiago_pro_robot:/home/user/exchange/workspace/install/tiago_pro_navigation:/home/user/exchange/workspace/install/tiago_pro_gazebo:/home/user/exchange/workspace/install/tiago_pro_rgbd_sensors:/home/user/exchange/workspace/install/tiago_pro_mujoco:/home/user/exchange/workspace/install/tiago_pro_moveit_config:/home/user/exchange/workspace/install/tiago_pro_laser_sensors:/home/user/exchange/workspace/install/tiago_pro_description:/home/user/exchange/workspace/install/tiago_pro_bringup:/home/user/exchange/workspace/install/tiago_pro_controller_configuration:/home/user/exchange/workspace/install/tiago_pro_2dnav:/home/user/exchange/workspace/install/pal_sea_arm_moveit_config:/home/user/exchange/workspace/install/pal_sea_arm:/home/user/exchange/workspace/install/pal_sea_arm_bringup:/home/user/exchange/workspace/install/pal_sea_arm_description:/home/user/exchange/workspace/install/pal_sea_arm_controller_configuration:/home/user/exchange/workspace/install/pal_pro_gripper_simulation:/home/user/exchange/workspace/install/pal_pro_gripper_bringup:/home/user/exchange/workspace/install/pal_pro_gripper:/home/user/exchange/workspace/install/pal_pro_gripper_controller_configuration:/home/user/exchange/workspace/install/pal_pro_gripper_description:/home/user/exchange/workspace/install/pal_gazebo_worlds:/opt/ros/humble CMAKE_PREFIX_PATH=/home/user/exchange/workspace/install/pal_pro_gripper_controller_configuration:/home/user/exchange/workspace/install/pal_pro_gripper_description:/home/user/exchange/workspace/install/tiago_manipulation_tasks:/home/user/exchange/workspace/install/tiago_pro_simulation:/home/user/exchange/workspace/install/tiago_pro_robot:/home/user/exchange/workspace/install/tiago_pro_navigation:/home/user/exchange/workspace/install/tiago_pro_gazebo:/home/user/exchange/workspace/install/tiago_pro_rgbd_sensors:/home/user/exchange/workspace/install/tiago_pro_mujoco:/home/user/exchange/workspace/install/tiago_pro_moveit_config:/home/user/exchange/workspace/install/tiago_pro_laser_sensors:/home/user/exchange/workspace/install/tiago_pro_description:/home/user/exchange/workspace/install/tiago_pro_bringup:/home/user/exchange/workspace/install/tiago_pro_controller_configuration:/home/user/exchange/workspace/install/tiago_pro_2dnav:/home/user/exchange/workspace/install/pal_sea_arm_moveit_config:/home/user/exchange/workspace/install/pal_sea_arm:/home/user/exchange/workspace/install/pal_sea_arm_bringup:/home/user/exchange/workspace/install/pal_sea_arm_description:/home/user/exchange/workspace/install/pal_sea_arm_controller_configuration:/home/user/exchange/workspace/install/pal_pro_gripper_simulation:/home/user/exchange/workspace/install/pal_pro_gripper_bringup:/home/user/exchange/workspace/install/pal_pro_gripper:/home/user/exchange/workspace/install/pal_gazebo_worlds:/home/user/exchange/workspace/install/pick_task:/home/user/exchange/workspace/install/pal_pro_gripper_wrapper:/opt/ros/humble PYTHONPATH=/home/user/exchange/workspace/install/pal_pro_gripper_wrapper/lib/python3.10/site-packages:/home/user/exchange/workspace/install/pick_task/lib/python3.10/site-packages:/home/user/exchange/workspace/install/tiago_pro_description/local/lib/python3.10/dist-packages:/home/user/exchange/workspace/install/pal_sea_arm_description/local/lib/python3.10/dist-packages:/home/user/exchange/workspace/install/pal_pro_gripper_description/local/lib/python3.10/dist-packages:/opt/ros/humble/lib/python3.10/site-packages:/opt/ros/humble/local/lib/python3.10/dist-packages /usr/bin/cmake --install /home/user/exchange/workspace/build/pal_pro_gripper
[0.974s] DEBUG:colcon.colcon_core.event_handler.log_command:Invoked command in '/home/user/exchange/workspace/build/pal_pro_gripper_bringup' returned '0': AMENT_PREFIX_PATH=/home/user/exchange/workspace/install/pal_pro_gripper_wrapper:/home/user/exchange/workspace/install/tiago_manipulation_tasks:/home/user/exchange/workspace/install/pick_task:/home/user/exchange/workspace/install/tiago_pro_simulation:/home/user/exchange/workspace/install/tiago_pro_robot:/home/user/exchange/workspace/install/tiago_pro_navigation:/home/user/exchange/workspace/install/tiago_pro_gazebo:/home/user/exchange/workspace/install/tiago_pro_rgbd_sensors:/home/user/exchange/workspace/install/tiago_pro_mujoco:/home/user/exchange/workspace/install/tiago_pro_moveit_config:/home/user/exchange/workspace/install/tiago_pro_laser_sensors:/home/user/exchange/workspace/install/tiago_pro_description:/home/user/exchange/workspace/install/tiago_pro_bringup:/home/user/exchange/workspace/install/tiago_pro_controller_configuration:/home/user/exchange/workspace/install/tiago_pro_2dnav:/home/user/exchange/workspace/install/pal_sea_arm_moveit_config:/home/user/exchange/workspace/install/pal_sea_arm:/home/user/exchange/workspace/install/pal_sea_arm_bringup:/home/user/exchange/workspace/install/pal_sea_arm_description:/home/user/exchange/workspace/install/pal_sea_arm_controller_configuration:/home/user/exchange/workspace/install/pal_pro_gripper_simulation:/home/user/exchange/workspace/install/pal_pro_gripper_bringup:/home/user/exchange/workspace/install/pal_pro_gripper:/home/user/exchange/workspace/install/pal_pro_gripper_controller_configuration:/home/user/exchange/workspace/install/pal_pro_gripper_description:/home/user/exchange/workspace/install/pal_gazebo_worlds:/opt/ros/humble CMAKE_PREFIX_PATH=/home/user/exchange/workspace/install/pal_pro_gripper_controller_configuration:/home/user/exchange/workspace/install/pal_pro_gripper_description:/home/user/exchange/workspace/install/tiago_manipulation_tasks:/home/user/exchange/workspace/install/tiago_pro_simulation:/home/user/exchange/workspace/install/tiago_pro_robot:/home/user/exchange/workspace/install/tiago_pro_navigation:/home/user/exchange/workspace/install/tiago_pro_gazebo:/home/user/exchange/workspace/install/tiago_pro_rgbd_sensors:/home/user/exchange/workspace/install/tiago_pro_mujoco:/home/user/exchange/workspace/install/tiago_pro_moveit_config:/home/user/exchange/workspace/install/tiago_pro_laser_sensors:/home/user/exchange/workspace/install/tiago_pro_description:/home/user/exchange/workspace/install/tiago_pro_bringup:/home/user/exchange/workspace/install/tiago_pro_controller_configuration:/home/user/exchange/workspace/install/tiago_pro_2dnav:/home/user/exchange/workspace/install/pal_sea_arm_moveit_config:/home/user/exchange/workspace/install/pal_sea_arm:/home/user/exchange/workspace/install/pal_sea_arm_bringup:/home/user/exchange/workspace/install/pal_sea_arm_description:/home/user/exchange/workspace/install/pal_sea_arm_controller_configuration:/home/user/exchange/workspace/install/pal_pro_gripper_simulation:/home/user/exchange/workspace/install/pal_pro_gripper_bringup:/home/user/exchange/workspace/install/pal_pro_gripper:/home/user/exchange/workspace/install/pal_gazebo_worlds:/home/user/exchange/workspace/install/pick_task:/home/user/exchange/workspace/install/pal_pro_gripper_wrapper:/opt/ros/humble PYTHONPATH=/home/user/exchange/workspace/install/pal_pro_gripper_wrapper/lib/python3.10/site-packages:/home/user/exchange/workspace/install/pick_task/lib/python3.10/site-packages:/home/user/exchange/workspace/install/tiago_pro_description/local/lib/python3.10/dist-packages:/home/user/exchange/workspace/install/pal_sea_arm_description/local/lib/python3.10/dist-packages:/home/user/exchange/workspace/install/pal_pro_gripper_description/local/lib/python3.10/dist-packages:/opt/ros/humble/lib/python3.10/site-packages:/opt/ros/humble/local/lib/python3.10/dist-packages /usr/bin/cmake --build /home/user/exchange/workspace/build/pal_pro_gripper_bringup -- -j12 -l12
[0.975s] DEBUG:colcon.colcon_core.event_handler.log_command:Invoking command in '/home/user/exchange/workspace/build/pal_pro_gripper_bringup': AMENT_PREFIX_PATH=/home/user/exchange/workspace/install/pal_pro_gripper_wrapper:/home/user/exchange/workspace/install/tiago_manipulation_tasks:/home/user/exchange/workspace/install/pick_task:/home/user/exchange/workspace/install/tiago_pro_simulation:/home/user/exchange/workspace/install/tiago_pro_robot:/home/user/exchange/workspace/install/tiago_pro_navigation:/home/user/exchange/workspace/install/tiago_pro_gazebo:/home/user/exchange/workspace/install/tiago_pro_rgbd_sensors:/home/user/exchange/workspace/install/tiago_pro_mujoco:/home/user/exchange/workspace/install/tiago_pro_moveit_config:/home/user/exchange/workspace/install/tiago_pro_laser_sensors:/home/user/exchange/workspace/install/tiago_pro_description:/home/user/exchange/workspace/install/tiago_pro_bringup:/home/user/exchange/workspace/install/tiago_pro_controller_configuration:/home/user/exchange/workspace/install/tiago_pro_2dnav:/home/user/exchange/workspace/install/pal_sea_arm_moveit_config:/home/user/exchange/workspace/install/pal_sea_arm:/home/user/exchange/workspace/install/pal_sea_arm_bringup:/home/user/exchange/workspace/install/pal_sea_arm_description:/home/user/exchange/workspace/install/pal_sea_arm_controller_configuration:/home/user/exchange/workspace/install/pal_pro_gripper_simulation:/home/user/exchange/workspace/install/pal_pro_gripper_bringup:/home/user/exchange/workspace/install/pal_pro_gripper:/home/user/exchange/workspace/install/pal_pro_gripper_controller_configuration:/home/user/exchange/workspace/install/pal_pro_gripper_description:/home/user/exchange/workspace/install/pal_gazebo_worlds:/opt/ros/humble CMAKE_PREFIX_PATH=/home/user/exchange/workspace/install/pal_pro_gripper_controller_configuration:/home/user/exchange/workspace/install/pal_pro_gripper_description:/home/user/exchange/workspace/install/tiago_manipulation_tasks:/home/user/exchange/workspace/install/tiago_pro_simulation:/home/user/exchange/workspace/install/tiago_pro_robot:/home/user/exchange/workspace/install/tiago_pro_navigation:/home/user/exchange/workspace/install/tiago_pro_gazebo:/home/user/exchange/workspace/install/tiago_pro_rgbd_sensors:/home/user/exchange/workspace/install/tiago_pro_mujoco:/home/user/exchange/workspace/install/tiago_pro_moveit_config:/home/user/exchange/workspace/install/tiago_pro_laser_sensors:/home/user/exchange/workspace/install/tiago_pro_description:/home/user/exchange/workspace/install/tiago_pro_bringup:/home/user/exchange/workspace/install/tiago_pro_controller_configuration:/home/user/exchange/workspace/install/tiago_pro_2dnav:/home/user/exchange/workspace/install/pal_sea_arm_moveit_config:/home/user/exchange/workspace/install/pal_sea_arm:/home/user/exchange/workspace/install/pal_sea_arm_bringup:/home/user/exchange/workspace/install/pal_sea_arm_description:/home/user/exchange/workspace/install/pal_sea_arm_controller_configuration:/home/user/exchange/workspace/install/pal_pro_gripper_simulation:/home/user/exchange/workspace/install/pal_pro_gripper_bringup:/home/user/exchange/workspace/install/pal_pro_gripper:/home/user/exchange/workspace/install/pal_gazebo_worlds:/home/user/exchange/workspace/install/pick_task:/home/user/exchange/workspace/install/pal_pro_gripper_wrapper:/opt/ros/humble PYTHONPATH=/home/user/exchange/workspace/install/pal_pro_gripper_wrapper/lib/python3.10/site-packages:/home/user/exchange/workspace/install/pick_task/lib/python3.10/site-packages:/home/user/exchange/workspace/install/tiago_pro_description/local/lib/python3.10/dist-packages:/home/user/exchange/workspace/install/pal_sea_arm_description/local/lib/python3.10/dist-packages:/home/user/exchange/workspace/install/pal_pro_gripper_description/local/lib/python3.10/dist-packages:/opt/ros/humble/lib/python3.10/site-packages:/opt/ros/humble/local/lib/python3.10/dist-packages /usr/bin/cmake --install /home/user/exchange/workspace/build/pal_pro_gripper_bringup
[0.976s] DEBUG:colcon.colcon_core.event_handler.log_command:Invoked command in '/home/user/exchange/workspace/build/pal_pro_gripper_simulation' returned '0': AMENT_PREFIX_PATH=/home/user/exchange/workspace/install/pal_pro_gripper_wrapper:/home/user/exchange/workspace/install/tiago_manipulation_tasks:/home/user/exchange/workspace/install/pick_task:/home/user/exchange/workspace/install/tiago_pro_simulation:/home/user/exchange/workspace/install/tiago_pro_robot:/home/user/exchange/workspace/install/tiago_pro_navigation:/home/user/exchange/workspace/install/tiago_pro_gazebo:/home/user/exchange/workspace/install/tiago_pro_rgbd_sensors:/home/user/exchange/workspace/install/tiago_pro_mujoco:/home/user/exchange/workspace/install/tiago_pro_moveit_config:/home/user/exchange/workspace/install/tiago_pro_laser_sensors:/home/user/exchange/workspace/install/tiago_pro_description:/home/user/exchange/workspace/install/tiago_pro_bringup:/home/user/exchange/workspace/install/tiago_pro_controller_configuration:/home/user/exchange/workspace/install/tiago_pro_2dnav:/home/user/exchange/workspace/install/pal_sea_arm_moveit_config:/home/user/exchange/workspace/install/pal_sea_arm:/home/user/exchange/workspace/install/pal_sea_arm_bringup:/home/user/exchange/workspace/install/pal_sea_arm_description:/home/user/exchange/workspace/install/pal_sea_arm_controller_configuration:/home/user/exchange/workspace/install/pal_pro_gripper_simulation:/home/user/exchange/workspace/install/pal_pro_gripper_bringup:/home/user/exchange/workspace/install/pal_pro_gripper:/home/user/exchange/workspace/install/pal_pro_gripper_controller_configuration:/home/user/exchange/workspace/install/pal_pro_gripper_description:/home/user/exchange/workspace/install/pal_gazebo_worlds:/opt/ros/humble CMAKE_PREFIX_PATH=/home/user/exchange/workspace/install/pal_pro_gripper_controller_configuration:/home/user/exchange/workspace/install/pal_pro_gripper_description:/home/user/exchange/workspace/install/pal_gazebo_worlds:/home/user/exchange/workspace/install/tiago_manipulation_tasks:/home/user/exchange/workspace/install/tiago_pro_simulation:/home/user/exchange/workspace/install/tiago_pro_robot:/home/user/exchange/workspace/install/tiago_pro_navigation:/home/user/exchange/workspace/install/tiago_pro_gazebo:/home/user/exchange/workspace/install/tiago_pro_rgbd_sensors:/home/user/exchange/workspace/install/tiago_pro_mujoco:/home/user/exchange/workspace/install/tiago_pro_moveit_config:/home/user/exchange/workspace/install/tiago_pro_laser_sensors:/home/user/exchange/workspace/install/tiago_pro_description:/home/user/exchange/workspace/install/tiago_pro_bringup:/home/user/exchange/workspace/install/tiago_pro_controller_configuration:/home/user/exchange/workspace/install/tiago_pro_2dnav:/home/user/exchange/workspace/install/pal_sea_arm_moveit_config:/home/user/exchange/workspace/install/pal_sea_arm:/home/user/exchange/workspace/install/pal_sea_arm_bringup:/home/user/exchange/workspace/install/pal_sea_arm_description:/home/user/exchange/workspace/install/pal_sea_arm_controller_configuration:/home/user/exchange/workspace/install/pal_pro_gripper_simulation:/home/user/exchange/workspace/install/pal_pro_gripper_bringup:/home/user/exchange/workspace/install/pal_pro_gripper:/home/user/exchange/workspace/install/pick_task:/home/user/exchange/workspace/install/pal_pro_gripper_wrapper:/opt/ros/humble PYTHONPATH=/home/user/exchange/workspace/install/pal_pro_gripper_wrapper/lib/python3.10/site-packages:/home/user/exchange/workspace/install/pick_task/lib/python3.10/site-packages:/home/user/exchange/workspace/install/tiago_pro_description/local/lib/python3.10/dist-packages:/home/user/exchange/workspace/install/pal_sea_arm_description/local/lib/python3.10/dist-packages:/home/user/exchange/workspace/install/pal_pro_gripper_description/local/lib/python3.10/dist-packages:/opt/ros/humble/lib/python3.10/site-packages:/opt/ros/humble/local/lib/python3.10/dist-packages /usr/bin/cmake --build /home/user/exchange/workspace/build/pal_pro_gripper_simulation -- -j12 -l12
[0.979s] Level 1:colcon.colcon_core.environment:create_environment_scripts_only(pal_sea_arm_controller_configuration)
[0.979s] Level 1:colcon.colcon_core.environment:checking '/home/user/exchange/workspace/install/pal_sea_arm_controller_configuration' for CMake module files
[0.981s] Level 1:colcon.colcon_core.environment:checking '/home/user/exchange/workspace/install/pal_sea_arm_controller_configuration' for CMake config files
[0.982s] DEBUG:colcon.colcon_core.event_handler.log_command:Invoking command in '/home/user/exchange/workspace/build/pal_pro_gripper_simulation': AMENT_PREFIX_PATH=/home/user/exchange/workspace/install/pal_pro_gripper_wrapper:/home/user/exchange/workspace/install/tiago_manipulation_tasks:/home/user/exchange/workspace/install/pick_task:/home/user/exchange/workspace/install/tiago_pro_simulation:/home/user/exchange/workspace/install/tiago_pro_robot:/home/user/exchange/workspace/install/tiago_pro_navigation:/home/user/exchange/workspace/install/tiago_pro_gazebo:/home/user/exchange/workspace/install/tiago_pro_rgbd_sensors:/home/user/exchange/workspace/install/tiago_pro_mujoco:/home/user/exchange/workspace/install/tiago_pro_moveit_config:/home/user/exchange/workspace/install/tiago_pro_laser_sensors:/home/user/exchange/workspace/install/tiago_pro_description:/home/user/exchange/workspace/install/tiago_pro_bringup:/home/user/exchange/workspace/install/tiago_pro_controller_configuration:/home/user/exchange/workspace/install/tiago_pro_2dnav:/home/user/exchange/workspace/install/pal_sea_arm_moveit_config:/home/user/exchange/workspace/install/pal_sea_arm:/home/user/exchange/workspace/install/pal_sea_arm_bringup:/home/user/exchange/workspace/install/pal_sea_arm_description:/home/user/exchange/workspace/install/pal_sea_arm_controller_configuration:/home/user/exchange/workspace/install/pal_pro_gripper_simulation:/home/user/exchange/workspace/install/pal_pro_gripper_bringup:/home/user/exchange/workspace/install/pal_pro_gripper:/home/user/exchange/workspace/install/pal_pro_gripper_controller_configuration:/home/user/exchange/workspace/install/pal_pro_gripper_description:/home/user/exchange/workspace/install/pal_gazebo_worlds:/opt/ros/humble CMAKE_PREFIX_PATH=/home/user/exchange/workspace/install/pal_pro_gripper_controller_configuration:/home/user/exchange/workspace/install/pal_pro_gripper_description:/home/user/exchange/workspace/install/pal_gazebo_worlds:/home/user/exchange/workspace/install/tiago_manipulation_tasks:/home/user/exchange/workspace/install/tiago_pro_simulation:/home/user/exchange/workspace/install/tiago_pro_robot:/home/user/exchange/workspace/install/tiago_pro_navigation:/home/user/exchange/workspace/install/tiago_pro_gazebo:/home/user/exchange/workspace/install/tiago_pro_rgbd_sensors:/home/user/exchange/workspace/install/tiago_pro_mujoco:/home/user/exchange/workspace/install/tiago_pro_moveit_config:/home/user/exchange/workspace/install/tiago_pro_laser_sensors:/home/user/exchange/workspace/install/tiago_pro_description:/home/user/exchange/workspace/install/tiago_pro_bringup:/home/user/exchange/workspace/install/tiago_pro_controller_configuration:/home/user/exchange/workspace/install/tiago_pro_2dnav:/home/user/exchange/workspace/install/pal_sea_arm_moveit_config:/home/user/exchange/workspace/install/pal_sea_arm:/home/user/exchange/workspace/install/pal_sea_arm_bringup:/home/user/exchange/workspace/install/pal_sea_arm_description:/home/user/exchange/workspace/install/pal_sea_arm_controller_configuration:/home/user/exchange/workspace/install/pal_pro_gripper_simulation:/home/user/exchange/workspace/install/pal_pro_gripper_bringup:/home/user/exchange/workspace/install/pal_pro_gripper:/home/user/exchange/workspace/install/pick_task:/home/user/exchange/workspace/install/pal_pro_gripper_wrapper:/opt/ros/humble PYTHONPATH=/home/user/exchange/workspace/install/pal_pro_gripper_wrapper/lib/python3.10/site-packages:/home/user/exchange/workspace/install/pick_task/lib/python3.10/site-packages:/home/user/exchange/workspace/install/tiago_pro_description/local/lib/python3.10/dist-packages:/home/user/exchange/workspace/install/pal_sea_arm_description/local/lib/python3.10/dist-packages:/home/user/exchange/workspace/install/pal_pro_gripper_description/local/lib/python3.10/dist-packages:/opt/ros/humble/lib/python3.10/site-packages:/opt/ros/humble/local/lib/python3.10/dist-packages /usr/bin/cmake --install /home/user/exchange/workspace/build/pal_pro_gripper_simulation
[0.983s] Level 1:colcon.colcon_core.shell:create_environment_hook('pal_sea_arm_controller_configuration', 'cmake_prefix_path')
[0.983s] INFO:colcon.colcon_core.shell:Creating environment hook '/home/user/exchange/workspace/install/pal_sea_arm_controller_configuration/share/pal_sea_arm_controller_configuration/hook/cmake_prefix_path.ps1'
[0.984s] INFO:colcon.colcon_core.shell:Creating environment descriptor '/home/user/exchange/workspace/install/pal_sea_arm_controller_configuration/share/pal_sea_arm_controller_configuration/hook/cmake_prefix_path.dsv'
[0.984s] INFO:colcon.colcon_core.shell:Creating environment hook '/home/user/exchange/workspace/install/pal_sea_arm_controller_configuration/share/pal_sea_arm_controller_configuration/hook/cmake_prefix_path.sh'
[0.985s] DEBUG:colcon.colcon_core.event_handler.log_command:Invoked command in '/home/user/exchange/workspace/build/pal_sea_arm_controller_configuration' returned '0': AMENT_PREFIX_PATH=/home/user/exchange/workspace/install/pal_pro_gripper_wrapper:/home/user/exchange/workspace/install/tiago_manipulation_tasks:/home/user/exchange/workspace/install/pick_task:/home/user/exchange/workspace/install/tiago_pro_simulation:/home/user/exchange/workspace/install/tiago_pro_robot:/home/user/exchange/workspace/install/tiago_pro_navigation:/home/user/exchange/workspace/install/tiago_pro_gazebo:/home/user/exchange/workspace/install/tiago_pro_rgbd_sensors:/home/user/exchange/workspace/install/tiago_pro_mujoco:/home/user/exchange/workspace/install/tiago_pro_moveit_config:/home/user/exchange/workspace/install/tiago_pro_laser_sensors:/home/user/exchange/workspace/install/tiago_pro_description:/home/user/exchange/workspace/install/tiago_pro_bringup:/home/user/exchange/workspace/install/tiago_pro_controller_configuration:/home/user/exchange/workspace/install/tiago_pro_2dnav:/home/user/exchange/workspace/install/pal_sea_arm_moveit_config:/home/user/exchange/workspace/install/pal_sea_arm:/home/user/exchange/workspace/install/pal_sea_arm_bringup:/home/user/exchange/workspace/install/pal_sea_arm_description:/home/user/exchange/workspace/install/pal_sea_arm_controller_configuration:/home/user/exchange/workspace/install/pal_pro_gripper_simulation:/home/user/exchange/workspace/install/pal_pro_gripper_bringup:/home/user/exchange/workspace/install/pal_pro_gripper:/home/user/exchange/workspace/install/pal_pro_gripper_controller_configuration:/home/user/exchange/workspace/install/pal_pro_gripper_description:/home/user/exchange/workspace/install/pal_gazebo_worlds:/opt/ros/humble CMAKE_PREFIX_PATH=/home/user/exchange/workspace/install/pal_pro_gripper_controller_configuration:/home/user/exchange/workspace/install/tiago_manipulation_tasks:/home/user/exchange/workspace/install/tiago_pro_simulation:/home/user/exchange/workspace/install/tiago_pro_robot:/home/user/exchange/workspace/install/tiago_pro_navigation:/home/user/exchange/workspace/install/tiago_pro_gazebo:/home/user/exchange/workspace/install/tiago_pro_rgbd_sensors:/home/user/exchange/workspace/install/tiago_pro_mujoco:/home/user/exchange/workspace/install/tiago_pro_moveit_config:/home/user/exchange/workspace/install/tiago_pro_laser_sensors:/home/user/exchange/workspace/install/tiago_pro_description:/home/user/exchange/workspace/install/tiago_pro_bringup:/home/user/exchange/workspace/install/tiago_pro_controller_configuration:/home/user/exchange/workspace/install/tiago_pro_2dnav:/home/user/exchange/workspace/install/pal_sea_arm_moveit_config:/home/user/exchange/workspace/install/pal_sea_arm:/home/user/exchange/workspace/install/pal_sea_arm_bringup:/home/user/exchange/workspace/install/pal_sea_arm_description:/home/user/exchange/workspace/install/pal_sea_arm_controller_configuration:/home/user/exchange/workspace/install/pal_pro_gripper_simulation:/home/user/exchange/workspace/install/pal_pro_gripper_bringup:/home/user/exchange/workspace/install/pal_pro_gripper:/home/user/exchange/workspace/install/pal_pro_gripper_description:/home/user/exchange/workspace/install/pal_gazebo_worlds:/home/user/exchange/workspace/install/pick_task:/home/user/exchange/workspace/install/pal_pro_gripper_wrapper:/opt/ros/humble PYTHONPATH=/home/user/exchange/workspace/install/pal_pro_gripper_wrapper/lib/python3.10/site-packages:/home/user/exchange/workspace/install/pick_task/lib/python3.10/site-packages:/home/user/exchange/workspace/install/tiago_pro_description/local/lib/python3.10/dist-packages:/home/user/exchange/workspace/install/pal_sea_arm_description/local/lib/python3.10/dist-packages:/home/user/exchange/workspace/install/pal_pro_gripper_description/local/lib/python3.10/dist-packages:/opt/ros/humble/lib/python3.10/site-packages:/opt/ros/humble/local/lib/python3.10/dist-packages /usr/bin/cmake --install /home/user/exchange/workspace/build/pal_sea_arm_controller_configuration
[0.985s] Level 1:colcon.colcon_core.environment:checking '/home/user/exchange/workspace/install/pal_sea_arm_controller_configuration/bin'
[0.985s] Level 1:colcon.colcon_core.environment:checking '/home/user/exchange/workspace/install/pal_sea_arm_controller_configuration/lib/pkgconfig/pal_sea_arm_controller_configuration.pc'
[0.985s] Level 1:colcon.colcon_core.environment:checking '/home/user/exchange/workspace/install/pal_sea_arm_controller_configuration/lib/python3.10/site-packages'
[0.986s] Level 1:colcon.colcon_core.environment:checking '/home/user/exchange/workspace/install/pal_sea_arm_controller_configuration/bin'
[0.986s] INFO:colcon.colcon_core.shell:Creating package script '/home/user/exchange/workspace/install/pal_sea_arm_controller_configuration/share/pal_sea_arm_controller_configuration/package.ps1'
[0.986s] INFO:colcon.colcon_core.shell:Creating package descriptor '/home/user/exchange/workspace/install/pal_sea_arm_controller_configuration/share/pal_sea_arm_controller_configuration/package.dsv'
[0.987s] INFO:colcon.colcon_core.shell:Creating package script '/home/user/exchange/workspace/install/pal_sea_arm_controller_configuration/share/pal_sea_arm_controller_configuration/package.sh'
[0.987s] INFO:colcon.colcon_core.shell:Creating package script '/home/user/exchange/workspace/install/pal_sea_arm_controller_configuration/share/pal_sea_arm_controller_configuration/package.bash'
[0.988s] INFO:colcon.colcon_core.shell:Creating package script '/home/user/exchange/workspace/install/pal_sea_arm_controller_configuration/share/pal_sea_arm_controller_configuration/package.zsh'
[0.988s] Level 1:colcon.colcon_core.environment:create_file_with_runtime_dependencies(/home/user/exchange/workspace/install/pal_sea_arm_controller_configuration/share/colcon-core/packages/pal_sea_arm_controller_configuration)
[0.989s] Level 1:colcon.colcon_core.environment:create_environment_scripts_only(pal_sea_arm_controller_configuration)
[0.989s] Level 1:colcon.colcon_core.environment:checking '/home/user/exchange/workspace/install/pal_sea_arm_controller_configuration' for CMake module files
[0.990s] Level 1:colcon.colcon_core.environment:checking '/home/user/exchange/workspace/install/pal_sea_arm_controller_configuration' for CMake config files
[0.990s] Level 1:colcon.colcon_core.shell:create_environment_hook('pal_sea_arm_controller_configuration', 'cmake_prefix_path')
[0.990s] INFO:colcon.colcon_core.shell:Creating environment hook '/home/user/exchange/workspace/install/pal_sea_arm_controller_configuration/share/pal_sea_arm_controller_configuration/hook/cmake_prefix_path.ps1'
[0.990s] INFO:colcon.colcon_core.shell:Creating environment descriptor '/home/user/exchange/workspace/install/pal_sea_arm_controller_configuration/share/pal_sea_arm_controller_configuration/hook/cmake_prefix_path.dsv'
[0.991s] INFO:colcon.colcon_core.shell:Creating environment hook '/home/user/exchange/workspace/install/pal_sea_arm_controller_configuration/share/pal_sea_arm_controller_configuration/hook/cmake_prefix_path.sh'
[0.991s] Level 1:colcon.colcon_core.environment:checking '/home/user/exchange/workspace/install/pal_sea_arm_controller_configuration/bin'
[0.991s] Level 1:colcon.colcon_core.environment:checking '/home/user/exchange/workspace/install/pal_sea_arm_controller_configuration/lib/pkgconfig/pal_sea_arm_controller_configuration.pc'
[0.991s] Level 1:colcon.colcon_core.environment:checking '/home/user/exchange/workspace/install/pal_sea_arm_controller_configuration/lib/python3.10/site-packages'
[0.991s] Level 1:colcon.colcon_core.environment:checking '/home/user/exchange/workspace/install/pal_sea_arm_controller_configuration/bin'
[0.992s] INFO:colcon.colcon_core.shell:Creating package script '/home/user/exchange/workspace/install/pal_sea_arm_controller_configuration/share/pal_sea_arm_controller_configuration/package.ps1'
[0.992s] INFO:colcon.colcon_core.shell:Creating package descriptor '/home/user/exchange/workspace/install/pal_sea_arm_controller_configuration/share/pal_sea_arm_controller_configuration/package.dsv'
[0.992s] INFO:colcon.colcon_core.shell:Creating package script '/home/user/exchange/workspace/install/pal_sea_arm_controller_configuration/share/pal_sea_arm_controller_configuration/package.sh'
[0.993s] INFO:colcon.colcon_core.shell:Creating package script '/home/user/exchange/workspace/install/pal_sea_arm_controller_configuration/share/pal_sea_arm_controller_configuration/package.bash'
[0.993s] INFO:colcon.colcon_core.shell:Creating package script '/home/user/exchange/workspace/install/pal_sea_arm_controller_configuration/share/pal_sea_arm_controller_configuration/package.zsh'
[0.993s] Level 1:colcon.colcon_core.environment:create_file_with_runtime_dependencies(/home/user/exchange/workspace/install/pal_sea_arm_controller_configuration/share/colcon-core/packages/pal_sea_arm_controller_configuration)
[0.994s] INFO:colcon.colcon_ros.task.ament_cmake.build:Building ROS package in '/home/user/exchange/workspace/src/pal_sea_arm/pal_sea_arm_description' with build type 'ament_cmake'
[0.994s] INFO:colcon.colcon_cmake.task.cmake.build:Building CMake package in '/home/user/exchange/workspace/src/pal_sea_arm/pal_sea_arm_description'
[0.994s] INFO:colcon.colcon_core.shell:Skip shell extension 'powershell' for command environment: Not usable outside of PowerShell
[0.994s] DEBUG:colcon.colcon_core.shell:Skip shell extension 'dsv' for command environment
[0.997s] INFO:colcon.colcon_ros.task.ament_cmake.build:Building ROS package in '/home/user/exchange/workspace/src/tiago_pro_robot/tiago_pro_controller_configuration' with build type 'ament_cmake'
[0.998s] INFO:colcon.colcon_cmake.task.cmake.build:Building CMake package in '/home/user/exchange/workspace/src/tiago_pro_robot/tiago_pro_controller_configuration'
[0.998s] INFO:colcon.colcon_core.shell:Skip shell extension 'powershell' for command environment: Not usable outside of PowerShell
[0.998s] DEBUG:colcon.colcon_core.shell:Skip shell extension 'dsv' for command environment
[1.002s] Level 1:colcon.colcon_core.environment:create_environment_scripts_only(pal_pro_gripper)
[1.003s] Level 1:colcon.colcon_core.environment:checking '/home/user/exchange/workspace/install/pal_pro_gripper' for CMake module files
[1.003s] DEBUG:colcon.colcon_core.event_handler.log_command:Invoked command in '/home/user/exchange/workspace/build/pal_pro_gripper' returned '0': AMENT_PREFIX_PATH=/home/user/exchange/workspace/install/pal_pro_gripper_wrapper:/home/user/exchange/workspace/install/tiago_manipulation_tasks:/home/user/exchange/workspace/install/pick_task:/home/user/exchange/workspace/install/tiago_pro_simulation:/home/user/exchange/workspace/install/tiago_pro_robot:/home/user/exchange/workspace/install/tiago_pro_navigation:/home/user/exchange/workspace/install/tiago_pro_gazebo:/home/user/exchange/workspace/install/tiago_pro_rgbd_sensors:/home/user/exchange/workspace/install/tiago_pro_mujoco:/home/user/exchange/workspace/install/tiago_pro_moveit_config:/home/user/exchange/workspace/install/tiago_pro_laser_sensors:/home/user/exchange/workspace/install/tiago_pro_description:/home/user/exchange/workspace/install/tiago_pro_bringup:/home/user/exchange/workspace/install/tiago_pro_controller_configuration:/home/user/exchange/workspace/install/tiago_pro_2dnav:/home/user/exchange/workspace/install/pal_sea_arm_moveit_config:/home/user/exchange/workspace/install/pal_sea_arm:/home/user/exchange/workspace/install/pal_sea_arm_bringup:/home/user/exchange/workspace/install/pal_sea_arm_description:/home/user/exchange/workspace/install/pal_sea_arm_controller_configuration:/home/user/exchange/workspace/install/pal_pro_gripper_simulation:/home/user/exchange/workspace/install/pal_pro_gripper_bringup:/home/user/exchange/workspace/install/pal_pro_gripper:/home/user/exchange/workspace/install/pal_pro_gripper_controller_configuration:/home/user/exchange/workspace/install/pal_pro_gripper_description:/home/user/exchange/workspace/install/pal_gazebo_worlds:/opt/ros/humble CMAKE_PREFIX_PATH=/home/user/exchange/workspace/install/pal_pro_gripper_controller_configuration:/home/user/exchange/workspace/install/pal_pro_gripper_description:/home/user/exchange/workspace/install/tiago_manipulation_tasks:/home/user/exchange/workspace/install/tiago_pro_simulation:/home/user/exchange/workspace/install/tiago_pro_robot:/home/user/exchange/workspace/install/tiago_pro_navigation:/home/user/exchange/workspace/install/tiago_pro_gazebo:/home/user/exchange/workspace/install/tiago_pro_rgbd_sensors:/home/user/exchange/workspace/install/tiago_pro_mujoco:/home/user/exchange/workspace/install/tiago_pro_moveit_config:/home/user/exchange/workspace/install/tiago_pro_laser_sensors:/home/user/exchange/workspace/install/tiago_pro_description:/home/user/exchange/workspace/install/tiago_pro_bringup:/home/user/exchange/workspace/install/tiago_pro_controller_configuration:/home/user/exchange/workspace/install/tiago_pro_2dnav:/home/user/exchange/workspace/install/pal_sea_arm_moveit_config:/home/user/exchange/workspace/install/pal_sea_arm:/home/user/exchange/workspace/install/pal_sea_arm_bringup:/home/user/exchange/workspace/install/pal_sea_arm_description:/home/user/exchange/workspace/install/pal_sea_arm_controller_configuration:/home/user/exchange/workspace/install/pal_pro_gripper_simulation:/home/user/exchange/workspace/install/pal_pro_gripper_bringup:/home/user/exchange/workspace/install/pal_pro_gripper:/home/user/exchange/workspace/install/pal_gazebo_worlds:/home/user/exchange/workspace/install/pick_task:/home/user/exchange/workspace/install/pal_pro_gripper_wrapper:/opt/ros/humble PYTHONPATH=/home/user/exchange/workspace/install/pal_pro_gripper_wrapper/lib/python3.10/site-packages:/home/user/exchange/workspace/install/pick_task/lib/python3.10/site-packages:/home/user/exchange/workspace/install/tiago_pro_description/local/lib/python3.10/dist-packages:/home/user/exchange/workspace/install/pal_sea_arm_description/local/lib/python3.10/dist-packages:/home/user/exchange/workspace/install/pal_pro_gripper_description/local/lib/python3.10/dist-packages:/opt/ros/humble/lib/python3.10/site-packages:/opt/ros/humble/local/lib/python3.10/dist-packages /usr/bin/cmake --install /home/user/exchange/workspace/build/pal_pro_gripper
[1.003s] Level 1:colcon.colcon_core.environment:checking '/home/user/exchange/workspace/install/pal_pro_gripper' for CMake config files
[1.003s] Level 1:colcon.colcon_core.shell:create_environment_hook('pal_pro_gripper', 'cmake_prefix_path')
[1.004s] INFO:colcon.colcon_core.shell:Creating environment hook '/home/user/exchange/workspace/install/pal_pro_gripper/share/pal_pro_gripper/hook/cmake_prefix_path.ps1'
[1.004s] INFO:colcon.colcon_core.shell:Creating environment descriptor '/home/user/exchange/workspace/install/pal_pro_gripper/share/pal_pro_gripper/hook/cmake_prefix_path.dsv'
[1.004s] INFO:colcon.colcon_core.shell:Creating environment hook '/home/user/exchange/workspace/install/pal_pro_gripper/share/pal_pro_gripper/hook/cmake_prefix_path.sh'
[1.005s] Level 1:colcon.colcon_core.environment:checking '/home/user/exchange/workspace/install/pal_pro_gripper/bin'
[1.005s] Level 1:colcon.colcon_core.environment:checking '/home/user/exchange/workspace/install/pal_pro_gripper/lib/pkgconfig/pal_pro_gripper.pc'
[1.005s] Level 1:colcon.colcon_core.environment:checking '/home/user/exchange/workspace/install/pal_pro_gripper/lib/python3.10/site-packages'
[1.005s] Level 1:colcon.colcon_core.environment:checking '/home/user/exchange/workspace/install/pal_pro_gripper/bin'
[1.005s] INFO:colcon.colcon_core.shell:Creating package script '/home/user/exchange/workspace/install/pal_pro_gripper/share/pal_pro_gripper/package.ps1'
[1.006s] INFO:colcon.colcon_core.shell:Creating package descriptor '/home/user/exchange/workspace/install/pal_pro_gripper/share/pal_pro_gripper/package.dsv'
[1.006s] INFO:colcon.colcon_core.shell:Creating package script '/home/user/exchange/workspace/install/pal_pro_gripper/share/pal_pro_gripper/package.sh'
[1.006s] INFO:colcon.colcon_core.shell:Creating package script '/home/user/exchange/workspace/install/pal_pro_gripper/share/pal_pro_gripper/package.bash'
[1.006s] INFO:colcon.colcon_core.shell:Creating package script '/home/user/exchange/workspace/install/pal_pro_gripper/share/pal_pro_gripper/package.zsh'
[1.007s] Level 1:colcon.colcon_core.environment:create_file_with_runtime_dependencies(/home/user/exchange/workspace/install/pal_pro_gripper/share/colcon-core/packages/pal_pro_gripper)
[1.007s] Level 1:colcon.colcon_core.environment:create_environment_scripts_only(pal_pro_gripper)
[1.007s] Level 1:colcon.colcon_core.environment:checking '/home/user/exchange/workspace/install/pal_pro_gripper' for CMake module files
[1.007s] Level 1:colcon.colcon_core.environment:checking '/home/user/exchange/workspace/install/pal_pro_gripper' for CMake config files
[1.007s] Level 1:colcon.colcon_core.shell:create_environment_hook('pal_pro_gripper', 'cmake_prefix_path')
[1.008s] INFO:colcon.colcon_core.shell:Creating environment hook '/home/user/exchange/workspace/install/pal_pro_gripper/share/pal_pro_gripper/hook/cmake_prefix_path.ps1'
[1.008s] INFO:colcon.colcon_core.shell:Creating environment descriptor '/home/user/exchange/workspace/install/pal_pro_gripper/share/pal_pro_gripper/hook/cmake_prefix_path.dsv'
[1.008s] INFO:colcon.colcon_core.shell:Creating environment hook '/home/user/exchange/workspace/install/pal_pro_gripper/share/pal_pro_gripper/hook/cmake_prefix_path.sh'
[1.008s] Level 1:colcon.colcon_core.environment:checking '/home/user/exchange/workspace/install/pal_pro_gripper/bin'
[1.008s] Level 1:colcon.colcon_core.environment:checking '/home/user/exchange/workspace/install/pal_pro_gripper/lib/pkgconfig/pal_pro_gripper.pc'
[1.009s] Level 1:colcon.colcon_core.environment:checking '/home/user/exchange/workspace/install/pal_pro_gripper/lib/python3.10/site-packages'
[1.009s] Level 1:colcon.colcon_core.environment:checking '/home/user/exchange/workspace/install/pal_pro_gripper/bin'
[1.009s] INFO:colcon.colcon_core.shell:Creating package script '/home/user/exchange/workspace/install/pal_pro_gripper/share/pal_pro_gripper/package.ps1'
[1.009s] INFO:colcon.colcon_core.shell:Creating package descriptor '/home/user/exchange/workspace/install/pal_pro_gripper/share/pal_pro_gripper/package.dsv'
[1.009s] INFO:colcon.colcon_core.shell:Creating package script '/home/user/exchange/workspace/install/pal_pro_gripper/share/pal_pro_gripper/package.sh'
[1.010s] INFO:colcon.colcon_core.shell:Creating package script '/home/user/exchange/workspace/install/pal_pro_gripper/share/pal_pro_gripper/package.bash'
[1.010s] INFO:colcon.colcon_core.shell:Creating package script '/home/user/exchange/workspace/install/pal_pro_gripper/share/pal_pro_gripper/package.zsh'
[1.010s] Level 1:colcon.colcon_core.environment:create_file_with_runtime_dependencies(/home/user/exchange/workspace/install/pal_pro_gripper/share/colcon-core/packages/pal_pro_gripper)
[1.010s] Level 1:colcon.colcon_core.environment:create_environment_scripts_only(pal_pro_gripper_bringup)
[1.011s] Level 1:colcon.colcon_core.environment:checking '/home/user/exchange/workspace/install/pal_pro_gripper_bringup' for CMake module files
[1.011s] DEBUG:colcon.colcon_core.event_handler.log_command:Invoked command in '/home/user/exchange/workspace/build/pal_pro_gripper_bringup' returned '0': AMENT_PREFIX_PATH=/home/user/exchange/workspace/install/pal_pro_gripper_wrapper:/home/user/exchange/workspace/install/tiago_manipulation_tasks:/home/user/exchange/workspace/install/pick_task:/home/user/exchange/workspace/install/tiago_pro_simulation:/home/user/exchange/workspace/install/tiago_pro_robot:/home/user/exchange/workspace/install/tiago_pro_navigation:/home/user/exchange/workspace/install/tiago_pro_gazebo:/home/user/exchange/workspace/install/tiago_pro_rgbd_sensors:/home/user/exchange/workspace/install/tiago_pro_mujoco:/home/user/exchange/workspace/install/tiago_pro_moveit_config:/home/user/exchange/workspace/install/tiago_pro_laser_sensors:/home/user/exchange/workspace/install/tiago_pro_description:/home/user/exchange/workspace/install/tiago_pro_bringup:/home/user/exchange/workspace/install/tiago_pro_controller_configuration:/home/user/exchange/workspace/install/tiago_pro_2dnav:/home/user/exchange/workspace/install/pal_sea_arm_moveit_config:/home/user/exchange/workspace/install/pal_sea_arm:/home/user/exchange/workspace/install/pal_sea_arm_bringup:/home/user/exchange/workspace/install/pal_sea_arm_description:/home/user/exchange/workspace/install/pal_sea_arm_controller_configuration:/home/user/exchange/workspace/install/pal_pro_gripper_simulation:/home/user/exchange/workspace/install/pal_pro_gripper_bringup:/home/user/exchange/workspace/install/pal_pro_gripper:/home/user/exchange/workspace/install/pal_pro_gripper_controller_configuration:/home/user/exchange/workspace/install/pal_pro_gripper_description:/home/user/exchange/workspace/install/pal_gazebo_worlds:/opt/ros/humble CMAKE_PREFIX_PATH=/home/user/exchange/workspace/install/pal_pro_gripper_controller_configuration:/home/user/exchange/workspace/install/pal_pro_gripper_description:/home/user/exchange/workspace/install/tiago_manipulation_tasks:/home/user/exchange/workspace/install/tiago_pro_simulation:/home/user/exchange/workspace/install/tiago_pro_robot:/home/user/exchange/workspace/install/tiago_pro_navigation:/home/user/exchange/workspace/install/tiago_pro_gazebo:/home/user/exchange/workspace/install/tiago_pro_rgbd_sensors:/home/user/exchange/workspace/install/tiago_pro_mujoco:/home/user/exchange/workspace/install/tiago_pro_moveit_config:/home/user/exchange/workspace/install/tiago_pro_laser_sensors:/home/user/exchange/workspace/install/tiago_pro_description:/home/user/exchange/workspace/install/tiago_pro_bringup:/home/user/exchange/workspace/install/tiago_pro_controller_configuration:/home/user/exchange/workspace/install/tiago_pro_2dnav:/home/user/exchange/workspace/install/pal_sea_arm_moveit_config:/home/user/exchange/workspace/install/pal_sea_arm:/home/user/exchange/workspace/install/pal_sea_arm_bringup:/home/user/exchange/workspace/install/pal_sea_arm_description:/home/user/exchange/workspace/install/pal_sea_arm_controller_configuration:/home/user/exchange/workspace/install/pal_pro_gripper_simulation:/home/user/exchange/workspace/install/pal_pro_gripper_bringup:/home/user/exchange/workspace/install/pal_pro_gripper:/home/user/exchange/workspace/install/pal_gazebo_worlds:/home/user/exchange/workspace/install/pick_task:/home/user/exchange/workspace/install/pal_pro_gripper_wrapper:/opt/ros/humble PYTHONPATH=/home/user/exchange/workspace/install/pal_pro_gripper_wrapper/lib/python3.10/site-packages:/home/user/exchange/workspace/install/pick_task/lib/python3.10/site-packages:/home/user/exchange/workspace/install/tiago_pro_description/local/lib/python3.10/dist-packages:/home/user/exchange/workspace/install/pal_sea_arm_description/local/lib/python3.10/dist-packages:/home/user/exchange/workspace/install/pal_pro_gripper_description/local/lib/python3.10/dist-packages:/opt/ros/humble/lib/python3.10/site-packages:/opt/ros/humble/local/lib/python3.10/dist-packages /usr/bin/cmake --install /home/user/exchange/workspace/build/pal_pro_gripper_bringup
[1.011s] Level 1:colcon.colcon_core.environment:checking '/home/user/exchange/workspace/install/pal_pro_gripper_bringup' for CMake config files
[1.011s] Level 1:colcon.colcon_core.shell:create_environment_hook('pal_pro_gripper_bringup', 'cmake_prefix_path')
[1.011s] INFO:colcon.colcon_core.shell:Creating environment hook '/home/user/exchange/workspace/install/pal_pro_gripper_bringup/share/pal_pro_gripper_bringup/hook/cmake_prefix_path.ps1'
[1.012s] INFO:colcon.colcon_core.shell:Creating environment descriptor '/home/user/exchange/workspace/install/pal_pro_gripper_bringup/share/pal_pro_gripper_bringup/hook/cmake_prefix_path.dsv'
[1.012s] INFO:colcon.colcon_core.shell:Creating environment hook '/home/user/exchange/workspace/install/pal_pro_gripper_bringup/share/pal_pro_gripper_bringup/hook/cmake_prefix_path.sh'
[1.012s] Level 1:colcon.colcon_core.environment:checking '/home/user/exchange/workspace/install/pal_pro_gripper_bringup/bin'
[1.012s] Level 1:colcon.colcon_core.environment:checking '/home/user/exchange/workspace/install/pal_pro_gripper_bringup/lib/pkgconfig/pal_pro_gripper_bringup.pc'
[1.012s] Level 1:colcon.colcon_core.environment:checking '/home/user/exchange/workspace/install/pal_pro_gripper_bringup/lib/python3.10/site-packages'
[1.013s] Level 1:colcon.colcon_core.environment:checking '/home/user/exchange/workspace/install/pal_pro_gripper_bringup/bin'
[1.013s] INFO:colcon.colcon_core.shell:Creating package script '/home/user/exchange/workspace/install/pal_pro_gripper_bringup/share/pal_pro_gripper_bringup/package.ps1'
[1.013s] INFO:colcon.colcon_core.shell:Creating package descriptor '/home/user/exchange/workspace/install/pal_pro_gripper_bringup/share/pal_pro_gripper_bringup/package.dsv'
[1.013s] INFO:colcon.colcon_core.shell:Creating package script '/home/user/exchange/workspace/install/pal_pro_gripper_bringup/share/pal_pro_gripper_bringup/package.sh'
[1.014s] INFO:colcon.colcon_core.shell:Creating package script '/home/user/exchange/workspace/install/pal_pro_gripper_bringup/share/pal_pro_gripper_bringup/package.bash'
[1.014s] INFO:colcon.colcon_core.shell:Creating package script '/home/user/exchange/workspace/install/pal_pro_gripper_bringup/share/pal_pro_gripper_bringup/package.zsh'
[1.014s] Level 1:colcon.colcon_core.environment:create_file_with_runtime_dependencies(/home/user/exchange/workspace/install/pal_pro_gripper_bringup/share/colcon-core/packages/pal_pro_gripper_bringup)
[1.015s] Level 1:colcon.colcon_core.environment:create_environment_scripts_only(pal_pro_gripper_bringup)
[1.015s] Level 1:colcon.colcon_core.environment:checking '/home/user/exchange/workspace/install/pal_pro_gripper_bringup' for CMake module files
[1.015s] Level 1:colcon.colcon_core.environment:checking '/home/user/exchange/workspace/install/pal_pro_gripper_bringup' for CMake config files
[1.015s] Level 1:colcon.colcon_core.shell:create_environment_hook('pal_pro_gripper_bringup', 'cmake_prefix_path')
[1.015s] INFO:colcon.colcon_core.shell:Creating environment hook '/home/user/exchange/workspace/install/pal_pro_gripper_bringup/share/pal_pro_gripper_bringup/hook/cmake_prefix_path.ps1'
[1.015s] INFO:colcon.colcon_core.shell:Creating environment descriptor '/home/user/exchange/workspace/install/pal_pro_gripper_bringup/share/pal_pro_gripper_bringup/hook/cmake_prefix_path.dsv'
[1.016s] INFO:colcon.colcon_core.shell:Creating environment hook '/home/user/exchange/workspace/install/pal_pro_gripper_bringup/share/pal_pro_gripper_bringup/hook/cmake_prefix_path.sh'
[1.016s] Level 1:colcon.colcon_core.environment:checking '/home/user/exchange/workspace/install/pal_pro_gripper_bringup/bin'
[1.016s] Level 1:colcon.colcon_core.environment:checking '/home/user/exchange/workspace/install/pal_pro_gripper_bringup/lib/pkgconfig/pal_pro_gripper_bringup.pc'
[1.016s] Level 1:colcon.colcon_core.environment:checking '/home/user/exchange/workspace/install/pal_pro_gripper_bringup/lib/python3.10/site-packages'
[1.016s] Level 1:colcon.colcon_core.environment:checking '/home/user/exchange/workspace/install/pal_pro_gripper_bringup/bin'
[1.016s] INFO:colcon.colcon_core.shell:Creating package script '/home/user/exchange/workspace/install/pal_pro_gripper_bringup/share/pal_pro_gripper_bringup/package.ps1'
[1.017s] INFO:colcon.colcon_core.shell:Creating package descriptor '/home/user/exchange/workspace/install/pal_pro_gripper_bringup/share/pal_pro_gripper_bringup/package.dsv'
[1.017s] INFO:colcon.colcon_core.shell:Creating package script '/home/user/exchange/workspace/install/pal_pro_gripper_bringup/share/pal_pro_gripper_bringup/package.sh'
[1.017s] INFO:colcon.colcon_core.shell:Creating package script '/home/user/exchange/workspace/install/pal_pro_gripper_bringup/share/pal_pro_gripper_bringup/package.bash'
[1.018s] INFO:colcon.colcon_core.shell:Creating package script '/home/user/exchange/workspace/install/pal_pro_gripper_bringup/share/pal_pro_gripper_bringup/package.zsh'
[1.018s] Level 1:colcon.colcon_core.environment:create_file_with_runtime_dependencies(/home/user/exchange/workspace/install/pal_pro_gripper_bringup/share/colcon-core/packages/pal_pro_gripper_bringup)
[1.018s] Level 1:colcon.colcon_core.environment:create_environment_scripts_only(pal_pro_gripper_simulation)
[1.018s] Level 1:colcon.colcon_core.environment:checking '/home/user/exchange/workspace/install/pal_pro_gripper_simulation' for CMake module files
[1.019s] DEBUG:colcon.colcon_core.event_handler.log_command:Invoked command in '/home/user/exchange/workspace/build/pal_pro_gripper_simulation' returned '0': AMENT_PREFIX_PATH=/home/user/exchange/workspace/install/pal_pro_gripper_wrapper:/home/user/exchange/workspace/install/tiago_manipulation_tasks:/home/user/exchange/workspace/install/pick_task:/home/user/exchange/workspace/install/tiago_pro_simulation:/home/user/exchange/workspace/install/tiago_pro_robot:/home/user/exchange/workspace/install/tiago_pro_navigation:/home/user/exchange/workspace/install/tiago_pro_gazebo:/home/user/exchange/workspace/install/tiago_pro_rgbd_sensors:/home/user/exchange/workspace/install/tiago_pro_mujoco:/home/user/exchange/workspace/install/tiago_pro_moveit_config:/home/user/exchange/workspace/install/tiago_pro_laser_sensors:/home/user/exchange/workspace/install/tiago_pro_description:/home/user/exchange/workspace/install/tiago_pro_bringup:/home/user/exchange/workspace/install/tiago_pro_controller_configuration:/home/user/exchange/workspace/install/tiago_pro_2dnav:/home/user/exchange/workspace/install/pal_sea_arm_moveit_config:/home/user/exchange/workspace/install/pal_sea_arm:/home/user/exchange/workspace/install/pal_sea_arm_bringup:/home/user/exchange/workspace/install/pal_sea_arm_description:/home/user/exchange/workspace/install/pal_sea_arm_controller_configuration:/home/user/exchange/workspace/install/pal_pro_gripper_simulation:/home/user/exchange/workspace/install/pal_pro_gripper_bringup:/home/user/exchange/workspace/install/pal_pro_gripper:/home/user/exchange/workspace/install/pal_pro_gripper_controller_configuration:/home/user/exchange/workspace/install/pal_pro_gripper_description:/home/user/exchange/workspace/install/pal_gazebo_worlds:/opt/ros/humble CMAKE_PREFIX_PATH=/home/user/exchange/workspace/install/pal_pro_gripper_controller_configuration:/home/user/exchange/workspace/install/pal_pro_gripper_description:/home/user/exchange/workspace/install/pal_gazebo_worlds:/home/user/exchange/workspace/install/tiago_manipulation_tasks:/home/user/exchange/workspace/install/tiago_pro_simulation:/home/user/exchange/workspace/install/tiago_pro_robot:/home/user/exchange/workspace/install/tiago_pro_navigation:/home/user/exchange/workspace/install/tiago_pro_gazebo:/home/user/exchange/workspace/install/tiago_pro_rgbd_sensors:/home/user/exchange/workspace/install/tiago_pro_mujoco:/home/user/exchange/workspace/install/tiago_pro_moveit_config:/home/user/exchange/workspace/install/tiago_pro_laser_sensors:/home/user/exchange/workspace/install/tiago_pro_description:/home/user/exchange/workspace/install/tiago_pro_bringup:/home/user/exchange/workspace/install/tiago_pro_controller_configuration:/home/user/exchange/workspace/install/tiago_pro_2dnav:/home/user/exchange/workspace/install/pal_sea_arm_moveit_config:/home/user/exchange/workspace/install/pal_sea_arm:/home/user/exchange/workspace/install/pal_sea_arm_bringup:/home/user/exchange/workspace/install/pal_sea_arm_description:/home/user/exchange/workspace/install/pal_sea_arm_controller_configuration:/home/user/exchange/workspace/install/pal_pro_gripper_simulation:/home/user/exchange/workspace/install/pal_pro_gripper_bringup:/home/user/exchange/workspace/install/pal_pro_gripper:/home/user/exchange/workspace/install/pick_task:/home/user/exchange/workspace/install/pal_pro_gripper_wrapper:/opt/ros/humble PYTHONPATH=/home/user/exchange/workspace/install/pal_pro_gripper_wrapper/lib/python3.10/site-packages:/home/user/exchange/workspace/install/pick_task/lib/python3.10/site-packages:/home/user/exchange/workspace/install/tiago_pro_description/local/lib/python3.10/dist-packages:/home/user/exchange/workspace/install/pal_sea_arm_description/local/lib/python3.10/dist-packages:/home/user/exchange/workspace/install/pal_pro_gripper_description/local/lib/python3.10/dist-packages:/opt/ros/humble/lib/python3.10/site-packages:/opt/ros/humble/local/lib/python3.10/dist-packages /usr/bin/cmake --install /home/user/exchange/workspace/build/pal_pro_gripper_simulation
[1.019s] Level 1:colcon.colcon_core.environment:checking '/home/user/exchange/workspace/install/pal_pro_gripper_simulation' for CMake config files
[1.019s] Level 1:colcon.colcon_core.shell:create_environment_hook('pal_pro_gripper_simulation', 'cmake_prefix_path')
[1.019s] INFO:colcon.colcon_core.shell:Creating environment hook '/home/user/exchange/workspace/install/pal_pro_gripper_simulation/share/pal_pro_gripper_simulation/hook/cmake_prefix_path.ps1'
[1.020s] INFO:colcon.colcon_core.shell:Creating environment descriptor '/home/user/exchange/workspace/install/pal_pro_gripper_simulation/share/pal_pro_gripper_simulation/hook/cmake_prefix_path.dsv'
[1.020s] INFO:colcon.colcon_core.shell:Creating environment hook '/home/user/exchange/workspace/install/pal_pro_gripper_simulation/share/pal_pro_gripper_simulation/hook/cmake_prefix_path.sh'
[1.020s] Level 1:colcon.colcon_core.environment:checking '/home/user/exchange/workspace/install/pal_pro_gripper_simulation/bin'
[1.020s] Level 1:colcon.colcon_core.environment:checking '/home/user/exchange/workspace/install/pal_pro_gripper_simulation/lib/pkgconfig/pal_pro_gripper_simulation.pc'
[1.020s] Level 1:colcon.colcon_core.environment:checking '/home/user/exchange/workspace/install/pal_pro_gripper_simulation/lib/python3.10/site-packages'
[1.020s] Level 1:colcon.colcon_core.environment:checking '/home/user/exchange/workspace/install/pal_pro_gripper_simulation/bin'
[1.021s] INFO:colcon.colcon_core.shell:Creating package script '/home/user/exchange/workspace/install/pal_pro_gripper_simulation/share/pal_pro_gripper_simulation/package.ps1'
[1.021s] INFO:colcon.colcon_core.shell:Creating package descriptor '/home/user/exchange/workspace/install/pal_pro_gripper_simulation/share/pal_pro_gripper_simulation/package.dsv'
[1.021s] INFO:colcon.colcon_core.shell:Creating package script '/home/user/exchange/workspace/install/pal_pro_gripper_simulation/share/pal_pro_gripper_simulation/package.sh'
[1.022s] INFO:colcon.colcon_core.shell:Creating package script '/home/user/exchange/workspace/install/pal_pro_gripper_simulation/share/pal_pro_gripper_simulation/package.bash'
[1.022s] INFO:colcon.colcon_core.shell:Creating package script '/home/user/exchange/workspace/install/pal_pro_gripper_simulation/share/pal_pro_gripper_simulation/package.zsh'
[1.022s] Level 1:colcon.colcon_core.environment:create_file_with_runtime_dependencies(/home/user/exchange/workspace/install/pal_pro_gripper_simulation/share/colcon-core/packages/pal_pro_gripper_simulation)
[1.023s] Level 1:colcon.colcon_core.environment:create_environment_scripts_only(pal_pro_gripper_simulation)
[1.023s] Level 1:colcon.colcon_core.environment:checking '/home/user/exchange/workspace/install/pal_pro_gripper_simulation' for CMake module files
[1.023s] Level 1:colcon.colcon_core.environment:checking '/home/user/exchange/workspace/install/pal_pro_gripper_simulation' for CMake config files
[1.023s] Level 1:colcon.colcon_core.shell:create_environment_hook('pal_pro_gripper_simulation', 'cmake_prefix_path')
[1.023s] INFO:colcon.colcon_core.shell:Creating environment hook '/home/user/exchange/workspace/install/pal_pro_gripper_simulation/share/pal_pro_gripper_simulation/hook/cmake_prefix_path.ps1'
[1.024s] INFO:colcon.colcon_core.shell:Creating environment descriptor '/home/user/exchange/workspace/install/pal_pro_gripper_simulation/share/pal_pro_gripper_simulation/hook/cmake_prefix_path.dsv'
[1.024s] INFO:colcon.colcon_core.shell:Creating environment hook '/home/user/exchange/workspace/install/pal_pro_gripper_simulation/share/pal_pro_gripper_simulation/hook/cmake_prefix_path.sh'
[1.024s] Level 1:colcon.colcon_core.environment:checking '/home/user/exchange/workspace/install/pal_pro_gripper_simulation/bin'
[1.024s] Level 1:colcon.colcon_core.environment:checking '/home/user/exchange/workspace/install/pal_pro_gripper_simulation/lib/pkgconfig/pal_pro_gripper_simulation.pc'
[1.024s] Level 1:colcon.colcon_core.environment:checking '/home/user/exchange/workspace/install/pal_pro_gripper_simulation/lib/python3.10/site-packages'
[1.024s] Level 1:colcon.colcon_core.environment:checking '/home/user/exchange/workspace/install/pal_pro_gripper_simulation/bin'
[1.025s] INFO:colcon.colcon_core.shell:Creating package script '/home/user/exchange/workspace/install/pal_pro_gripper_simulation/share/pal_pro_gripper_simulation/package.ps1'
[1.025s] INFO:colcon.colcon_core.shell:Creating package descriptor '/home/user/exchange/workspace/install/pal_pro_gripper_simulation/share/pal_pro_gripper_simulation/package.dsv'
[1.025s] INFO:colcon.colcon_core.shell:Creating package script '/home/user/exchange/workspace/install/pal_pro_gripper_simulation/share/pal_pro_gripper_simulation/package.sh'
[1.025s] INFO:colcon.colcon_core.shell:Creating package script '/home/user/exchange/workspace/install/pal_pro_gripper_simulation/share/pal_pro_gripper_simulation/package.bash'
[1.026s] INFO:colcon.colcon_core.shell:Creating package script '/home/user/exchange/workspace/install/pal_pro_gripper_simulation/share/pal_pro_gripper_simulation/package.zsh'
[1.026s] Level 1:colcon.colcon_core.environment:create_file_with_runtime_dependencies(/home/user/exchange/workspace/install/pal_pro_gripper_simulation/share/colcon-core/packages/pal_pro_gripper_simulation)
[1.028s] DEBUG:colcon.colcon_core.event_handler.log_command:Invoking command in '/home/user/exchange/workspace/build/pal_sea_arm_description': AMENT_PREFIX_PATH=/home/user/exchange/workspace/install/pal_pro_gripper_wrapper:/home/user/exchange/workspace/install/tiago_manipulation_tasks:/home/user/exchange/workspace/install/pick_task:/home/user/exchange/workspace/install/tiago_pro_simulation:/home/user/exchange/workspace/install/tiago_pro_robot:/home/user/exchange/workspace/install/tiago_pro_navigation:/home/user/exchange/workspace/install/tiago_pro_gazebo:/home/user/exchange/workspace/install/tiago_pro_rgbd_sensors:/home/user/exchange/workspace/install/tiago_pro_mujoco:/home/user/exchange/workspace/install/tiago_pro_moveit_config:/home/user/exchange/workspace/install/tiago_pro_laser_sensors:/home/user/exchange/workspace/install/tiago_pro_description:/home/user/exchange/workspace/install/tiago_pro_bringup:/home/user/exchange/workspace/install/tiago_pro_controller_configuration:/home/user/exchange/workspace/install/tiago_pro_2dnav:/home/user/exchange/workspace/install/pal_sea_arm_moveit_config:/home/user/exchange/workspace/install/pal_sea_arm:/home/user/exchange/workspace/install/pal_sea_arm_bringup:/home/user/exchange/workspace/install/pal_sea_arm_description:/home/user/exchange/workspace/install/pal_sea_arm_controller_configuration:/home/user/exchange/workspace/install/pal_pro_gripper_simulation:/home/user/exchange/workspace/install/pal_pro_gripper_bringup:/home/user/exchange/workspace/install/pal_pro_gripper:/home/user/exchange/workspace/install/pal_pro_gripper_controller_configuration:/home/user/exchange/workspace/install/pal_pro_gripper_description:/home/user/exchange/workspace/install/pal_gazebo_worlds:/opt/ros/humble CMAKE_PREFIX_PATH=/home/user/exchange/workspace/install/pal_sea_arm_controller_configuration:/home/user/exchange/workspace/install/pal_pro_gripper_controller_configuration:/home/user/exchange/workspace/install/pal_pro_gripper_description:/home/user/exchange/workspace/install/tiago_manipulation_tasks:/home/user/exchange/workspace/install/tiago_pro_simulation:/home/user/exchange/workspace/install/tiago_pro_robot:/home/user/exchange/workspace/install/tiago_pro_navigation:/home/user/exchange/workspace/install/tiago_pro_gazebo:/home/user/exchange/workspace/install/tiago_pro_rgbd_sensors:/home/user/exchange/workspace/install/tiago_pro_mujoco:/home/user/exchange/workspace/install/tiago_pro_moveit_config:/home/user/exchange/workspace/install/tiago_pro_laser_sensors:/home/user/exchange/workspace/install/tiago_pro_description:/home/user/exchange/workspace/install/tiago_pro_bringup:/home/user/exchange/workspace/install/tiago_pro_controller_configuration:/home/user/exchange/workspace/install/tiago_pro_2dnav:/home/user/exchange/workspace/install/pal_sea_arm_moveit_config:/home/user/exchange/workspace/install/pal_sea_arm:/home/user/exchange/workspace/install/pal_sea_arm_bringup:/home/user/exchange/workspace/install/pal_sea_arm_description:/home/user/exchange/workspace/install/pal_pro_gripper_simulation:/home/user/exchange/workspace/install/pal_pro_gripper_bringup:/home/user/exchange/workspace/install/pal_pro_gripper:/home/user/exchange/workspace/install/pal_gazebo_worlds:/home/user/exchange/workspace/install/pick_task:/home/user/exchange/workspace/install/pal_pro_gripper_wrapper:/opt/ros/humble PYTHONPATH=/home/user/exchange/workspace/install/pal_pro_gripper_wrapper/lib/python3.10/site-packages:/home/user/exchange/workspace/install/pick_task/lib/python3.10/site-packages:/home/user/exchange/workspace/install/tiago_pro_description/local/lib/python3.10/dist-packages:/home/user/exchange/workspace/install/pal_sea_arm_description/local/lib/python3.10/dist-packages:/home/user/exchange/workspace/install/pal_pro_gripper_description/local/lib/python3.10/dist-packages:/opt/ros/humble/lib/python3.10/site-packages:/opt/ros/humble/local/lib/python3.10/dist-packages /usr/bin/cmake --build /home/user/exchange/workspace/build/pal_sea_arm_description -- -j12 -l12
[1.030s] DEBUG:colcon.colcon_core.event_handler.log_command:Invoking command in '/home/user/exchange/workspace/build/tiago_pro_controller_configuration': AMENT_PREFIX_PATH=/home/user/exchange/workspace/install/pal_pro_gripper_wrapper:/home/user/exchange/workspace/install/tiago_manipulation_tasks:/home/user/exchange/workspace/install/pick_task:/home/user/exchange/workspace/install/tiago_pro_simulation:/home/user/exchange/workspace/install/tiago_pro_robot:/home/user/exchange/workspace/install/tiago_pro_navigation:/home/user/exchange/workspace/install/tiago_pro_gazebo:/home/user/exchange/workspace/install/tiago_pro_rgbd_sensors:/home/user/exchange/workspace/install/tiago_pro_mujoco:/home/user/exchange/workspace/install/tiago_pro_moveit_config:/home/user/exchange/workspace/install/tiago_pro_laser_sensors:/home/user/exchange/workspace/install/tiago_pro_description:/home/user/exchange/workspace/install/tiago_pro_bringup:/home/user/exchange/workspace/install/tiago_pro_controller_configuration:/home/user/exchange/workspace/install/tiago_pro_2dnav:/home/user/exchange/workspace/install/pal_sea_arm_moveit_config:/home/user/exchange/workspace/install/pal_sea_arm:/home/user/exchange/workspace/install/pal_sea_arm_bringup:/home/user/exchange/workspace/install/pal_sea_arm_description:/home/user/exchange/workspace/install/pal_sea_arm_controller_configuration:/home/user/exchange/workspace/install/pal_pro_gripper_simulation:/home/user/exchange/workspace/install/pal_pro_gripper_bringup:/home/user/exchange/workspace/install/pal_pro_gripper:/home/user/exchange/workspace/install/pal_pro_gripper_controller_configuration:/home/user/exchange/workspace/install/pal_pro_gripper_description:/home/user/exchange/workspace/install/pal_gazebo_worlds:/opt/ros/humble CMAKE_PREFIX_PATH=/home/user/exchange/workspace/install/pal_sea_arm_controller_configuration:/home/user/exchange/workspace/install/pal_pro_gripper_controller_configuration:/home/user/exchange/workspace/install/tiago_manipulation_tasks:/home/user/exchange/workspace/install/tiago_pro_simulation:/home/user/exchange/workspace/install/tiago_pro_robot:/home/user/exchange/workspace/install/tiago_pro_navigation:/home/user/exchange/workspace/install/tiago_pro_gazebo:/home/user/exchange/workspace/install/tiago_pro_rgbd_sensors:/home/user/exchange/workspace/install/tiago_pro_mujoco:/home/user/exchange/workspace/install/tiago_pro_moveit_config:/home/user/exchange/workspace/install/tiago_pro_laser_sensors:/home/user/exchange/workspace/install/tiago_pro_description:/home/user/exchange/workspace/install/tiago_pro_bringup:/home/user/exchange/workspace/install/tiago_pro_controller_configuration:/home/user/exchange/workspace/install/tiago_pro_2dnav:/home/user/exchange/workspace/install/pal_sea_arm_moveit_config:/home/user/exchange/workspace/install/pal_sea_arm:/home/user/exchange/workspace/install/pal_sea_arm_bringup:/home/user/exchange/workspace/install/pal_sea_arm_description:/home/user/exchange/workspace/install/pal_pro_gripper_simulation:/home/user/exchange/workspace/install/pal_pro_gripper_bringup:/home/user/exchange/workspace/install/pal_pro_gripper:/home/user/exchange/workspace/install/pal_pro_gripper_description:/home/user/exchange/workspace/install/pal_gazebo_worlds:/home/user/exchange/workspace/install/pick_task:/home/user/exchange/workspace/install/pal_pro_gripper_wrapper:/opt/ros/humble PYTHONPATH=/home/user/exchange/workspace/install/pal_pro_gripper_wrapper/lib/python3.10/site-packages:/home/user/exchange/workspace/install/pick_task/lib/python3.10/site-packages:/home/user/exchange/workspace/install/tiago_pro_description/local/lib/python3.10/dist-packages:/home/user/exchange/workspace/install/pal_sea_arm_description/local/lib/python3.10/dist-packages:/home/user/exchange/workspace/install/pal_pro_gripper_description/local/lib/python3.10/dist-packages:/opt/ros/humble/lib/python3.10/site-packages:/opt/ros/humble/local/lib/python3.10/dist-packages /usr/bin/cmake --build /home/user/exchange/workspace/build/tiago_pro_controller_configuration -- -j12 -l12
[1.054s] DEBUG:colcon.colcon_core.event_handler.log_command:Invoked command in '/home/user/exchange/workspace/build/tiago_pro_controller_configuration' returned '0': AMENT_PREFIX_PATH=/home/user/exchange/workspace/install/pal_pro_gripper_wrapper:/home/user/exchange/workspace/install/tiago_manipulation_tasks:/home/user/exchange/workspace/install/pick_task:/home/user/exchange/workspace/install/tiago_pro_simulation:/home/user/exchange/workspace/install/tiago_pro_robot:/home/user/exchange/workspace/install/tiago_pro_navigation:/home/user/exchange/workspace/install/tiago_pro_gazebo:/home/user/exchange/workspace/install/tiago_pro_rgbd_sensors:/home/user/exchange/workspace/install/tiago_pro_mujoco:/home/user/exchange/workspace/install/tiago_pro_moveit_config:/home/user/exchange/workspace/install/tiago_pro_laser_sensors:/home/user/exchange/workspace/install/tiago_pro_description:/home/user/exchange/workspace/install/tiago_pro_bringup:/home/user/exchange/workspace/install/tiago_pro_controller_configuration:/home/user/exchange/workspace/install/tiago_pro_2dnav:/home/user/exchange/workspace/install/pal_sea_arm_moveit_config:/home/user/exchange/workspace/install/pal_sea_arm:/home/user/exchange/workspace/install/pal_sea_arm_bringup:/home/user/exchange/workspace/install/pal_sea_arm_description:/home/user/exchange/workspace/install/pal_sea_arm_controller_configuration:/home/user/exchange/workspace/install/pal_pro_gripper_simulation:/home/user/exchange/workspace/install/pal_pro_gripper_bringup:/home/user/exchange/workspace/install/pal_pro_gripper:/home/user/exchange/workspace/install/pal_pro_gripper_controller_configuration:/home/user/exchange/workspace/install/pal_pro_gripper_description:/home/user/exchange/workspace/install/pal_gazebo_worlds:/opt/ros/humble CMAKE_PREFIX_PATH=/home/user/exchange/workspace/install/pal_sea_arm_controller_configuration:/home/user/exchange/workspace/install/pal_pro_gripper_controller_configuration:/home/user/exchange/workspace/install/tiago_manipulation_tasks:/home/user/exchange/workspace/install/tiago_pro_simulation:/home/user/exchange/workspace/install/tiago_pro_robot:/home/user/exchange/workspace/install/tiago_pro_navigation:/home/user/exchange/workspace/install/tiago_pro_gazebo:/home/user/exchange/workspace/install/tiago_pro_rgbd_sensors:/home/user/exchange/workspace/install/tiago_pro_mujoco:/home/user/exchange/workspace/install/tiago_pro_moveit_config:/home/user/exchange/workspace/install/tiago_pro_laser_sensors:/home/user/exchange/workspace/install/tiago_pro_description:/home/user/exchange/workspace/install/tiago_pro_bringup:/home/user/exchange/workspace/install/tiago_pro_controller_configuration:/home/user/exchange/workspace/install/tiago_pro_2dnav:/home/user/exchange/workspace/install/pal_sea_arm_moveit_config:/home/user/exchange/workspace/install/pal_sea_arm:/home/user/exchange/workspace/install/pal_sea_arm_bringup:/home/user/exchange/workspace/install/pal_sea_arm_description:/home/user/exchange/workspace/install/pal_pro_gripper_simulation:/home/user/exchange/workspace/install/pal_pro_gripper_bringup:/home/user/exchange/workspace/install/pal_pro_gripper:/home/user/exchange/workspace/install/pal_pro_gripper_description:/home/user/exchange/workspace/install/pal_gazebo_worlds:/home/user/exchange/workspace/install/pick_task:/home/user/exchange/workspace/install/pal_pro_gripper_wrapper:/opt/ros/humble PYTHONPATH=/home/user/exchange/workspace/install/pal_pro_gripper_wrapper/lib/python3.10/site-packages:/home/user/exchange/workspace/install/pick_task/lib/python3.10/site-packages:/home/user/exchange/workspace/install/tiago_pro_description/local/lib/python3.10/dist-packages:/home/user/exchange/workspace/install/pal_sea_arm_description/local/lib/python3.10/dist-packages:/home/user/exchange/workspace/install/pal_pro_gripper_description/local/lib/python3.10/dist-packages:/opt/ros/humble/lib/python3.10/site-packages:/opt/ros/humble/local/lib/python3.10/dist-packages /usr/bin/cmake --build /home/user/exchange/workspace/build/tiago_pro_controller_configuration -- -j12 -l12
[1.055s] DEBUG:colcon.colcon_core.event_handler.log_command:Invoking command in '/home/user/exchange/workspace/build/tiago_pro_controller_configuration': AMENT_PREFIX_PATH=/home/user/exchange/workspace/install/pal_pro_gripper_wrapper:/home/user/exchange/workspace/install/tiago_manipulation_tasks:/home/user/exchange/workspace/install/pick_task:/home/user/exchange/workspace/install/tiago_pro_simulation:/home/user/exchange/workspace/install/tiago_pro_robot:/home/user/exchange/workspace/install/tiago_pro_navigation:/home/user/exchange/workspace/install/tiago_pro_gazebo:/home/user/exchange/workspace/install/tiago_pro_rgbd_sensors:/home/user/exchange/workspace/install/tiago_pro_mujoco:/home/user/exchange/workspace/install/tiago_pro_moveit_config:/home/user/exchange/workspace/install/tiago_pro_laser_sensors:/home/user/exchange/workspace/install/tiago_pro_description:/home/user/exchange/workspace/install/tiago_pro_bringup:/home/user/exchange/workspace/install/tiago_pro_controller_configuration:/home/user/exchange/workspace/install/tiago_pro_2dnav:/home/user/exchange/workspace/install/pal_sea_arm_moveit_config:/home/user/exchange/workspace/install/pal_sea_arm:/home/user/exchange/workspace/install/pal_sea_arm_bringup:/home/user/exchange/workspace/install/pal_sea_arm_description:/home/user/exchange/workspace/install/pal_sea_arm_controller_configuration:/home/user/exchange/workspace/install/pal_pro_gripper_simulation:/home/user/exchange/workspace/install/pal_pro_gripper_bringup:/home/user/exchange/workspace/install/pal_pro_gripper:/home/user/exchange/workspace/install/pal_pro_gripper_controller_configuration:/home/user/exchange/workspace/install/pal_pro_gripper_description:/home/user/exchange/workspace/install/pal_gazebo_worlds:/opt/ros/humble CMAKE_PREFIX_PATH=/home/user/exchange/workspace/install/pal_sea_arm_controller_configuration:/home/user/exchange/workspace/install/pal_pro_gripper_controller_configuration:/home/user/exchange/workspace/install/tiago_manipulation_tasks:/home/user/exchange/workspace/install/tiago_pro_simulation:/home/user/exchange/workspace/install/tiago_pro_robot:/home/user/exchange/workspace/install/tiago_pro_navigation:/home/user/exchange/workspace/install/tiago_pro_gazebo:/home/user/exchange/workspace/install/tiago_pro_rgbd_sensors:/home/user/exchange/workspace/install/tiago_pro_mujoco:/home/user/exchange/workspace/install/tiago_pro_moveit_config:/home/user/exchange/workspace/install/tiago_pro_laser_sensors:/home/user/exchange/workspace/install/tiago_pro_description:/home/user/exchange/workspace/install/tiago_pro_bringup:/home/user/exchange/workspace/install/tiago_pro_controller_configuration:/home/user/exchange/workspace/install/tiago_pro_2dnav:/home/user/exchange/workspace/install/pal_sea_arm_moveit_config:/home/user/exchange/workspace/install/pal_sea_arm:/home/user/exchange/workspace/install/pal_sea_arm_bringup:/home/user/exchange/workspace/install/pal_sea_arm_description:/home/user/exchange/workspace/install/pal_pro_gripper_simulation:/home/user/exchange/workspace/install/pal_pro_gripper_bringup:/home/user/exchange/workspace/install/pal_pro_gripper:/home/user/exchange/workspace/install/pal_pro_gripper_description:/home/user/exchange/workspace/install/pal_gazebo_worlds:/home/user/exchange/workspace/install/pick_task:/home/user/exchange/workspace/install/pal_pro_gripper_wrapper:/opt/ros/humble PYTHONPATH=/home/user/exchange/workspace/install/pal_pro_gripper_wrapper/lib/python3.10/site-packages:/home/user/exchange/workspace/install/pick_task/lib/python3.10/site-packages:/home/user/exchange/workspace/install/tiago_pro_description/local/lib/python3.10/dist-packages:/home/user/exchange/workspace/install/pal_sea_arm_description/local/lib/python3.10/dist-packages:/home/user/exchange/workspace/install/pal_pro_gripper_description/local/lib/python3.10/dist-packages:/opt/ros/humble/lib/python3.10/site-packages:/opt/ros/humble/local/lib/python3.10/dist-packages /usr/bin/cmake --install /home/user/exchange/workspace/build/tiago_pro_controller_configuration
[1.065s] Level 1:colcon.colcon_core.environment:create_environment_scripts_only(tiago_pro_controller_configuration)
[1.066s] Level 1:colcon.colcon_core.environment:checking '/home/user/exchange/workspace/install/tiago_pro_controller_configuration' for CMake module files
[1.068s] Level 1:colcon.colcon_core.environment:checking '/home/user/exchange/workspace/install/tiago_pro_controller_configuration' for CMake config files
[1.069s] DEBUG:colcon.colcon_core.event_handler.log_command:Invoked command in '/home/user/exchange/workspace/build/tiago_pro_controller_configuration' returned '0': AMENT_PREFIX_PATH=/home/user/exchange/workspace/install/pal_pro_gripper_wrapper:/home/user/exchange/workspace/install/tiago_manipulation_tasks:/home/user/exchange/workspace/install/pick_task:/home/user/exchange/workspace/install/tiago_pro_simulation:/home/user/exchange/workspace/install/tiago_pro_robot:/home/user/exchange/workspace/install/tiago_pro_navigation:/home/user/exchange/workspace/install/tiago_pro_gazebo:/home/user/exchange/workspace/install/tiago_pro_rgbd_sensors:/home/user/exchange/workspace/install/tiago_pro_mujoco:/home/user/exchange/workspace/install/tiago_pro_moveit_config:/home/user/exchange/workspace/install/tiago_pro_laser_sensors:/home/user/exchange/workspace/install/tiago_pro_description:/home/user/exchange/workspace/install/tiago_pro_bringup:/home/user/exchange/workspace/install/tiago_pro_controller_configuration:/home/user/exchange/workspace/install/tiago_pro_2dnav:/home/user/exchange/workspace/install/pal_sea_arm_moveit_config:/home/user/exchange/workspace/install/pal_sea_arm:/home/user/exchange/workspace/install/pal_sea_arm_bringup:/home/user/exchange/workspace/install/pal_sea_arm_description:/home/user/exchange/workspace/install/pal_sea_arm_controller_configuration:/home/user/exchange/workspace/install/pal_pro_gripper_simulation:/home/user/exchange/workspace/install/pal_pro_gripper_bringup:/home/user/exchange/workspace/install/pal_pro_gripper:/home/user/exchange/workspace/install/pal_pro_gripper_controller_configuration:/home/user/exchange/workspace/install/pal_pro_gripper_description:/home/user/exchange/workspace/install/pal_gazebo_worlds:/opt/ros/humble CMAKE_PREFIX_PATH=/home/user/exchange/workspace/install/pal_sea_arm_controller_configuration:/home/user/exchange/workspace/install/pal_pro_gripper_controller_configuration:/home/user/exchange/workspace/install/tiago_manipulation_tasks:/home/user/exchange/workspace/install/tiago_pro_simulation:/home/user/exchange/workspace/install/tiago_pro_robot:/home/user/exchange/workspace/install/tiago_pro_navigation:/home/user/exchange/workspace/install/tiago_pro_gazebo:/home/user/exchange/workspace/install/tiago_pro_rgbd_sensors:/home/user/exchange/workspace/install/tiago_pro_mujoco:/home/user/exchange/workspace/install/tiago_pro_moveit_config:/home/user/exchange/workspace/install/tiago_pro_laser_sensors:/home/user/exchange/workspace/install/tiago_pro_description:/home/user/exchange/workspace/install/tiago_pro_bringup:/home/user/exchange/workspace/install/tiago_pro_controller_configuration:/home/user/exchange/workspace/install/tiago_pro_2dnav:/home/user/exchange/workspace/install/pal_sea_arm_moveit_config:/home/user/exchange/workspace/install/pal_sea_arm:/home/user/exchange/workspace/install/pal_sea_arm_bringup:/home/user/exchange/workspace/install/pal_sea_arm_description:/home/user/exchange/workspace/install/pal_pro_gripper_simulation:/home/user/exchange/workspace/install/pal_pro_gripper_bringup:/home/user/exchange/workspace/install/pal_pro_gripper:/home/user/exchange/workspace/install/pal_pro_gripper_description:/home/user/exchange/workspace/install/pal_gazebo_worlds:/home/user/exchange/workspace/install/pick_task:/home/user/exchange/workspace/install/pal_pro_gripper_wrapper:/opt/ros/humble PYTHONPATH=/home/user/exchange/workspace/install/pal_pro_gripper_wrapper/lib/python3.10/site-packages:/home/user/exchange/workspace/install/pick_task/lib/python3.10/site-packages:/home/user/exchange/workspace/install/tiago_pro_description/local/lib/python3.10/dist-packages:/home/user/exchange/workspace/install/pal_sea_arm_description/local/lib/python3.10/dist-packages:/home/user/exchange/workspace/install/pal_pro_gripper_description/local/lib/python3.10/dist-packages:/opt/ros/humble/lib/python3.10/site-packages:/opt/ros/humble/local/lib/python3.10/dist-packages /usr/bin/cmake --install /home/user/exchange/workspace/build/tiago_pro_controller_configuration
[1.069s] Level 1:colcon.colcon_core.shell:create_environment_hook('tiago_pro_controller_configuration', 'cmake_prefix_path')
[1.069s] INFO:colcon.colcon_core.shell:Creating environment hook '/home/user/exchange/workspace/install/tiago_pro_controller_configuration/share/tiago_pro_controller_configuration/hook/cmake_prefix_path.ps1'
[1.070s] INFO:colcon.colcon_core.shell:Creating environment descriptor '/home/user/exchange/workspace/install/tiago_pro_controller_configuration/share/tiago_pro_controller_configuration/hook/cmake_prefix_path.dsv'
[1.070s] INFO:colcon.colcon_core.shell:Creating environment hook '/home/user/exchange/workspace/install/tiago_pro_controller_configuration/share/tiago_pro_controller_configuration/hook/cmake_prefix_path.sh'
[1.071s] Level 1:colcon.colcon_core.environment:checking '/home/user/exchange/workspace/install/tiago_pro_controller_configuration/bin'
[1.071s] Level 1:colcon.colcon_core.environment:checking '/home/user/exchange/workspace/install/tiago_pro_controller_configuration/lib/pkgconfig/tiago_pro_controller_configuration.pc'
[1.071s] Level 1:colcon.colcon_core.environment:checking '/home/user/exchange/workspace/install/tiago_pro_controller_configuration/lib/python3.10/site-packages'
[1.071s] Level 1:colcon.colcon_core.environment:checking '/home/user/exchange/workspace/install/tiago_pro_controller_configuration/bin'
[1.071s] INFO:colcon.colcon_core.shell:Creating package script '/home/user/exchange/workspace/install/tiago_pro_controller_configuration/share/tiago_pro_controller_configuration/package.ps1'
[1.071s] INFO:colcon.colcon_core.shell:Creating package descriptor '/home/user/exchange/workspace/install/tiago_pro_controller_configuration/share/tiago_pro_controller_configuration/package.dsv'
[1.072s] INFO:colcon.colcon_core.shell:Creating package script '/home/user/exchange/workspace/install/tiago_pro_controller_configuration/share/tiago_pro_controller_configuration/package.sh'
[1.072s] INFO:colcon.colcon_core.shell:Creating package script '/home/user/exchange/workspace/install/tiago_pro_controller_configuration/share/tiago_pro_controller_configuration/package.bash'
[1.072s] INFO:colcon.colcon_core.shell:Creating package script '/home/user/exchange/workspace/install/tiago_pro_controller_configuration/share/tiago_pro_controller_configuration/package.zsh'
[1.073s] Level 1:colcon.colcon_core.environment:create_file_with_runtime_dependencies(/home/user/exchange/workspace/install/tiago_pro_controller_configuration/share/colcon-core/packages/tiago_pro_controller_configuration)
[1.073s] Level 1:colcon.colcon_core.environment:create_environment_scripts_only(tiago_pro_controller_configuration)
[1.073s] Level 1:colcon.colcon_core.environment:checking '/home/user/exchange/workspace/install/tiago_pro_controller_configuration' for CMake module files
[1.074s] Level 1:colcon.colcon_core.environment:checking '/home/user/exchange/workspace/install/tiago_pro_controller_configuration' for CMake config files
[1.074s] Level 1:colcon.colcon_core.shell:create_environment_hook('tiago_pro_controller_configuration', 'cmake_prefix_path')
[1.074s] INFO:colcon.colcon_core.shell:Creating environment hook '/home/user/exchange/workspace/install/tiago_pro_controller_configuration/share/tiago_pro_controller_configuration/hook/cmake_prefix_path.ps1'
[1.074s] INFO:colcon.colcon_core.shell:Creating environment descriptor '/home/user/exchange/workspace/install/tiago_pro_controller_configuration/share/tiago_pro_controller_configuration/hook/cmake_prefix_path.dsv'
[1.075s] INFO:colcon.colcon_core.shell:Creating environment hook '/home/user/exchange/workspace/install/tiago_pro_controller_configuration/share/tiago_pro_controller_configuration/hook/cmake_prefix_path.sh'
[1.075s] Level 1:colcon.colcon_core.environment:checking '/home/user/exchange/workspace/install/tiago_pro_controller_configuration/bin'
[1.075s] Level 1:colcon.colcon_core.environment:checking '/home/user/exchange/workspace/install/tiago_pro_controller_configuration/lib/pkgconfig/tiago_pro_controller_configuration.pc'
[1.075s] Level 1:colcon.colcon_core.environment:checking '/home/user/exchange/workspace/install/tiago_pro_controller_configuration/lib/python3.10/site-packages'
[1.076s] Level 1:colcon.colcon_core.environment:checking '/home/user/exchange/workspace/install/tiago_pro_controller_configuration/bin'
[1.076s] INFO:colcon.colcon_core.shell:Creating package script '/home/user/exchange/workspace/install/tiago_pro_controller_configuration/share/tiago_pro_controller_configuration/package.ps1'
[1.076s] INFO:colcon.colcon_core.shell:Creating package descriptor '/home/user/exchange/workspace/install/tiago_pro_controller_configuration/share/tiago_pro_controller_configuration/package.dsv'
[1.076s] INFO:colcon.colcon_core.shell:Creating package script '/home/user/exchange/workspace/install/tiago_pro_controller_configuration/share/tiago_pro_controller_configuration/package.sh'
[1.077s] INFO:colcon.colcon_core.shell:Creating package script '/home/user/exchange/workspace/install/tiago_pro_controller_configuration/share/tiago_pro_controller_configuration/package.bash'
[1.077s] INFO:colcon.colcon_core.shell:Creating package script '/home/user/exchange/workspace/install/tiago_pro_controller_configuration/share/tiago_pro_controller_configuration/package.zsh'
[1.077s] Level 1:colcon.colcon_core.environment:create_file_with_runtime_dependencies(/home/user/exchange/workspace/install/tiago_pro_controller_configuration/share/colcon-core/packages/tiago_pro_controller_configuration)
[1.077s] INFO:colcon.colcon_ros.task.ament_cmake.build:Building ROS package in '/home/user/exchange/workspace/src/tiago_pro_robot/tiago_pro_bringup' with build type 'ament_cmake'
[1.078s] INFO:colcon.colcon_cmake.task.cmake.build:Building CMake package in '/home/user/exchange/workspace/src/tiago_pro_robot/tiago_pro_bringup'
[1.078s] INFO:colcon.colcon_core.shell:Skip shell extension 'powershell' for command environment: Not usable outside of PowerShell
[1.078s] DEBUG:colcon.colcon_core.shell:Skip shell extension 'dsv' for command environment
[1.088s] DEBUG:colcon.colcon_core.event_handler.log_command:Invoking command in '/home/user/exchange/workspace/build/tiago_pro_bringup': AMENT_PREFIX_PATH=/home/user/exchange/workspace/install/pal_pro_gripper_wrapper:/home/user/exchange/workspace/install/tiago_manipulation_tasks:/home/user/exchange/workspace/install/pick_task:/home/user/exchange/workspace/install/tiago_pro_simulation:/home/user/exchange/workspace/install/tiago_pro_robot:/home/user/exchange/workspace/install/tiago_pro_navigation:/home/user/exchange/workspace/install/tiago_pro_gazebo:/home/user/exchange/workspace/install/tiago_pro_rgbd_sensors:/home/user/exchange/workspace/install/tiago_pro_mujoco:/home/user/exchange/workspace/install/tiago_pro_moveit_config:/home/user/exchange/workspace/install/tiago_pro_laser_sensors:/home/user/exchange/workspace/install/tiago_pro_description:/home/user/exchange/workspace/install/tiago_pro_bringup:/home/user/exchange/workspace/install/tiago_pro_controller_configuration:/home/user/exchange/workspace/install/tiago_pro_2dnav:/home/user/exchange/workspace/install/pal_sea_arm_moveit_config:/home/user/exchange/workspace/install/pal_sea_arm:/home/user/exchange/workspace/install/pal_sea_arm_bringup:/home/user/exchange/workspace/install/pal_sea_arm_description:/home/user/exchange/workspace/install/pal_sea_arm_controller_configuration:/home/user/exchange/workspace/install/pal_pro_gripper_simulation:/home/user/exchange/workspace/install/pal_pro_gripper_bringup:/home/user/exchange/workspace/install/pal_pro_gripper:/home/user/exchange/workspace/install/pal_pro_gripper_controller_configuration:/home/user/exchange/workspace/install/pal_pro_gripper_description:/home/user/exchange/workspace/install/pal_gazebo_worlds:/opt/ros/humble CMAKE_PREFIX_PATH=/home/user/exchange/workspace/install/tiago_pro_controller_configuration:/home/user/exchange/workspace/install/pal_sea_arm_controller_configuration:/home/user/exchange/workspace/install/pal_pro_gripper_controller_configuration:/home/user/exchange/workspace/install/tiago_manipulation_tasks:/home/user/exchange/workspace/install/tiago_pro_simulation:/home/user/exchange/workspace/install/tiago_pro_robot:/home/user/exchange/workspace/install/tiago_pro_navigation:/home/user/exchange/workspace/install/tiago_pro_gazebo:/home/user/exchange/workspace/install/tiago_pro_rgbd_sensors:/home/user/exchange/workspace/install/tiago_pro_mujoco:/home/user/exchange/workspace/install/tiago_pro_moveit_config:/home/user/exchange/workspace/install/tiago_pro_laser_sensors:/home/user/exchange/workspace/install/tiago_pro_description:/home/user/exchange/workspace/install/tiago_pro_bringup:/home/user/exchange/workspace/install/tiago_pro_2dnav:/home/user/exchange/workspace/install/pal_sea_arm_moveit_config:/home/user/exchange/workspace/install/pal_sea_arm:/home/user/exchange/workspace/install/pal_sea_arm_bringup:/home/user/exchange/workspace/install/pal_sea_arm_description:/home/user/exchange/workspace/install/pal_pro_gripper_simulation:/home/user/exchange/workspace/install/pal_pro_gripper_bringup:/home/user/exchange/workspace/install/pal_pro_gripper:/home/user/exchange/workspace/install/pal_pro_gripper_description:/home/user/exchange/workspace/install/pal_gazebo_worlds:/home/user/exchange/workspace/install/pick_task:/home/user/exchange/workspace/install/pal_pro_gripper_wrapper:/opt/ros/humble PYTHONPATH=/home/user/exchange/workspace/install/pal_pro_gripper_wrapper/lib/python3.10/site-packages:/home/user/exchange/workspace/install/pick_task/lib/python3.10/site-packages:/home/user/exchange/workspace/install/tiago_pro_description/local/lib/python3.10/dist-packages:/home/user/exchange/workspace/install/pal_sea_arm_description/local/lib/python3.10/dist-packages:/home/user/exchange/workspace/install/pal_pro_gripper_description/local/lib/python3.10/dist-packages:/opt/ros/humble/lib/python3.10/site-packages:/opt/ros/humble/local/lib/python3.10/dist-packages /usr/bin/cmake --build /home/user/exchange/workspace/build/tiago_pro_bringup -- -j12 -l12
[1.116s] DEBUG:colcon.colcon_core.event_handler.log_command:Invoked command in '/home/user/exchange/workspace/build/tiago_pro_bringup' returned '0': AMENT_PREFIX_PATH=/home/user/exchange/workspace/install/pal_pro_gripper_wrapper:/home/user/exchange/workspace/install/tiago_manipulation_tasks:/home/user/exchange/workspace/install/pick_task:/home/user/exchange/workspace/install/tiago_pro_simulation:/home/user/exchange/workspace/install/tiago_pro_robot:/home/user/exchange/workspace/install/tiago_pro_navigation:/home/user/exchange/workspace/install/tiago_pro_gazebo:/home/user/exchange/workspace/install/tiago_pro_rgbd_sensors:/home/user/exchange/workspace/install/tiago_pro_mujoco:/home/user/exchange/workspace/install/tiago_pro_moveit_config:/home/user/exchange/workspace/install/tiago_pro_laser_sensors:/home/user/exchange/workspace/install/tiago_pro_description:/home/user/exchange/workspace/install/tiago_pro_bringup:/home/user/exchange/workspace/install/tiago_pro_controller_configuration:/home/user/exchange/workspace/install/tiago_pro_2dnav:/home/user/exchange/workspace/install/pal_sea_arm_moveit_config:/home/user/exchange/workspace/install/pal_sea_arm:/home/user/exchange/workspace/install/pal_sea_arm_bringup:/home/user/exchange/workspace/install/pal_sea_arm_description:/home/user/exchange/workspace/install/pal_sea_arm_controller_configuration:/home/user/exchange/workspace/install/pal_pro_gripper_simulation:/home/user/exchange/workspace/install/pal_pro_gripper_bringup:/home/user/exchange/workspace/install/pal_pro_gripper:/home/user/exchange/workspace/install/pal_pro_gripper_controller_configuration:/home/user/exchange/workspace/install/pal_pro_gripper_description:/home/user/exchange/workspace/install/pal_gazebo_worlds:/opt/ros/humble CMAKE_PREFIX_PATH=/home/user/exchange/workspace/install/tiago_pro_controller_configuration:/home/user/exchange/workspace/install/pal_sea_arm_controller_configuration:/home/user/exchange/workspace/install/pal_pro_gripper_controller_configuration:/home/user/exchange/workspace/install/tiago_manipulation_tasks:/home/user/exchange/workspace/install/tiago_pro_simulation:/home/user/exchange/workspace/install/tiago_pro_robot:/home/user/exchange/workspace/install/tiago_pro_navigation:/home/user/exchange/workspace/install/tiago_pro_gazebo:/home/user/exchange/workspace/install/tiago_pro_rgbd_sensors:/home/user/exchange/workspace/install/tiago_pro_mujoco:/home/user/exchange/workspace/install/tiago_pro_moveit_config:/home/user/exchange/workspace/install/tiago_pro_laser_sensors:/home/user/exchange/workspace/install/tiago_pro_description:/home/user/exchange/workspace/install/tiago_pro_bringup:/home/user/exchange/workspace/install/tiago_pro_2dnav:/home/user/exchange/workspace/install/pal_sea_arm_moveit_config:/home/user/exchange/workspace/install/pal_sea_arm:/home/user/exchange/workspace/install/pal_sea_arm_bringup:/home/user/exchange/workspace/install/pal_sea_arm_description:/home/user/exchange/workspace/install/pal_pro_gripper_simulation:/home/user/exchange/workspace/install/pal_pro_gripper_bringup:/home/user/exchange/workspace/install/pal_pro_gripper:/home/user/exchange/workspace/install/pal_pro_gripper_description:/home/user/exchange/workspace/install/pal_gazebo_worlds:/home/user/exchange/workspace/install/pick_task:/home/user/exchange/workspace/install/pal_pro_gripper_wrapper:/opt/ros/humble PYTHONPATH=/home/user/exchange/workspace/install/pal_pro_gripper_wrapper/lib/python3.10/site-packages:/home/user/exchange/workspace/install/pick_task/lib/python3.10/site-packages:/home/user/exchange/workspace/install/tiago_pro_description/local/lib/python3.10/dist-packages:/home/user/exchange/workspace/install/pal_sea_arm_description/local/lib/python3.10/dist-packages:/home/user/exchange/workspace/install/pal_pro_gripper_description/local/lib/python3.10/dist-packages:/opt/ros/humble/lib/python3.10/site-packages:/opt/ros/humble/local/lib/python3.10/dist-packages /usr/bin/cmake --build /home/user/exchange/workspace/build/tiago_pro_bringup -- -j12 -l12
[1.118s] DEBUG:colcon.colcon_core.event_handler.log_command:Invoking command in '/home/user/exchange/workspace/build/tiago_pro_bringup': AMENT_PREFIX_PATH=/home/user/exchange/workspace/install/pal_pro_gripper_wrapper:/home/user/exchange/workspace/install/tiago_manipulation_tasks:/home/user/exchange/workspace/install/pick_task:/home/user/exchange/workspace/install/tiago_pro_simulation:/home/user/exchange/workspace/install/tiago_pro_robot:/home/user/exchange/workspace/install/tiago_pro_navigation:/home/user/exchange/workspace/install/tiago_pro_gazebo:/home/user/exchange/workspace/install/tiago_pro_rgbd_sensors:/home/user/exchange/workspace/install/tiago_pro_mujoco:/home/user/exchange/workspace/install/tiago_pro_moveit_config:/home/user/exchange/workspace/install/tiago_pro_laser_sensors:/home/user/exchange/workspace/install/tiago_pro_description:/home/user/exchange/workspace/install/tiago_pro_bringup:/home/user/exchange/workspace/install/tiago_pro_controller_configuration:/home/user/exchange/workspace/install/tiago_pro_2dnav:/home/user/exchange/workspace/install/pal_sea_arm_moveit_config:/home/user/exchange/workspace/install/pal_sea_arm:/home/user/exchange/workspace/install/pal_sea_arm_bringup:/home/user/exchange/workspace/install/pal_sea_arm_description:/home/user/exchange/workspace/install/pal_sea_arm_controller_configuration:/home/user/exchange/workspace/install/pal_pro_gripper_simulation:/home/user/exchange/workspace/install/pal_pro_gripper_bringup:/home/user/exchange/workspace/install/pal_pro_gripper:/home/user/exchange/workspace/install/pal_pro_gripper_controller_configuration:/home/user/exchange/workspace/install/pal_pro_gripper_description:/home/user/exchange/workspace/install/pal_gazebo_worlds:/opt/ros/humble CMAKE_PREFIX_PATH=/home/user/exchange/workspace/install/tiago_pro_controller_configuration:/home/user/exchange/workspace/install/pal_sea_arm_controller_configuration:/home/user/exchange/workspace/install/pal_pro_gripper_controller_configuration:/home/user/exchange/workspace/install/tiago_manipulation_tasks:/home/user/exchange/workspace/install/tiago_pro_simulation:/home/user/exchange/workspace/install/tiago_pro_robot:/home/user/exchange/workspace/install/tiago_pro_navigation:/home/user/exchange/workspace/install/tiago_pro_gazebo:/home/user/exchange/workspace/install/tiago_pro_rgbd_sensors:/home/user/exchange/workspace/install/tiago_pro_mujoco:/home/user/exchange/workspace/install/tiago_pro_moveit_config:/home/user/exchange/workspace/install/tiago_pro_laser_sensors:/home/user/exchange/workspace/install/tiago_pro_description:/home/user/exchange/workspace/install/tiago_pro_bringup:/home/user/exchange/workspace/install/tiago_pro_2dnav:/home/user/exchange/workspace/install/pal_sea_arm_moveit_config:/home/user/exchange/workspace/install/pal_sea_arm:/home/user/exchange/workspace/install/pal_sea_arm_bringup:/home/user/exchange/workspace/install/pal_sea_arm_description:/home/user/exchange/workspace/install/pal_pro_gripper_simulation:/home/user/exchange/workspace/install/pal_pro_gripper_bringup:/home/user/exchange/workspace/install/pal_pro_gripper:/home/user/exchange/workspace/install/pal_pro_gripper_description:/home/user/exchange/workspace/install/pal_gazebo_worlds:/home/user/exchange/workspace/install/pick_task:/home/user/exchange/workspace/install/pal_pro_gripper_wrapper:/opt/ros/humble PYTHONPATH=/home/user/exchange/workspace/install/pal_pro_gripper_wrapper/lib/python3.10/site-packages:/home/user/exchange/workspace/install/pick_task/lib/python3.10/site-packages:/home/user/exchange/workspace/install/tiago_pro_description/local/lib/python3.10/dist-packages:/home/user/exchange/workspace/install/pal_sea_arm_description/local/lib/python3.10/dist-packages:/home/user/exchange/workspace/install/pal_pro_gripper_description/local/lib/python3.10/dist-packages:/opt/ros/humble/lib/python3.10/site-packages:/opt/ros/humble/local/lib/python3.10/dist-packages /usr/bin/cmake --install /home/user/exchange/workspace/build/tiago_pro_bringup
[1.126s] Level 1:colcon.colcon_core.environment:create_environment_scripts_only(tiago_pro_bringup)
[1.126s] Level 1:colcon.colcon_core.environment:checking '/home/user/exchange/workspace/install/tiago_pro_bringup' for CMake module files
[1.127s] Level 1:colcon.colcon_core.environment:checking '/home/user/exchange/workspace/install/tiago_pro_bringup' for CMake config files
[1.130s] DEBUG:colcon.colcon_core.event_handler.log_command:Invoked command in '/home/user/exchange/workspace/build/tiago_pro_bringup' returned '0': AMENT_PREFIX_PATH=/home/user/exchange/workspace/install/pal_pro_gripper_wrapper:/home/user/exchange/workspace/install/tiago_manipulation_tasks:/home/user/exchange/workspace/install/pick_task:/home/user/exchange/workspace/install/tiago_pro_simulation:/home/user/exchange/workspace/install/tiago_pro_robot:/home/user/exchange/workspace/install/tiago_pro_navigation:/home/user/exchange/workspace/install/tiago_pro_gazebo:/home/user/exchange/workspace/install/tiago_pro_rgbd_sensors:/home/user/exchange/workspace/install/tiago_pro_mujoco:/home/user/exchange/workspace/install/tiago_pro_moveit_config:/home/user/exchange/workspace/install/tiago_pro_laser_sensors:/home/user/exchange/workspace/install/tiago_pro_description:/home/user/exchange/workspace/install/tiago_pro_bringup:/home/user/exchange/workspace/install/tiago_pro_controller_configuration:/home/user/exchange/workspace/install/tiago_pro_2dnav:/home/user/exchange/workspace/install/pal_sea_arm_moveit_config:/home/user/exchange/workspace/install/pal_sea_arm:/home/user/exchange/workspace/install/pal_sea_arm_bringup:/home/user/exchange/workspace/install/pal_sea_arm_description:/home/user/exchange/workspace/install/pal_sea_arm_controller_configuration:/home/user/exchange/workspace/install/pal_pro_gripper_simulation:/home/user/exchange/workspace/install/pal_pro_gripper_bringup:/home/user/exchange/workspace/install/pal_pro_gripper:/home/user/exchange/workspace/install/pal_pro_gripper_controller_configuration:/home/user/exchange/workspace/install/pal_pro_gripper_description:/home/user/exchange/workspace/install/pal_gazebo_worlds:/opt/ros/humble CMAKE_PREFIX_PATH=/home/user/exchange/workspace/install/tiago_pro_controller_configuration:/home/user/exchange/workspace/install/pal_sea_arm_controller_configuration:/home/user/exchange/workspace/install/pal_pro_gripper_controller_configuration:/home/user/exchange/workspace/install/tiago_manipulation_tasks:/home/user/exchange/workspace/install/tiago_pro_simulation:/home/user/exchange/workspace/install/tiago_pro_robot:/home/user/exchange/workspace/install/tiago_pro_navigation:/home/user/exchange/workspace/install/tiago_pro_gazebo:/home/user/exchange/workspace/install/tiago_pro_rgbd_sensors:/home/user/exchange/workspace/install/tiago_pro_mujoco:/home/user/exchange/workspace/install/tiago_pro_moveit_config:/home/user/exchange/workspace/install/tiago_pro_laser_sensors:/home/user/exchange/workspace/install/tiago_pro_description:/home/user/exchange/workspace/install/tiago_pro_bringup:/home/user/exchange/workspace/install/tiago_pro_2dnav:/home/user/exchange/workspace/install/pal_sea_arm_moveit_config:/home/user/exchange/workspace/install/pal_sea_arm:/home/user/exchange/workspace/install/pal_sea_arm_bringup:/home/user/exchange/workspace/install/pal_sea_arm_description:/home/user/exchange/workspace/install/pal_pro_gripper_simulation:/home/user/exchange/workspace/install/pal_pro_gripper_bringup:/home/user/exchange/workspace/install/pal_pro_gripper:/home/user/exchange/workspace/install/pal_pro_gripper_description:/home/user/exchange/workspace/install/pal_gazebo_worlds:/home/user/exchange/workspace/install/pick_task:/home/user/exchange/workspace/install/pal_pro_gripper_wrapper:/opt/ros/humble PYTHONPATH=/home/user/exchange/workspace/install/pal_pro_gripper_wrapper/lib/python3.10/site-packages:/home/user/exchange/workspace/install/pick_task/lib/python3.10/site-packages:/home/user/exchange/workspace/install/tiago_pro_description/local/lib/python3.10/dist-packages:/home/user/exchange/workspace/install/pal_sea_arm_description/local/lib/python3.10/dist-packages:/home/user/exchange/workspace/install/pal_pro_gripper_description/local/lib/python3.10/dist-packages:/opt/ros/humble/lib/python3.10/site-packages:/opt/ros/humble/local/lib/python3.10/dist-packages /usr/bin/cmake --install /home/user/exchange/workspace/build/tiago_pro_bringup
[1.130s] Level 1:colcon.colcon_core.shell:create_environment_hook('tiago_pro_bringup', 'cmake_prefix_path')
[1.130s] INFO:colcon.colcon_core.shell:Creating environment hook '/home/user/exchange/workspace/install/tiago_pro_bringup/share/tiago_pro_bringup/hook/cmake_prefix_path.ps1'
[1.131s] INFO:colcon.colcon_core.shell:Creating environment descriptor '/home/user/exchange/workspace/install/tiago_pro_bringup/share/tiago_pro_bringup/hook/cmake_prefix_path.dsv'
[1.131s] INFO:colcon.colcon_core.shell:Creating environment hook '/home/user/exchange/workspace/install/tiago_pro_bringup/share/tiago_pro_bringup/hook/cmake_prefix_path.sh'
[1.131s] Level 1:colcon.colcon_core.environment:checking '/home/user/exchange/workspace/install/tiago_pro_bringup/lib'
[1.131s] Level 1:colcon.colcon_core.environment:checking '/home/user/exchange/workspace/install/tiago_pro_bringup/bin'
[1.131s] Level 1:colcon.colcon_core.environment:checking '/home/user/exchange/workspace/install/tiago_pro_bringup/lib/pkgconfig/tiago_pro_bringup.pc'
[1.132s] Level 1:colcon.colcon_core.environment:checking '/home/user/exchange/workspace/install/tiago_pro_bringup/lib/python3.10/site-packages'
[1.132s] Level 1:colcon.colcon_core.environment:checking '/home/user/exchange/workspace/install/tiago_pro_bringup/bin'
[1.132s] INFO:colcon.colcon_core.shell:Creating package script '/home/user/exchange/workspace/install/tiago_pro_bringup/share/tiago_pro_bringup/package.ps1'
[1.132s] INFO:colcon.colcon_core.shell:Creating package descriptor '/home/user/exchange/workspace/install/tiago_pro_bringup/share/tiago_pro_bringup/package.dsv'
[1.133s] INFO:colcon.colcon_core.shell:Creating package script '/home/user/exchange/workspace/install/tiago_pro_bringup/share/tiago_pro_bringup/package.sh'
[1.133s] INFO:colcon.colcon_core.shell:Creating package script '/home/user/exchange/workspace/install/tiago_pro_bringup/share/tiago_pro_bringup/package.bash'
[1.133s] INFO:colcon.colcon_core.shell:Creating package script '/home/user/exchange/workspace/install/tiago_pro_bringup/share/tiago_pro_bringup/package.zsh'
[1.134s] Level 1:colcon.colcon_core.environment:create_file_with_runtime_dependencies(/home/user/exchange/workspace/install/tiago_pro_bringup/share/colcon-core/packages/tiago_pro_bringup)
[1.134s] Level 1:colcon.colcon_core.environment:create_environment_scripts_only(tiago_pro_bringup)
[1.134s] Level 1:colcon.colcon_core.environment:checking '/home/user/exchange/workspace/install/tiago_pro_bringup' for CMake module files
[1.135s] Level 1:colcon.colcon_core.environment:checking '/home/user/exchange/workspace/install/tiago_pro_bringup' for CMake config files
[1.135s] Level 1:colcon.colcon_core.shell:create_environment_hook('tiago_pro_bringup', 'cmake_prefix_path')
[1.135s] INFO:colcon.colcon_core.shell:Creating environment hook '/home/user/exchange/workspace/install/tiago_pro_bringup/share/tiago_pro_bringup/hook/cmake_prefix_path.ps1'
[1.135s] INFO:colcon.colcon_core.shell:Creating environment descriptor '/home/user/exchange/workspace/install/tiago_pro_bringup/share/tiago_pro_bringup/hook/cmake_prefix_path.dsv'
[1.136s] INFO:colcon.colcon_core.shell:Creating environment hook '/home/user/exchange/workspace/install/tiago_pro_bringup/share/tiago_pro_bringup/hook/cmake_prefix_path.sh'
[1.136s] Level 1:colcon.colcon_core.environment:checking '/home/user/exchange/workspace/install/tiago_pro_bringup/lib'
[1.136s] Level 1:colcon.colcon_core.environment:checking '/home/user/exchange/workspace/install/tiago_pro_bringup/bin'
[1.136s] Level 1:colcon.colcon_core.environment:checking '/home/user/exchange/workspace/install/tiago_pro_bringup/lib/pkgconfig/tiago_pro_bringup.pc'
[1.136s] Level 1:colcon.colcon_core.environment:checking '/home/user/exchange/workspace/install/tiago_pro_bringup/lib/python3.10/site-packages'
[1.137s] Level 1:colcon.colcon_core.environment:checking '/home/user/exchange/workspace/install/tiago_pro_bringup/bin'
[1.137s] INFO:colcon.colcon_core.shell:Creating package script '/home/user/exchange/workspace/install/tiago_pro_bringup/share/tiago_pro_bringup/package.ps1'
[1.137s] INFO:colcon.colcon_core.shell:Creating package descriptor '/home/user/exchange/workspace/install/tiago_pro_bringup/share/tiago_pro_bringup/package.dsv'
[1.137s] INFO:colcon.colcon_core.shell:Creating package script '/home/user/exchange/workspace/install/tiago_pro_bringup/share/tiago_pro_bringup/package.sh'
[1.138s] INFO:colcon.colcon_core.shell:Creating package script '/home/user/exchange/workspace/install/tiago_pro_bringup/share/tiago_pro_bringup/package.bash'
[1.138s] INFO:colcon.colcon_core.shell:Creating package script '/home/user/exchange/workspace/install/tiago_pro_bringup/share/tiago_pro_bringup/package.zsh'
[1.138s] Level 1:colcon.colcon_core.environment:create_file_with_runtime_dependencies(/home/user/exchange/workspace/install/tiago_pro_bringup/share/colcon-core/packages/tiago_pro_bringup)
[1.254s] DEBUG:colcon.colcon_core.event_handler.log_command:Invoked command in '/home/user/exchange/workspace/build/pal_sea_arm_description' returned '0': AMENT_PREFIX_PATH=/home/user/exchange/workspace/install/pal_pro_gripper_wrapper:/home/user/exchange/workspace/install/tiago_manipulation_tasks:/home/user/exchange/workspace/install/pick_task:/home/user/exchange/workspace/install/tiago_pro_simulation:/home/user/exchange/workspace/install/tiago_pro_robot:/home/user/exchange/workspace/install/tiago_pro_navigation:/home/user/exchange/workspace/install/tiago_pro_gazebo:/home/user/exchange/workspace/install/tiago_pro_rgbd_sensors:/home/user/exchange/workspace/install/tiago_pro_mujoco:/home/user/exchange/workspace/install/tiago_pro_moveit_config:/home/user/exchange/workspace/install/tiago_pro_laser_sensors:/home/user/exchange/workspace/install/tiago_pro_description:/home/user/exchange/workspace/install/tiago_pro_bringup:/home/user/exchange/workspace/install/tiago_pro_controller_configuration:/home/user/exchange/workspace/install/tiago_pro_2dnav:/home/user/exchange/workspace/install/pal_sea_arm_moveit_config:/home/user/exchange/workspace/install/pal_sea_arm:/home/user/exchange/workspace/install/pal_sea_arm_bringup:/home/user/exchange/workspace/install/pal_sea_arm_description:/home/user/exchange/workspace/install/pal_sea_arm_controller_configuration:/home/user/exchange/workspace/install/pal_pro_gripper_simulation:/home/user/exchange/workspace/install/pal_pro_gripper_bringup:/home/user/exchange/workspace/install/pal_pro_gripper:/home/user/exchange/workspace/install/pal_pro_gripper_controller_configuration:/home/user/exchange/workspace/install/pal_pro_gripper_description:/home/user/exchange/workspace/install/pal_gazebo_worlds:/opt/ros/humble CMAKE_PREFIX_PATH=/home/user/exchange/workspace/install/pal_sea_arm_controller_configuration:/home/user/exchange/workspace/install/pal_pro_gripper_controller_configuration:/home/user/exchange/workspace/install/pal_pro_gripper_description:/home/user/exchange/workspace/install/tiago_manipulation_tasks:/home/user/exchange/workspace/install/tiago_pro_simulation:/home/user/exchange/workspace/install/tiago_pro_robot:/home/user/exchange/workspace/install/tiago_pro_navigation:/home/user/exchange/workspace/install/tiago_pro_gazebo:/home/user/exchange/workspace/install/tiago_pro_rgbd_sensors:/home/user/exchange/workspace/install/tiago_pro_mujoco:/home/user/exchange/workspace/install/tiago_pro_moveit_config:/home/user/exchange/workspace/install/tiago_pro_laser_sensors:/home/user/exchange/workspace/install/tiago_pro_description:/home/user/exchange/workspace/install/tiago_pro_bringup:/home/user/exchange/workspace/install/tiago_pro_controller_configuration:/home/user/exchange/workspace/install/tiago_pro_2dnav:/home/user/exchange/workspace/install/pal_sea_arm_moveit_config:/home/user/exchange/workspace/install/pal_sea_arm:/home/user/exchange/workspace/install/pal_sea_arm_bringup:/home/user/exchange/workspace/install/pal_sea_arm_description:/home/user/exchange/workspace/install/pal_pro_gripper_simulation:/home/user/exchange/workspace/install/pal_pro_gripper_bringup:/home/user/exchange/workspace/install/pal_pro_gripper:/home/user/exchange/workspace/install/pal_gazebo_worlds:/home/user/exchange/workspace/install/pick_task:/home/user/exchange/workspace/install/pal_pro_gripper_wrapper:/opt/ros/humble PYTHONPATH=/home/user/exchange/workspace/install/pal_pro_gripper_wrapper/lib/python3.10/site-packages:/home/user/exchange/workspace/install/pick_task/lib/python3.10/site-packages:/home/user/exchange/workspace/install/tiago_pro_description/local/lib/python3.10/dist-packages:/home/user/exchange/workspace/install/pal_sea_arm_description/local/lib/python3.10/dist-packages:/home/user/exchange/workspace/install/pal_pro_gripper_description/local/lib/python3.10/dist-packages:/opt/ros/humble/lib/python3.10/site-packages:/opt/ros/humble/local/lib/python3.10/dist-packages /usr/bin/cmake --build /home/user/exchange/workspace/build/pal_sea_arm_description -- -j12 -l12
[1.256s] DEBUG:colcon.colcon_core.event_handler.log_command:Invoking command in '/home/user/exchange/workspace/build/pal_sea_arm_description': AMENT_PREFIX_PATH=/home/user/exchange/workspace/install/pal_pro_gripper_wrapper:/home/user/exchange/workspace/install/tiago_manipulation_tasks:/home/user/exchange/workspace/install/pick_task:/home/user/exchange/workspace/install/tiago_pro_simulation:/home/user/exchange/workspace/install/tiago_pro_robot:/home/user/exchange/workspace/install/tiago_pro_navigation:/home/user/exchange/workspace/install/tiago_pro_gazebo:/home/user/exchange/workspace/install/tiago_pro_rgbd_sensors:/home/user/exchange/workspace/install/tiago_pro_mujoco:/home/user/exchange/workspace/install/tiago_pro_moveit_config:/home/user/exchange/workspace/install/tiago_pro_laser_sensors:/home/user/exchange/workspace/install/tiago_pro_description:/home/user/exchange/workspace/install/tiago_pro_bringup:/home/user/exchange/workspace/install/tiago_pro_controller_configuration:/home/user/exchange/workspace/install/tiago_pro_2dnav:/home/user/exchange/workspace/install/pal_sea_arm_moveit_config:/home/user/exchange/workspace/install/pal_sea_arm:/home/user/exchange/workspace/install/pal_sea_arm_bringup:/home/user/exchange/workspace/install/pal_sea_arm_description:/home/user/exchange/workspace/install/pal_sea_arm_controller_configuration:/home/user/exchange/workspace/install/pal_pro_gripper_simulation:/home/user/exchange/workspace/install/pal_pro_gripper_bringup:/home/user/exchange/workspace/install/pal_pro_gripper:/home/user/exchange/workspace/install/pal_pro_gripper_controller_configuration:/home/user/exchange/workspace/install/pal_pro_gripper_description:/home/user/exchange/workspace/install/pal_gazebo_worlds:/opt/ros/humble CMAKE_PREFIX_PATH=/home/user/exchange/workspace/install/pal_sea_arm_controller_configuration:/home/user/exchange/workspace/install/pal_pro_gripper_controller_configuration:/home/user/exchange/workspace/install/pal_pro_gripper_description:/home/user/exchange/workspace/install/tiago_manipulation_tasks:/home/user/exchange/workspace/install/tiago_pro_simulation:/home/user/exchange/workspace/install/tiago_pro_robot:/home/user/exchange/workspace/install/tiago_pro_navigation:/home/user/exchange/workspace/install/tiago_pro_gazebo:/home/user/exchange/workspace/install/tiago_pro_rgbd_sensors:/home/user/exchange/workspace/install/tiago_pro_mujoco:/home/user/exchange/workspace/install/tiago_pro_moveit_config:/home/user/exchange/workspace/install/tiago_pro_laser_sensors:/home/user/exchange/workspace/install/tiago_pro_description:/home/user/exchange/workspace/install/tiago_pro_bringup:/home/user/exchange/workspace/install/tiago_pro_controller_configuration:/home/user/exchange/workspace/install/tiago_pro_2dnav:/home/user/exchange/workspace/install/pal_sea_arm_moveit_config:/home/user/exchange/workspace/install/pal_sea_arm:/home/user/exchange/workspace/install/pal_sea_arm_bringup:/home/user/exchange/workspace/install/pal_sea_arm_description:/home/user/exchange/workspace/install/pal_pro_gripper_simulation:/home/user/exchange/workspace/install/pal_pro_gripper_bringup:/home/user/exchange/workspace/install/pal_pro_gripper:/home/user/exchange/workspace/install/pal_gazebo_worlds:/home/user/exchange/workspace/install/pick_task:/home/user/exchange/workspace/install/pal_pro_gripper_wrapper:/opt/ros/humble PYTHONPATH=/home/user/exchange/workspace/install/pal_pro_gripper_wrapper/lib/python3.10/site-packages:/home/user/exchange/workspace/install/pick_task/lib/python3.10/site-packages:/home/user/exchange/workspace/install/tiago_pro_description/local/lib/python3.10/dist-packages:/home/user/exchange/workspace/install/pal_sea_arm_description/local/lib/python3.10/dist-packages:/home/user/exchange/workspace/install/pal_pro_gripper_description/local/lib/python3.10/dist-packages:/opt/ros/humble/lib/python3.10/site-packages:/opt/ros/humble/local/lib/python3.10/dist-packages /usr/bin/cmake --install /home/user/exchange/workspace/build/pal_sea_arm_description
[1.303s] Level 1:colcon.colcon_core.environment:create_environment_scripts_only(pal_sea_arm_description)
[1.303s] Level 1:colcon.colcon_core.environment:checking '/home/user/exchange/workspace/install/pal_sea_arm_description' for CMake module files
[1.304s] Level 1:colcon.colcon_core.environment:checking '/home/user/exchange/workspace/install/pal_sea_arm_description' for CMake config files
[1.307s] Level 1:colcon.colcon_core.shell:create_environment_hook('pal_sea_arm_description', 'cmake_prefix_path')
[1.308s] INFO:colcon.colcon_core.shell:Creating environment hook '/home/user/exchange/workspace/install/pal_sea_arm_description/share/pal_sea_arm_description/hook/cmake_prefix_path.ps1'
[1.311s] INFO:colcon.colcon_core.shell:Creating environment descriptor '/home/user/exchange/workspace/install/pal_sea_arm_description/share/pal_sea_arm_description/hook/cmake_prefix_path.dsv'
[1.311s] INFO:colcon.colcon_core.shell:Creating environment hook '/home/user/exchange/workspace/install/pal_sea_arm_description/share/pal_sea_arm_description/hook/cmake_prefix_path.sh'
[1.312s] Level 1:colcon.colcon_core.environment:checking '/home/user/exchange/workspace/install/pal_sea_arm_description/bin'
[1.314s] Level 1:colcon.colcon_core.environment:checking '/home/user/exchange/workspace/install/pal_sea_arm_description/lib/pkgconfig/pal_sea_arm_description.pc'
[1.314s] Level 1:colcon.colcon_core.environment:checking '/home/user/exchange/workspace/install/pal_sea_arm_description/lib/python3.10/site-packages'
[1.315s] Level 1:colcon.colcon_core.environment:checking '/home/user/exchange/workspace/install/pal_sea_arm_description/bin'
[1.315s] INFO:colcon.colcon_core.shell:Creating package script '/home/user/exchange/workspace/install/pal_sea_arm_description/share/pal_sea_arm_description/package.ps1'
[1.317s] INFO:colcon.colcon_core.shell:Creating package descriptor '/home/user/exchange/workspace/install/pal_sea_arm_description/share/pal_sea_arm_description/package.dsv'
[1.318s] INFO:colcon.colcon_core.shell:Creating package script '/home/user/exchange/workspace/install/pal_sea_arm_description/share/pal_sea_arm_description/package.sh'
[1.319s] DEBUG:colcon.colcon_core.event_handler.log_command:Invoked command in '/home/user/exchange/workspace/build/pal_sea_arm_description' returned '0': AMENT_PREFIX_PATH=/home/user/exchange/workspace/install/pal_pro_gripper_wrapper:/home/user/exchange/workspace/install/tiago_manipulation_tasks:/home/user/exchange/workspace/install/pick_task:/home/user/exchange/workspace/install/tiago_pro_simulation:/home/user/exchange/workspace/install/tiago_pro_robot:/home/user/exchange/workspace/install/tiago_pro_navigation:/home/user/exchange/workspace/install/tiago_pro_gazebo:/home/user/exchange/workspace/install/tiago_pro_rgbd_sensors:/home/user/exchange/workspace/install/tiago_pro_mujoco:/home/user/exchange/workspace/install/tiago_pro_moveit_config:/home/user/exchange/workspace/install/tiago_pro_laser_sensors:/home/user/exchange/workspace/install/tiago_pro_description:/home/user/exchange/workspace/install/tiago_pro_bringup:/home/user/exchange/workspace/install/tiago_pro_controller_configuration:/home/user/exchange/workspace/install/tiago_pro_2dnav:/home/user/exchange/workspace/install/pal_sea_arm_moveit_config:/home/user/exchange/workspace/install/pal_sea_arm:/home/user/exchange/workspace/install/pal_sea_arm_bringup:/home/user/exchange/workspace/install/pal_sea_arm_description:/home/user/exchange/workspace/install/pal_sea_arm_controller_configuration:/home/user/exchange/workspace/install/pal_pro_gripper_simulation:/home/user/exchange/workspace/install/pal_pro_gripper_bringup:/home/user/exchange/workspace/install/pal_pro_gripper:/home/user/exchange/workspace/install/pal_pro_gripper_controller_configuration:/home/user/exchange/workspace/install/pal_pro_gripper_description:/home/user/exchange/workspace/install/pal_gazebo_worlds:/opt/ros/humble CMAKE_PREFIX_PATH=/home/user/exchange/workspace/install/pal_sea_arm_controller_configuration:/home/user/exchange/workspace/install/pal_pro_gripper_controller_configuration:/home/user/exchange/workspace/install/pal_pro_gripper_description:/home/user/exchange/workspace/install/tiago_manipulation_tasks:/home/user/exchange/workspace/install/tiago_pro_simulation:/home/user/exchange/workspace/install/tiago_pro_robot:/home/user/exchange/workspace/install/tiago_pro_navigation:/home/user/exchange/workspace/install/tiago_pro_gazebo:/home/user/exchange/workspace/install/tiago_pro_rgbd_sensors:/home/user/exchange/workspace/install/tiago_pro_mujoco:/home/user/exchange/workspace/install/tiago_pro_moveit_config:/home/user/exchange/workspace/install/tiago_pro_laser_sensors:/home/user/exchange/workspace/install/tiago_pro_description:/home/user/exchange/workspace/install/tiago_pro_bringup:/home/user/exchange/workspace/install/tiago_pro_controller_configuration:/home/user/exchange/workspace/install/tiago_pro_2dnav:/home/user/exchange/workspace/install/pal_sea_arm_moveit_config:/home/user/exchange/workspace/install/pal_sea_arm:/home/user/exchange/workspace/install/pal_sea_arm_bringup:/home/user/exchange/workspace/install/pal_sea_arm_description:/home/user/exchange/workspace/install/pal_pro_gripper_simulation:/home/user/exchange/workspace/install/pal_pro_gripper_bringup:/home/user/exchange/workspace/install/pal_pro_gripper:/home/user/exchange/workspace/install/pal_gazebo_worlds:/home/user/exchange/workspace/install/pick_task:/home/user/exchange/workspace/install/pal_pro_gripper_wrapper:/opt/ros/humble PYTHONPATH=/home/user/exchange/workspace/install/pal_pro_gripper_wrapper/lib/python3.10/site-packages:/home/user/exchange/workspace/install/pick_task/lib/python3.10/site-packages:/home/user/exchange/workspace/install/tiago_pro_description/local/lib/python3.10/dist-packages:/home/user/exchange/workspace/install/pal_sea_arm_description/local/lib/python3.10/dist-packages:/home/user/exchange/workspace/install/pal_pro_gripper_description/local/lib/python3.10/dist-packages:/opt/ros/humble/lib/python3.10/site-packages:/opt/ros/humble/local/lib/python3.10/dist-packages /usr/bin/cmake --install /home/user/exchange/workspace/build/pal_sea_arm_description
[1.319s] INFO:colcon.colcon_core.shell:Creating package script '/home/user/exchange/workspace/install/pal_sea_arm_description/share/pal_sea_arm_description/package.bash'
[1.320s] INFO:colcon.colcon_core.shell:Creating package script '/home/user/exchange/workspace/install/pal_sea_arm_description/share/pal_sea_arm_description/package.zsh'
[1.320s] Level 1:colcon.colcon_core.environment:create_file_with_runtime_dependencies(/home/user/exchange/workspace/install/pal_sea_arm_description/share/colcon-core/packages/pal_sea_arm_description)
[1.321s] Level 1:colcon.colcon_core.environment:create_environment_scripts_only(pal_sea_arm_description)
[1.321s] Level 1:colcon.colcon_core.environment:checking '/home/user/exchange/workspace/install/pal_sea_arm_description' for CMake module files
[1.321s] Level 1:colcon.colcon_core.environment:checking '/home/user/exchange/workspace/install/pal_sea_arm_description' for CMake config files
[1.322s] Level 1:colcon.colcon_core.shell:create_environment_hook('pal_sea_arm_description', 'cmake_prefix_path')
[1.322s] INFO:colcon.colcon_core.shell:Creating environment hook '/home/user/exchange/workspace/install/pal_sea_arm_description/share/pal_sea_arm_description/hook/cmake_prefix_path.ps1'
[1.323s] INFO:colcon.colcon_core.shell:Creating environment descriptor '/home/user/exchange/workspace/install/pal_sea_arm_description/share/pal_sea_arm_description/hook/cmake_prefix_path.dsv'
[1.323s] INFO:colcon.colcon_core.shell:Creating environment hook '/home/user/exchange/workspace/install/pal_sea_arm_description/share/pal_sea_arm_description/hook/cmake_prefix_path.sh'
[1.323s] Level 1:colcon.colcon_core.environment:checking '/home/user/exchange/workspace/install/pal_sea_arm_description/bin'
[1.324s] Level 1:colcon.colcon_core.environment:checking '/home/user/exchange/workspace/install/pal_sea_arm_description/lib/pkgconfig/pal_sea_arm_description.pc'
[1.324s] Level 1:colcon.colcon_core.environment:checking '/home/user/exchange/workspace/install/pal_sea_arm_description/lib/python3.10/site-packages'
[1.324s] Level 1:colcon.colcon_core.environment:checking '/home/user/exchange/workspace/install/pal_sea_arm_description/bin'
[1.324s] INFO:colcon.colcon_core.shell:Creating package script '/home/user/exchange/workspace/install/pal_sea_arm_description/share/pal_sea_arm_description/package.ps1'
[1.325s] INFO:colcon.colcon_core.shell:Creating package descriptor '/home/user/exchange/workspace/install/pal_sea_arm_description/share/pal_sea_arm_description/package.dsv'
[1.325s] INFO:colcon.colcon_core.shell:Creating package script '/home/user/exchange/workspace/install/pal_sea_arm_description/share/pal_sea_arm_description/package.sh'
[1.326s] INFO:colcon.colcon_core.shell:Creating package script '/home/user/exchange/workspace/install/pal_sea_arm_description/share/pal_sea_arm_description/package.bash'
[1.326s] INFO:colcon.colcon_core.shell:Creating package script '/home/user/exchange/workspace/install/pal_sea_arm_description/share/pal_sea_arm_description/package.zsh'
[1.326s] Level 1:colcon.colcon_core.environment:create_file_with_runtime_dependencies(/home/user/exchange/workspace/install/pal_sea_arm_description/share/colcon-core/packages/pal_sea_arm_description)
[1.327s] INFO:colcon.colcon_ros.task.ament_cmake.build:Building ROS package in '/home/user/exchange/workspace/src/tiago_pro_robot/tiago_pro_description' with build type 'ament_cmake'
[1.327s] INFO:colcon.colcon_cmake.task.cmake.build:Building CMake package in '/home/user/exchange/workspace/src/tiago_pro_robot/tiago_pro_description'
[1.327s] INFO:colcon.colcon_core.shell:Skip shell extension 'powershell' for command environment: Not usable outside of PowerShell
[1.327s] DEBUG:colcon.colcon_core.shell:Skip shell extension 'dsv' for command environment
[1.332s] INFO:colcon.colcon_ros.task.ament_cmake.build:Building ROS package in '/home/user/exchange/workspace/src/pal_sea_arm_moveit_config' with build type 'ament_cmake'
[1.332s] INFO:colcon.colcon_cmake.task.cmake.build:Building CMake package in '/home/user/exchange/workspace/src/pal_sea_arm_moveit_config'
[1.333s] INFO:colcon.colcon_core.shell:Skip shell extension 'powershell' for command environment: Not usable outside of PowerShell
[1.333s] DEBUG:colcon.colcon_core.shell:Skip shell extension 'dsv' for command environment
[1.337s] INFO:colcon.colcon_ros.task.ament_cmake.build:Building ROS package in '/home/user/exchange/workspace/src/pal_sea_arm/pal_sea_arm_bringup' with build type 'ament_cmake'
[1.338s] INFO:colcon.colcon_cmake.task.cmake.build:Building CMake package in '/home/user/exchange/workspace/src/pal_sea_arm/pal_sea_arm_bringup'
[1.338s] INFO:colcon.colcon_core.shell:Skip shell extension 'powershell' for command environment: Not usable outside of PowerShell
[1.338s] DEBUG:colcon.colcon_core.shell:Skip shell extension 'dsv' for command environment
[1.347s] DEBUG:colcon.colcon_core.event_handler.log_command:Invoking command in '/home/user/exchange/workspace/build/tiago_pro_description': AMENT_PREFIX_PATH=/home/user/exchange/workspace/install/pal_pro_gripper_wrapper:/home/user/exchange/workspace/install/tiago_manipulation_tasks:/home/user/exchange/workspace/install/pick_task:/home/user/exchange/workspace/install/tiago_pro_simulation:/home/user/exchange/workspace/install/tiago_pro_robot:/home/user/exchange/workspace/install/tiago_pro_navigation:/home/user/exchange/workspace/install/tiago_pro_gazebo:/home/user/exchange/workspace/install/tiago_pro_rgbd_sensors:/home/user/exchange/workspace/install/tiago_pro_mujoco:/home/user/exchange/workspace/install/tiago_pro_moveit_config:/home/user/exchange/workspace/install/tiago_pro_laser_sensors:/home/user/exchange/workspace/install/tiago_pro_description:/home/user/exchange/workspace/install/tiago_pro_bringup:/home/user/exchange/workspace/install/tiago_pro_controller_configuration:/home/user/exchange/workspace/install/tiago_pro_2dnav:/home/user/exchange/workspace/install/pal_sea_arm_moveit_config:/home/user/exchange/workspace/install/pal_sea_arm:/home/user/exchange/workspace/install/pal_sea_arm_bringup:/home/user/exchange/workspace/install/pal_sea_arm_description:/home/user/exchange/workspace/install/pal_sea_arm_controller_configuration:/home/user/exchange/workspace/install/pal_pro_gripper_simulation:/home/user/exchange/workspace/install/pal_pro_gripper_bringup:/home/user/exchange/workspace/install/pal_pro_gripper:/home/user/exchange/workspace/install/pal_pro_gripper_controller_configuration:/home/user/exchange/workspace/install/pal_pro_gripper_description:/home/user/exchange/workspace/install/pal_gazebo_worlds:/opt/ros/humble CMAKE_PREFIX_PATH=/home/user/exchange/workspace/install/pal_sea_arm_description:/home/user/exchange/workspace/install/pal_sea_arm_controller_configuration:/home/user/exchange/workspace/install/pal_pro_gripper_controller_configuration:/home/user/exchange/workspace/install/pal_pro_gripper_description:/home/user/exchange/workspace/install/tiago_manipulation_tasks:/home/user/exchange/workspace/install/tiago_pro_simulation:/home/user/exchange/workspace/install/tiago_pro_robot:/home/user/exchange/workspace/install/tiago_pro_navigation:/home/user/exchange/workspace/install/tiago_pro_gazebo:/home/user/exchange/workspace/install/tiago_pro_rgbd_sensors:/home/user/exchange/workspace/install/tiago_pro_mujoco:/home/user/exchange/workspace/install/tiago_pro_moveit_config:/home/user/exchange/workspace/install/tiago_pro_laser_sensors:/home/user/exchange/workspace/install/tiago_pro_description:/home/user/exchange/workspace/install/tiago_pro_bringup:/home/user/exchange/workspace/install/tiago_pro_controller_configuration:/home/user/exchange/workspace/install/tiago_pro_2dnav:/home/user/exchange/workspace/install/pal_sea_arm_moveit_config:/home/user/exchange/workspace/install/pal_sea_arm:/home/user/exchange/workspace/install/pal_sea_arm_bringup:/home/user/exchange/workspace/install/pal_pro_gripper_simulation:/home/user/exchange/workspace/install/pal_pro_gripper_bringup:/home/user/exchange/workspace/install/pal_pro_gripper:/home/user/exchange/workspace/install/pal_gazebo_worlds:/home/user/exchange/workspace/install/pick_task:/home/user/exchange/workspace/install/pal_pro_gripper_wrapper:/opt/ros/humble PYTHONPATH=/home/user/exchange/workspace/install/pal_pro_gripper_wrapper/lib/python3.10/site-packages:/home/user/exchange/workspace/install/pick_task/lib/python3.10/site-packages:/home/user/exchange/workspace/install/tiago_pro_description/local/lib/python3.10/dist-packages:/home/user/exchange/workspace/install/pal_sea_arm_description/local/lib/python3.10/dist-packages:/home/user/exchange/workspace/install/pal_pro_gripper_description/local/lib/python3.10/dist-packages:/opt/ros/humble/lib/python3.10/site-packages:/opt/ros/humble/local/lib/python3.10/dist-packages /usr/bin/cmake --build /home/user/exchange/workspace/build/tiago_pro_description -- -j12 -l12
[1.351s] DEBUG:colcon.colcon_core.event_handler.log_command:Invoking command in '/home/user/exchange/workspace/build/pal_sea_arm_moveit_config': AMENT_PREFIX_PATH=/home/user/exchange/workspace/install/pal_pro_gripper_wrapper:/home/user/exchange/workspace/install/tiago_manipulation_tasks:/home/user/exchange/workspace/install/pick_task:/home/user/exchange/workspace/install/tiago_pro_simulation:/home/user/exchange/workspace/install/tiago_pro_robot:/home/user/exchange/workspace/install/tiago_pro_navigation:/home/user/exchange/workspace/install/tiago_pro_gazebo:/home/user/exchange/workspace/install/tiago_pro_rgbd_sensors:/home/user/exchange/workspace/install/tiago_pro_mujoco:/home/user/exchange/workspace/install/tiago_pro_moveit_config:/home/user/exchange/workspace/install/tiago_pro_laser_sensors:/home/user/exchange/workspace/install/tiago_pro_description:/home/user/exchange/workspace/install/tiago_pro_bringup:/home/user/exchange/workspace/install/tiago_pro_controller_configuration:/home/user/exchange/workspace/install/tiago_pro_2dnav:/home/user/exchange/workspace/install/pal_sea_arm_moveit_config:/home/user/exchange/workspace/install/pal_sea_arm:/home/user/exchange/workspace/install/pal_sea_arm_bringup:/home/user/exchange/workspace/install/pal_sea_arm_description:/home/user/exchange/workspace/install/pal_sea_arm_controller_configuration:/home/user/exchange/workspace/install/pal_pro_gripper_simulation:/home/user/exchange/workspace/install/pal_pro_gripper_bringup:/home/user/exchange/workspace/install/pal_pro_gripper:/home/user/exchange/workspace/install/pal_pro_gripper_controller_configuration:/home/user/exchange/workspace/install/pal_pro_gripper_description:/home/user/exchange/workspace/install/pal_gazebo_worlds:/opt/ros/humble CMAKE_PREFIX_PATH=/home/user/exchange/workspace/install/pal_sea_arm_description:/home/user/exchange/workspace/install/pal_sea_arm_controller_configuration:/home/user/exchange/workspace/install/pal_pro_gripper_controller_configuration:/home/user/exchange/workspace/install/pal_pro_gripper_description:/home/user/exchange/workspace/install/tiago_manipulation_tasks:/home/user/exchange/workspace/install/tiago_pro_simulation:/home/user/exchange/workspace/install/tiago_pro_robot:/home/user/exchange/workspace/install/tiago_pro_navigation:/home/user/exchange/workspace/install/tiago_pro_gazebo:/home/user/exchange/workspace/install/tiago_pro_rgbd_sensors:/home/user/exchange/workspace/install/tiago_pro_mujoco:/home/user/exchange/workspace/install/tiago_pro_moveit_config:/home/user/exchange/workspace/install/tiago_pro_laser_sensors:/home/user/exchange/workspace/install/tiago_pro_description:/home/user/exchange/workspace/install/tiago_pro_bringup:/home/user/exchange/workspace/install/tiago_pro_controller_configuration:/home/user/exchange/workspace/install/tiago_pro_2dnav:/home/user/exchange/workspace/install/pal_sea_arm_moveit_config:/home/user/exchange/workspace/install/pal_sea_arm:/home/user/exchange/workspace/install/pal_sea_arm_bringup:/home/user/exchange/workspace/install/pal_pro_gripper_simulation:/home/user/exchange/workspace/install/pal_pro_gripper_bringup:/home/user/exchange/workspace/install/pal_pro_gripper:/home/user/exchange/workspace/install/pal_gazebo_worlds:/home/user/exchange/workspace/install/pick_task:/home/user/exchange/workspace/install/pal_pro_gripper_wrapper:/opt/ros/humble PYTHONPATH=/home/user/exchange/workspace/install/pal_pro_gripper_wrapper/lib/python3.10/site-packages:/home/user/exchange/workspace/install/pick_task/lib/python3.10/site-packages:/home/user/exchange/workspace/install/tiago_pro_description/local/lib/python3.10/dist-packages:/home/user/exchange/workspace/install/pal_sea_arm_description/local/lib/python3.10/dist-packages:/home/user/exchange/workspace/install/pal_pro_gripper_description/local/lib/python3.10/dist-packages:/opt/ros/humble/lib/python3.10/site-packages:/opt/ros/humble/local/lib/python3.10/dist-packages /usr/bin/cmake --build /home/user/exchange/workspace/build/pal_sea_arm_moveit_config -- -j12 -l12
[1.353s] DEBUG:colcon.colcon_core.event_handler.log_command:Invoking command in '/home/user/exchange/workspace/build/pal_sea_arm_bringup': AMENT_PREFIX_PATH=/home/user/exchange/workspace/install/pal_pro_gripper_wrapper:/home/user/exchange/workspace/install/tiago_manipulation_tasks:/home/user/exchange/workspace/install/pick_task:/home/user/exchange/workspace/install/tiago_pro_simulation:/home/user/exchange/workspace/install/tiago_pro_robot:/home/user/exchange/workspace/install/tiago_pro_navigation:/home/user/exchange/workspace/install/tiago_pro_gazebo:/home/user/exchange/workspace/install/tiago_pro_rgbd_sensors:/home/user/exchange/workspace/install/tiago_pro_mujoco:/home/user/exchange/workspace/install/tiago_pro_moveit_config:/home/user/exchange/workspace/install/tiago_pro_laser_sensors:/home/user/exchange/workspace/install/tiago_pro_description:/home/user/exchange/workspace/install/tiago_pro_bringup:/home/user/exchange/workspace/install/tiago_pro_controller_configuration:/home/user/exchange/workspace/install/tiago_pro_2dnav:/home/user/exchange/workspace/install/pal_sea_arm_moveit_config:/home/user/exchange/workspace/install/pal_sea_arm:/home/user/exchange/workspace/install/pal_sea_arm_bringup:/home/user/exchange/workspace/install/pal_sea_arm_description:/home/user/exchange/workspace/install/pal_sea_arm_controller_configuration:/home/user/exchange/workspace/install/pal_pro_gripper_simulation:/home/user/exchange/workspace/install/pal_pro_gripper_bringup:/home/user/exchange/workspace/install/pal_pro_gripper:/home/user/exchange/workspace/install/pal_pro_gripper_controller_configuration:/home/user/exchange/workspace/install/pal_pro_gripper_description:/home/user/exchange/workspace/install/pal_gazebo_worlds:/opt/ros/humble CMAKE_PREFIX_PATH=/home/user/exchange/workspace/install/pal_sea_arm_description:/home/user/exchange/workspace/install/pal_sea_arm_controller_configuration:/home/user/exchange/workspace/install/pal_pro_gripper_controller_configuration:/home/user/exchange/workspace/install/pal_pro_gripper_description:/home/user/exchange/workspace/install/tiago_manipulation_tasks:/home/user/exchange/workspace/install/tiago_pro_simulation:/home/user/exchange/workspace/install/tiago_pro_robot:/home/user/exchange/workspace/install/tiago_pro_navigation:/home/user/exchange/workspace/install/tiago_pro_gazebo:/home/user/exchange/workspace/install/tiago_pro_rgbd_sensors:/home/user/exchange/workspace/install/tiago_pro_mujoco:/home/user/exchange/workspace/install/tiago_pro_moveit_config:/home/user/exchange/workspace/install/tiago_pro_laser_sensors:/home/user/exchange/workspace/install/tiago_pro_description:/home/user/exchange/workspace/install/tiago_pro_bringup:/home/user/exchange/workspace/install/tiago_pro_controller_configuration:/home/user/exchange/workspace/install/tiago_pro_2dnav:/home/user/exchange/workspace/install/pal_sea_arm_moveit_config:/home/user/exchange/workspace/install/pal_sea_arm:/home/user/exchange/workspace/install/pal_sea_arm_bringup:/home/user/exchange/workspace/install/pal_pro_gripper_simulation:/home/user/exchange/workspace/install/pal_pro_gripper_bringup:/home/user/exchange/workspace/install/pal_pro_gripper:/home/user/exchange/workspace/install/pal_gazebo_worlds:/home/user/exchange/workspace/install/pick_task:/home/user/exchange/workspace/install/pal_pro_gripper_wrapper:/opt/ros/humble PYTHONPATH=/home/user/exchange/workspace/install/pal_pro_gripper_wrapper/lib/python3.10/site-packages:/home/user/exchange/workspace/install/pick_task/lib/python3.10/site-packages:/home/user/exchange/workspace/install/tiago_pro_description/local/lib/python3.10/dist-packages:/home/user/exchange/workspace/install/pal_sea_arm_description/local/lib/python3.10/dist-packages:/home/user/exchange/workspace/install/pal_pro_gripper_description/local/lib/python3.10/dist-packages:/opt/ros/humble/lib/python3.10/site-packages:/opt/ros/humble/local/lib/python3.10/dist-packages /usr/bin/cmake --build /home/user/exchange/workspace/build/pal_sea_arm_bringup -- -j12 -l12
[1.379s] DEBUG:colcon.colcon_core.event_handler.log_command:Invoked command in '/home/user/exchange/workspace/build/pal_sea_arm_bringup' returned '0': AMENT_PREFIX_PATH=/home/user/exchange/workspace/install/pal_pro_gripper_wrapper:/home/user/exchange/workspace/install/tiago_manipulation_tasks:/home/user/exchange/workspace/install/pick_task:/home/user/exchange/workspace/install/tiago_pro_simulation:/home/user/exchange/workspace/install/tiago_pro_robot:/home/user/exchange/workspace/install/tiago_pro_navigation:/home/user/exchange/workspace/install/tiago_pro_gazebo:/home/user/exchange/workspace/install/tiago_pro_rgbd_sensors:/home/user/exchange/workspace/install/tiago_pro_mujoco:/home/user/exchange/workspace/install/tiago_pro_moveit_config:/home/user/exchange/workspace/install/tiago_pro_laser_sensors:/home/user/exchange/workspace/install/tiago_pro_description:/home/user/exchange/workspace/install/tiago_pro_bringup:/home/user/exchange/workspace/install/tiago_pro_controller_configuration:/home/user/exchange/workspace/install/tiago_pro_2dnav:/home/user/exchange/workspace/install/pal_sea_arm_moveit_config:/home/user/exchange/workspace/install/pal_sea_arm:/home/user/exchange/workspace/install/pal_sea_arm_bringup:/home/user/exchange/workspace/install/pal_sea_arm_description:/home/user/exchange/workspace/install/pal_sea_arm_controller_configuration:/home/user/exchange/workspace/install/pal_pro_gripper_simulation:/home/user/exchange/workspace/install/pal_pro_gripper_bringup:/home/user/exchange/workspace/install/pal_pro_gripper:/home/user/exchange/workspace/install/pal_pro_gripper_controller_configuration:/home/user/exchange/workspace/install/pal_pro_gripper_description:/home/user/exchange/workspace/install/pal_gazebo_worlds:/opt/ros/humble CMAKE_PREFIX_PATH=/home/user/exchange/workspace/install/pal_sea_arm_description:/home/user/exchange/workspace/install/pal_sea_arm_controller_configuration:/home/user/exchange/workspace/install/pal_pro_gripper_controller_configuration:/home/user/exchange/workspace/install/pal_pro_gripper_description:/home/user/exchange/workspace/install/tiago_manipulation_tasks:/home/user/exchange/workspace/install/tiago_pro_simulation:/home/user/exchange/workspace/install/tiago_pro_robot:/home/user/exchange/workspace/install/tiago_pro_navigation:/home/user/exchange/workspace/install/tiago_pro_gazebo:/home/user/exchange/workspace/install/tiago_pro_rgbd_sensors:/home/user/exchange/workspace/install/tiago_pro_mujoco:/home/user/exchange/workspace/install/tiago_pro_moveit_config:/home/user/exchange/workspace/install/tiago_pro_laser_sensors:/home/user/exchange/workspace/install/tiago_pro_description:/home/user/exchange/workspace/install/tiago_pro_bringup:/home/user/exchange/workspace/install/tiago_pro_controller_configuration:/home/user/exchange/workspace/install/tiago_pro_2dnav:/home/user/exchange/workspace/install/pal_sea_arm_moveit_config:/home/user/exchange/workspace/install/pal_sea_arm:/home/user/exchange/workspace/install/pal_sea_arm_bringup:/home/user/exchange/workspace/install/pal_pro_gripper_simulation:/home/user/exchange/workspace/install/pal_pro_gripper_bringup:/home/user/exchange/workspace/install/pal_pro_gripper:/home/user/exchange/workspace/install/pal_gazebo_worlds:/home/user/exchange/workspace/install/pick_task:/home/user/exchange/workspace/install/pal_pro_gripper_wrapper:/opt/ros/humble PYTHONPATH=/home/user/exchange/workspace/install/pal_pro_gripper_wrapper/lib/python3.10/site-packages:/home/user/exchange/workspace/install/pick_task/lib/python3.10/site-packages:/home/user/exchange/workspace/install/tiago_pro_description/local/lib/python3.10/dist-packages:/home/user/exchange/workspace/install/pal_sea_arm_description/local/lib/python3.10/dist-packages:/home/user/exchange/workspace/install/pal_pro_gripper_description/local/lib/python3.10/dist-packages:/opt/ros/humble/lib/python3.10/site-packages:/opt/ros/humble/local/lib/python3.10/dist-packages /usr/bin/cmake --build /home/user/exchange/workspace/build/pal_sea_arm_bringup -- -j12 -l12
[1.380s] DEBUG:colcon.colcon_core.event_handler.log_command:Invoking command in '/home/user/exchange/workspace/build/pal_sea_arm_bringup': AMENT_PREFIX_PATH=/home/user/exchange/workspace/install/pal_pro_gripper_wrapper:/home/user/exchange/workspace/install/tiago_manipulation_tasks:/home/user/exchange/workspace/install/pick_task:/home/user/exchange/workspace/install/tiago_pro_simulation:/home/user/exchange/workspace/install/tiago_pro_robot:/home/user/exchange/workspace/install/tiago_pro_navigation:/home/user/exchange/workspace/install/tiago_pro_gazebo:/home/user/exchange/workspace/install/tiago_pro_rgbd_sensors:/home/user/exchange/workspace/install/tiago_pro_mujoco:/home/user/exchange/workspace/install/tiago_pro_moveit_config:/home/user/exchange/workspace/install/tiago_pro_laser_sensors:/home/user/exchange/workspace/install/tiago_pro_description:/home/user/exchange/workspace/install/tiago_pro_bringup:/home/user/exchange/workspace/install/tiago_pro_controller_configuration:/home/user/exchange/workspace/install/tiago_pro_2dnav:/home/user/exchange/workspace/install/pal_sea_arm_moveit_config:/home/user/exchange/workspace/install/pal_sea_arm:/home/user/exchange/workspace/install/pal_sea_arm_bringup:/home/user/exchange/workspace/install/pal_sea_arm_description:/home/user/exchange/workspace/install/pal_sea_arm_controller_configuration:/home/user/exchange/workspace/install/pal_pro_gripper_simulation:/home/user/exchange/workspace/install/pal_pro_gripper_bringup:/home/user/exchange/workspace/install/pal_pro_gripper:/home/user/exchange/workspace/install/pal_pro_gripper_controller_configuration:/home/user/exchange/workspace/install/pal_pro_gripper_description:/home/user/exchange/workspace/install/pal_gazebo_worlds:/opt/ros/humble CMAKE_PREFIX_PATH=/home/user/exchange/workspace/install/pal_sea_arm_description:/home/user/exchange/workspace/install/pal_sea_arm_controller_configuration:/home/user/exchange/workspace/install/pal_pro_gripper_controller_configuration:/home/user/exchange/workspace/install/pal_pro_gripper_description:/home/user/exchange/workspace/install/tiago_manipulation_tasks:/home/user/exchange/workspace/install/tiago_pro_simulation:/home/user/exchange/workspace/install/tiago_pro_robot:/home/user/exchange/workspace/install/tiago_pro_navigation:/home/user/exchange/workspace/install/tiago_pro_gazebo:/home/user/exchange/workspace/install/tiago_pro_rgbd_sensors:/home/user/exchange/workspace/install/tiago_pro_mujoco:/home/user/exchange/workspace/install/tiago_pro_moveit_config:/home/user/exchange/workspace/install/tiago_pro_laser_sensors:/home/user/exchange/workspace/install/tiago_pro_description:/home/user/exchange/workspace/install/tiago_pro_bringup:/home/user/exchange/workspace/install/tiago_pro_controller_configuration:/home/user/exchange/workspace/install/tiago_pro_2dnav:/home/user/exchange/workspace/install/pal_sea_arm_moveit_config:/home/user/exchange/workspace/install/pal_sea_arm:/home/user/exchange/workspace/install/pal_sea_arm_bringup:/home/user/exchange/workspace/install/pal_pro_gripper_simulation:/home/user/exchange/workspace/install/pal_pro_gripper_bringup:/home/user/exchange/workspace/install/pal_pro_gripper:/home/user/exchange/workspace/install/pal_gazebo_worlds:/home/user/exchange/workspace/install/pick_task:/home/user/exchange/workspace/install/pal_pro_gripper_wrapper:/opt/ros/humble PYTHONPATH=/home/user/exchange/workspace/install/pal_pro_gripper_wrapper/lib/python3.10/site-packages:/home/user/exchange/workspace/install/pick_task/lib/python3.10/site-packages:/home/user/exchange/workspace/install/tiago_pro_description/local/lib/python3.10/dist-packages:/home/user/exchange/workspace/install/pal_sea_arm_description/local/lib/python3.10/dist-packages:/home/user/exchange/workspace/install/pal_pro_gripper_description/local/lib/python3.10/dist-packages:/opt/ros/humble/lib/python3.10/site-packages:/opt/ros/humble/local/lib/python3.10/dist-packages /usr/bin/cmake --install /home/user/exchange/workspace/build/pal_sea_arm_bringup
[1.381s] DEBUG:colcon.colcon_core.event_handler.log_command:Invoked command in '/home/user/exchange/workspace/build/pal_sea_arm_moveit_config' returned '0': AMENT_PREFIX_PATH=/home/user/exchange/workspace/install/pal_pro_gripper_wrapper:/home/user/exchange/workspace/install/tiago_manipulation_tasks:/home/user/exchange/workspace/install/pick_task:/home/user/exchange/workspace/install/tiago_pro_simulation:/home/user/exchange/workspace/install/tiago_pro_robot:/home/user/exchange/workspace/install/tiago_pro_navigation:/home/user/exchange/workspace/install/tiago_pro_gazebo:/home/user/exchange/workspace/install/tiago_pro_rgbd_sensors:/home/user/exchange/workspace/install/tiago_pro_mujoco:/home/user/exchange/workspace/install/tiago_pro_moveit_config:/home/user/exchange/workspace/install/tiago_pro_laser_sensors:/home/user/exchange/workspace/install/tiago_pro_description:/home/user/exchange/workspace/install/tiago_pro_bringup:/home/user/exchange/workspace/install/tiago_pro_controller_configuration:/home/user/exchange/workspace/install/tiago_pro_2dnav:/home/user/exchange/workspace/install/pal_sea_arm_moveit_config:/home/user/exchange/workspace/install/pal_sea_arm:/home/user/exchange/workspace/install/pal_sea_arm_bringup:/home/user/exchange/workspace/install/pal_sea_arm_description:/home/user/exchange/workspace/install/pal_sea_arm_controller_configuration:/home/user/exchange/workspace/install/pal_pro_gripper_simulation:/home/user/exchange/workspace/install/pal_pro_gripper_bringup:/home/user/exchange/workspace/install/pal_pro_gripper:/home/user/exchange/workspace/install/pal_pro_gripper_controller_configuration:/home/user/exchange/workspace/install/pal_pro_gripper_description:/home/user/exchange/workspace/install/pal_gazebo_worlds:/opt/ros/humble CMAKE_PREFIX_PATH=/home/user/exchange/workspace/install/pal_sea_arm_description:/home/user/exchange/workspace/install/pal_sea_arm_controller_configuration:/home/user/exchange/workspace/install/pal_pro_gripper_controller_configuration:/home/user/exchange/workspace/install/pal_pro_gripper_description:/home/user/exchange/workspace/install/tiago_manipulation_tasks:/home/user/exchange/workspace/install/tiago_pro_simulation:/home/user/exchange/workspace/install/tiago_pro_robot:/home/user/exchange/workspace/install/tiago_pro_navigation:/home/user/exchange/workspace/install/tiago_pro_gazebo:/home/user/exchange/workspace/install/tiago_pro_rgbd_sensors:/home/user/exchange/workspace/install/tiago_pro_mujoco:/home/user/exchange/workspace/install/tiago_pro_moveit_config:/home/user/exchange/workspace/install/tiago_pro_laser_sensors:/home/user/exchange/workspace/install/tiago_pro_description:/home/user/exchange/workspace/install/tiago_pro_bringup:/home/user/exchange/workspace/install/tiago_pro_controller_configuration:/home/user/exchange/workspace/install/tiago_pro_2dnav:/home/user/exchange/workspace/install/pal_sea_arm_moveit_config:/home/user/exchange/workspace/install/pal_sea_arm:/home/user/exchange/workspace/install/pal_sea_arm_bringup:/home/user/exchange/workspace/install/pal_pro_gripper_simulation:/home/user/exchange/workspace/install/pal_pro_gripper_bringup:/home/user/exchange/workspace/install/pal_pro_gripper:/home/user/exchange/workspace/install/pal_gazebo_worlds:/home/user/exchange/workspace/install/pick_task:/home/user/exchange/workspace/install/pal_pro_gripper_wrapper:/opt/ros/humble PYTHONPATH=/home/user/exchange/workspace/install/pal_pro_gripper_wrapper/lib/python3.10/site-packages:/home/user/exchange/workspace/install/pick_task/lib/python3.10/site-packages:/home/user/exchange/workspace/install/tiago_pro_description/local/lib/python3.10/dist-packages:/home/user/exchange/workspace/install/pal_sea_arm_description/local/lib/python3.10/dist-packages:/home/user/exchange/workspace/install/pal_pro_gripper_description/local/lib/python3.10/dist-packages:/opt/ros/humble/lib/python3.10/site-packages:/opt/ros/humble/local/lib/python3.10/dist-packages /usr/bin/cmake --build /home/user/exchange/workspace/build/pal_sea_arm_moveit_config -- -j12 -l12
[1.382s] DEBUG:colcon.colcon_core.event_handler.log_command:Invoking command in '/home/user/exchange/workspace/build/pal_sea_arm_moveit_config': AMENT_PREFIX_PATH=/home/user/exchange/workspace/install/pal_pro_gripper_wrapper:/home/user/exchange/workspace/install/tiago_manipulation_tasks:/home/user/exchange/workspace/install/pick_task:/home/user/exchange/workspace/install/tiago_pro_simulation:/home/user/exchange/workspace/install/tiago_pro_robot:/home/user/exchange/workspace/install/tiago_pro_navigation:/home/user/exchange/workspace/install/tiago_pro_gazebo:/home/user/exchange/workspace/install/tiago_pro_rgbd_sensors:/home/user/exchange/workspace/install/tiago_pro_mujoco:/home/user/exchange/workspace/install/tiago_pro_moveit_config:/home/user/exchange/workspace/install/tiago_pro_laser_sensors:/home/user/exchange/workspace/install/tiago_pro_description:/home/user/exchange/workspace/install/tiago_pro_bringup:/home/user/exchange/workspace/install/tiago_pro_controller_configuration:/home/user/exchange/workspace/install/tiago_pro_2dnav:/home/user/exchange/workspace/install/pal_sea_arm_moveit_config:/home/user/exchange/workspace/install/pal_sea_arm:/home/user/exchange/workspace/install/pal_sea_arm_bringup:/home/user/exchange/workspace/install/pal_sea_arm_description:/home/user/exchange/workspace/install/pal_sea_arm_controller_configuration:/home/user/exchange/workspace/install/pal_pro_gripper_simulation:/home/user/exchange/workspace/install/pal_pro_gripper_bringup:/home/user/exchange/workspace/install/pal_pro_gripper:/home/user/exchange/workspace/install/pal_pro_gripper_controller_configuration:/home/user/exchange/workspace/install/pal_pro_gripper_description:/home/user/exchange/workspace/install/pal_gazebo_worlds:/opt/ros/humble CMAKE_PREFIX_PATH=/home/user/exchange/workspace/install/pal_sea_arm_description:/home/user/exchange/workspace/install/pal_sea_arm_controller_configuration:/home/user/exchange/workspace/install/pal_pro_gripper_controller_configuration:/home/user/exchange/workspace/install/pal_pro_gripper_description:/home/user/exchange/workspace/install/tiago_manipulation_tasks:/home/user/exchange/workspace/install/tiago_pro_simulation:/home/user/exchange/workspace/install/tiago_pro_robot:/home/user/exchange/workspace/install/tiago_pro_navigation:/home/user/exchange/workspace/install/tiago_pro_gazebo:/home/user/exchange/workspace/install/tiago_pro_rgbd_sensors:/home/user/exchange/workspace/install/tiago_pro_mujoco:/home/user/exchange/workspace/install/tiago_pro_moveit_config:/home/user/exchange/workspace/install/tiago_pro_laser_sensors:/home/user/exchange/workspace/install/tiago_pro_description:/home/user/exchange/workspace/install/tiago_pro_bringup:/home/user/exchange/workspace/install/tiago_pro_controller_configuration:/home/user/exchange/workspace/install/tiago_pro_2dnav:/home/user/exchange/workspace/install/pal_sea_arm_moveit_config:/home/user/exchange/workspace/install/pal_sea_arm:/home/user/exchange/workspace/install/pal_sea_arm_bringup:/home/user/exchange/workspace/install/pal_pro_gripper_simulation:/home/user/exchange/workspace/install/pal_pro_gripper_bringup:/home/user/exchange/workspace/install/pal_pro_gripper:/home/user/exchange/workspace/install/pal_gazebo_worlds:/home/user/exchange/workspace/install/pick_task:/home/user/exchange/workspace/install/pal_pro_gripper_wrapper:/opt/ros/humble PYTHONPATH=/home/user/exchange/workspace/install/pal_pro_gripper_wrapper/lib/python3.10/site-packages:/home/user/exchange/workspace/install/pick_task/lib/python3.10/site-packages:/home/user/exchange/workspace/install/tiago_pro_description/local/lib/python3.10/dist-packages:/home/user/exchange/workspace/install/pal_sea_arm_description/local/lib/python3.10/dist-packages:/home/user/exchange/workspace/install/pal_pro_gripper_description/local/lib/python3.10/dist-packages:/opt/ros/humble/lib/python3.10/site-packages:/opt/ros/humble/local/lib/python3.10/dist-packages /usr/bin/cmake --install /home/user/exchange/workspace/build/pal_sea_arm_moveit_config
[1.389s] Level 1:colcon.colcon_core.environment:create_environment_scripts_only(pal_sea_arm_bringup)
[1.390s] Level 1:colcon.colcon_core.environment:checking '/home/user/exchange/workspace/install/pal_sea_arm_bringup' for CMake module files
[1.391s] Level 1:colcon.colcon_core.environment:checking '/home/user/exchange/workspace/install/pal_sea_arm_bringup' for CMake config files
[1.392s] Level 1:colcon.colcon_core.shell:create_environment_hook('pal_sea_arm_bringup', 'cmake_prefix_path')
[1.392s] INFO:colcon.colcon_core.shell:Creating environment hook '/home/user/exchange/workspace/install/pal_sea_arm_bringup/share/pal_sea_arm_bringup/hook/cmake_prefix_path.ps1'
[1.393s] INFO:colcon.colcon_core.shell:Creating environment descriptor '/home/user/exchange/workspace/install/pal_sea_arm_bringup/share/pal_sea_arm_bringup/hook/cmake_prefix_path.dsv'
[1.393s] INFO:colcon.colcon_core.shell:Creating environment hook '/home/user/exchange/workspace/install/pal_sea_arm_bringup/share/pal_sea_arm_bringup/hook/cmake_prefix_path.sh'
[1.394s] Level 1:colcon.colcon_core.environment:checking '/home/user/exchange/workspace/install/pal_sea_arm_bringup/lib'
[1.394s] Level 1:colcon.colcon_core.environment:checking '/home/user/exchange/workspace/install/pal_sea_arm_bringup/bin'
[1.394s] Level 1:colcon.colcon_core.environment:checking '/home/user/exchange/workspace/install/pal_sea_arm_bringup/lib/pkgconfig/pal_sea_arm_bringup.pc'
[1.395s] Level 1:colcon.colcon_core.environment:checking '/home/user/exchange/workspace/install/pal_sea_arm_bringup/lib/python3.10/site-packages'
[1.395s] Level 1:colcon.colcon_core.environment:checking '/home/user/exchange/workspace/install/pal_sea_arm_bringup/bin'
[1.395s] INFO:colcon.colcon_core.shell:Creating package script '/home/user/exchange/workspace/install/pal_sea_arm_bringup/share/pal_sea_arm_bringup/package.ps1'
[1.396s] DEBUG:colcon.colcon_core.event_handler.log_command:Invoked command in '/home/user/exchange/workspace/build/pal_sea_arm_bringup' returned '0': AMENT_PREFIX_PATH=/home/user/exchange/workspace/install/pal_pro_gripper_wrapper:/home/user/exchange/workspace/install/tiago_manipulation_tasks:/home/user/exchange/workspace/install/pick_task:/home/user/exchange/workspace/install/tiago_pro_simulation:/home/user/exchange/workspace/install/tiago_pro_robot:/home/user/exchange/workspace/install/tiago_pro_navigation:/home/user/exchange/workspace/install/tiago_pro_gazebo:/home/user/exchange/workspace/install/tiago_pro_rgbd_sensors:/home/user/exchange/workspace/install/tiago_pro_mujoco:/home/user/exchange/workspace/install/tiago_pro_moveit_config:/home/user/exchange/workspace/install/tiago_pro_laser_sensors:/home/user/exchange/workspace/install/tiago_pro_description:/home/user/exchange/workspace/install/tiago_pro_bringup:/home/user/exchange/workspace/install/tiago_pro_controller_configuration:/home/user/exchange/workspace/install/tiago_pro_2dnav:/home/user/exchange/workspace/install/pal_sea_arm_moveit_config:/home/user/exchange/workspace/install/pal_sea_arm:/home/user/exchange/workspace/install/pal_sea_arm_bringup:/home/user/exchange/workspace/install/pal_sea_arm_description:/home/user/exchange/workspace/install/pal_sea_arm_controller_configuration:/home/user/exchange/workspace/install/pal_pro_gripper_simulation:/home/user/exchange/workspace/install/pal_pro_gripper_bringup:/home/user/exchange/workspace/install/pal_pro_gripper:/home/user/exchange/workspace/install/pal_pro_gripper_controller_configuration:/home/user/exchange/workspace/install/pal_pro_gripper_description:/home/user/exchange/workspace/install/pal_gazebo_worlds:/opt/ros/humble CMAKE_PREFIX_PATH=/home/user/exchange/workspace/install/pal_sea_arm_description:/home/user/exchange/workspace/install/pal_sea_arm_controller_configuration:/home/user/exchange/workspace/install/pal_pro_gripper_controller_configuration:/home/user/exchange/workspace/install/pal_pro_gripper_description:/home/user/exchange/workspace/install/tiago_manipulation_tasks:/home/user/exchange/workspace/install/tiago_pro_simulation:/home/user/exchange/workspace/install/tiago_pro_robot:/home/user/exchange/workspace/install/tiago_pro_navigation:/home/user/exchange/workspace/install/tiago_pro_gazebo:/home/user/exchange/workspace/install/tiago_pro_rgbd_sensors:/home/user/exchange/workspace/install/tiago_pro_mujoco:/home/user/exchange/workspace/install/tiago_pro_moveit_config:/home/user/exchange/workspace/install/tiago_pro_laser_sensors:/home/user/exchange/workspace/install/tiago_pro_description:/home/user/exchange/workspace/install/tiago_pro_bringup:/home/user/exchange/workspace/install/tiago_pro_controller_configuration:/home/user/exchange/workspace/install/tiago_pro_2dnav:/home/user/exchange/workspace/install/pal_sea_arm_moveit_config:/home/user/exchange/workspace/install/pal_sea_arm:/home/user/exchange/workspace/install/pal_sea_arm_bringup:/home/user/exchange/workspace/install/pal_pro_gripper_simulation:/home/user/exchange/workspace/install/pal_pro_gripper_bringup:/home/user/exchange/workspace/install/pal_pro_gripper:/home/user/exchange/workspace/install/pal_gazebo_worlds:/home/user/exchange/workspace/install/pick_task:/home/user/exchange/workspace/install/pal_pro_gripper_wrapper:/opt/ros/humble PYTHONPATH=/home/user/exchange/workspace/install/pal_pro_gripper_wrapper/lib/python3.10/site-packages:/home/user/exchange/workspace/install/pick_task/lib/python3.10/site-packages:/home/user/exchange/workspace/install/tiago_pro_description/local/lib/python3.10/dist-packages:/home/user/exchange/workspace/install/pal_sea_arm_description/local/lib/python3.10/dist-packages:/home/user/exchange/workspace/install/pal_pro_gripper_description/local/lib/python3.10/dist-packages:/opt/ros/humble/lib/python3.10/site-packages:/opt/ros/humble/local/lib/python3.10/dist-packages /usr/bin/cmake --install /home/user/exchange/workspace/build/pal_sea_arm_bringup
[1.396s] INFO:colcon.colcon_core.shell:Creating package descriptor '/home/user/exchange/workspace/install/pal_sea_arm_bringup/share/pal_sea_arm_bringup/package.dsv'
[1.396s] INFO:colcon.colcon_core.shell:Creating package script '/home/user/exchange/workspace/install/pal_sea_arm_bringup/share/pal_sea_arm_bringup/package.sh'
[1.397s] INFO:colcon.colcon_core.shell:Creating package script '/home/user/exchange/workspace/install/pal_sea_arm_bringup/share/pal_sea_arm_bringup/package.bash'
[1.397s] INFO:colcon.colcon_core.shell:Creating package script '/home/user/exchange/workspace/install/pal_sea_arm_bringup/share/pal_sea_arm_bringup/package.zsh'
[1.397s] Level 1:colcon.colcon_core.environment:create_file_with_runtime_dependencies(/home/user/exchange/workspace/install/pal_sea_arm_bringup/share/colcon-core/packages/pal_sea_arm_bringup)
[1.398s] Level 1:colcon.colcon_core.environment:create_environment_scripts_only(pal_sea_arm_bringup)
[1.398s] Level 1:colcon.colcon_core.environment:checking '/home/user/exchange/workspace/install/pal_sea_arm_bringup' for CMake module files
[1.398s] Level 1:colcon.colcon_core.environment:checking '/home/user/exchange/workspace/install/pal_sea_arm_bringup' for CMake config files
[1.399s] Level 1:colcon.colcon_core.shell:create_environment_hook('pal_sea_arm_bringup', 'cmake_prefix_path')
[1.399s] INFO:colcon.colcon_core.shell:Creating environment hook '/home/user/exchange/workspace/install/pal_sea_arm_bringup/share/pal_sea_arm_bringup/hook/cmake_prefix_path.ps1'
[1.399s] INFO:colcon.colcon_core.shell:Creating environment descriptor '/home/user/exchange/workspace/install/pal_sea_arm_bringup/share/pal_sea_arm_bringup/hook/cmake_prefix_path.dsv'
[1.399s] INFO:colcon.colcon_core.shell:Creating environment hook '/home/user/exchange/workspace/install/pal_sea_arm_bringup/share/pal_sea_arm_bringup/hook/cmake_prefix_path.sh'
[1.400s] Level 1:colcon.colcon_core.environment:checking '/home/user/exchange/workspace/install/pal_sea_arm_bringup/lib'
[1.400s] Level 1:colcon.colcon_core.environment:checking '/home/user/exchange/workspace/install/pal_sea_arm_bringup/bin'
[1.400s] Level 1:colcon.colcon_core.environment:checking '/home/user/exchange/workspace/install/pal_sea_arm_bringup/lib/pkgconfig/pal_sea_arm_bringup.pc'
[1.400s] Level 1:colcon.colcon_core.environment:checking '/home/user/exchange/workspace/install/pal_sea_arm_bringup/lib/python3.10/site-packages'
[1.400s] Level 1:colcon.colcon_core.environment:checking '/home/user/exchange/workspace/install/pal_sea_arm_bringup/bin'
[1.400s] INFO:colcon.colcon_core.shell:Creating package script '/home/user/exchange/workspace/install/pal_sea_arm_bringup/share/pal_sea_arm_bringup/package.ps1'
[1.401s] INFO:colcon.colcon_core.shell:Creating package descriptor '/home/user/exchange/workspace/install/pal_sea_arm_bringup/share/pal_sea_arm_bringup/package.dsv'
[1.401s] INFO:colcon.colcon_core.shell:Creating package script '/home/user/exchange/workspace/install/pal_sea_arm_bringup/share/pal_sea_arm_bringup/package.sh'
[1.401s] INFO:colcon.colcon_core.shell:Creating package script '/home/user/exchange/workspace/install/pal_sea_arm_bringup/share/pal_sea_arm_bringup/package.bash'
[1.402s] INFO:colcon.colcon_core.shell:Creating package script '/home/user/exchange/workspace/install/pal_sea_arm_bringup/share/pal_sea_arm_bringup/package.zsh'
[1.402s] Level 1:colcon.colcon_core.environment:create_file_with_runtime_dependencies(/home/user/exchange/workspace/install/pal_sea_arm_bringup/share/colcon-core/packages/pal_sea_arm_bringup)
[1.402s] INFO:colcon.colcon_ros.task.ament_cmake.build:Building ROS package in '/home/user/exchange/workspace/src/pal_sea_arm/pal_sea_arm' with build type 'ament_cmake'
[1.402s] INFO:colcon.colcon_cmake.task.cmake.build:Building CMake package in '/home/user/exchange/workspace/src/pal_sea_arm/pal_sea_arm'
[1.403s] INFO:colcon.colcon_core.shell:Skip shell extension 'powershell' for command environment: Not usable outside of PowerShell
[1.403s] DEBUG:colcon.colcon_core.shell:Skip shell extension 'dsv' for command environment
[1.406s] Level 1:colcon.colcon_core.environment:create_environment_scripts_only(pal_sea_arm_moveit_config)
[1.407s] Level 1:colcon.colcon_core.environment:checking '/home/user/exchange/workspace/install/pal_sea_arm_moveit_config' for CMake module files
[1.407s] DEBUG:colcon.colcon_core.event_handler.log_command:Invoked command in '/home/user/exchange/workspace/build/pal_sea_arm_moveit_config' returned '0': AMENT_PREFIX_PATH=/home/user/exchange/workspace/install/pal_pro_gripper_wrapper:/home/user/exchange/workspace/install/tiago_manipulation_tasks:/home/user/exchange/workspace/install/pick_task:/home/user/exchange/workspace/install/tiago_pro_simulation:/home/user/exchange/workspace/install/tiago_pro_robot:/home/user/exchange/workspace/install/tiago_pro_navigation:/home/user/exchange/workspace/install/tiago_pro_gazebo:/home/user/exchange/workspace/install/tiago_pro_rgbd_sensors:/home/user/exchange/workspace/install/tiago_pro_mujoco:/home/user/exchange/workspace/install/tiago_pro_moveit_config:/home/user/exchange/workspace/install/tiago_pro_laser_sensors:/home/user/exchange/workspace/install/tiago_pro_description:/home/user/exchange/workspace/install/tiago_pro_bringup:/home/user/exchange/workspace/install/tiago_pro_controller_configuration:/home/user/exchange/workspace/install/tiago_pro_2dnav:/home/user/exchange/workspace/install/pal_sea_arm_moveit_config:/home/user/exchange/workspace/install/pal_sea_arm:/home/user/exchange/workspace/install/pal_sea_arm_bringup:/home/user/exchange/workspace/install/pal_sea_arm_description:/home/user/exchange/workspace/install/pal_sea_arm_controller_configuration:/home/user/exchange/workspace/install/pal_pro_gripper_simulation:/home/user/exchange/workspace/install/pal_pro_gripper_bringup:/home/user/exchange/workspace/install/pal_pro_gripper:/home/user/exchange/workspace/install/pal_pro_gripper_controller_configuration:/home/user/exchange/workspace/install/pal_pro_gripper_description:/home/user/exchange/workspace/install/pal_gazebo_worlds:/opt/ros/humble CMAKE_PREFIX_PATH=/home/user/exchange/workspace/install/pal_sea_arm_description:/home/user/exchange/workspace/install/pal_sea_arm_controller_configuration:/home/user/exchange/workspace/install/pal_pro_gripper_controller_configuration:/home/user/exchange/workspace/install/pal_pro_gripper_description:/home/user/exchange/workspace/install/tiago_manipulation_tasks:/home/user/exchange/workspace/install/tiago_pro_simulation:/home/user/exchange/workspace/install/tiago_pro_robot:/home/user/exchange/workspace/install/tiago_pro_navigation:/home/user/exchange/workspace/install/tiago_pro_gazebo:/home/user/exchange/workspace/install/tiago_pro_rgbd_sensors:/home/user/exchange/workspace/install/tiago_pro_mujoco:/home/user/exchange/workspace/install/tiago_pro_moveit_config:/home/user/exchange/workspace/install/tiago_pro_laser_sensors:/home/user/exchange/workspace/install/tiago_pro_description:/home/user/exchange/workspace/install/tiago_pro_bringup:/home/user/exchange/workspace/install/tiago_pro_controller_configuration:/home/user/exchange/workspace/install/tiago_pro_2dnav:/home/user/exchange/workspace/install/pal_sea_arm_moveit_config:/home/user/exchange/workspace/install/pal_sea_arm:/home/user/exchange/workspace/install/pal_sea_arm_bringup:/home/user/exchange/workspace/install/pal_pro_gripper_simulation:/home/user/exchange/workspace/install/pal_pro_gripper_bringup:/home/user/exchange/workspace/install/pal_pro_gripper:/home/user/exchange/workspace/install/pal_gazebo_worlds:/home/user/exchange/workspace/install/pick_task:/home/user/exchange/workspace/install/pal_pro_gripper_wrapper:/opt/ros/humble PYTHONPATH=/home/user/exchange/workspace/install/pal_pro_gripper_wrapper/lib/python3.10/site-packages:/home/user/exchange/workspace/install/pick_task/lib/python3.10/site-packages:/home/user/exchange/workspace/install/tiago_pro_description/local/lib/python3.10/dist-packages:/home/user/exchange/workspace/install/pal_sea_arm_description/local/lib/python3.10/dist-packages:/home/user/exchange/workspace/install/pal_pro_gripper_description/local/lib/python3.10/dist-packages:/opt/ros/humble/lib/python3.10/site-packages:/opt/ros/humble/local/lib/python3.10/dist-packages /usr/bin/cmake --install /home/user/exchange/workspace/build/pal_sea_arm_moveit_config
[1.407s] Level 1:colcon.colcon_core.environment:checking '/home/user/exchange/workspace/install/pal_sea_arm_moveit_config' for CMake config files
[1.408s] Level 1:colcon.colcon_core.shell:create_environment_hook('pal_sea_arm_moveit_config', 'cmake_prefix_path')
[1.408s] INFO:colcon.colcon_core.shell:Creating environment hook '/home/user/exchange/workspace/install/pal_sea_arm_moveit_config/share/pal_sea_arm_moveit_config/hook/cmake_prefix_path.ps1'
[1.408s] INFO:colcon.colcon_core.shell:Creating environment descriptor '/home/user/exchange/workspace/install/pal_sea_arm_moveit_config/share/pal_sea_arm_moveit_config/hook/cmake_prefix_path.dsv'
[1.408s] INFO:colcon.colcon_core.shell:Creating environment hook '/home/user/exchange/workspace/install/pal_sea_arm_moveit_config/share/pal_sea_arm_moveit_config/hook/cmake_prefix_path.sh'
[1.409s] Level 1:colcon.colcon_core.environment:checking '/home/user/exchange/workspace/install/pal_sea_arm_moveit_config/bin'
[1.409s] Level 1:colcon.colcon_core.environment:checking '/home/user/exchange/workspace/install/pal_sea_arm_moveit_config/lib/pkgconfig/pal_sea_arm_moveit_config.pc'
[1.409s] Level 1:colcon.colcon_core.environment:checking '/home/user/exchange/workspace/install/pal_sea_arm_moveit_config/lib/python3.10/site-packages'
[1.409s] Level 1:colcon.colcon_core.environment:checking '/home/user/exchange/workspace/install/pal_sea_arm_moveit_config/bin'
[1.410s] INFO:colcon.colcon_core.shell:Creating package script '/home/user/exchange/workspace/install/pal_sea_arm_moveit_config/share/pal_sea_arm_moveit_config/package.ps1'
[1.410s] INFO:colcon.colcon_core.shell:Creating package descriptor '/home/user/exchange/workspace/install/pal_sea_arm_moveit_config/share/pal_sea_arm_moveit_config/package.dsv'
[1.410s] INFO:colcon.colcon_core.shell:Creating package script '/home/user/exchange/workspace/install/pal_sea_arm_moveit_config/share/pal_sea_arm_moveit_config/package.sh'
[1.410s] INFO:colcon.colcon_core.shell:Creating package script '/home/user/exchange/workspace/install/pal_sea_arm_moveit_config/share/pal_sea_arm_moveit_config/package.bash'
[1.411s] INFO:colcon.colcon_core.shell:Creating package script '/home/user/exchange/workspace/install/pal_sea_arm_moveit_config/share/pal_sea_arm_moveit_config/package.zsh'
[1.411s] Level 1:colcon.colcon_core.environment:create_file_with_runtime_dependencies(/home/user/exchange/workspace/install/pal_sea_arm_moveit_config/share/colcon-core/packages/pal_sea_arm_moveit_config)
[1.412s] Level 1:colcon.colcon_core.environment:create_environment_scripts_only(pal_sea_arm_moveit_config)
[1.412s] Level 1:colcon.colcon_core.environment:checking '/home/user/exchange/workspace/install/pal_sea_arm_moveit_config' for CMake module files
[1.412s] Level 1:colcon.colcon_core.environment:checking '/home/user/exchange/workspace/install/pal_sea_arm_moveit_config' for CMake config files
[1.413s] Level 1:colcon.colcon_core.shell:create_environment_hook('pal_sea_arm_moveit_config', 'cmake_prefix_path')
[1.413s] INFO:colcon.colcon_core.shell:Creating environment hook '/home/user/exchange/workspace/install/pal_sea_arm_moveit_config/share/pal_sea_arm_moveit_config/hook/cmake_prefix_path.ps1'
[1.413s] INFO:colcon.colcon_core.shell:Creating environment descriptor '/home/user/exchange/workspace/install/pal_sea_arm_moveit_config/share/pal_sea_arm_moveit_config/hook/cmake_prefix_path.dsv'
[1.414s] INFO:colcon.colcon_core.shell:Creating environment hook '/home/user/exchange/workspace/install/pal_sea_arm_moveit_config/share/pal_sea_arm_moveit_config/hook/cmake_prefix_path.sh'
[1.414s] Level 1:colcon.colcon_core.environment:checking '/home/user/exchange/workspace/install/pal_sea_arm_moveit_config/bin'
[1.414s] Level 1:colcon.colcon_core.environment:checking '/home/user/exchange/workspace/install/pal_sea_arm_moveit_config/lib/pkgconfig/pal_sea_arm_moveit_config.pc'
[1.414s] Level 1:colcon.colcon_core.environment:checking '/home/user/exchange/workspace/install/pal_sea_arm_moveit_config/lib/python3.10/site-packages'
[1.414s] Level 1:colcon.colcon_core.environment:checking '/home/user/exchange/workspace/install/pal_sea_arm_moveit_config/bin'
[1.415s] INFO:colcon.colcon_core.shell:Creating package script '/home/user/exchange/workspace/install/pal_sea_arm_moveit_config/share/pal_sea_arm_moveit_config/package.ps1'
[1.415s] INFO:colcon.colcon_core.shell:Creating package descriptor '/home/user/exchange/workspace/install/pal_sea_arm_moveit_config/share/pal_sea_arm_moveit_config/package.dsv'
[1.416s] INFO:colcon.colcon_core.shell:Creating package script '/home/user/exchange/workspace/install/pal_sea_arm_moveit_config/share/pal_sea_arm_moveit_config/package.sh'
[1.416s] INFO:colcon.colcon_core.shell:Creating package script '/home/user/exchange/workspace/install/pal_sea_arm_moveit_config/share/pal_sea_arm_moveit_config/package.bash'
[1.416s] INFO:colcon.colcon_core.shell:Creating package script '/home/user/exchange/workspace/install/pal_sea_arm_moveit_config/share/pal_sea_arm_moveit_config/package.zsh'
[1.417s] Level 1:colcon.colcon_core.environment:create_file_with_runtime_dependencies(/home/user/exchange/workspace/install/pal_sea_arm_moveit_config/share/colcon-core/packages/pal_sea_arm_moveit_config)
[1.420s] DEBUG:colcon.colcon_core.event_handler.log_command:Invoking command in '/home/user/exchange/workspace/build/pal_sea_arm': AMENT_PREFIX_PATH=/home/user/exchange/workspace/install/pal_pro_gripper_wrapper:/home/user/exchange/workspace/install/tiago_manipulation_tasks:/home/user/exchange/workspace/install/pick_task:/home/user/exchange/workspace/install/tiago_pro_simulation:/home/user/exchange/workspace/install/tiago_pro_robot:/home/user/exchange/workspace/install/tiago_pro_navigation:/home/user/exchange/workspace/install/tiago_pro_gazebo:/home/user/exchange/workspace/install/tiago_pro_rgbd_sensors:/home/user/exchange/workspace/install/tiago_pro_mujoco:/home/user/exchange/workspace/install/tiago_pro_moveit_config:/home/user/exchange/workspace/install/tiago_pro_laser_sensors:/home/user/exchange/workspace/install/tiago_pro_description:/home/user/exchange/workspace/install/tiago_pro_bringup:/home/user/exchange/workspace/install/tiago_pro_controller_configuration:/home/user/exchange/workspace/install/tiago_pro_2dnav:/home/user/exchange/workspace/install/pal_sea_arm_moveit_config:/home/user/exchange/workspace/install/pal_sea_arm:/home/user/exchange/workspace/install/pal_sea_arm_bringup:/home/user/exchange/workspace/install/pal_sea_arm_description:/home/user/exchange/workspace/install/pal_sea_arm_controller_configuration:/home/user/exchange/workspace/install/pal_pro_gripper_simulation:/home/user/exchange/workspace/install/pal_pro_gripper_bringup:/home/user/exchange/workspace/install/pal_pro_gripper:/home/user/exchange/workspace/install/pal_pro_gripper_controller_configuration:/home/user/exchange/workspace/install/pal_pro_gripper_description:/home/user/exchange/workspace/install/pal_gazebo_worlds:/opt/ros/humble CMAKE_PREFIX_PATH=/home/user/exchange/workspace/install/pal_sea_arm_bringup:/home/user/exchange/workspace/install/pal_sea_arm_description:/home/user/exchange/workspace/install/pal_sea_arm_controller_configuration:/home/user/exchange/workspace/install/pal_pro_gripper_controller_configuration:/home/user/exchange/workspace/install/pal_pro_gripper_description:/home/user/exchange/workspace/install/tiago_manipulation_tasks:/home/user/exchange/workspace/install/tiago_pro_simulation:/home/user/exchange/workspace/install/tiago_pro_robot:/home/user/exchange/workspace/install/tiago_pro_navigation:/home/user/exchange/workspace/install/tiago_pro_gazebo:/home/user/exchange/workspace/install/tiago_pro_rgbd_sensors:/home/user/exchange/workspace/install/tiago_pro_mujoco:/home/user/exchange/workspace/install/tiago_pro_moveit_config:/home/user/exchange/workspace/install/tiago_pro_laser_sensors:/home/user/exchange/workspace/install/tiago_pro_description:/home/user/exchange/workspace/install/tiago_pro_bringup:/home/user/exchange/workspace/install/tiago_pro_controller_configuration:/home/user/exchange/workspace/install/tiago_pro_2dnav:/home/user/exchange/workspace/install/pal_sea_arm_moveit_config:/home/user/exchange/workspace/install/pal_sea_arm:/home/user/exchange/workspace/install/pal_pro_gripper_simulation:/home/user/exchange/workspace/install/pal_pro_gripper_bringup:/home/user/exchange/workspace/install/pal_pro_gripper:/home/user/exchange/workspace/install/pal_gazebo_worlds:/home/user/exchange/workspace/install/pick_task:/home/user/exchange/workspace/install/pal_pro_gripper_wrapper:/opt/ros/humble PYTHONPATH=/home/user/exchange/workspace/install/pal_pro_gripper_wrapper/lib/python3.10/site-packages:/home/user/exchange/workspace/install/pick_task/lib/python3.10/site-packages:/home/user/exchange/workspace/install/tiago_pro_description/local/lib/python3.10/dist-packages:/home/user/exchange/workspace/install/pal_sea_arm_description/local/lib/python3.10/dist-packages:/home/user/exchange/workspace/install/pal_pro_gripper_description/local/lib/python3.10/dist-packages:/opt/ros/humble/lib/python3.10/site-packages:/opt/ros/humble/local/lib/python3.10/dist-packages /usr/bin/cmake --build /home/user/exchange/workspace/build/pal_sea_arm -- -j12 -l12
[1.447s] DEBUG:colcon.colcon_core.event_handler.log_command:Invoked command in '/home/user/exchange/workspace/build/pal_sea_arm' returned '0': AMENT_PREFIX_PATH=/home/user/exchange/workspace/install/pal_pro_gripper_wrapper:/home/user/exchange/workspace/install/tiago_manipulation_tasks:/home/user/exchange/workspace/install/pick_task:/home/user/exchange/workspace/install/tiago_pro_simulation:/home/user/exchange/workspace/install/tiago_pro_robot:/home/user/exchange/workspace/install/tiago_pro_navigation:/home/user/exchange/workspace/install/tiago_pro_gazebo:/home/user/exchange/workspace/install/tiago_pro_rgbd_sensors:/home/user/exchange/workspace/install/tiago_pro_mujoco:/home/user/exchange/workspace/install/tiago_pro_moveit_config:/home/user/exchange/workspace/install/tiago_pro_laser_sensors:/home/user/exchange/workspace/install/tiago_pro_description:/home/user/exchange/workspace/install/tiago_pro_bringup:/home/user/exchange/workspace/install/tiago_pro_controller_configuration:/home/user/exchange/workspace/install/tiago_pro_2dnav:/home/user/exchange/workspace/install/pal_sea_arm_moveit_config:/home/user/exchange/workspace/install/pal_sea_arm:/home/user/exchange/workspace/install/pal_sea_arm_bringup:/home/user/exchange/workspace/install/pal_sea_arm_description:/home/user/exchange/workspace/install/pal_sea_arm_controller_configuration:/home/user/exchange/workspace/install/pal_pro_gripper_simulation:/home/user/exchange/workspace/install/pal_pro_gripper_bringup:/home/user/exchange/workspace/install/pal_pro_gripper:/home/user/exchange/workspace/install/pal_pro_gripper_controller_configuration:/home/user/exchange/workspace/install/pal_pro_gripper_description:/home/user/exchange/workspace/install/pal_gazebo_worlds:/opt/ros/humble CMAKE_PREFIX_PATH=/home/user/exchange/workspace/install/pal_sea_arm_bringup:/home/user/exchange/workspace/install/pal_sea_arm_description:/home/user/exchange/workspace/install/pal_sea_arm_controller_configuration:/home/user/exchange/workspace/install/pal_pro_gripper_controller_configuration:/home/user/exchange/workspace/install/pal_pro_gripper_description:/home/user/exchange/workspace/install/tiago_manipulation_tasks:/home/user/exchange/workspace/install/tiago_pro_simulation:/home/user/exchange/workspace/install/tiago_pro_robot:/home/user/exchange/workspace/install/tiago_pro_navigation:/home/user/exchange/workspace/install/tiago_pro_gazebo:/home/user/exchange/workspace/install/tiago_pro_rgbd_sensors:/home/user/exchange/workspace/install/tiago_pro_mujoco:/home/user/exchange/workspace/install/tiago_pro_moveit_config:/home/user/exchange/workspace/install/tiago_pro_laser_sensors:/home/user/exchange/workspace/install/tiago_pro_description:/home/user/exchange/workspace/install/tiago_pro_bringup:/home/user/exchange/workspace/install/tiago_pro_controller_configuration:/home/user/exchange/workspace/install/tiago_pro_2dnav:/home/user/exchange/workspace/install/pal_sea_arm_moveit_config:/home/user/exchange/workspace/install/pal_sea_arm:/home/user/exchange/workspace/install/pal_pro_gripper_simulation:/home/user/exchange/workspace/install/pal_pro_gripper_bringup:/home/user/exchange/workspace/install/pal_pro_gripper:/home/user/exchange/workspace/install/pal_gazebo_worlds:/home/user/exchange/workspace/install/pick_task:/home/user/exchange/workspace/install/pal_pro_gripper_wrapper:/opt/ros/humble PYTHONPATH=/home/user/exchange/workspace/install/pal_pro_gripper_wrapper/lib/python3.10/site-packages:/home/user/exchange/workspace/install/pick_task/lib/python3.10/site-packages:/home/user/exchange/workspace/install/tiago_pro_description/local/lib/python3.10/dist-packages:/home/user/exchange/workspace/install/pal_sea_arm_description/local/lib/python3.10/dist-packages:/home/user/exchange/workspace/install/pal_pro_gripper_description/local/lib/python3.10/dist-packages:/opt/ros/humble/lib/python3.10/site-packages:/opt/ros/humble/local/lib/python3.10/dist-packages /usr/bin/cmake --build /home/user/exchange/workspace/build/pal_sea_arm -- -j12 -l12
[1.448s] DEBUG:colcon.colcon_core.event_handler.log_command:Invoking command in '/home/user/exchange/workspace/build/pal_sea_arm': AMENT_PREFIX_PATH=/home/user/exchange/workspace/install/pal_pro_gripper_wrapper:/home/user/exchange/workspace/install/tiago_manipulation_tasks:/home/user/exchange/workspace/install/pick_task:/home/user/exchange/workspace/install/tiago_pro_simulation:/home/user/exchange/workspace/install/tiago_pro_robot:/home/user/exchange/workspace/install/tiago_pro_navigation:/home/user/exchange/workspace/install/tiago_pro_gazebo:/home/user/exchange/workspace/install/tiago_pro_rgbd_sensors:/home/user/exchange/workspace/install/tiago_pro_mujoco:/home/user/exchange/workspace/install/tiago_pro_moveit_config:/home/user/exchange/workspace/install/tiago_pro_laser_sensors:/home/user/exchange/workspace/install/tiago_pro_description:/home/user/exchange/workspace/install/tiago_pro_bringup:/home/user/exchange/workspace/install/tiago_pro_controller_configuration:/home/user/exchange/workspace/install/tiago_pro_2dnav:/home/user/exchange/workspace/install/pal_sea_arm_moveit_config:/home/user/exchange/workspace/install/pal_sea_arm:/home/user/exchange/workspace/install/pal_sea_arm_bringup:/home/user/exchange/workspace/install/pal_sea_arm_description:/home/user/exchange/workspace/install/pal_sea_arm_controller_configuration:/home/user/exchange/workspace/install/pal_pro_gripper_simulation:/home/user/exchange/workspace/install/pal_pro_gripper_bringup:/home/user/exchange/workspace/install/pal_pro_gripper:/home/user/exchange/workspace/install/pal_pro_gripper_controller_configuration:/home/user/exchange/workspace/install/pal_pro_gripper_description:/home/user/exchange/workspace/install/pal_gazebo_worlds:/opt/ros/humble CMAKE_PREFIX_PATH=/home/user/exchange/workspace/install/pal_sea_arm_bringup:/home/user/exchange/workspace/install/pal_sea_arm_description:/home/user/exchange/workspace/install/pal_sea_arm_controller_configuration:/home/user/exchange/workspace/install/pal_pro_gripper_controller_configuration:/home/user/exchange/workspace/install/pal_pro_gripper_description:/home/user/exchange/workspace/install/tiago_manipulation_tasks:/home/user/exchange/workspace/install/tiago_pro_simulation:/home/user/exchange/workspace/install/tiago_pro_robot:/home/user/exchange/workspace/install/tiago_pro_navigation:/home/user/exchange/workspace/install/tiago_pro_gazebo:/home/user/exchange/workspace/install/tiago_pro_rgbd_sensors:/home/user/exchange/workspace/install/tiago_pro_mujoco:/home/user/exchange/workspace/install/tiago_pro_moveit_config:/home/user/exchange/workspace/install/tiago_pro_laser_sensors:/home/user/exchange/workspace/install/tiago_pro_description:/home/user/exchange/workspace/install/tiago_pro_bringup:/home/user/exchange/workspace/install/tiago_pro_controller_configuration:/home/user/exchange/workspace/install/tiago_pro_2dnav:/home/user/exchange/workspace/install/pal_sea_arm_moveit_config:/home/user/exchange/workspace/install/pal_sea_arm:/home/user/exchange/workspace/install/pal_pro_gripper_simulation:/home/user/exchange/workspace/install/pal_pro_gripper_bringup:/home/user/exchange/workspace/install/pal_pro_gripper:/home/user/exchange/workspace/install/pal_gazebo_worlds:/home/user/exchange/workspace/install/pick_task:/home/user/exchange/workspace/install/pal_pro_gripper_wrapper:/opt/ros/humble PYTHONPATH=/home/user/exchange/workspace/install/pal_pro_gripper_wrapper/lib/python3.10/site-packages:/home/user/exchange/workspace/install/pick_task/lib/python3.10/site-packages:/home/user/exchange/workspace/install/tiago_pro_description/local/lib/python3.10/dist-packages:/home/user/exchange/workspace/install/pal_sea_arm_description/local/lib/python3.10/dist-packages:/home/user/exchange/workspace/install/pal_pro_gripper_description/local/lib/python3.10/dist-packages:/opt/ros/humble/lib/python3.10/site-packages:/opt/ros/humble/local/lib/python3.10/dist-packages /usr/bin/cmake --install /home/user/exchange/workspace/build/pal_sea_arm
[1.455s] Level 1:colcon.colcon_core.environment:create_environment_scripts_only(pal_sea_arm)
[1.455s] Level 1:colcon.colcon_core.environment:checking '/home/user/exchange/workspace/install/pal_sea_arm' for CMake module files
[1.456s] DEBUG:colcon.colcon_core.event_handler.log_command:Invoked command in '/home/user/exchange/workspace/build/pal_sea_arm' returned '0': AMENT_PREFIX_PATH=/home/user/exchange/workspace/install/pal_pro_gripper_wrapper:/home/user/exchange/workspace/install/tiago_manipulation_tasks:/home/user/exchange/workspace/install/pick_task:/home/user/exchange/workspace/install/tiago_pro_simulation:/home/user/exchange/workspace/install/tiago_pro_robot:/home/user/exchange/workspace/install/tiago_pro_navigation:/home/user/exchange/workspace/install/tiago_pro_gazebo:/home/user/exchange/workspace/install/tiago_pro_rgbd_sensors:/home/user/exchange/workspace/install/tiago_pro_mujoco:/home/user/exchange/workspace/install/tiago_pro_moveit_config:/home/user/exchange/workspace/install/tiago_pro_laser_sensors:/home/user/exchange/workspace/install/tiago_pro_description:/home/user/exchange/workspace/install/tiago_pro_bringup:/home/user/exchange/workspace/install/tiago_pro_controller_configuration:/home/user/exchange/workspace/install/tiago_pro_2dnav:/home/user/exchange/workspace/install/pal_sea_arm_moveit_config:/home/user/exchange/workspace/install/pal_sea_arm:/home/user/exchange/workspace/install/pal_sea_arm_bringup:/home/user/exchange/workspace/install/pal_sea_arm_description:/home/user/exchange/workspace/install/pal_sea_arm_controller_configuration:/home/user/exchange/workspace/install/pal_pro_gripper_simulation:/home/user/exchange/workspace/install/pal_pro_gripper_bringup:/home/user/exchange/workspace/install/pal_pro_gripper:/home/user/exchange/workspace/install/pal_pro_gripper_controller_configuration:/home/user/exchange/workspace/install/pal_pro_gripper_description:/home/user/exchange/workspace/install/pal_gazebo_worlds:/opt/ros/humble CMAKE_PREFIX_PATH=/home/user/exchange/workspace/install/pal_sea_arm_bringup:/home/user/exchange/workspace/install/pal_sea_arm_description:/home/user/exchange/workspace/install/pal_sea_arm_controller_configuration:/home/user/exchange/workspace/install/pal_pro_gripper_controller_configuration:/home/user/exchange/workspace/install/pal_pro_gripper_description:/home/user/exchange/workspace/install/tiago_manipulation_tasks:/home/user/exchange/workspace/install/tiago_pro_simulation:/home/user/exchange/workspace/install/tiago_pro_robot:/home/user/exchange/workspace/install/tiago_pro_navigation:/home/user/exchange/workspace/install/tiago_pro_gazebo:/home/user/exchange/workspace/install/tiago_pro_rgbd_sensors:/home/user/exchange/workspace/install/tiago_pro_mujoco:/home/user/exchange/workspace/install/tiago_pro_moveit_config:/home/user/exchange/workspace/install/tiago_pro_laser_sensors:/home/user/exchange/workspace/install/tiago_pro_description:/home/user/exchange/workspace/install/tiago_pro_bringup:/home/user/exchange/workspace/install/tiago_pro_controller_configuration:/home/user/exchange/workspace/install/tiago_pro_2dnav:/home/user/exchange/workspace/install/pal_sea_arm_moveit_config:/home/user/exchange/workspace/install/pal_sea_arm:/home/user/exchange/workspace/install/pal_pro_gripper_simulation:/home/user/exchange/workspace/install/pal_pro_gripper_bringup:/home/user/exchange/workspace/install/pal_pro_gripper:/home/user/exchange/workspace/install/pal_gazebo_worlds:/home/user/exchange/workspace/install/pick_task:/home/user/exchange/workspace/install/pal_pro_gripper_wrapper:/opt/ros/humble PYTHONPATH=/home/user/exchange/workspace/install/pal_pro_gripper_wrapper/lib/python3.10/site-packages:/home/user/exchange/workspace/install/pick_task/lib/python3.10/site-packages:/home/user/exchange/workspace/install/tiago_pro_description/local/lib/python3.10/dist-packages:/home/user/exchange/workspace/install/pal_sea_arm_description/local/lib/python3.10/dist-packages:/home/user/exchange/workspace/install/pal_pro_gripper_description/local/lib/python3.10/dist-packages:/opt/ros/humble/lib/python3.10/site-packages:/opt/ros/humble/local/lib/python3.10/dist-packages /usr/bin/cmake --install /home/user/exchange/workspace/build/pal_sea_arm
[1.456s] Level 1:colcon.colcon_core.environment:checking '/home/user/exchange/workspace/install/pal_sea_arm' for CMake config files
[1.456s] Level 1:colcon.colcon_core.shell:create_environment_hook('pal_sea_arm', 'cmake_prefix_path')
[1.456s] INFO:colcon.colcon_core.shell:Creating environment hook '/home/user/exchange/workspace/install/pal_sea_arm/share/pal_sea_arm/hook/cmake_prefix_path.ps1'
[1.457s] INFO:colcon.colcon_core.shell:Creating environment descriptor '/home/user/exchange/workspace/install/pal_sea_arm/share/pal_sea_arm/hook/cmake_prefix_path.dsv'
[1.457s] INFO:colcon.colcon_core.shell:Creating environment hook '/home/user/exchange/workspace/install/pal_sea_arm/share/pal_sea_arm/hook/cmake_prefix_path.sh'
[1.458s] Level 1:colcon.colcon_core.environment:checking '/home/user/exchange/workspace/install/pal_sea_arm/bin'
[1.458s] Level 1:colcon.colcon_core.environment:checking '/home/user/exchange/workspace/install/pal_sea_arm/lib/pkgconfig/pal_sea_arm.pc'
[1.458s] Level 1:colcon.colcon_core.environment:checking '/home/user/exchange/workspace/install/pal_sea_arm/lib/python3.10/site-packages'
[1.458s] Level 1:colcon.colcon_core.environment:checking '/home/user/exchange/workspace/install/pal_sea_arm/bin'
[1.458s] INFO:colcon.colcon_core.shell:Creating package script '/home/user/exchange/workspace/install/pal_sea_arm/share/pal_sea_arm/package.ps1'
[1.459s] INFO:colcon.colcon_core.shell:Creating package descriptor '/home/user/exchange/workspace/install/pal_sea_arm/share/pal_sea_arm/package.dsv'
[1.459s] INFO:colcon.colcon_core.shell:Creating package script '/home/user/exchange/workspace/install/pal_sea_arm/share/pal_sea_arm/package.sh'
[1.459s] INFO:colcon.colcon_core.shell:Creating package script '/home/user/exchange/workspace/install/pal_sea_arm/share/pal_sea_arm/package.bash'
[1.460s] INFO:colcon.colcon_core.shell:Creating package script '/home/user/exchange/workspace/install/pal_sea_arm/share/pal_sea_arm/package.zsh'
[1.460s] Level 1:colcon.colcon_core.environment:create_file_with_runtime_dependencies(/home/user/exchange/workspace/install/pal_sea_arm/share/colcon-core/packages/pal_sea_arm)
[1.461s] Level 1:colcon.colcon_core.environment:create_environment_scripts_only(pal_sea_arm)
[1.461s] Level 1:colcon.colcon_core.environment:checking '/home/user/exchange/workspace/install/pal_sea_arm' for CMake module files
[1.461s] Level 1:colcon.colcon_core.environment:checking '/home/user/exchange/workspace/install/pal_sea_arm' for CMake config files
[1.461s] Level 1:colcon.colcon_core.shell:create_environment_hook('pal_sea_arm', 'cmake_prefix_path')
[1.462s] INFO:colcon.colcon_core.shell:Creating environment hook '/home/user/exchange/workspace/install/pal_sea_arm/share/pal_sea_arm/hook/cmake_prefix_path.ps1'
[1.462s] INFO:colcon.colcon_core.shell:Creating environment descriptor '/home/user/exchange/workspace/install/pal_sea_arm/share/pal_sea_arm/hook/cmake_prefix_path.dsv'
[1.462s] INFO:colcon.colcon_core.shell:Creating environment hook '/home/user/exchange/workspace/install/pal_sea_arm/share/pal_sea_arm/hook/cmake_prefix_path.sh'
[1.463s] Level 1:colcon.colcon_core.environment:checking '/home/user/exchange/workspace/install/pal_sea_arm/bin'
[1.463s] Level 1:colcon.colcon_core.environment:checking '/home/user/exchange/workspace/install/pal_sea_arm/lib/pkgconfig/pal_sea_arm.pc'
[1.463s] Level 1:colcon.colcon_core.environment:checking '/home/user/exchange/workspace/install/pal_sea_arm/lib/python3.10/site-packages'
[1.463s] Level 1:colcon.colcon_core.environment:checking '/home/user/exchange/workspace/install/pal_sea_arm/bin'
[1.464s] INFO:colcon.colcon_core.shell:Creating package script '/home/user/exchange/workspace/install/pal_sea_arm/share/pal_sea_arm/package.ps1'
[1.464s] INFO:colcon.colcon_core.shell:Creating package descriptor '/home/user/exchange/workspace/install/pal_sea_arm/share/pal_sea_arm/package.dsv'
[1.465s] INFO:colcon.colcon_core.shell:Creating package script '/home/user/exchange/workspace/install/pal_sea_arm/share/pal_sea_arm/package.sh'
[1.465s] INFO:colcon.colcon_core.shell:Creating package script '/home/user/exchange/workspace/install/pal_sea_arm/share/pal_sea_arm/package.bash'
[1.465s] INFO:colcon.colcon_core.shell:Creating package script '/home/user/exchange/workspace/install/pal_sea_arm/share/pal_sea_arm/package.zsh'
[1.466s] Level 1:colcon.colcon_core.environment:create_file_with_runtime_dependencies(/home/user/exchange/workspace/install/pal_sea_arm/share/colcon-core/packages/pal_sea_arm)
[1.569s] DEBUG:colcon.colcon_core.event_handler.log_command:Invoked command in '/home/user/exchange/workspace/build/tiago_pro_description' returned '0': AMENT_PREFIX_PATH=/home/user/exchange/workspace/install/pal_pro_gripper_wrapper:/home/user/exchange/workspace/install/tiago_manipulation_tasks:/home/user/exchange/workspace/install/pick_task:/home/user/exchange/workspace/install/tiago_pro_simulation:/home/user/exchange/workspace/install/tiago_pro_robot:/home/user/exchange/workspace/install/tiago_pro_navigation:/home/user/exchange/workspace/install/tiago_pro_gazebo:/home/user/exchange/workspace/install/tiago_pro_rgbd_sensors:/home/user/exchange/workspace/install/tiago_pro_mujoco:/home/user/exchange/workspace/install/tiago_pro_moveit_config:/home/user/exchange/workspace/install/tiago_pro_laser_sensors:/home/user/exchange/workspace/install/tiago_pro_description:/home/user/exchange/workspace/install/tiago_pro_bringup:/home/user/exchange/workspace/install/tiago_pro_controller_configuration:/home/user/exchange/workspace/install/tiago_pro_2dnav:/home/user/exchange/workspace/install/pal_sea_arm_moveit_config:/home/user/exchange/workspace/install/pal_sea_arm:/home/user/exchange/workspace/install/pal_sea_arm_bringup:/home/user/exchange/workspace/install/pal_sea_arm_description:/home/user/exchange/workspace/install/pal_sea_arm_controller_configuration:/home/user/exchange/workspace/install/pal_pro_gripper_simulation:/home/user/exchange/workspace/install/pal_pro_gripper_bringup:/home/user/exchange/workspace/install/pal_pro_gripper:/home/user/exchange/workspace/install/pal_pro_gripper_controller_configuration:/home/user/exchange/workspace/install/pal_pro_gripper_description:/home/user/exchange/workspace/install/pal_gazebo_worlds:/opt/ros/humble CMAKE_PREFIX_PATH=/home/user/exchange/workspace/install/pal_sea_arm_description:/home/user/exchange/workspace/install/pal_sea_arm_controller_configuration:/home/user/exchange/workspace/install/pal_pro_gripper_controller_configuration:/home/user/exchange/workspace/install/pal_pro_gripper_description:/home/user/exchange/workspace/install/tiago_manipulation_tasks:/home/user/exchange/workspace/install/tiago_pro_simulation:/home/user/exchange/workspace/install/tiago_pro_robot:/home/user/exchange/workspace/install/tiago_pro_navigation:/home/user/exchange/workspace/install/tiago_pro_gazebo:/home/user/exchange/workspace/install/tiago_pro_rgbd_sensors:/home/user/exchange/workspace/install/tiago_pro_mujoco:/home/user/exchange/workspace/install/tiago_pro_moveit_config:/home/user/exchange/workspace/install/tiago_pro_laser_sensors:/home/user/exchange/workspace/install/tiago_pro_description:/home/user/exchange/workspace/install/tiago_pro_bringup:/home/user/exchange/workspace/install/tiago_pro_controller_configuration:/home/user/exchange/workspace/install/tiago_pro_2dnav:/home/user/exchange/workspace/install/pal_sea_arm_moveit_config:/home/user/exchange/workspace/install/pal_sea_arm:/home/user/exchange/workspace/install/pal_sea_arm_bringup:/home/user/exchange/workspace/install/pal_pro_gripper_simulation:/home/user/exchange/workspace/install/pal_pro_gripper_bringup:/home/user/exchange/workspace/install/pal_pro_gripper:/home/user/exchange/workspace/install/pal_gazebo_worlds:/home/user/exchange/workspace/install/pick_task:/home/user/exchange/workspace/install/pal_pro_gripper_wrapper:/opt/ros/humble PYTHONPATH=/home/user/exchange/workspace/install/pal_pro_gripper_wrapper/lib/python3.10/site-packages:/home/user/exchange/workspace/install/pick_task/lib/python3.10/site-packages:/home/user/exchange/workspace/install/tiago_pro_description/local/lib/python3.10/dist-packages:/home/user/exchange/workspace/install/pal_sea_arm_description/local/lib/python3.10/dist-packages:/home/user/exchange/workspace/install/pal_pro_gripper_description/local/lib/python3.10/dist-packages:/opt/ros/humble/lib/python3.10/site-packages:/opt/ros/humble/local/lib/python3.10/dist-packages /usr/bin/cmake --build /home/user/exchange/workspace/build/tiago_pro_description -- -j12 -l12
[1.570s] DEBUG:colcon.colcon_core.event_handler.log_command:Invoking command in '/home/user/exchange/workspace/build/tiago_pro_description': AMENT_PREFIX_PATH=/home/user/exchange/workspace/install/pal_pro_gripper_wrapper:/home/user/exchange/workspace/install/tiago_manipulation_tasks:/home/user/exchange/workspace/install/pick_task:/home/user/exchange/workspace/install/tiago_pro_simulation:/home/user/exchange/workspace/install/tiago_pro_robot:/home/user/exchange/workspace/install/tiago_pro_navigation:/home/user/exchange/workspace/install/tiago_pro_gazebo:/home/user/exchange/workspace/install/tiago_pro_rgbd_sensors:/home/user/exchange/workspace/install/tiago_pro_mujoco:/home/user/exchange/workspace/install/tiago_pro_moveit_config:/home/user/exchange/workspace/install/tiago_pro_laser_sensors:/home/user/exchange/workspace/install/tiago_pro_description:/home/user/exchange/workspace/install/tiago_pro_bringup:/home/user/exchange/workspace/install/tiago_pro_controller_configuration:/home/user/exchange/workspace/install/tiago_pro_2dnav:/home/user/exchange/workspace/install/pal_sea_arm_moveit_config:/home/user/exchange/workspace/install/pal_sea_arm:/home/user/exchange/workspace/install/pal_sea_arm_bringup:/home/user/exchange/workspace/install/pal_sea_arm_description:/home/user/exchange/workspace/install/pal_sea_arm_controller_configuration:/home/user/exchange/workspace/install/pal_pro_gripper_simulation:/home/user/exchange/workspace/install/pal_pro_gripper_bringup:/home/user/exchange/workspace/install/pal_pro_gripper:/home/user/exchange/workspace/install/pal_pro_gripper_controller_configuration:/home/user/exchange/workspace/install/pal_pro_gripper_description:/home/user/exchange/workspace/install/pal_gazebo_worlds:/opt/ros/humble CMAKE_PREFIX_PATH=/home/user/exchange/workspace/install/pal_sea_arm_description:/home/user/exchange/workspace/install/pal_sea_arm_controller_configuration:/home/user/exchange/workspace/install/pal_pro_gripper_controller_configuration:/home/user/exchange/workspace/install/pal_pro_gripper_description:/home/user/exchange/workspace/install/tiago_manipulation_tasks:/home/user/exchange/workspace/install/tiago_pro_simulation:/home/user/exchange/workspace/install/tiago_pro_robot:/home/user/exchange/workspace/install/tiago_pro_navigation:/home/user/exchange/workspace/install/tiago_pro_gazebo:/home/user/exchange/workspace/install/tiago_pro_rgbd_sensors:/home/user/exchange/workspace/install/tiago_pro_mujoco:/home/user/exchange/workspace/install/tiago_pro_moveit_config:/home/user/exchange/workspace/install/tiago_pro_laser_sensors:/home/user/exchange/workspace/install/tiago_pro_description:/home/user/exchange/workspace/install/tiago_pro_bringup:/home/user/exchange/workspace/install/tiago_pro_controller_configuration:/home/user/exchange/workspace/install/tiago_pro_2dnav:/home/user/exchange/workspace/install/pal_sea_arm_moveit_config:/home/user/exchange/workspace/install/pal_sea_arm:/home/user/exchange/workspace/install/pal_sea_arm_bringup:/home/user/exchange/workspace/install/pal_pro_gripper_simulation:/home/user/exchange/workspace/install/pal_pro_gripper_bringup:/home/user/exchange/workspace/install/pal_pro_gripper:/home/user/exchange/workspace/install/pal_gazebo_worlds:/home/user/exchange/workspace/install/pick_task:/home/user/exchange/workspace/install/pal_pro_gripper_wrapper:/opt/ros/humble PYTHONPATH=/home/user/exchange/workspace/install/pal_pro_gripper_wrapper/lib/python3.10/site-packages:/home/user/exchange/workspace/install/pick_task/lib/python3.10/site-packages:/home/user/exchange/workspace/install/tiago_pro_description/local/lib/python3.10/dist-packages:/home/user/exchange/workspace/install/pal_sea_arm_description/local/lib/python3.10/dist-packages:/home/user/exchange/workspace/install/pal_pro_gripper_description/local/lib/python3.10/dist-packages:/opt/ros/humble/lib/python3.10/site-packages:/opt/ros/humble/local/lib/python3.10/dist-packages /usr/bin/cmake --install /home/user/exchange/workspace/build/tiago_pro_description
[1.605s] Level 1:colcon.colcon_core.environment:create_environment_scripts_only(tiago_pro_description)
[1.605s] Level 1:colcon.colcon_core.environment:checking '/home/user/exchange/workspace/install/tiago_pro_description' for CMake module files
[1.605s] DEBUG:colcon.colcon_core.event_handler.log_command:Invoked command in '/home/user/exchange/workspace/build/tiago_pro_description' returned '0': AMENT_PREFIX_PATH=/home/user/exchange/workspace/install/pal_pro_gripper_wrapper:/home/user/exchange/workspace/install/tiago_manipulation_tasks:/home/user/exchange/workspace/install/pick_task:/home/user/exchange/workspace/install/tiago_pro_simulation:/home/user/exchange/workspace/install/tiago_pro_robot:/home/user/exchange/workspace/install/tiago_pro_navigation:/home/user/exchange/workspace/install/tiago_pro_gazebo:/home/user/exchange/workspace/install/tiago_pro_rgbd_sensors:/home/user/exchange/workspace/install/tiago_pro_mujoco:/home/user/exchange/workspace/install/tiago_pro_moveit_config:/home/user/exchange/workspace/install/tiago_pro_laser_sensors:/home/user/exchange/workspace/install/tiago_pro_description:/home/user/exchange/workspace/install/tiago_pro_bringup:/home/user/exchange/workspace/install/tiago_pro_controller_configuration:/home/user/exchange/workspace/install/tiago_pro_2dnav:/home/user/exchange/workspace/install/pal_sea_arm_moveit_config:/home/user/exchange/workspace/install/pal_sea_arm:/home/user/exchange/workspace/install/pal_sea_arm_bringup:/home/user/exchange/workspace/install/pal_sea_arm_description:/home/user/exchange/workspace/install/pal_sea_arm_controller_configuration:/home/user/exchange/workspace/install/pal_pro_gripper_simulation:/home/user/exchange/workspace/install/pal_pro_gripper_bringup:/home/user/exchange/workspace/install/pal_pro_gripper:/home/user/exchange/workspace/install/pal_pro_gripper_controller_configuration:/home/user/exchange/workspace/install/pal_pro_gripper_description:/home/user/exchange/workspace/install/pal_gazebo_worlds:/opt/ros/humble CMAKE_PREFIX_PATH=/home/user/exchange/workspace/install/pal_sea_arm_description:/home/user/exchange/workspace/install/pal_sea_arm_controller_configuration:/home/user/exchange/workspace/install/pal_pro_gripper_controller_configuration:/home/user/exchange/workspace/install/pal_pro_gripper_description:/home/user/exchange/workspace/install/tiago_manipulation_tasks:/home/user/exchange/workspace/install/tiago_pro_simulation:/home/user/exchange/workspace/install/tiago_pro_robot:/home/user/exchange/workspace/install/tiago_pro_navigation:/home/user/exchange/workspace/install/tiago_pro_gazebo:/home/user/exchange/workspace/install/tiago_pro_rgbd_sensors:/home/user/exchange/workspace/install/tiago_pro_mujoco:/home/user/exchange/workspace/install/tiago_pro_moveit_config:/home/user/exchange/workspace/install/tiago_pro_laser_sensors:/home/user/exchange/workspace/install/tiago_pro_description:/home/user/exchange/workspace/install/tiago_pro_bringup:/home/user/exchange/workspace/install/tiago_pro_controller_configuration:/home/user/exchange/workspace/install/tiago_pro_2dnav:/home/user/exchange/workspace/install/pal_sea_arm_moveit_config:/home/user/exchange/workspace/install/pal_sea_arm:/home/user/exchange/workspace/install/pal_sea_arm_bringup:/home/user/exchange/workspace/install/pal_pro_gripper_simulation:/home/user/exchange/workspace/install/pal_pro_gripper_bringup:/home/user/exchange/workspace/install/pal_pro_gripper:/home/user/exchange/workspace/install/pal_gazebo_worlds:/home/user/exchange/workspace/install/pick_task:/home/user/exchange/workspace/install/pal_pro_gripper_wrapper:/opt/ros/humble PYTHONPATH=/home/user/exchange/workspace/install/pal_pro_gripper_wrapper/lib/python3.10/site-packages:/home/user/exchange/workspace/install/pick_task/lib/python3.10/site-packages:/home/user/exchange/workspace/install/tiago_pro_description/local/lib/python3.10/dist-packages:/home/user/exchange/workspace/install/pal_sea_arm_description/local/lib/python3.10/dist-packages:/home/user/exchange/workspace/install/pal_pro_gripper_description/local/lib/python3.10/dist-packages:/opt/ros/humble/lib/python3.10/site-packages:/opt/ros/humble/local/lib/python3.10/dist-packages /usr/bin/cmake --install /home/user/exchange/workspace/build/tiago_pro_description
[1.606s] Level 1:colcon.colcon_core.environment:checking '/home/user/exchange/workspace/install/tiago_pro_description' for CMake config files
[1.606s] Level 1:colcon.colcon_core.shell:create_environment_hook('tiago_pro_description', 'cmake_prefix_path')
[1.606s] INFO:colcon.colcon_core.shell:Creating environment hook '/home/user/exchange/workspace/install/tiago_pro_description/share/tiago_pro_description/hook/cmake_prefix_path.ps1'
[1.607s] INFO:colcon.colcon_core.shell:Creating environment descriptor '/home/user/exchange/workspace/install/tiago_pro_description/share/tiago_pro_description/hook/cmake_prefix_path.dsv'
[1.607s] INFO:colcon.colcon_core.shell:Creating environment hook '/home/user/exchange/workspace/install/tiago_pro_description/share/tiago_pro_description/hook/cmake_prefix_path.sh'
[1.608s] Level 1:colcon.colcon_core.environment:checking '/home/user/exchange/workspace/install/tiago_pro_description/bin'
[1.608s] Level 1:colcon.colcon_core.environment:checking '/home/user/exchange/workspace/install/tiago_pro_description/lib/pkgconfig/tiago_pro_description.pc'
[1.608s] Level 1:colcon.colcon_core.environment:checking '/home/user/exchange/workspace/install/tiago_pro_description/lib/python3.10/site-packages'
[1.608s] Level 1:colcon.colcon_core.environment:checking '/home/user/exchange/workspace/install/tiago_pro_description/bin'
[1.608s] INFO:colcon.colcon_core.shell:Creating package script '/home/user/exchange/workspace/install/tiago_pro_description/share/tiago_pro_description/package.ps1'
[1.609s] INFO:colcon.colcon_core.shell:Creating package descriptor '/home/user/exchange/workspace/install/tiago_pro_description/share/tiago_pro_description/package.dsv'
[1.609s] INFO:colcon.colcon_core.shell:Creating package script '/home/user/exchange/workspace/install/tiago_pro_description/share/tiago_pro_description/package.sh'
[1.609s] INFO:colcon.colcon_core.shell:Creating package script '/home/user/exchange/workspace/install/tiago_pro_description/share/tiago_pro_description/package.bash'
[1.609s] INFO:colcon.colcon_core.shell:Creating package script '/home/user/exchange/workspace/install/tiago_pro_description/share/tiago_pro_description/package.zsh'
[1.610s] Level 1:colcon.colcon_core.environment:create_file_with_runtime_dependencies(/home/user/exchange/workspace/install/tiago_pro_description/share/colcon-core/packages/tiago_pro_description)
[1.610s] Level 1:colcon.colcon_core.environment:create_environment_scripts_only(tiago_pro_description)
[1.610s] Level 1:colcon.colcon_core.environment:checking '/home/user/exchange/workspace/install/tiago_pro_description' for CMake module files
[1.610s] Level 1:colcon.colcon_core.environment:checking '/home/user/exchange/workspace/install/tiago_pro_description' for CMake config files
[1.611s] Level 1:colcon.colcon_core.shell:create_environment_hook('tiago_pro_description', 'cmake_prefix_path')
[1.611s] INFO:colcon.colcon_core.shell:Creating environment hook '/home/user/exchange/workspace/install/tiago_pro_description/share/tiago_pro_description/hook/cmake_prefix_path.ps1'
[1.611s] INFO:colcon.colcon_core.shell:Creating environment descriptor '/home/user/exchange/workspace/install/tiago_pro_description/share/tiago_pro_description/hook/cmake_prefix_path.dsv'
[1.611s] INFO:colcon.colcon_core.shell:Creating environment hook '/home/user/exchange/workspace/install/tiago_pro_description/share/tiago_pro_description/hook/cmake_prefix_path.sh'
[1.612s] Level 1:colcon.colcon_core.environment:checking '/home/user/exchange/workspace/install/tiago_pro_description/bin'
[1.612s] Level 1:colcon.colcon_core.environment:checking '/home/user/exchange/workspace/install/tiago_pro_description/lib/pkgconfig/tiago_pro_description.pc'
[1.612s] Level 1:colcon.colcon_core.environment:checking '/home/user/exchange/workspace/install/tiago_pro_description/lib/python3.10/site-packages'
[1.612s] Level 1:colcon.colcon_core.environment:checking '/home/user/exchange/workspace/install/tiago_pro_description/bin'
[1.612s] INFO:colcon.colcon_core.shell:Creating package script '/home/user/exchange/workspace/install/tiago_pro_description/share/tiago_pro_description/package.ps1'
[1.613s] INFO:colcon.colcon_core.shell:Creating package descriptor '/home/user/exchange/workspace/install/tiago_pro_description/share/tiago_pro_description/package.dsv'
[1.613s] INFO:colcon.colcon_core.shell:Creating package script '/home/user/exchange/workspace/install/tiago_pro_description/share/tiago_pro_description/package.sh'
[1.614s] INFO:colcon.colcon_core.shell:Creating package script '/home/user/exchange/workspace/install/tiago_pro_description/share/tiago_pro_description/package.bash'
[1.614s] INFO:colcon.colcon_core.shell:Creating package script '/home/user/exchange/workspace/install/tiago_pro_description/share/tiago_pro_description/package.zsh'
[1.614s] Level 1:colcon.colcon_core.environment:create_file_with_runtime_dependencies(/home/user/exchange/workspace/install/tiago_pro_description/share/colcon-core/packages/tiago_pro_description)
[1.615s] INFO:colcon.colcon_ros.task.ament_cmake.build:Building ROS package in '/home/user/exchange/workspace/src/tiago_pro_moveit_config' with build type 'ament_cmake'
[1.615s] INFO:colcon.colcon_cmake.task.cmake.build:Building CMake package in '/home/user/exchange/workspace/src/tiago_pro_moveit_config'
[1.615s] INFO:colcon.colcon_core.shell:Skip shell extension 'powershell' for command environment: Not usable outside of PowerShell
[1.615s] DEBUG:colcon.colcon_core.shell:Skip shell extension 'dsv' for command environment
[1.620s] INFO:colcon.colcon_ros.task.ament_cmake.build:Building ROS package in '/home/user/exchange/workspace/src/tiago_pro_robot/tiago_pro_robot' with build type 'ament_cmake'
[1.620s] INFO:colcon.colcon_cmake.task.cmake.build:Building CMake package in '/home/user/exchange/workspace/src/tiago_pro_robot/tiago_pro_robot'
[1.621s] INFO:colcon.colcon_core.shell:Skip shell extension 'powershell' for command environment: Not usable outside of PowerShell
[1.621s] DEBUG:colcon.colcon_core.shell:Skip shell extension 'dsv' for command environment
[1.628s] DEBUG:colcon.colcon_core.event_handler.log_command:Invoking command in '/home/user/exchange/workspace/build/tiago_pro_moveit_config': AMENT_PREFIX_PATH=/home/user/exchange/workspace/install/pal_pro_gripper_wrapper:/home/user/exchange/workspace/install/tiago_manipulation_tasks:/home/user/exchange/workspace/install/pick_task:/home/user/exchange/workspace/install/tiago_pro_simulation:/home/user/exchange/workspace/install/tiago_pro_robot:/home/user/exchange/workspace/install/tiago_pro_navigation:/home/user/exchange/workspace/install/tiago_pro_gazebo:/home/user/exchange/workspace/install/tiago_pro_rgbd_sensors:/home/user/exchange/workspace/install/tiago_pro_mujoco:/home/user/exchange/workspace/install/tiago_pro_moveit_config:/home/user/exchange/workspace/install/tiago_pro_laser_sensors:/home/user/exchange/workspace/install/tiago_pro_description:/home/user/exchange/workspace/install/tiago_pro_bringup:/home/user/exchange/workspace/install/tiago_pro_controller_configuration:/home/user/exchange/workspace/install/tiago_pro_2dnav:/home/user/exchange/workspace/install/pal_sea_arm_moveit_config:/home/user/exchange/workspace/install/pal_sea_arm:/home/user/exchange/workspace/install/pal_sea_arm_bringup:/home/user/exchange/workspace/install/pal_sea_arm_description:/home/user/exchange/workspace/install/pal_sea_arm_controller_configuration:/home/user/exchange/workspace/install/pal_pro_gripper_simulation:/home/user/exchange/workspace/install/pal_pro_gripper_bringup:/home/user/exchange/workspace/install/pal_pro_gripper:/home/user/exchange/workspace/install/pal_pro_gripper_controller_configuration:/home/user/exchange/workspace/install/pal_pro_gripper_description:/home/user/exchange/workspace/install/pal_gazebo_worlds:/opt/ros/humble CMAKE_PREFIX_PATH=/home/user/exchange/workspace/install/tiago_pro_description:/home/user/exchange/workspace/install/pal_sea_arm_moveit_config:/home/user/exchange/workspace/install/pal_sea_arm_description:/home/user/exchange/workspace/install/pal_sea_arm_controller_configuration:/home/user/exchange/workspace/install/pal_pro_gripper_controller_configuration:/home/user/exchange/workspace/install/pal_pro_gripper_description:/home/user/exchange/workspace/install/tiago_manipulation_tasks:/home/user/exchange/workspace/install/tiago_pro_simulation:/home/user/exchange/workspace/install/tiago_pro_robot:/home/user/exchange/workspace/install/tiago_pro_navigation:/home/user/exchange/workspace/install/tiago_pro_gazebo:/home/user/exchange/workspace/install/tiago_pro_rgbd_sensors:/home/user/exchange/workspace/install/tiago_pro_mujoco:/home/user/exchange/workspace/install/tiago_pro_moveit_config:/home/user/exchange/workspace/install/tiago_pro_laser_sensors:/home/user/exchange/workspace/install/tiago_pro_bringup:/home/user/exchange/workspace/install/tiago_pro_controller_configuration:/home/user/exchange/workspace/install/tiago_pro_2dnav:/home/user/exchange/workspace/install/pal_sea_arm:/home/user/exchange/workspace/install/pal_sea_arm_bringup:/home/user/exchange/workspace/install/pal_pro_gripper_simulation:/home/user/exchange/workspace/install/pal_pro_gripper_bringup:/home/user/exchange/workspace/install/pal_pro_gripper:/home/user/exchange/workspace/install/pal_gazebo_worlds:/home/user/exchange/workspace/install/pick_task:/home/user/exchange/workspace/install/pal_pro_gripper_wrapper:/opt/ros/humble PYTHONPATH=/home/user/exchange/workspace/install/pal_pro_gripper_wrapper/lib/python3.10/site-packages:/home/user/exchange/workspace/install/pick_task/lib/python3.10/site-packages:/home/user/exchange/workspace/install/tiago_pro_description/local/lib/python3.10/dist-packages:/home/user/exchange/workspace/install/pal_sea_arm_description/local/lib/python3.10/dist-packages:/home/user/exchange/workspace/install/pal_pro_gripper_description/local/lib/python3.10/dist-packages:/opt/ros/humble/lib/python3.10/site-packages:/opt/ros/humble/local/lib/python3.10/dist-packages /usr/bin/cmake --build /home/user/exchange/workspace/build/tiago_pro_moveit_config -- -j12 -l12
[1.633s] DEBUG:colcon.colcon_core.event_handler.log_command:Invoking command in '/home/user/exchange/workspace/build/tiago_pro_robot': AMENT_PREFIX_PATH=/home/user/exchange/workspace/install/pal_pro_gripper_wrapper:/home/user/exchange/workspace/install/tiago_manipulation_tasks:/home/user/exchange/workspace/install/pick_task:/home/user/exchange/workspace/install/tiago_pro_simulation:/home/user/exchange/workspace/install/tiago_pro_robot:/home/user/exchange/workspace/install/tiago_pro_navigation:/home/user/exchange/workspace/install/tiago_pro_gazebo:/home/user/exchange/workspace/install/tiago_pro_rgbd_sensors:/home/user/exchange/workspace/install/tiago_pro_mujoco:/home/user/exchange/workspace/install/tiago_pro_moveit_config:/home/user/exchange/workspace/install/tiago_pro_laser_sensors:/home/user/exchange/workspace/install/tiago_pro_description:/home/user/exchange/workspace/install/tiago_pro_bringup:/home/user/exchange/workspace/install/tiago_pro_controller_configuration:/home/user/exchange/workspace/install/tiago_pro_2dnav:/home/user/exchange/workspace/install/pal_sea_arm_moveit_config:/home/user/exchange/workspace/install/pal_sea_arm:/home/user/exchange/workspace/install/pal_sea_arm_bringup:/home/user/exchange/workspace/install/pal_sea_arm_description:/home/user/exchange/workspace/install/pal_sea_arm_controller_configuration:/home/user/exchange/workspace/install/pal_pro_gripper_simulation:/home/user/exchange/workspace/install/pal_pro_gripper_bringup:/home/user/exchange/workspace/install/pal_pro_gripper:/home/user/exchange/workspace/install/pal_pro_gripper_controller_configuration:/home/user/exchange/workspace/install/pal_pro_gripper_description:/home/user/exchange/workspace/install/pal_gazebo_worlds:/opt/ros/humble CMAKE_PREFIX_PATH=/home/user/exchange/workspace/install/tiago_pro_description:/home/user/exchange/workspace/install/tiago_pro_bringup:/home/user/exchange/workspace/install/tiago_pro_controller_configuration:/home/user/exchange/workspace/install/pal_sea_arm_description:/home/user/exchange/workspace/install/pal_sea_arm_controller_configuration:/home/user/exchange/workspace/install/pal_pro_gripper_controller_configuration:/home/user/exchange/workspace/install/pal_pro_gripper_description:/home/user/exchange/workspace/install/tiago_manipulation_tasks:/home/user/exchange/workspace/install/tiago_pro_simulation:/home/user/exchange/workspace/install/tiago_pro_robot:/home/user/exchange/workspace/install/tiago_pro_navigation:/home/user/exchange/workspace/install/tiago_pro_gazebo:/home/user/exchange/workspace/install/tiago_pro_rgbd_sensors:/home/user/exchange/workspace/install/tiago_pro_mujoco:/home/user/exchange/workspace/install/tiago_pro_moveit_config:/home/user/exchange/workspace/install/tiago_pro_laser_sensors:/home/user/exchange/workspace/install/tiago_pro_2dnav:/home/user/exchange/workspace/install/pal_sea_arm_moveit_config:/home/user/exchange/workspace/install/pal_sea_arm:/home/user/exchange/workspace/install/pal_sea_arm_bringup:/home/user/exchange/workspace/install/pal_pro_gripper_simulation:/home/user/exchange/workspace/install/pal_pro_gripper_bringup:/home/user/exchange/workspace/install/pal_pro_gripper:/home/user/exchange/workspace/install/pal_gazebo_worlds:/home/user/exchange/workspace/install/pick_task:/home/user/exchange/workspace/install/pal_pro_gripper_wrapper:/opt/ros/humble PYTHONPATH=/home/user/exchange/workspace/install/pal_pro_gripper_wrapper/lib/python3.10/site-packages:/home/user/exchange/workspace/install/pick_task/lib/python3.10/site-packages:/home/user/exchange/workspace/install/tiago_pro_description/local/lib/python3.10/dist-packages:/home/user/exchange/workspace/install/pal_sea_arm_description/local/lib/python3.10/dist-packages:/home/user/exchange/workspace/install/pal_pro_gripper_description/local/lib/python3.10/dist-packages:/opt/ros/humble/lib/python3.10/site-packages:/opt/ros/humble/local/lib/python3.10/dist-packages /usr/bin/cmake --build /home/user/exchange/workspace/build/tiago_pro_robot -- -j12 -l12
[1.654s] DEBUG:colcon.colcon_core.event_handler.log_command:Invoked command in '/home/user/exchange/workspace/build/tiago_pro_moveit_config' returned '0': AMENT_PREFIX_PATH=/home/user/exchange/workspace/install/pal_pro_gripper_wrapper:/home/user/exchange/workspace/install/tiago_manipulation_tasks:/home/user/exchange/workspace/install/pick_task:/home/user/exchange/workspace/install/tiago_pro_simulation:/home/user/exchange/workspace/install/tiago_pro_robot:/home/user/exchange/workspace/install/tiago_pro_navigation:/home/user/exchange/workspace/install/tiago_pro_gazebo:/home/user/exchange/workspace/install/tiago_pro_rgbd_sensors:/home/user/exchange/workspace/install/tiago_pro_mujoco:/home/user/exchange/workspace/install/tiago_pro_moveit_config:/home/user/exchange/workspace/install/tiago_pro_laser_sensors:/home/user/exchange/workspace/install/tiago_pro_description:/home/user/exchange/workspace/install/tiago_pro_bringup:/home/user/exchange/workspace/install/tiago_pro_controller_configuration:/home/user/exchange/workspace/install/tiago_pro_2dnav:/home/user/exchange/workspace/install/pal_sea_arm_moveit_config:/home/user/exchange/workspace/install/pal_sea_arm:/home/user/exchange/workspace/install/pal_sea_arm_bringup:/home/user/exchange/workspace/install/pal_sea_arm_description:/home/user/exchange/workspace/install/pal_sea_arm_controller_configuration:/home/user/exchange/workspace/install/pal_pro_gripper_simulation:/home/user/exchange/workspace/install/pal_pro_gripper_bringup:/home/user/exchange/workspace/install/pal_pro_gripper:/home/user/exchange/workspace/install/pal_pro_gripper_controller_configuration:/home/user/exchange/workspace/install/pal_pro_gripper_description:/home/user/exchange/workspace/install/pal_gazebo_worlds:/opt/ros/humble CMAKE_PREFIX_PATH=/home/user/exchange/workspace/install/tiago_pro_description:/home/user/exchange/workspace/install/pal_sea_arm_moveit_config:/home/user/exchange/workspace/install/pal_sea_arm_description:/home/user/exchange/workspace/install/pal_sea_arm_controller_configuration:/home/user/exchange/workspace/install/pal_pro_gripper_controller_configuration:/home/user/exchange/workspace/install/pal_pro_gripper_description:/home/user/exchange/workspace/install/tiago_manipulation_tasks:/home/user/exchange/workspace/install/tiago_pro_simulation:/home/user/exchange/workspace/install/tiago_pro_robot:/home/user/exchange/workspace/install/tiago_pro_navigation:/home/user/exchange/workspace/install/tiago_pro_gazebo:/home/user/exchange/workspace/install/tiago_pro_rgbd_sensors:/home/user/exchange/workspace/install/tiago_pro_mujoco:/home/user/exchange/workspace/install/tiago_pro_moveit_config:/home/user/exchange/workspace/install/tiago_pro_laser_sensors:/home/user/exchange/workspace/install/tiago_pro_bringup:/home/user/exchange/workspace/install/tiago_pro_controller_configuration:/home/user/exchange/workspace/install/tiago_pro_2dnav:/home/user/exchange/workspace/install/pal_sea_arm:/home/user/exchange/workspace/install/pal_sea_arm_bringup:/home/user/exchange/workspace/install/pal_pro_gripper_simulation:/home/user/exchange/workspace/install/pal_pro_gripper_bringup:/home/user/exchange/workspace/install/pal_pro_gripper:/home/user/exchange/workspace/install/pal_gazebo_worlds:/home/user/exchange/workspace/install/pick_task:/home/user/exchange/workspace/install/pal_pro_gripper_wrapper:/opt/ros/humble PYTHONPATH=/home/user/exchange/workspace/install/pal_pro_gripper_wrapper/lib/python3.10/site-packages:/home/user/exchange/workspace/install/pick_task/lib/python3.10/site-packages:/home/user/exchange/workspace/install/tiago_pro_description/local/lib/python3.10/dist-packages:/home/user/exchange/workspace/install/pal_sea_arm_description/local/lib/python3.10/dist-packages:/home/user/exchange/workspace/install/pal_pro_gripper_description/local/lib/python3.10/dist-packages:/opt/ros/humble/lib/python3.10/site-packages:/opt/ros/humble/local/lib/python3.10/dist-packages /usr/bin/cmake --build /home/user/exchange/workspace/build/tiago_pro_moveit_config -- -j12 -l12
[1.655s] DEBUG:colcon.colcon_core.event_handler.log_command:Invoking command in '/home/user/exchange/workspace/build/tiago_pro_moveit_config': AMENT_PREFIX_PATH=/home/user/exchange/workspace/install/pal_pro_gripper_wrapper:/home/user/exchange/workspace/install/tiago_manipulation_tasks:/home/user/exchange/workspace/install/pick_task:/home/user/exchange/workspace/install/tiago_pro_simulation:/home/user/exchange/workspace/install/tiago_pro_robot:/home/user/exchange/workspace/install/tiago_pro_navigation:/home/user/exchange/workspace/install/tiago_pro_gazebo:/home/user/exchange/workspace/install/tiago_pro_rgbd_sensors:/home/user/exchange/workspace/install/tiago_pro_mujoco:/home/user/exchange/workspace/install/tiago_pro_moveit_config:/home/user/exchange/workspace/install/tiago_pro_laser_sensors:/home/user/exchange/workspace/install/tiago_pro_description:/home/user/exchange/workspace/install/tiago_pro_bringup:/home/user/exchange/workspace/install/tiago_pro_controller_configuration:/home/user/exchange/workspace/install/tiago_pro_2dnav:/home/user/exchange/workspace/install/pal_sea_arm_moveit_config:/home/user/exchange/workspace/install/pal_sea_arm:/home/user/exchange/workspace/install/pal_sea_arm_bringup:/home/user/exchange/workspace/install/pal_sea_arm_description:/home/user/exchange/workspace/install/pal_sea_arm_controller_configuration:/home/user/exchange/workspace/install/pal_pro_gripper_simulation:/home/user/exchange/workspace/install/pal_pro_gripper_bringup:/home/user/exchange/workspace/install/pal_pro_gripper:/home/user/exchange/workspace/install/pal_pro_gripper_controller_configuration:/home/user/exchange/workspace/install/pal_pro_gripper_description:/home/user/exchange/workspace/install/pal_gazebo_worlds:/opt/ros/humble CMAKE_PREFIX_PATH=/home/user/exchange/workspace/install/tiago_pro_description:/home/user/exchange/workspace/install/pal_sea_arm_moveit_config:/home/user/exchange/workspace/install/pal_sea_arm_description:/home/user/exchange/workspace/install/pal_sea_arm_controller_configuration:/home/user/exchange/workspace/install/pal_pro_gripper_controller_configuration:/home/user/exchange/workspace/install/pal_pro_gripper_description:/home/user/exchange/workspace/install/tiago_manipulation_tasks:/home/user/exchange/workspace/install/tiago_pro_simulation:/home/user/exchange/workspace/install/tiago_pro_robot:/home/user/exchange/workspace/install/tiago_pro_navigation:/home/user/exchange/workspace/install/tiago_pro_gazebo:/home/user/exchange/workspace/install/tiago_pro_rgbd_sensors:/home/user/exchange/workspace/install/tiago_pro_mujoco:/home/user/exchange/workspace/install/tiago_pro_moveit_config:/home/user/exchange/workspace/install/tiago_pro_laser_sensors:/home/user/exchange/workspace/install/tiago_pro_bringup:/home/user/exchange/workspace/install/tiago_pro_controller_configuration:/home/user/exchange/workspace/install/tiago_pro_2dnav:/home/user/exchange/workspace/install/pal_sea_arm:/home/user/exchange/workspace/install/pal_sea_arm_bringup:/home/user/exchange/workspace/install/pal_pro_gripper_simulation:/home/user/exchange/workspace/install/pal_pro_gripper_bringup:/home/user/exchange/workspace/install/pal_pro_gripper:/home/user/exchange/workspace/install/pal_gazebo_worlds:/home/user/exchange/workspace/install/pick_task:/home/user/exchange/workspace/install/pal_pro_gripper_wrapper:/opt/ros/humble PYTHONPATH=/home/user/exchange/workspace/install/pal_pro_gripper_wrapper/lib/python3.10/site-packages:/home/user/exchange/workspace/install/pick_task/lib/python3.10/site-packages:/home/user/exchange/workspace/install/tiago_pro_description/local/lib/python3.10/dist-packages:/home/user/exchange/workspace/install/pal_sea_arm_description/local/lib/python3.10/dist-packages:/home/user/exchange/workspace/install/pal_pro_gripper_description/local/lib/python3.10/dist-packages:/opt/ros/humble/lib/python3.10/site-packages:/opt/ros/humble/local/lib/python3.10/dist-packages /usr/bin/cmake --install /home/user/exchange/workspace/build/tiago_pro_moveit_config
[1.660s] DEBUG:colcon.colcon_core.event_handler.log_command:Invoked command in '/home/user/exchange/workspace/build/tiago_pro_robot' returned '0': AMENT_PREFIX_PATH=/home/user/exchange/workspace/install/pal_pro_gripper_wrapper:/home/user/exchange/workspace/install/tiago_manipulation_tasks:/home/user/exchange/workspace/install/pick_task:/home/user/exchange/workspace/install/tiago_pro_simulation:/home/user/exchange/workspace/install/tiago_pro_robot:/home/user/exchange/workspace/install/tiago_pro_navigation:/home/user/exchange/workspace/install/tiago_pro_gazebo:/home/user/exchange/workspace/install/tiago_pro_rgbd_sensors:/home/user/exchange/workspace/install/tiago_pro_mujoco:/home/user/exchange/workspace/install/tiago_pro_moveit_config:/home/user/exchange/workspace/install/tiago_pro_laser_sensors:/home/user/exchange/workspace/install/tiago_pro_description:/home/user/exchange/workspace/install/tiago_pro_bringup:/home/user/exchange/workspace/install/tiago_pro_controller_configuration:/home/user/exchange/workspace/install/tiago_pro_2dnav:/home/user/exchange/workspace/install/pal_sea_arm_moveit_config:/home/user/exchange/workspace/install/pal_sea_arm:/home/user/exchange/workspace/install/pal_sea_arm_bringup:/home/user/exchange/workspace/install/pal_sea_arm_description:/home/user/exchange/workspace/install/pal_sea_arm_controller_configuration:/home/user/exchange/workspace/install/pal_pro_gripper_simulation:/home/user/exchange/workspace/install/pal_pro_gripper_bringup:/home/user/exchange/workspace/install/pal_pro_gripper:/home/user/exchange/workspace/install/pal_pro_gripper_controller_configuration:/home/user/exchange/workspace/install/pal_pro_gripper_description:/home/user/exchange/workspace/install/pal_gazebo_worlds:/opt/ros/humble CMAKE_PREFIX_PATH=/home/user/exchange/workspace/install/tiago_pro_description:/home/user/exchange/workspace/install/tiago_pro_bringup:/home/user/exchange/workspace/install/tiago_pro_controller_configuration:/home/user/exchange/workspace/install/pal_sea_arm_description:/home/user/exchange/workspace/install/pal_sea_arm_controller_configuration:/home/user/exchange/workspace/install/pal_pro_gripper_controller_configuration:/home/user/exchange/workspace/install/pal_pro_gripper_description:/home/user/exchange/workspace/install/tiago_manipulation_tasks:/home/user/exchange/workspace/install/tiago_pro_simulation:/home/user/exchange/workspace/install/tiago_pro_robot:/home/user/exchange/workspace/install/tiago_pro_navigation:/home/user/exchange/workspace/install/tiago_pro_gazebo:/home/user/exchange/workspace/install/tiago_pro_rgbd_sensors:/home/user/exchange/workspace/install/tiago_pro_mujoco:/home/user/exchange/workspace/install/tiago_pro_moveit_config:/home/user/exchange/workspace/install/tiago_pro_laser_sensors:/home/user/exchange/workspace/install/tiago_pro_2dnav:/home/user/exchange/workspace/install/pal_sea_arm_moveit_config:/home/user/exchange/workspace/install/pal_sea_arm:/home/user/exchange/workspace/install/pal_sea_arm_bringup:/home/user/exchange/workspace/install/pal_pro_gripper_simulation:/home/user/exchange/workspace/install/pal_pro_gripper_bringup:/home/user/exchange/workspace/install/pal_pro_gripper:/home/user/exchange/workspace/install/pal_gazebo_worlds:/home/user/exchange/workspace/install/pick_task:/home/user/exchange/workspace/install/pal_pro_gripper_wrapper:/opt/ros/humble PYTHONPATH=/home/user/exchange/workspace/install/pal_pro_gripper_wrapper/lib/python3.10/site-packages:/home/user/exchange/workspace/install/pick_task/lib/python3.10/site-packages:/home/user/exchange/workspace/install/tiago_pro_description/local/lib/python3.10/dist-packages:/home/user/exchange/workspace/install/pal_sea_arm_description/local/lib/python3.10/dist-packages:/home/user/exchange/workspace/install/pal_pro_gripper_description/local/lib/python3.10/dist-packages:/opt/ros/humble/lib/python3.10/site-packages:/opt/ros/humble/local/lib/python3.10/dist-packages /usr/bin/cmake --build /home/user/exchange/workspace/build/tiago_pro_robot -- -j12 -l12
[1.665s] Level 1:colcon.colcon_core.environment:create_environment_scripts_only(tiago_pro_moveit_config)
[1.665s] Level 1:colcon.colcon_core.environment:checking '/home/user/exchange/workspace/install/tiago_pro_moveit_config' for CMake module files
[1.666s] Level 1:colcon.colcon_core.environment:checking '/home/user/exchange/workspace/install/tiago_pro_moveit_config' for CMake config files
[1.667s] DEBUG:colcon.colcon_core.event_handler.log_command:Invoking command in '/home/user/exchange/workspace/build/tiago_pro_robot': AMENT_PREFIX_PATH=/home/user/exchange/workspace/install/pal_pro_gripper_wrapper:/home/user/exchange/workspace/install/tiago_manipulation_tasks:/home/user/exchange/workspace/install/pick_task:/home/user/exchange/workspace/install/tiago_pro_simulation:/home/user/exchange/workspace/install/tiago_pro_robot:/home/user/exchange/workspace/install/tiago_pro_navigation:/home/user/exchange/workspace/install/tiago_pro_gazebo:/home/user/exchange/workspace/install/tiago_pro_rgbd_sensors:/home/user/exchange/workspace/install/tiago_pro_mujoco:/home/user/exchange/workspace/install/tiago_pro_moveit_config:/home/user/exchange/workspace/install/tiago_pro_laser_sensors:/home/user/exchange/workspace/install/tiago_pro_description:/home/user/exchange/workspace/install/tiago_pro_bringup:/home/user/exchange/workspace/install/tiago_pro_controller_configuration:/home/user/exchange/workspace/install/tiago_pro_2dnav:/home/user/exchange/workspace/install/pal_sea_arm_moveit_config:/home/user/exchange/workspace/install/pal_sea_arm:/home/user/exchange/workspace/install/pal_sea_arm_bringup:/home/user/exchange/workspace/install/pal_sea_arm_description:/home/user/exchange/workspace/install/pal_sea_arm_controller_configuration:/home/user/exchange/workspace/install/pal_pro_gripper_simulation:/home/user/exchange/workspace/install/pal_pro_gripper_bringup:/home/user/exchange/workspace/install/pal_pro_gripper:/home/user/exchange/workspace/install/pal_pro_gripper_controller_configuration:/home/user/exchange/workspace/install/pal_pro_gripper_description:/home/user/exchange/workspace/install/pal_gazebo_worlds:/opt/ros/humble CMAKE_PREFIX_PATH=/home/user/exchange/workspace/install/tiago_pro_description:/home/user/exchange/workspace/install/tiago_pro_bringup:/home/user/exchange/workspace/install/tiago_pro_controller_configuration:/home/user/exchange/workspace/install/pal_sea_arm_description:/home/user/exchange/workspace/install/pal_sea_arm_controller_configuration:/home/user/exchange/workspace/install/pal_pro_gripper_controller_configuration:/home/user/exchange/workspace/install/pal_pro_gripper_description:/home/user/exchange/workspace/install/tiago_manipulation_tasks:/home/user/exchange/workspace/install/tiago_pro_simulation:/home/user/exchange/workspace/install/tiago_pro_robot:/home/user/exchange/workspace/install/tiago_pro_navigation:/home/user/exchange/workspace/install/tiago_pro_gazebo:/home/user/exchange/workspace/install/tiago_pro_rgbd_sensors:/home/user/exchange/workspace/install/tiago_pro_mujoco:/home/user/exchange/workspace/install/tiago_pro_moveit_config:/home/user/exchange/workspace/install/tiago_pro_laser_sensors:/home/user/exchange/workspace/install/tiago_pro_2dnav:/home/user/exchange/workspace/install/pal_sea_arm_moveit_config:/home/user/exchange/workspace/install/pal_sea_arm:/home/user/exchange/workspace/install/pal_sea_arm_bringup:/home/user/exchange/workspace/install/pal_pro_gripper_simulation:/home/user/exchange/workspace/install/pal_pro_gripper_bringup:/home/user/exchange/workspace/install/pal_pro_gripper:/home/user/exchange/workspace/install/pal_gazebo_worlds:/home/user/exchange/workspace/install/pick_task:/home/user/exchange/workspace/install/pal_pro_gripper_wrapper:/opt/ros/humble PYTHONPATH=/home/user/exchange/workspace/install/pal_pro_gripper_wrapper/lib/python3.10/site-packages:/home/user/exchange/workspace/install/pick_task/lib/python3.10/site-packages:/home/user/exchange/workspace/install/tiago_pro_description/local/lib/python3.10/dist-packages:/home/user/exchange/workspace/install/pal_sea_arm_description/local/lib/python3.10/dist-packages:/home/user/exchange/workspace/install/pal_pro_gripper_description/local/lib/python3.10/dist-packages:/opt/ros/humble/lib/python3.10/site-packages:/opt/ros/humble/local/lib/python3.10/dist-packages /usr/bin/cmake --install /home/user/exchange/workspace/build/tiago_pro_robot
[1.668s] Level 1:colcon.colcon_core.shell:create_environment_hook('tiago_pro_moveit_config', 'cmake_prefix_path')
[1.668s] INFO:colcon.colcon_core.shell:Creating environment hook '/home/user/exchange/workspace/install/tiago_pro_moveit_config/share/tiago_pro_moveit_config/hook/cmake_prefix_path.ps1'
[1.671s] INFO:colcon.colcon_core.shell:Creating environment descriptor '/home/user/exchange/workspace/install/tiago_pro_moveit_config/share/tiago_pro_moveit_config/hook/cmake_prefix_path.dsv'
[1.672s] INFO:colcon.colcon_core.shell:Creating environment hook '/home/user/exchange/workspace/install/tiago_pro_moveit_config/share/tiago_pro_moveit_config/hook/cmake_prefix_path.sh'
[1.673s] DEBUG:colcon.colcon_core.event_handler.log_command:Invoked command in '/home/user/exchange/workspace/build/tiago_pro_moveit_config' returned '0': AMENT_PREFIX_PATH=/home/user/exchange/workspace/install/pal_pro_gripper_wrapper:/home/user/exchange/workspace/install/tiago_manipulation_tasks:/home/user/exchange/workspace/install/pick_task:/home/user/exchange/workspace/install/tiago_pro_simulation:/home/user/exchange/workspace/install/tiago_pro_robot:/home/user/exchange/workspace/install/tiago_pro_navigation:/home/user/exchange/workspace/install/tiago_pro_gazebo:/home/user/exchange/workspace/install/tiago_pro_rgbd_sensors:/home/user/exchange/workspace/install/tiago_pro_mujoco:/home/user/exchange/workspace/install/tiago_pro_moveit_config:/home/user/exchange/workspace/install/tiago_pro_laser_sensors:/home/user/exchange/workspace/install/tiago_pro_description:/home/user/exchange/workspace/install/tiago_pro_bringup:/home/user/exchange/workspace/install/tiago_pro_controller_configuration:/home/user/exchange/workspace/install/tiago_pro_2dnav:/home/user/exchange/workspace/install/pal_sea_arm_moveit_config:/home/user/exchange/workspace/install/pal_sea_arm:/home/user/exchange/workspace/install/pal_sea_arm_bringup:/home/user/exchange/workspace/install/pal_sea_arm_description:/home/user/exchange/workspace/install/pal_sea_arm_controller_configuration:/home/user/exchange/workspace/install/pal_pro_gripper_simulation:/home/user/exchange/workspace/install/pal_pro_gripper_bringup:/home/user/exchange/workspace/install/pal_pro_gripper:/home/user/exchange/workspace/install/pal_pro_gripper_controller_configuration:/home/user/exchange/workspace/install/pal_pro_gripper_description:/home/user/exchange/workspace/install/pal_gazebo_worlds:/opt/ros/humble CMAKE_PREFIX_PATH=/home/user/exchange/workspace/install/tiago_pro_description:/home/user/exchange/workspace/install/pal_sea_arm_moveit_config:/home/user/exchange/workspace/install/pal_sea_arm_description:/home/user/exchange/workspace/install/pal_sea_arm_controller_configuration:/home/user/exchange/workspace/install/pal_pro_gripper_controller_configuration:/home/user/exchange/workspace/install/pal_pro_gripper_description:/home/user/exchange/workspace/install/tiago_manipulation_tasks:/home/user/exchange/workspace/install/tiago_pro_simulation:/home/user/exchange/workspace/install/tiago_pro_robot:/home/user/exchange/workspace/install/tiago_pro_navigation:/home/user/exchange/workspace/install/tiago_pro_gazebo:/home/user/exchange/workspace/install/tiago_pro_rgbd_sensors:/home/user/exchange/workspace/install/tiago_pro_mujoco:/home/user/exchange/workspace/install/tiago_pro_moveit_config:/home/user/exchange/workspace/install/tiago_pro_laser_sensors:/home/user/exchange/workspace/install/tiago_pro_bringup:/home/user/exchange/workspace/install/tiago_pro_controller_configuration:/home/user/exchange/workspace/install/tiago_pro_2dnav:/home/user/exchange/workspace/install/pal_sea_arm:/home/user/exchange/workspace/install/pal_sea_arm_bringup:/home/user/exchange/workspace/install/pal_pro_gripper_simulation:/home/user/exchange/workspace/install/pal_pro_gripper_bringup:/home/user/exchange/workspace/install/pal_pro_gripper:/home/user/exchange/workspace/install/pal_gazebo_worlds:/home/user/exchange/workspace/install/pick_task:/home/user/exchange/workspace/install/pal_pro_gripper_wrapper:/opt/ros/humble PYTHONPATH=/home/user/exchange/workspace/install/pal_pro_gripper_wrapper/lib/python3.10/site-packages:/home/user/exchange/workspace/install/pick_task/lib/python3.10/site-packages:/home/user/exchange/workspace/install/tiago_pro_description/local/lib/python3.10/dist-packages:/home/user/exchange/workspace/install/pal_sea_arm_description/local/lib/python3.10/dist-packages:/home/user/exchange/workspace/install/pal_pro_gripper_description/local/lib/python3.10/dist-packages:/opt/ros/humble/lib/python3.10/site-packages:/opt/ros/humble/local/lib/python3.10/dist-packages /usr/bin/cmake --install /home/user/exchange/workspace/build/tiago_pro_moveit_config
[1.673s] Level 1:colcon.colcon_core.environment:checking '/home/user/exchange/workspace/install/tiago_pro_moveit_config/lib'
[1.673s] Level 1:colcon.colcon_core.environment:checking '/home/user/exchange/workspace/install/tiago_pro_moveit_config/bin'
[1.674s] Level 1:colcon.colcon_core.environment:checking '/home/user/exchange/workspace/install/tiago_pro_moveit_config/lib/pkgconfig/tiago_pro_moveit_config.pc'
[1.674s] Level 1:colcon.colcon_core.environment:checking '/home/user/exchange/workspace/install/tiago_pro_moveit_config/lib/python3.10/site-packages'
[1.674s] Level 1:colcon.colcon_core.environment:checking '/home/user/exchange/workspace/install/tiago_pro_moveit_config/bin'
[1.674s] INFO:colcon.colcon_core.shell:Creating package script '/home/user/exchange/workspace/install/tiago_pro_moveit_config/share/tiago_pro_moveit_config/package.ps1'
[1.675s] INFO:colcon.colcon_core.shell:Creating package descriptor '/home/user/exchange/workspace/install/tiago_pro_moveit_config/share/tiago_pro_moveit_config/package.dsv'
[1.675s] INFO:colcon.colcon_core.shell:Creating package script '/home/user/exchange/workspace/install/tiago_pro_moveit_config/share/tiago_pro_moveit_config/package.sh'
[1.676s] INFO:colcon.colcon_core.shell:Creating package script '/home/user/exchange/workspace/install/tiago_pro_moveit_config/share/tiago_pro_moveit_config/package.bash'
[1.676s] INFO:colcon.colcon_core.shell:Creating package script '/home/user/exchange/workspace/install/tiago_pro_moveit_config/share/tiago_pro_moveit_config/package.zsh'
[1.676s] Level 1:colcon.colcon_core.environment:create_file_with_runtime_dependencies(/home/user/exchange/workspace/install/tiago_pro_moveit_config/share/colcon-core/packages/tiago_pro_moveit_config)
[1.677s] Level 1:colcon.colcon_core.environment:create_environment_scripts_only(tiago_pro_moveit_config)
[1.677s] Level 1:colcon.colcon_core.environment:checking '/home/user/exchange/workspace/install/tiago_pro_moveit_config' for CMake module files
[1.677s] Level 1:colcon.colcon_core.environment:checking '/home/user/exchange/workspace/install/tiago_pro_moveit_config' for CMake config files
[1.677s] Level 1:colcon.colcon_core.shell:create_environment_hook('tiago_pro_moveit_config', 'cmake_prefix_path')
[1.677s] INFO:colcon.colcon_core.shell:Creating environment hook '/home/user/exchange/workspace/install/tiago_pro_moveit_config/share/tiago_pro_moveit_config/hook/cmake_prefix_path.ps1'
[1.678s] INFO:colcon.colcon_core.shell:Creating environment descriptor '/home/user/exchange/workspace/install/tiago_pro_moveit_config/share/tiago_pro_moveit_config/hook/cmake_prefix_path.dsv'
[1.678s] INFO:colcon.colcon_core.shell:Creating environment hook '/home/user/exchange/workspace/install/tiago_pro_moveit_config/share/tiago_pro_moveit_config/hook/cmake_prefix_path.sh'
[1.678s] Level 1:colcon.colcon_core.environment:checking '/home/user/exchange/workspace/install/tiago_pro_moveit_config/lib'
[1.678s] Level 1:colcon.colcon_core.environment:checking '/home/user/exchange/workspace/install/tiago_pro_moveit_config/bin'
[1.678s] Level 1:colcon.colcon_core.environment:checking '/home/user/exchange/workspace/install/tiago_pro_moveit_config/lib/pkgconfig/tiago_pro_moveit_config.pc'
[1.678s] Level 1:colcon.colcon_core.environment:checking '/home/user/exchange/workspace/install/tiago_pro_moveit_config/lib/python3.10/site-packages'
[1.679s] Level 1:colcon.colcon_core.environment:checking '/home/user/exchange/workspace/install/tiago_pro_moveit_config/bin'
[1.679s] INFO:colcon.colcon_core.shell:Creating package script '/home/user/exchange/workspace/install/tiago_pro_moveit_config/share/tiago_pro_moveit_config/package.ps1'
[1.679s] INFO:colcon.colcon_core.shell:Creating package descriptor '/home/user/exchange/workspace/install/tiago_pro_moveit_config/share/tiago_pro_moveit_config/package.dsv'
[1.679s] INFO:colcon.colcon_core.shell:Creating package script '/home/user/exchange/workspace/install/tiago_pro_moveit_config/share/tiago_pro_moveit_config/package.sh'
[1.680s] INFO:colcon.colcon_core.shell:Creating package script '/home/user/exchange/workspace/install/tiago_pro_moveit_config/share/tiago_pro_moveit_config/package.bash'
[1.680s] INFO:colcon.colcon_core.shell:Creating package script '/home/user/exchange/workspace/install/tiago_pro_moveit_config/share/tiago_pro_moveit_config/package.zsh'
[1.680s] Level 1:colcon.colcon_core.environment:create_file_with_runtime_dependencies(/home/user/exchange/workspace/install/tiago_pro_moveit_config/share/colcon-core/packages/tiago_pro_moveit_config)
[1.681s] INFO:colcon.colcon_ros.task.ament_cmake.build:Building ROS package in '/home/user/exchange/workspace/src/tiago_pro_simulation/tiago_pro_gazebo' with build type 'ament_cmake'
[1.681s] INFO:colcon.colcon_cmake.task.cmake.build:Building CMake package in '/home/user/exchange/workspace/src/tiago_pro_simulation/tiago_pro_gazebo'
[1.681s] INFO:colcon.colcon_core.shell:Skip shell extension 'powershell' for command environment: Not usable outside of PowerShell
[1.681s] DEBUG:colcon.colcon_core.shell:Skip shell extension 'dsv' for command environment
[1.685s] INFO:colcon.colcon_ros.task.ament_cmake.build:Building ROS package in '/home/user/exchange/workspace/src/tiago_pro_simulation/tiago_pro_mujoco' with build type 'ament_cmake'
[1.685s] INFO:colcon.colcon_cmake.task.cmake.build:Building CMake package in '/home/user/exchange/workspace/src/tiago_pro_simulation/tiago_pro_mujoco'
[1.685s] INFO:colcon.colcon_core.shell:Skip shell extension 'powershell' for command environment: Not usable outside of PowerShell
[1.685s] DEBUG:colcon.colcon_core.shell:Skip shell extension 'dsv' for command environment
[1.690s] Level 1:colcon.colcon_core.environment:create_environment_scripts_only(tiago_pro_robot)
[1.690s] Level 1:colcon.colcon_core.environment:checking '/home/user/exchange/workspace/install/tiago_pro_robot' for CMake module files
[1.690s] DEBUG:colcon.colcon_core.event_handler.log_command:Invoked command in '/home/user/exchange/workspace/build/tiago_pro_robot' returned '0': AMENT_PREFIX_PATH=/home/user/exchange/workspace/install/pal_pro_gripper_wrapper:/home/user/exchange/workspace/install/tiago_manipulation_tasks:/home/user/exchange/workspace/install/pick_task:/home/user/exchange/workspace/install/tiago_pro_simulation:/home/user/exchange/workspace/install/tiago_pro_robot:/home/user/exchange/workspace/install/tiago_pro_navigation:/home/user/exchange/workspace/install/tiago_pro_gazebo:/home/user/exchange/workspace/install/tiago_pro_rgbd_sensors:/home/user/exchange/workspace/install/tiago_pro_mujoco:/home/user/exchange/workspace/install/tiago_pro_moveit_config:/home/user/exchange/workspace/install/tiago_pro_laser_sensors:/home/user/exchange/workspace/install/tiago_pro_description:/home/user/exchange/workspace/install/tiago_pro_bringup:/home/user/exchange/workspace/install/tiago_pro_controller_configuration:/home/user/exchange/workspace/install/tiago_pro_2dnav:/home/user/exchange/workspace/install/pal_sea_arm_moveit_config:/home/user/exchange/workspace/install/pal_sea_arm:/home/user/exchange/workspace/install/pal_sea_arm_bringup:/home/user/exchange/workspace/install/pal_sea_arm_description:/home/user/exchange/workspace/install/pal_sea_arm_controller_configuration:/home/user/exchange/workspace/install/pal_pro_gripper_simulation:/home/user/exchange/workspace/install/pal_pro_gripper_bringup:/home/user/exchange/workspace/install/pal_pro_gripper:/home/user/exchange/workspace/install/pal_pro_gripper_controller_configuration:/home/user/exchange/workspace/install/pal_pro_gripper_description:/home/user/exchange/workspace/install/pal_gazebo_worlds:/opt/ros/humble CMAKE_PREFIX_PATH=/home/user/exchange/workspace/install/tiago_pro_description:/home/user/exchange/workspace/install/tiago_pro_bringup:/home/user/exchange/workspace/install/tiago_pro_controller_configuration:/home/user/exchange/workspace/install/pal_sea_arm_description:/home/user/exchange/workspace/install/pal_sea_arm_controller_configuration:/home/user/exchange/workspace/install/pal_pro_gripper_controller_configuration:/home/user/exchange/workspace/install/pal_pro_gripper_description:/home/user/exchange/workspace/install/tiago_manipulation_tasks:/home/user/exchange/workspace/install/tiago_pro_simulation:/home/user/exchange/workspace/install/tiago_pro_robot:/home/user/exchange/workspace/install/tiago_pro_navigation:/home/user/exchange/workspace/install/tiago_pro_gazebo:/home/user/exchange/workspace/install/tiago_pro_rgbd_sensors:/home/user/exchange/workspace/install/tiago_pro_mujoco:/home/user/exchange/workspace/install/tiago_pro_moveit_config:/home/user/exchange/workspace/install/tiago_pro_laser_sensors:/home/user/exchange/workspace/install/tiago_pro_2dnav:/home/user/exchange/workspace/install/pal_sea_arm_moveit_config:/home/user/exchange/workspace/install/pal_sea_arm:/home/user/exchange/workspace/install/pal_sea_arm_bringup:/home/user/exchange/workspace/install/pal_pro_gripper_simulation:/home/user/exchange/workspace/install/pal_pro_gripper_bringup:/home/user/exchange/workspace/install/pal_pro_gripper:/home/user/exchange/workspace/install/pal_gazebo_worlds:/home/user/exchange/workspace/install/pick_task:/home/user/exchange/workspace/install/pal_pro_gripper_wrapper:/opt/ros/humble PYTHONPATH=/home/user/exchange/workspace/install/pal_pro_gripper_wrapper/lib/python3.10/site-packages:/home/user/exchange/workspace/install/pick_task/lib/python3.10/site-packages:/home/user/exchange/workspace/install/tiago_pro_description/local/lib/python3.10/dist-packages:/home/user/exchange/workspace/install/pal_sea_arm_description/local/lib/python3.10/dist-packages:/home/user/exchange/workspace/install/pal_pro_gripper_description/local/lib/python3.10/dist-packages:/opt/ros/humble/lib/python3.10/site-packages:/opt/ros/humble/local/lib/python3.10/dist-packages /usr/bin/cmake --install /home/user/exchange/workspace/build/tiago_pro_robot
[1.690s] Level 1:colcon.colcon_core.environment:checking '/home/user/exchange/workspace/install/tiago_pro_robot' for CMake config files
[1.691s] Level 1:colcon.colcon_core.shell:create_environment_hook('tiago_pro_robot', 'cmake_prefix_path')
[1.691s] INFO:colcon.colcon_core.shell:Creating environment hook '/home/user/exchange/workspace/install/tiago_pro_robot/share/tiago_pro_robot/hook/cmake_prefix_path.ps1'
[1.691s] INFO:colcon.colcon_core.shell:Creating environment descriptor '/home/user/exchange/workspace/install/tiago_pro_robot/share/tiago_pro_robot/hook/cmake_prefix_path.dsv'
[1.692s] INFO:colcon.colcon_core.shell:Creating environment hook '/home/user/exchange/workspace/install/tiago_pro_robot/share/tiago_pro_robot/hook/cmake_prefix_path.sh'
[1.692s] Level 1:colcon.colcon_core.environment:checking '/home/user/exchange/workspace/install/tiago_pro_robot/bin'
[1.692s] Level 1:colcon.colcon_core.environment:checking '/home/user/exchange/workspace/install/tiago_pro_robot/lib/pkgconfig/tiago_pro_robot.pc'
[1.692s] Level 1:colcon.colcon_core.environment:checking '/home/user/exchange/workspace/install/tiago_pro_robot/lib/python3.10/site-packages'
[1.692s] Level 1:colcon.colcon_core.environment:checking '/home/user/exchange/workspace/install/tiago_pro_robot/bin'
[1.693s] INFO:colcon.colcon_core.shell:Creating package script '/home/user/exchange/workspace/install/tiago_pro_robot/share/tiago_pro_robot/package.ps1'
[1.693s] INFO:colcon.colcon_core.shell:Creating package descriptor '/home/user/exchange/workspace/install/tiago_pro_robot/share/tiago_pro_robot/package.dsv'
[1.693s] INFO:colcon.colcon_core.shell:Creating package script '/home/user/exchange/workspace/install/tiago_pro_robot/share/tiago_pro_robot/package.sh'
[1.693s] INFO:colcon.colcon_core.shell:Creating package script '/home/user/exchange/workspace/install/tiago_pro_robot/share/tiago_pro_robot/package.bash'
[1.694s] INFO:colcon.colcon_core.shell:Creating package script '/home/user/exchange/workspace/install/tiago_pro_robot/share/tiago_pro_robot/package.zsh'
[1.694s] Level 1:colcon.colcon_core.environment:create_file_with_runtime_dependencies(/home/user/exchange/workspace/install/tiago_pro_robot/share/colcon-core/packages/tiago_pro_robot)
[1.694s] Level 1:colcon.colcon_core.environment:create_environment_scripts_only(tiago_pro_robot)
[1.694s] Level 1:colcon.colcon_core.environment:checking '/home/user/exchange/workspace/install/tiago_pro_robot' for CMake module files
[1.695s] Level 1:colcon.colcon_core.environment:checking '/home/user/exchange/workspace/install/tiago_pro_robot' for CMake config files
[1.695s] Level 1:colcon.colcon_core.shell:create_environment_hook('tiago_pro_robot', 'cmake_prefix_path')
[1.695s] INFO:colcon.colcon_core.shell:Creating environment hook '/home/user/exchange/workspace/install/tiago_pro_robot/share/tiago_pro_robot/hook/cmake_prefix_path.ps1'
[1.695s] INFO:colcon.colcon_core.shell:Creating environment descriptor '/home/user/exchange/workspace/install/tiago_pro_robot/share/tiago_pro_robot/hook/cmake_prefix_path.dsv'
[1.695s] INFO:colcon.colcon_core.shell:Creating environment hook '/home/user/exchange/workspace/install/tiago_pro_robot/share/tiago_pro_robot/hook/cmake_prefix_path.sh'
[1.696s] Level 1:colcon.colcon_core.environment:checking '/home/user/exchange/workspace/install/tiago_pro_robot/bin'
[1.696s] Level 1:colcon.colcon_core.environment:checking '/home/user/exchange/workspace/install/tiago_pro_robot/lib/pkgconfig/tiago_pro_robot.pc'
[1.696s] Level 1:colcon.colcon_core.environment:checking '/home/user/exchange/workspace/install/tiago_pro_robot/lib/python3.10/site-packages'
[1.696s] Level 1:colcon.colcon_core.environment:checking '/home/user/exchange/workspace/install/tiago_pro_robot/bin'
[1.696s] INFO:colcon.colcon_core.shell:Creating package script '/home/user/exchange/workspace/install/tiago_pro_robot/share/tiago_pro_robot/package.ps1'
[1.697s] INFO:colcon.colcon_core.shell:Creating package descriptor '/home/user/exchange/workspace/install/tiago_pro_robot/share/tiago_pro_robot/package.dsv'
[1.697s] INFO:colcon.colcon_core.shell:Creating package script '/home/user/exchange/workspace/install/tiago_pro_robot/share/tiago_pro_robot/package.sh'
[1.697s] INFO:colcon.colcon_core.shell:Creating package script '/home/user/exchange/workspace/install/tiago_pro_robot/share/tiago_pro_robot/package.bash'
[1.697s] INFO:colcon.colcon_core.shell:Creating package script '/home/user/exchange/workspace/install/tiago_pro_robot/share/tiago_pro_robot/package.zsh'
[1.698s] Level 1:colcon.colcon_core.environment:create_file_with_runtime_dependencies(/home/user/exchange/workspace/install/tiago_pro_robot/share/colcon-core/packages/tiago_pro_robot)
[1.700s] DEBUG:colcon.colcon_core.event_handler.log_command:Invoking command in '/home/user/exchange/workspace/build/tiago_pro_gazebo': AMENT_PREFIX_PATH=/home/user/exchange/workspace/install/pal_pro_gripper_wrapper:/home/user/exchange/workspace/install/tiago_manipulation_tasks:/home/user/exchange/workspace/install/pick_task:/home/user/exchange/workspace/install/tiago_pro_simulation:/home/user/exchange/workspace/install/tiago_pro_robot:/home/user/exchange/workspace/install/tiago_pro_navigation:/home/user/exchange/workspace/install/tiago_pro_gazebo:/home/user/exchange/workspace/install/tiago_pro_rgbd_sensors:/home/user/exchange/workspace/install/tiago_pro_mujoco:/home/user/exchange/workspace/install/tiago_pro_moveit_config:/home/user/exchange/workspace/install/tiago_pro_laser_sensors:/home/user/exchange/workspace/install/tiago_pro_description:/home/user/exchange/workspace/install/tiago_pro_bringup:/home/user/exchange/workspace/install/tiago_pro_controller_configuration:/home/user/exchange/workspace/install/tiago_pro_2dnav:/home/user/exchange/workspace/install/pal_sea_arm_moveit_config:/home/user/exchange/workspace/install/pal_sea_arm:/home/user/exchange/workspace/install/pal_sea_arm_bringup:/home/user/exchange/workspace/install/pal_sea_arm_description:/home/user/exchange/workspace/install/pal_sea_arm_controller_configuration:/home/user/exchange/workspace/install/pal_pro_gripper_simulation:/home/user/exchange/workspace/install/pal_pro_gripper_bringup:/home/user/exchange/workspace/install/pal_pro_gripper:/home/user/exchange/workspace/install/pal_pro_gripper_controller_configuration:/home/user/exchange/workspace/install/pal_pro_gripper_description:/home/user/exchange/workspace/install/pal_gazebo_worlds:/opt/ros/humble CMAKE_PREFIX_PATH=/home/user/exchange/workspace/install/tiago_pro_moveit_config:/home/user/exchange/workspace/install/tiago_pro_description:/home/user/exchange/workspace/install/tiago_pro_bringup:/home/user/exchange/workspace/install/pal_sea_arm_moveit_config:/home/user/exchange/workspace/install/tiago_pro_controller_configuration:/home/user/exchange/workspace/install/pal_sea_arm_description:/home/user/exchange/workspace/install/pal_sea_arm_controller_configuration:/home/user/exchange/workspace/install/pal_pro_gripper_controller_configuration:/home/user/exchange/workspace/install/tiago_pro_rgbd_sensors:/home/user/exchange/workspace/install/tiago_pro_laser_sensors:/home/user/exchange/workspace/install/tiago_pro_2dnav:/home/user/exchange/workspace/install/pal_pro_gripper_description:/home/user/exchange/workspace/install/pal_gazebo_worlds:/home/user/exchange/workspace/install/tiago_manipulation_tasks:/home/user/exchange/workspace/install/tiago_pro_simulation:/home/user/exchange/workspace/install/tiago_pro_robot:/home/user/exchange/workspace/install/tiago_pro_navigation:/home/user/exchange/workspace/install/tiago_pro_gazebo:/home/user/exchange/workspace/install/tiago_pro_mujoco:/home/user/exchange/workspace/install/pal_sea_arm:/home/user/exchange/workspace/install/pal_sea_arm_bringup:/home/user/exchange/workspace/install/pal_pro_gripper_simulation:/home/user/exchange/workspace/install/pal_pro_gripper_bringup:/home/user/exchange/workspace/install/pal_pro_gripper:/home/user/exchange/workspace/install/pick_task:/home/user/exchange/workspace/install/pal_pro_gripper_wrapper:/opt/ros/humble PYTHONPATH=/home/user/exchange/workspace/install/pal_pro_gripper_wrapper/lib/python3.10/site-packages:/home/user/exchange/workspace/install/pick_task/lib/python3.10/site-packages:/home/user/exchange/workspace/install/tiago_pro_description/local/lib/python3.10/dist-packages:/home/user/exchange/workspace/install/pal_sea_arm_description/local/lib/python3.10/dist-packages:/home/user/exchange/workspace/install/pal_pro_gripper_description/local/lib/python3.10/dist-packages:/opt/ros/humble/lib/python3.10/site-packages:/opt/ros/humble/local/lib/python3.10/dist-packages /usr/bin/cmake --build /home/user/exchange/workspace/build/tiago_pro_gazebo -- -j12 -l12
[1.702s] DEBUG:colcon.colcon_core.event_handler.log_command:Invoking command in '/home/user/exchange/workspace/build/tiago_pro_mujoco': AMENT_PREFIX_PATH=/home/user/exchange/workspace/install/pal_pro_gripper_wrapper:/home/user/exchange/workspace/install/tiago_manipulation_tasks:/home/user/exchange/workspace/install/pick_task:/home/user/exchange/workspace/install/tiago_pro_simulation:/home/user/exchange/workspace/install/tiago_pro_robot:/home/user/exchange/workspace/install/tiago_pro_navigation:/home/user/exchange/workspace/install/tiago_pro_gazebo:/home/user/exchange/workspace/install/tiago_pro_rgbd_sensors:/home/user/exchange/workspace/install/tiago_pro_mujoco:/home/user/exchange/workspace/install/tiago_pro_moveit_config:/home/user/exchange/workspace/install/tiago_pro_laser_sensors:/home/user/exchange/workspace/install/tiago_pro_description:/home/user/exchange/workspace/install/tiago_pro_bringup:/home/user/exchange/workspace/install/tiago_pro_controller_configuration:/home/user/exchange/workspace/install/tiago_pro_2dnav:/home/user/exchange/workspace/install/pal_sea_arm_moveit_config:/home/user/exchange/workspace/install/pal_sea_arm:/home/user/exchange/workspace/install/pal_sea_arm_bringup:/home/user/exchange/workspace/install/pal_sea_arm_description:/home/user/exchange/workspace/install/pal_sea_arm_controller_configuration:/home/user/exchange/workspace/install/pal_pro_gripper_simulation:/home/user/exchange/workspace/install/pal_pro_gripper_bringup:/home/user/exchange/workspace/install/pal_pro_gripper:/home/user/exchange/workspace/install/pal_pro_gripper_controller_configuration:/home/user/exchange/workspace/install/pal_pro_gripper_description:/home/user/exchange/workspace/install/pal_gazebo_worlds:/opt/ros/humble CMAKE_PREFIX_PATH=/home/user/exchange/workspace/install/tiago_pro_moveit_config:/home/user/exchange/workspace/install/tiago_pro_description:/home/user/exchange/workspace/install/tiago_pro_bringup:/home/user/exchange/workspace/install/pal_sea_arm_moveit_config:/home/user/exchange/workspace/install/tiago_pro_controller_configuration:/home/user/exchange/workspace/install/pal_sea_arm_description:/home/user/exchange/workspace/install/pal_sea_arm_controller_configuration:/home/user/exchange/workspace/install/pal_pro_gripper_controller_configuration:/home/user/exchange/workspace/install/tiago_pro_laser_sensors:/home/user/exchange/workspace/install/pal_pro_gripper_description:/home/user/exchange/workspace/install/tiago_manipulation_tasks:/home/user/exchange/workspace/install/tiago_pro_simulation:/home/user/exchange/workspace/install/tiago_pro_robot:/home/user/exchange/workspace/install/tiago_pro_navigation:/home/user/exchange/workspace/install/tiago_pro_gazebo:/home/user/exchange/workspace/install/tiago_pro_rgbd_sensors:/home/user/exchange/workspace/install/tiago_pro_mujoco:/home/user/exchange/workspace/install/tiago_pro_2dnav:/home/user/exchange/workspace/install/pal_sea_arm:/home/user/exchange/workspace/install/pal_sea_arm_bringup:/home/user/exchange/workspace/install/pal_pro_gripper_simulation:/home/user/exchange/workspace/install/pal_pro_gripper_bringup:/home/user/exchange/workspace/install/pal_pro_gripper:/home/user/exchange/workspace/install/pal_gazebo_worlds:/home/user/exchange/workspace/install/pick_task:/home/user/exchange/workspace/install/pal_pro_gripper_wrapper:/opt/ros/humble PYTHONPATH=/home/user/exchange/workspace/install/pal_pro_gripper_wrapper/lib/python3.10/site-packages:/home/user/exchange/workspace/install/pick_task/lib/python3.10/site-packages:/home/user/exchange/workspace/install/tiago_pro_description/local/lib/python3.10/dist-packages:/home/user/exchange/workspace/install/pal_sea_arm_description/local/lib/python3.10/dist-packages:/home/user/exchange/workspace/install/pal_pro_gripper_description/local/lib/python3.10/dist-packages:/opt/ros/humble/lib/python3.10/site-packages:/opt/ros/humble/local/lib/python3.10/dist-packages /usr/bin/cmake --build /home/user/exchange/workspace/build/tiago_pro_mujoco -- -j12 -l12
[1.727s] DEBUG:colcon.colcon_core.event_handler.log_command:Invoked command in '/home/user/exchange/workspace/build/tiago_pro_gazebo' returned '0': AMENT_PREFIX_PATH=/home/user/exchange/workspace/install/pal_pro_gripper_wrapper:/home/user/exchange/workspace/install/tiago_manipulation_tasks:/home/user/exchange/workspace/install/pick_task:/home/user/exchange/workspace/install/tiago_pro_simulation:/home/user/exchange/workspace/install/tiago_pro_robot:/home/user/exchange/workspace/install/tiago_pro_navigation:/home/user/exchange/workspace/install/tiago_pro_gazebo:/home/user/exchange/workspace/install/tiago_pro_rgbd_sensors:/home/user/exchange/workspace/install/tiago_pro_mujoco:/home/user/exchange/workspace/install/tiago_pro_moveit_config:/home/user/exchange/workspace/install/tiago_pro_laser_sensors:/home/user/exchange/workspace/install/tiago_pro_description:/home/user/exchange/workspace/install/tiago_pro_bringup:/home/user/exchange/workspace/install/tiago_pro_controller_configuration:/home/user/exchange/workspace/install/tiago_pro_2dnav:/home/user/exchange/workspace/install/pal_sea_arm_moveit_config:/home/user/exchange/workspace/install/pal_sea_arm:/home/user/exchange/workspace/install/pal_sea_arm_bringup:/home/user/exchange/workspace/install/pal_sea_arm_description:/home/user/exchange/workspace/install/pal_sea_arm_controller_configuration:/home/user/exchange/workspace/install/pal_pro_gripper_simulation:/home/user/exchange/workspace/install/pal_pro_gripper_bringup:/home/user/exchange/workspace/install/pal_pro_gripper:/home/user/exchange/workspace/install/pal_pro_gripper_controller_configuration:/home/user/exchange/workspace/install/pal_pro_gripper_description:/home/user/exchange/workspace/install/pal_gazebo_worlds:/opt/ros/humble CMAKE_PREFIX_PATH=/home/user/exchange/workspace/install/tiago_pro_moveit_config:/home/user/exchange/workspace/install/tiago_pro_description:/home/user/exchange/workspace/install/tiago_pro_bringup:/home/user/exchange/workspace/install/pal_sea_arm_moveit_config:/home/user/exchange/workspace/install/tiago_pro_controller_configuration:/home/user/exchange/workspace/install/pal_sea_arm_description:/home/user/exchange/workspace/install/pal_sea_arm_controller_configuration:/home/user/exchange/workspace/install/pal_pro_gripper_controller_configuration:/home/user/exchange/workspace/install/tiago_pro_rgbd_sensors:/home/user/exchange/workspace/install/tiago_pro_laser_sensors:/home/user/exchange/workspace/install/tiago_pro_2dnav:/home/user/exchange/workspace/install/pal_pro_gripper_description:/home/user/exchange/workspace/install/pal_gazebo_worlds:/home/user/exchange/workspace/install/tiago_manipulation_tasks:/home/user/exchange/workspace/install/tiago_pro_simulation:/home/user/exchange/workspace/install/tiago_pro_robot:/home/user/exchange/workspace/install/tiago_pro_navigation:/home/user/exchange/workspace/install/tiago_pro_gazebo:/home/user/exchange/workspace/install/tiago_pro_mujoco:/home/user/exchange/workspace/install/pal_sea_arm:/home/user/exchange/workspace/install/pal_sea_arm_bringup:/home/user/exchange/workspace/install/pal_pro_gripper_simulation:/home/user/exchange/workspace/install/pal_pro_gripper_bringup:/home/user/exchange/workspace/install/pal_pro_gripper:/home/user/exchange/workspace/install/pick_task:/home/user/exchange/workspace/install/pal_pro_gripper_wrapper:/opt/ros/humble PYTHONPATH=/home/user/exchange/workspace/install/pal_pro_gripper_wrapper/lib/python3.10/site-packages:/home/user/exchange/workspace/install/pick_task/lib/python3.10/site-packages:/home/user/exchange/workspace/install/tiago_pro_description/local/lib/python3.10/dist-packages:/home/user/exchange/workspace/install/pal_sea_arm_description/local/lib/python3.10/dist-packages:/home/user/exchange/workspace/install/pal_pro_gripper_description/local/lib/python3.10/dist-packages:/opt/ros/humble/lib/python3.10/site-packages:/opt/ros/humble/local/lib/python3.10/dist-packages /usr/bin/cmake --build /home/user/exchange/workspace/build/tiago_pro_gazebo -- -j12 -l12
[1.728s] DEBUG:colcon.colcon_core.event_handler.log_command:Invoking command in '/home/user/exchange/workspace/build/tiago_pro_gazebo': AMENT_PREFIX_PATH=/home/user/exchange/workspace/install/pal_pro_gripper_wrapper:/home/user/exchange/workspace/install/tiago_manipulation_tasks:/home/user/exchange/workspace/install/pick_task:/home/user/exchange/workspace/install/tiago_pro_simulation:/home/user/exchange/workspace/install/tiago_pro_robot:/home/user/exchange/workspace/install/tiago_pro_navigation:/home/user/exchange/workspace/install/tiago_pro_gazebo:/home/user/exchange/workspace/install/tiago_pro_rgbd_sensors:/home/user/exchange/workspace/install/tiago_pro_mujoco:/home/user/exchange/workspace/install/tiago_pro_moveit_config:/home/user/exchange/workspace/install/tiago_pro_laser_sensors:/home/user/exchange/workspace/install/tiago_pro_description:/home/user/exchange/workspace/install/tiago_pro_bringup:/home/user/exchange/workspace/install/tiago_pro_controller_configuration:/home/user/exchange/workspace/install/tiago_pro_2dnav:/home/user/exchange/workspace/install/pal_sea_arm_moveit_config:/home/user/exchange/workspace/install/pal_sea_arm:/home/user/exchange/workspace/install/pal_sea_arm_bringup:/home/user/exchange/workspace/install/pal_sea_arm_description:/home/user/exchange/workspace/install/pal_sea_arm_controller_configuration:/home/user/exchange/workspace/install/pal_pro_gripper_simulation:/home/user/exchange/workspace/install/pal_pro_gripper_bringup:/home/user/exchange/workspace/install/pal_pro_gripper:/home/user/exchange/workspace/install/pal_pro_gripper_controller_configuration:/home/user/exchange/workspace/install/pal_pro_gripper_description:/home/user/exchange/workspace/install/pal_gazebo_worlds:/opt/ros/humble CMAKE_PREFIX_PATH=/home/user/exchange/workspace/install/tiago_pro_moveit_config:/home/user/exchange/workspace/install/tiago_pro_description:/home/user/exchange/workspace/install/tiago_pro_bringup:/home/user/exchange/workspace/install/pal_sea_arm_moveit_config:/home/user/exchange/workspace/install/tiago_pro_controller_configuration:/home/user/exchange/workspace/install/pal_sea_arm_description:/home/user/exchange/workspace/install/pal_sea_arm_controller_configuration:/home/user/exchange/workspace/install/pal_pro_gripper_controller_configuration:/home/user/exchange/workspace/install/tiago_pro_rgbd_sensors:/home/user/exchange/workspace/install/tiago_pro_laser_sensors:/home/user/exchange/workspace/install/tiago_pro_2dnav:/home/user/exchange/workspace/install/pal_pro_gripper_description:/home/user/exchange/workspace/install/pal_gazebo_worlds:/home/user/exchange/workspace/install/tiago_manipulation_tasks:/home/user/exchange/workspace/install/tiago_pro_simulation:/home/user/exchange/workspace/install/tiago_pro_robot:/home/user/exchange/workspace/install/tiago_pro_navigation:/home/user/exchange/workspace/install/tiago_pro_gazebo:/home/user/exchange/workspace/install/tiago_pro_mujoco:/home/user/exchange/workspace/install/pal_sea_arm:/home/user/exchange/workspace/install/pal_sea_arm_bringup:/home/user/exchange/workspace/install/pal_pro_gripper_simulation:/home/user/exchange/workspace/install/pal_pro_gripper_bringup:/home/user/exchange/workspace/install/pal_pro_gripper:/home/user/exchange/workspace/install/pick_task:/home/user/exchange/workspace/install/pal_pro_gripper_wrapper:/opt/ros/humble PYTHONPATH=/home/user/exchange/workspace/install/pal_pro_gripper_wrapper/lib/python3.10/site-packages:/home/user/exchange/workspace/install/pick_task/lib/python3.10/site-packages:/home/user/exchange/workspace/install/tiago_pro_description/local/lib/python3.10/dist-packages:/home/user/exchange/workspace/install/pal_sea_arm_description/local/lib/python3.10/dist-packages:/home/user/exchange/workspace/install/pal_pro_gripper_description/local/lib/python3.10/dist-packages:/opt/ros/humble/lib/python3.10/site-packages:/opt/ros/humble/local/lib/python3.10/dist-packages /usr/bin/cmake --install /home/user/exchange/workspace/build/tiago_pro_gazebo
[1.729s] DEBUG:colcon.colcon_core.event_handler.log_command:Invoked command in '/home/user/exchange/workspace/build/tiago_pro_mujoco' returned '0': AMENT_PREFIX_PATH=/home/user/exchange/workspace/install/pal_pro_gripper_wrapper:/home/user/exchange/workspace/install/tiago_manipulation_tasks:/home/user/exchange/workspace/install/pick_task:/home/user/exchange/workspace/install/tiago_pro_simulation:/home/user/exchange/workspace/install/tiago_pro_robot:/home/user/exchange/workspace/install/tiago_pro_navigation:/home/user/exchange/workspace/install/tiago_pro_gazebo:/home/user/exchange/workspace/install/tiago_pro_rgbd_sensors:/home/user/exchange/workspace/install/tiago_pro_mujoco:/home/user/exchange/workspace/install/tiago_pro_moveit_config:/home/user/exchange/workspace/install/tiago_pro_laser_sensors:/home/user/exchange/workspace/install/tiago_pro_description:/home/user/exchange/workspace/install/tiago_pro_bringup:/home/user/exchange/workspace/install/tiago_pro_controller_configuration:/home/user/exchange/workspace/install/tiago_pro_2dnav:/home/user/exchange/workspace/install/pal_sea_arm_moveit_config:/home/user/exchange/workspace/install/pal_sea_arm:/home/user/exchange/workspace/install/pal_sea_arm_bringup:/home/user/exchange/workspace/install/pal_sea_arm_description:/home/user/exchange/workspace/install/pal_sea_arm_controller_configuration:/home/user/exchange/workspace/install/pal_pro_gripper_simulation:/home/user/exchange/workspace/install/pal_pro_gripper_bringup:/home/user/exchange/workspace/install/pal_pro_gripper:/home/user/exchange/workspace/install/pal_pro_gripper_controller_configuration:/home/user/exchange/workspace/install/pal_pro_gripper_description:/home/user/exchange/workspace/install/pal_gazebo_worlds:/opt/ros/humble CMAKE_PREFIX_PATH=/home/user/exchange/workspace/install/tiago_pro_moveit_config:/home/user/exchange/workspace/install/tiago_pro_description:/home/user/exchange/workspace/install/tiago_pro_bringup:/home/user/exchange/workspace/install/pal_sea_arm_moveit_config:/home/user/exchange/workspace/install/tiago_pro_controller_configuration:/home/user/exchange/workspace/install/pal_sea_arm_description:/home/user/exchange/workspace/install/pal_sea_arm_controller_configuration:/home/user/exchange/workspace/install/pal_pro_gripper_controller_configuration:/home/user/exchange/workspace/install/tiago_pro_laser_sensors:/home/user/exchange/workspace/install/pal_pro_gripper_description:/home/user/exchange/workspace/install/tiago_manipulation_tasks:/home/user/exchange/workspace/install/tiago_pro_simulation:/home/user/exchange/workspace/install/tiago_pro_robot:/home/user/exchange/workspace/install/tiago_pro_navigation:/home/user/exchange/workspace/install/tiago_pro_gazebo:/home/user/exchange/workspace/install/tiago_pro_rgbd_sensors:/home/user/exchange/workspace/install/tiago_pro_mujoco:/home/user/exchange/workspace/install/tiago_pro_2dnav:/home/user/exchange/workspace/install/pal_sea_arm:/home/user/exchange/workspace/install/pal_sea_arm_bringup:/home/user/exchange/workspace/install/pal_pro_gripper_simulation:/home/user/exchange/workspace/install/pal_pro_gripper_bringup:/home/user/exchange/workspace/install/pal_pro_gripper:/home/user/exchange/workspace/install/pal_gazebo_worlds:/home/user/exchange/workspace/install/pick_task:/home/user/exchange/workspace/install/pal_pro_gripper_wrapper:/opt/ros/humble PYTHONPATH=/home/user/exchange/workspace/install/pal_pro_gripper_wrapper/lib/python3.10/site-packages:/home/user/exchange/workspace/install/pick_task/lib/python3.10/site-packages:/home/user/exchange/workspace/install/tiago_pro_description/local/lib/python3.10/dist-packages:/home/user/exchange/workspace/install/pal_sea_arm_description/local/lib/python3.10/dist-packages:/home/user/exchange/workspace/install/pal_pro_gripper_description/local/lib/python3.10/dist-packages:/opt/ros/humble/lib/python3.10/site-packages:/opt/ros/humble/local/lib/python3.10/dist-packages /usr/bin/cmake --build /home/user/exchange/workspace/build/tiago_pro_mujoco -- -j12 -l12
[1.730s] DEBUG:colcon.colcon_core.event_handler.log_command:Invoking command in '/home/user/exchange/workspace/build/tiago_pro_mujoco': AMENT_PREFIX_PATH=/home/user/exchange/workspace/install/pal_pro_gripper_wrapper:/home/user/exchange/workspace/install/tiago_manipulation_tasks:/home/user/exchange/workspace/install/pick_task:/home/user/exchange/workspace/install/tiago_pro_simulation:/home/user/exchange/workspace/install/tiago_pro_robot:/home/user/exchange/workspace/install/tiago_pro_navigation:/home/user/exchange/workspace/install/tiago_pro_gazebo:/home/user/exchange/workspace/install/tiago_pro_rgbd_sensors:/home/user/exchange/workspace/install/tiago_pro_mujoco:/home/user/exchange/workspace/install/tiago_pro_moveit_config:/home/user/exchange/workspace/install/tiago_pro_laser_sensors:/home/user/exchange/workspace/install/tiago_pro_description:/home/user/exchange/workspace/install/tiago_pro_bringup:/home/user/exchange/workspace/install/tiago_pro_controller_configuration:/home/user/exchange/workspace/install/tiago_pro_2dnav:/home/user/exchange/workspace/install/pal_sea_arm_moveit_config:/home/user/exchange/workspace/install/pal_sea_arm:/home/user/exchange/workspace/install/pal_sea_arm_bringup:/home/user/exchange/workspace/install/pal_sea_arm_description:/home/user/exchange/workspace/install/pal_sea_arm_controller_configuration:/home/user/exchange/workspace/install/pal_pro_gripper_simulation:/home/user/exchange/workspace/install/pal_pro_gripper_bringup:/home/user/exchange/workspace/install/pal_pro_gripper:/home/user/exchange/workspace/install/pal_pro_gripper_controller_configuration:/home/user/exchange/workspace/install/pal_pro_gripper_description:/home/user/exchange/workspace/install/pal_gazebo_worlds:/opt/ros/humble CMAKE_PREFIX_PATH=/home/user/exchange/workspace/install/tiago_pro_moveit_config:/home/user/exchange/workspace/install/tiago_pro_description:/home/user/exchange/workspace/install/tiago_pro_bringup:/home/user/exchange/workspace/install/pal_sea_arm_moveit_config:/home/user/exchange/workspace/install/tiago_pro_controller_configuration:/home/user/exchange/workspace/install/pal_sea_arm_description:/home/user/exchange/workspace/install/pal_sea_arm_controller_configuration:/home/user/exchange/workspace/install/pal_pro_gripper_controller_configuration:/home/user/exchange/workspace/install/tiago_pro_laser_sensors:/home/user/exchange/workspace/install/pal_pro_gripper_description:/home/user/exchange/workspace/install/tiago_manipulation_tasks:/home/user/exchange/workspace/install/tiago_pro_simulation:/home/user/exchange/workspace/install/tiago_pro_robot:/home/user/exchange/workspace/install/tiago_pro_navigation:/home/user/exchange/workspace/install/tiago_pro_gazebo:/home/user/exchange/workspace/install/tiago_pro_rgbd_sensors:/home/user/exchange/workspace/install/tiago_pro_mujoco:/home/user/exchange/workspace/install/tiago_pro_2dnav:/home/user/exchange/workspace/install/pal_sea_arm:/home/user/exchange/workspace/install/pal_sea_arm_bringup:/home/user/exchange/workspace/install/pal_pro_gripper_simulation:/home/user/exchange/workspace/install/pal_pro_gripper_bringup:/home/user/exchange/workspace/install/pal_pro_gripper:/home/user/exchange/workspace/install/pal_gazebo_worlds:/home/user/exchange/workspace/install/pick_task:/home/user/exchange/workspace/install/pal_pro_gripper_wrapper:/opt/ros/humble PYTHONPATH=/home/user/exchange/workspace/install/pal_pro_gripper_wrapper/lib/python3.10/site-packages:/home/user/exchange/workspace/install/pick_task/lib/python3.10/site-packages:/home/user/exchange/workspace/install/tiago_pro_description/local/lib/python3.10/dist-packages:/home/user/exchange/workspace/install/pal_sea_arm_description/local/lib/python3.10/dist-packages:/home/user/exchange/workspace/install/pal_pro_gripper_description/local/lib/python3.10/dist-packages:/opt/ros/humble/lib/python3.10/site-packages:/opt/ros/humble/local/lib/python3.10/dist-packages /usr/bin/cmake --install /home/user/exchange/workspace/build/tiago_pro_mujoco
[1.735s] Level 1:colcon.colcon_core.environment:create_environment_scripts_only(tiago_pro_gazebo)
[1.735s] Level 1:colcon.colcon_core.environment:checking '/home/user/exchange/workspace/install/tiago_pro_gazebo' for CMake module files
[1.736s] DEBUG:colcon.colcon_core.event_handler.log_command:Invoked command in '/home/user/exchange/workspace/build/tiago_pro_gazebo' returned '0': AMENT_PREFIX_PATH=/home/user/exchange/workspace/install/pal_pro_gripper_wrapper:/home/user/exchange/workspace/install/tiago_manipulation_tasks:/home/user/exchange/workspace/install/pick_task:/home/user/exchange/workspace/install/tiago_pro_simulation:/home/user/exchange/workspace/install/tiago_pro_robot:/home/user/exchange/workspace/install/tiago_pro_navigation:/home/user/exchange/workspace/install/tiago_pro_gazebo:/home/user/exchange/workspace/install/tiago_pro_rgbd_sensors:/home/user/exchange/workspace/install/tiago_pro_mujoco:/home/user/exchange/workspace/install/tiago_pro_moveit_config:/home/user/exchange/workspace/install/tiago_pro_laser_sensors:/home/user/exchange/workspace/install/tiago_pro_description:/home/user/exchange/workspace/install/tiago_pro_bringup:/home/user/exchange/workspace/install/tiago_pro_controller_configuration:/home/user/exchange/workspace/install/tiago_pro_2dnav:/home/user/exchange/workspace/install/pal_sea_arm_moveit_config:/home/user/exchange/workspace/install/pal_sea_arm:/home/user/exchange/workspace/install/pal_sea_arm_bringup:/home/user/exchange/workspace/install/pal_sea_arm_description:/home/user/exchange/workspace/install/pal_sea_arm_controller_configuration:/home/user/exchange/workspace/install/pal_pro_gripper_simulation:/home/user/exchange/workspace/install/pal_pro_gripper_bringup:/home/user/exchange/workspace/install/pal_pro_gripper:/home/user/exchange/workspace/install/pal_pro_gripper_controller_configuration:/home/user/exchange/workspace/install/pal_pro_gripper_description:/home/user/exchange/workspace/install/pal_gazebo_worlds:/opt/ros/humble CMAKE_PREFIX_PATH=/home/user/exchange/workspace/install/tiago_pro_moveit_config:/home/user/exchange/workspace/install/tiago_pro_description:/home/user/exchange/workspace/install/tiago_pro_bringup:/home/user/exchange/workspace/install/pal_sea_arm_moveit_config:/home/user/exchange/workspace/install/tiago_pro_controller_configuration:/home/user/exchange/workspace/install/pal_sea_arm_description:/home/user/exchange/workspace/install/pal_sea_arm_controller_configuration:/home/user/exchange/workspace/install/pal_pro_gripper_controller_configuration:/home/user/exchange/workspace/install/tiago_pro_rgbd_sensors:/home/user/exchange/workspace/install/tiago_pro_laser_sensors:/home/user/exchange/workspace/install/tiago_pro_2dnav:/home/user/exchange/workspace/install/pal_pro_gripper_description:/home/user/exchange/workspace/install/pal_gazebo_worlds:/home/user/exchange/workspace/install/tiago_manipulation_tasks:/home/user/exchange/workspace/install/tiago_pro_simulation:/home/user/exchange/workspace/install/tiago_pro_robot:/home/user/exchange/workspace/install/tiago_pro_navigation:/home/user/exchange/workspace/install/tiago_pro_gazebo:/home/user/exchange/workspace/install/tiago_pro_mujoco:/home/user/exchange/workspace/install/pal_sea_arm:/home/user/exchange/workspace/install/pal_sea_arm_bringup:/home/user/exchange/workspace/install/pal_pro_gripper_simulation:/home/user/exchange/workspace/install/pal_pro_gripper_bringup:/home/user/exchange/workspace/install/pal_pro_gripper:/home/user/exchange/workspace/install/pick_task:/home/user/exchange/workspace/install/pal_pro_gripper_wrapper:/opt/ros/humble PYTHONPATH=/home/user/exchange/workspace/install/pal_pro_gripper_wrapper/lib/python3.10/site-packages:/home/user/exchange/workspace/install/pick_task/lib/python3.10/site-packages:/home/user/exchange/workspace/install/tiago_pro_description/local/lib/python3.10/dist-packages:/home/user/exchange/workspace/install/pal_sea_arm_description/local/lib/python3.10/dist-packages:/home/user/exchange/workspace/install/pal_pro_gripper_description/local/lib/python3.10/dist-packages:/opt/ros/humble/lib/python3.10/site-packages:/opt/ros/humble/local/lib/python3.10/dist-packages /usr/bin/cmake --install /home/user/exchange/workspace/build/tiago_pro_gazebo
[1.736s] Level 1:colcon.colcon_core.environment:checking '/home/user/exchange/workspace/install/tiago_pro_gazebo' for CMake config files
[1.737s] Level 1:colcon.colcon_core.shell:create_environment_hook('tiago_pro_gazebo', 'cmake_prefix_path')
[1.737s] INFO:colcon.colcon_core.shell:Creating environment hook '/home/user/exchange/workspace/install/tiago_pro_gazebo/share/tiago_pro_gazebo/hook/cmake_prefix_path.ps1'
[1.737s] INFO:colcon.colcon_core.shell:Creating environment descriptor '/home/user/exchange/workspace/install/tiago_pro_gazebo/share/tiago_pro_gazebo/hook/cmake_prefix_path.dsv'
[1.738s] INFO:colcon.colcon_core.shell:Creating environment hook '/home/user/exchange/workspace/install/tiago_pro_gazebo/share/tiago_pro_gazebo/hook/cmake_prefix_path.sh'
[1.738s] Level 1:colcon.colcon_core.environment:checking '/home/user/exchange/workspace/install/tiago_pro_gazebo/lib'
[1.738s] Level 1:colcon.colcon_core.environment:checking '/home/user/exchange/workspace/install/tiago_pro_gazebo/bin'
[1.738s] Level 1:colcon.colcon_core.environment:checking '/home/user/exchange/workspace/install/tiago_pro_gazebo/lib/pkgconfig/tiago_pro_gazebo.pc'
[1.739s] Level 1:colcon.colcon_core.environment:checking '/home/user/exchange/workspace/install/tiago_pro_gazebo/lib/python3.10/site-packages'
[1.739s] Level 1:colcon.colcon_core.environment:checking '/home/user/exchange/workspace/install/tiago_pro_gazebo/bin'
[1.739s] INFO:colcon.colcon_core.shell:Creating package script '/home/user/exchange/workspace/install/tiago_pro_gazebo/share/tiago_pro_gazebo/package.ps1'
[1.739s] INFO:colcon.colcon_core.shell:Creating package descriptor '/home/user/exchange/workspace/install/tiago_pro_gazebo/share/tiago_pro_gazebo/package.dsv'
[1.740s] INFO:colcon.colcon_core.shell:Creating package script '/home/user/exchange/workspace/install/tiago_pro_gazebo/share/tiago_pro_gazebo/package.sh'
[1.740s] INFO:colcon.colcon_core.shell:Creating package script '/home/user/exchange/workspace/install/tiago_pro_gazebo/share/tiago_pro_gazebo/package.bash'
[1.740s] INFO:colcon.colcon_core.shell:Creating package script '/home/user/exchange/workspace/install/tiago_pro_gazebo/share/tiago_pro_gazebo/package.zsh'
[1.740s] Level 1:colcon.colcon_core.environment:create_file_with_runtime_dependencies(/home/user/exchange/workspace/install/tiago_pro_gazebo/share/colcon-core/packages/tiago_pro_gazebo)
[1.740s] Level 1:colcon.colcon_core.environment:create_environment_scripts_only(tiago_pro_gazebo)
[1.741s] Level 1:colcon.colcon_core.environment:checking '/home/user/exchange/workspace/install/tiago_pro_gazebo' for CMake module files
[1.741s] Level 1:colcon.colcon_core.environment:checking '/home/user/exchange/workspace/install/tiago_pro_gazebo' for CMake config files
[1.741s] Level 1:colcon.colcon_core.shell:create_environment_hook('tiago_pro_gazebo', 'cmake_prefix_path')
[1.741s] INFO:colcon.colcon_core.shell:Creating environment hook '/home/user/exchange/workspace/install/tiago_pro_gazebo/share/tiago_pro_gazebo/hook/cmake_prefix_path.ps1'
[1.741s] INFO:colcon.colcon_core.shell:Creating environment descriptor '/home/user/exchange/workspace/install/tiago_pro_gazebo/share/tiago_pro_gazebo/hook/cmake_prefix_path.dsv'
[1.742s] INFO:colcon.colcon_core.shell:Creating environment hook '/home/user/exchange/workspace/install/tiago_pro_gazebo/share/tiago_pro_gazebo/hook/cmake_prefix_path.sh'
[1.742s] Level 1:colcon.colcon_core.environment:checking '/home/user/exchange/workspace/install/tiago_pro_gazebo/lib'
[1.742s] Level 1:colcon.colcon_core.environment:checking '/home/user/exchange/workspace/install/tiago_pro_gazebo/bin'
[1.742s] Level 1:colcon.colcon_core.environment:checking '/home/user/exchange/workspace/install/tiago_pro_gazebo/lib/pkgconfig/tiago_pro_gazebo.pc'
[1.742s] Level 1:colcon.colcon_core.environment:checking '/home/user/exchange/workspace/install/tiago_pro_gazebo/lib/python3.10/site-packages'
[1.742s] Level 1:colcon.colcon_core.environment:checking '/home/user/exchange/workspace/install/tiago_pro_gazebo/bin'
[1.743s] INFO:colcon.colcon_core.shell:Creating package script '/home/user/exchange/workspace/install/tiago_pro_gazebo/share/tiago_pro_gazebo/package.ps1'
[1.743s] INFO:colcon.colcon_core.shell:Creating package descriptor '/home/user/exchange/workspace/install/tiago_pro_gazebo/share/tiago_pro_gazebo/package.dsv'
[1.743s] INFO:colcon.colcon_core.shell:Creating package script '/home/user/exchange/workspace/install/tiago_pro_gazebo/share/tiago_pro_gazebo/package.sh'
[1.744s] INFO:colcon.colcon_core.shell:Creating package script '/home/user/exchange/workspace/install/tiago_pro_gazebo/share/tiago_pro_gazebo/package.bash'
[1.744s] INFO:colcon.colcon_core.shell:Creating package script '/home/user/exchange/workspace/install/tiago_pro_gazebo/share/tiago_pro_gazebo/package.zsh'
[1.744s] Level 1:colcon.colcon_core.environment:create_file_with_runtime_dependencies(/home/user/exchange/workspace/install/tiago_pro_gazebo/share/colcon-core/packages/tiago_pro_gazebo)
[1.745s] Level 1:colcon.colcon_core.environment:create_environment_scripts_only(tiago_pro_mujoco)
[1.745s] Level 1:colcon.colcon_core.environment:checking '/home/user/exchange/workspace/install/tiago_pro_mujoco' for CMake module files
[1.745s] DEBUG:colcon.colcon_core.event_handler.log_command:Invoked command in '/home/user/exchange/workspace/build/tiago_pro_mujoco' returned '0': AMENT_PREFIX_PATH=/home/user/exchange/workspace/install/pal_pro_gripper_wrapper:/home/user/exchange/workspace/install/tiago_manipulation_tasks:/home/user/exchange/workspace/install/pick_task:/home/user/exchange/workspace/install/tiago_pro_simulation:/home/user/exchange/workspace/install/tiago_pro_robot:/home/user/exchange/workspace/install/tiago_pro_navigation:/home/user/exchange/workspace/install/tiago_pro_gazebo:/home/user/exchange/workspace/install/tiago_pro_rgbd_sensors:/home/user/exchange/workspace/install/tiago_pro_mujoco:/home/user/exchange/workspace/install/tiago_pro_moveit_config:/home/user/exchange/workspace/install/tiago_pro_laser_sensors:/home/user/exchange/workspace/install/tiago_pro_description:/home/user/exchange/workspace/install/tiago_pro_bringup:/home/user/exchange/workspace/install/tiago_pro_controller_configuration:/home/user/exchange/workspace/install/tiago_pro_2dnav:/home/user/exchange/workspace/install/pal_sea_arm_moveit_config:/home/user/exchange/workspace/install/pal_sea_arm:/home/user/exchange/workspace/install/pal_sea_arm_bringup:/home/user/exchange/workspace/install/pal_sea_arm_description:/home/user/exchange/workspace/install/pal_sea_arm_controller_configuration:/home/user/exchange/workspace/install/pal_pro_gripper_simulation:/home/user/exchange/workspace/install/pal_pro_gripper_bringup:/home/user/exchange/workspace/install/pal_pro_gripper:/home/user/exchange/workspace/install/pal_pro_gripper_controller_configuration:/home/user/exchange/workspace/install/pal_pro_gripper_description:/home/user/exchange/workspace/install/pal_gazebo_worlds:/opt/ros/humble CMAKE_PREFIX_PATH=/home/user/exchange/workspace/install/tiago_pro_moveit_config:/home/user/exchange/workspace/install/tiago_pro_description:/home/user/exchange/workspace/install/tiago_pro_bringup:/home/user/exchange/workspace/install/pal_sea_arm_moveit_config:/home/user/exchange/workspace/install/tiago_pro_controller_configuration:/home/user/exchange/workspace/install/pal_sea_arm_description:/home/user/exchange/workspace/install/pal_sea_arm_controller_configuration:/home/user/exchange/workspace/install/pal_pro_gripper_controller_configuration:/home/user/exchange/workspace/install/tiago_pro_laser_sensors:/home/user/exchange/workspace/install/pal_pro_gripper_description:/home/user/exchange/workspace/install/tiago_manipulation_tasks:/home/user/exchange/workspace/install/tiago_pro_simulation:/home/user/exchange/workspace/install/tiago_pro_robot:/home/user/exchange/workspace/install/tiago_pro_navigation:/home/user/exchange/workspace/install/tiago_pro_gazebo:/home/user/exchange/workspace/install/tiago_pro_rgbd_sensors:/home/user/exchange/workspace/install/tiago_pro_mujoco:/home/user/exchange/workspace/install/tiago_pro_2dnav:/home/user/exchange/workspace/install/pal_sea_arm:/home/user/exchange/workspace/install/pal_sea_arm_bringup:/home/user/exchange/workspace/install/pal_pro_gripper_simulation:/home/user/exchange/workspace/install/pal_pro_gripper_bringup:/home/user/exchange/workspace/install/pal_pro_gripper:/home/user/exchange/workspace/install/pal_gazebo_worlds:/home/user/exchange/workspace/install/pick_task:/home/user/exchange/workspace/install/pal_pro_gripper_wrapper:/opt/ros/humble PYTHONPATH=/home/user/exchange/workspace/install/pal_pro_gripper_wrapper/lib/python3.10/site-packages:/home/user/exchange/workspace/install/pick_task/lib/python3.10/site-packages:/home/user/exchange/workspace/install/tiago_pro_description/local/lib/python3.10/dist-packages:/home/user/exchange/workspace/install/pal_sea_arm_description/local/lib/python3.10/dist-packages:/home/user/exchange/workspace/install/pal_pro_gripper_description/local/lib/python3.10/dist-packages:/opt/ros/humble/lib/python3.10/site-packages:/opt/ros/humble/local/lib/python3.10/dist-packages /usr/bin/cmake --install /home/user/exchange/workspace/build/tiago_pro_mujoco
[1.745s] Level 1:colcon.colcon_core.environment:checking '/home/user/exchange/workspace/install/tiago_pro_mujoco' for CMake config files
[1.745s] Level 1:colcon.colcon_core.shell:create_environment_hook('tiago_pro_mujoco', 'cmake_prefix_path')
[1.745s] INFO:colcon.colcon_core.shell:Creating environment hook '/home/user/exchange/workspace/install/tiago_pro_mujoco/share/tiago_pro_mujoco/hook/cmake_prefix_path.ps1'
[1.746s] INFO:colcon.colcon_core.shell:Creating environment descriptor '/home/user/exchange/workspace/install/tiago_pro_mujoco/share/tiago_pro_mujoco/hook/cmake_prefix_path.dsv'
[1.746s] INFO:colcon.colcon_core.shell:Creating environment hook '/home/user/exchange/workspace/install/tiago_pro_mujoco/share/tiago_pro_mujoco/hook/cmake_prefix_path.sh'
[1.747s] Level 1:colcon.colcon_core.environment:checking '/home/user/exchange/workspace/install/tiago_pro_mujoco/bin'
[1.747s] Level 1:colcon.colcon_core.environment:checking '/home/user/exchange/workspace/install/tiago_pro_mujoco/lib/pkgconfig/tiago_pro_mujoco.pc'
[1.747s] Level 1:colcon.colcon_core.environment:checking '/home/user/exchange/workspace/install/tiago_pro_mujoco/lib/python3.10/site-packages'
[1.747s] Level 1:colcon.colcon_core.environment:checking '/home/user/exchange/workspace/install/tiago_pro_mujoco/bin'
[1.747s] INFO:colcon.colcon_core.shell:Creating package script '/home/user/exchange/workspace/install/tiago_pro_mujoco/share/tiago_pro_mujoco/package.ps1'
[1.748s] INFO:colcon.colcon_core.shell:Creating package descriptor '/home/user/exchange/workspace/install/tiago_pro_mujoco/share/tiago_pro_mujoco/package.dsv'
[1.748s] INFO:colcon.colcon_core.shell:Creating package script '/home/user/exchange/workspace/install/tiago_pro_mujoco/share/tiago_pro_mujoco/package.sh'
[1.748s] INFO:colcon.colcon_core.shell:Creating package script '/home/user/exchange/workspace/install/tiago_pro_mujoco/share/tiago_pro_mujoco/package.bash'
[1.748s] INFO:colcon.colcon_core.shell:Creating package script '/home/user/exchange/workspace/install/tiago_pro_mujoco/share/tiago_pro_mujoco/package.zsh'
[1.749s] Level 1:colcon.colcon_core.environment:create_file_with_runtime_dependencies(/home/user/exchange/workspace/install/tiago_pro_mujoco/share/colcon-core/packages/tiago_pro_mujoco)
[1.749s] Level 1:colcon.colcon_core.environment:create_environment_scripts_only(tiago_pro_mujoco)
[1.749s] Level 1:colcon.colcon_core.environment:checking '/home/user/exchange/workspace/install/tiago_pro_mujoco' for CMake module files
[1.749s] Level 1:colcon.colcon_core.environment:checking '/home/user/exchange/workspace/install/tiago_pro_mujoco' for CMake config files
[1.749s] Level 1:colcon.colcon_core.shell:create_environment_hook('tiago_pro_mujoco', 'cmake_prefix_path')
[1.750s] INFO:colcon.colcon_core.shell:Creating environment hook '/home/user/exchange/workspace/install/tiago_pro_mujoco/share/tiago_pro_mujoco/hook/cmake_prefix_path.ps1'
[1.750s] INFO:colcon.colcon_core.shell:Creating environment descriptor '/home/user/exchange/workspace/install/tiago_pro_mujoco/share/tiago_pro_mujoco/hook/cmake_prefix_path.dsv'
[1.750s] INFO:colcon.colcon_core.shell:Creating environment hook '/home/user/exchange/workspace/install/tiago_pro_mujoco/share/tiago_pro_mujoco/hook/cmake_prefix_path.sh'
[1.750s] Level 1:colcon.colcon_core.environment:checking '/home/user/exchange/workspace/install/tiago_pro_mujoco/bin'
[1.750s] Level 1:colcon.colcon_core.environment:checking '/home/user/exchange/workspace/install/tiago_pro_mujoco/lib/pkgconfig/tiago_pro_mujoco.pc'
[1.750s] Level 1:colcon.colcon_core.environment:checking '/home/user/exchange/workspace/install/tiago_pro_mujoco/lib/python3.10/site-packages'
[1.751s] Level 1:colcon.colcon_core.environment:checking '/home/user/exchange/workspace/install/tiago_pro_mujoco/bin'
[1.751s] INFO:colcon.colcon_core.shell:Creating package script '/home/user/exchange/workspace/install/tiago_pro_mujoco/share/tiago_pro_mujoco/package.ps1'
[1.751s] INFO:colcon.colcon_core.shell:Creating package descriptor '/home/user/exchange/workspace/install/tiago_pro_mujoco/share/tiago_pro_mujoco/package.dsv'
[1.752s] INFO:colcon.colcon_core.shell:Creating package script '/home/user/exchange/workspace/install/tiago_pro_mujoco/share/tiago_pro_mujoco/package.sh'
[1.752s] INFO:colcon.colcon_core.shell:Creating package script '/home/user/exchange/workspace/install/tiago_pro_mujoco/share/tiago_pro_mujoco/package.bash'
[1.752s] INFO:colcon.colcon_core.shell:Creating package script '/home/user/exchange/workspace/install/tiago_pro_mujoco/share/tiago_pro_mujoco/package.zsh'
[1.752s] Level 1:colcon.colcon_core.environment:create_file_with_runtime_dependencies(/home/user/exchange/workspace/install/tiago_pro_mujoco/share/colcon-core/packages/tiago_pro_mujoco)
[1.752s] INFO:colcon.colcon_ros.task.ament_cmake.build:Building ROS package in '/home/user/exchange/workspace/src/tiago_pro_simulation/tiago_pro_simulation' with build type 'ament_cmake'
[1.752s] INFO:colcon.colcon_cmake.task.cmake.build:Building CMake package in '/home/user/exchange/workspace/src/tiago_pro_simulation/tiago_pro_simulation'
[1.753s] INFO:colcon.colcon_core.shell:Skip shell extension 'powershell' for command environment: Not usable outside of PowerShell
[1.753s] DEBUG:colcon.colcon_core.shell:Skip shell extension 'dsv' for command environment
[1.767s] DEBUG:colcon.colcon_core.event_handler.log_command:Invoking command in '/home/user/exchange/workspace/build/tiago_pro_simulation': AMENT_PREFIX_PATH=/home/user/exchange/workspace/install/pal_pro_gripper_wrapper:/home/user/exchange/workspace/install/tiago_manipulation_tasks:/home/user/exchange/workspace/install/pick_task:/home/user/exchange/workspace/install/tiago_pro_simulation:/home/user/exchange/workspace/install/tiago_pro_robot:/home/user/exchange/workspace/install/tiago_pro_navigation:/home/user/exchange/workspace/install/tiago_pro_gazebo:/home/user/exchange/workspace/install/tiago_pro_rgbd_sensors:/home/user/exchange/workspace/install/tiago_pro_mujoco:/home/user/exchange/workspace/install/tiago_pro_moveit_config:/home/user/exchange/workspace/install/tiago_pro_laser_sensors:/home/user/exchange/workspace/install/tiago_pro_description:/home/user/exchange/workspace/install/tiago_pro_bringup:/home/user/exchange/workspace/install/tiago_pro_controller_configuration:/home/user/exchange/workspace/install/tiago_pro_2dnav:/home/user/exchange/workspace/install/pal_sea_arm_moveit_config:/home/user/exchange/workspace/install/pal_sea_arm:/home/user/exchange/workspace/install/pal_sea_arm_bringup:/home/user/exchange/workspace/install/pal_sea_arm_description:/home/user/exchange/workspace/install/pal_sea_arm_controller_configuration:/home/user/exchange/workspace/install/pal_pro_gripper_simulation:/home/user/exchange/workspace/install/pal_pro_gripper_bringup:/home/user/exchange/workspace/install/pal_pro_gripper:/home/user/exchange/workspace/install/pal_pro_gripper_controller_configuration:/home/user/exchange/workspace/install/pal_pro_gripper_description:/home/user/exchange/workspace/install/pal_gazebo_worlds:/opt/ros/humble CMAKE_PREFIX_PATH=/home/user/exchange/workspace/install/tiago_pro_mujoco:/home/user/exchange/workspace/install/tiago_pro_gazebo:/home/user/exchange/workspace/install/tiago_pro_moveit_config:/home/user/exchange/workspace/install/tiago_pro_description:/home/user/exchange/workspace/install/tiago_pro_bringup:/home/user/exchange/workspace/install/pal_sea_arm_moveit_config:/home/user/exchange/workspace/install/tiago_pro_controller_configuration:/home/user/exchange/workspace/install/pal_sea_arm_description:/home/user/exchange/workspace/install/pal_sea_arm_controller_configuration:/home/user/exchange/workspace/install/pal_pro_gripper_controller_configuration:/home/user/exchange/workspace/install/tiago_pro_rgbd_sensors:/home/user/exchange/workspace/install/tiago_pro_laser_sensors:/home/user/exchange/workspace/install/tiago_pro_2dnav:/home/user/exchange/workspace/install/pal_pro_gripper_description:/home/user/exchange/workspace/install/pal_gazebo_worlds:/home/user/exchange/workspace/install/tiago_manipulation_tasks:/home/user/exchange/workspace/install/tiago_pro_simulation:/home/user/exchange/workspace/install/tiago_pro_robot:/home/user/exchange/workspace/install/tiago_pro_navigation:/home/user/exchange/workspace/install/pal_sea_arm:/home/user/exchange/workspace/install/pal_sea_arm_bringup:/home/user/exchange/workspace/install/pal_pro_gripper_simulation:/home/user/exchange/workspace/install/pal_pro_gripper_bringup:/home/user/exchange/workspace/install/pal_pro_gripper:/home/user/exchange/workspace/install/pick_task:/home/user/exchange/workspace/install/pal_pro_gripper_wrapper:/opt/ros/humble PYTHONPATH=/home/user/exchange/workspace/install/pal_pro_gripper_wrapper/lib/python3.10/site-packages:/home/user/exchange/workspace/install/pick_task/lib/python3.10/site-packages:/home/user/exchange/workspace/install/tiago_pro_description/local/lib/python3.10/dist-packages:/home/user/exchange/workspace/install/pal_sea_arm_description/local/lib/python3.10/dist-packages:/home/user/exchange/workspace/install/pal_pro_gripper_description/local/lib/python3.10/dist-packages:/opt/ros/humble/lib/python3.10/site-packages:/opt/ros/humble/local/lib/python3.10/dist-packages /usr/bin/cmake --build /home/user/exchange/workspace/build/tiago_pro_simulation -- -j12 -l12
[1.792s] DEBUG:colcon.colcon_core.event_handler.log_command:Invoked command in '/home/user/exchange/workspace/build/tiago_pro_simulation' returned '0': AMENT_PREFIX_PATH=/home/user/exchange/workspace/install/pal_pro_gripper_wrapper:/home/user/exchange/workspace/install/tiago_manipulation_tasks:/home/user/exchange/workspace/install/pick_task:/home/user/exchange/workspace/install/tiago_pro_simulation:/home/user/exchange/workspace/install/tiago_pro_robot:/home/user/exchange/workspace/install/tiago_pro_navigation:/home/user/exchange/workspace/install/tiago_pro_gazebo:/home/user/exchange/workspace/install/tiago_pro_rgbd_sensors:/home/user/exchange/workspace/install/tiago_pro_mujoco:/home/user/exchange/workspace/install/tiago_pro_moveit_config:/home/user/exchange/workspace/install/tiago_pro_laser_sensors:/home/user/exchange/workspace/install/tiago_pro_description:/home/user/exchange/workspace/install/tiago_pro_bringup:/home/user/exchange/workspace/install/tiago_pro_controller_configuration:/home/user/exchange/workspace/install/tiago_pro_2dnav:/home/user/exchange/workspace/install/pal_sea_arm_moveit_config:/home/user/exchange/workspace/install/pal_sea_arm:/home/user/exchange/workspace/install/pal_sea_arm_bringup:/home/user/exchange/workspace/install/pal_sea_arm_description:/home/user/exchange/workspace/install/pal_sea_arm_controller_configuration:/home/user/exchange/workspace/install/pal_pro_gripper_simulation:/home/user/exchange/workspace/install/pal_pro_gripper_bringup:/home/user/exchange/workspace/install/pal_pro_gripper:/home/user/exchange/workspace/install/pal_pro_gripper_controller_configuration:/home/user/exchange/workspace/install/pal_pro_gripper_description:/home/user/exchange/workspace/install/pal_gazebo_worlds:/opt/ros/humble CMAKE_PREFIX_PATH=/home/user/exchange/workspace/install/tiago_pro_mujoco:/home/user/exchange/workspace/install/tiago_pro_gazebo:/home/user/exchange/workspace/install/tiago_pro_moveit_config:/home/user/exchange/workspace/install/tiago_pro_description:/home/user/exchange/workspace/install/tiago_pro_bringup:/home/user/exchange/workspace/install/pal_sea_arm_moveit_config:/home/user/exchange/workspace/install/tiago_pro_controller_configuration:/home/user/exchange/workspace/install/pal_sea_arm_description:/home/user/exchange/workspace/install/pal_sea_arm_controller_configuration:/home/user/exchange/workspace/install/pal_pro_gripper_controller_configuration:/home/user/exchange/workspace/install/tiago_pro_rgbd_sensors:/home/user/exchange/workspace/install/tiago_pro_laser_sensors:/home/user/exchange/workspace/install/tiago_pro_2dnav:/home/user/exchange/workspace/install/pal_pro_gripper_description:/home/user/exchange/workspace/install/pal_gazebo_worlds:/home/user/exchange/workspace/install/tiago_manipulation_tasks:/home/user/exchange/workspace/install/tiago_pro_simulation:/home/user/exchange/workspace/install/tiago_pro_robot:/home/user/exchange/workspace/install/tiago_pro_navigation:/home/user/exchange/workspace/install/pal_sea_arm:/home/user/exchange/workspace/install/pal_sea_arm_bringup:/home/user/exchange/workspace/install/pal_pro_gripper_simulation:/home/user/exchange/workspace/install/pal_pro_gripper_bringup:/home/user/exchange/workspace/install/pal_pro_gripper:/home/user/exchange/workspace/install/pick_task:/home/user/exchange/workspace/install/pal_pro_gripper_wrapper:/opt/ros/humble PYTHONPATH=/home/user/exchange/workspace/install/pal_pro_gripper_wrapper/lib/python3.10/site-packages:/home/user/exchange/workspace/install/pick_task/lib/python3.10/site-packages:/home/user/exchange/workspace/install/tiago_pro_description/local/lib/python3.10/dist-packages:/home/user/exchange/workspace/install/pal_sea_arm_description/local/lib/python3.10/dist-packages:/home/user/exchange/workspace/install/pal_pro_gripper_description/local/lib/python3.10/dist-packages:/opt/ros/humble/lib/python3.10/site-packages:/opt/ros/humble/local/lib/python3.10/dist-packages /usr/bin/cmake --build /home/user/exchange/workspace/build/tiago_pro_simulation -- -j12 -l12
[1.793s] DEBUG:colcon.colcon_core.event_handler.log_command:Invoking command in '/home/user/exchange/workspace/build/tiago_pro_simulation': AMENT_PREFIX_PATH=/home/user/exchange/workspace/install/pal_pro_gripper_wrapper:/home/user/exchange/workspace/install/tiago_manipulation_tasks:/home/user/exchange/workspace/install/pick_task:/home/user/exchange/workspace/install/tiago_pro_simulation:/home/user/exchange/workspace/install/tiago_pro_robot:/home/user/exchange/workspace/install/tiago_pro_navigation:/home/user/exchange/workspace/install/tiago_pro_gazebo:/home/user/exchange/workspace/install/tiago_pro_rgbd_sensors:/home/user/exchange/workspace/install/tiago_pro_mujoco:/home/user/exchange/workspace/install/tiago_pro_moveit_config:/home/user/exchange/workspace/install/tiago_pro_laser_sensors:/home/user/exchange/workspace/install/tiago_pro_description:/home/user/exchange/workspace/install/tiago_pro_bringup:/home/user/exchange/workspace/install/tiago_pro_controller_configuration:/home/user/exchange/workspace/install/tiago_pro_2dnav:/home/user/exchange/workspace/install/pal_sea_arm_moveit_config:/home/user/exchange/workspace/install/pal_sea_arm:/home/user/exchange/workspace/install/pal_sea_arm_bringup:/home/user/exchange/workspace/install/pal_sea_arm_description:/home/user/exchange/workspace/install/pal_sea_arm_controller_configuration:/home/user/exchange/workspace/install/pal_pro_gripper_simulation:/home/user/exchange/workspace/install/pal_pro_gripper_bringup:/home/user/exchange/workspace/install/pal_pro_gripper:/home/user/exchange/workspace/install/pal_pro_gripper_controller_configuration:/home/user/exchange/workspace/install/pal_pro_gripper_description:/home/user/exchange/workspace/install/pal_gazebo_worlds:/opt/ros/humble CMAKE_PREFIX_PATH=/home/user/exchange/workspace/install/tiago_pro_mujoco:/home/user/exchange/workspace/install/tiago_pro_gazebo:/home/user/exchange/workspace/install/tiago_pro_moveit_config:/home/user/exchange/workspace/install/tiago_pro_description:/home/user/exchange/workspace/install/tiago_pro_bringup:/home/user/exchange/workspace/install/pal_sea_arm_moveit_config:/home/user/exchange/workspace/install/tiago_pro_controller_configuration:/home/user/exchange/workspace/install/pal_sea_arm_description:/home/user/exchange/workspace/install/pal_sea_arm_controller_configuration:/home/user/exchange/workspace/install/pal_pro_gripper_controller_configuration:/home/user/exchange/workspace/install/tiago_pro_rgbd_sensors:/home/user/exchange/workspace/install/tiago_pro_laser_sensors:/home/user/exchange/workspace/install/tiago_pro_2dnav:/home/user/exchange/workspace/install/pal_pro_gripper_description:/home/user/exchange/workspace/install/pal_gazebo_worlds:/home/user/exchange/workspace/install/tiago_manipulation_tasks:/home/user/exchange/workspace/install/tiago_pro_simulation:/home/user/exchange/workspace/install/tiago_pro_robot:/home/user/exchange/workspace/install/tiago_pro_navigation:/home/user/exchange/workspace/install/pal_sea_arm:/home/user/exchange/workspace/install/pal_sea_arm_bringup:/home/user/exchange/workspace/install/pal_pro_gripper_simulation:/home/user/exchange/workspace/install/pal_pro_gripper_bringup:/home/user/exchange/workspace/install/pal_pro_gripper:/home/user/exchange/workspace/install/pick_task:/home/user/exchange/workspace/install/pal_pro_gripper_wrapper:/opt/ros/humble PYTHONPATH=/home/user/exchange/workspace/install/pal_pro_gripper_wrapper/lib/python3.10/site-packages:/home/user/exchange/workspace/install/pick_task/lib/python3.10/site-packages:/home/user/exchange/workspace/install/tiago_pro_description/local/lib/python3.10/dist-packages:/home/user/exchange/workspace/install/pal_sea_arm_description/local/lib/python3.10/dist-packages:/home/user/exchange/workspace/install/pal_pro_gripper_description/local/lib/python3.10/dist-packages:/opt/ros/humble/lib/python3.10/site-packages:/opt/ros/humble/local/lib/python3.10/dist-packages /usr/bin/cmake --install /home/user/exchange/workspace/build/tiago_pro_simulation
[1.799s] Level 1:colcon.colcon_core.environment:create_environment_scripts_only(tiago_pro_simulation)
[1.799s] Level 1:colcon.colcon_core.environment:checking '/home/user/exchange/workspace/install/tiago_pro_simulation' for CMake module files
[1.800s] DEBUG:colcon.colcon_core.event_handler.log_command:Invoked command in '/home/user/exchange/workspace/build/tiago_pro_simulation' returned '0': AMENT_PREFIX_PATH=/home/user/exchange/workspace/install/pal_pro_gripper_wrapper:/home/user/exchange/workspace/install/tiago_manipulation_tasks:/home/user/exchange/workspace/install/pick_task:/home/user/exchange/workspace/install/tiago_pro_simulation:/home/user/exchange/workspace/install/tiago_pro_robot:/home/user/exchange/workspace/install/tiago_pro_navigation:/home/user/exchange/workspace/install/tiago_pro_gazebo:/home/user/exchange/workspace/install/tiago_pro_rgbd_sensors:/home/user/exchange/workspace/install/tiago_pro_mujoco:/home/user/exchange/workspace/install/tiago_pro_moveit_config:/home/user/exchange/workspace/install/tiago_pro_laser_sensors:/home/user/exchange/workspace/install/tiago_pro_description:/home/user/exchange/workspace/install/tiago_pro_bringup:/home/user/exchange/workspace/install/tiago_pro_controller_configuration:/home/user/exchange/workspace/install/tiago_pro_2dnav:/home/user/exchange/workspace/install/pal_sea_arm_moveit_config:/home/user/exchange/workspace/install/pal_sea_arm:/home/user/exchange/workspace/install/pal_sea_arm_bringup:/home/user/exchange/workspace/install/pal_sea_arm_description:/home/user/exchange/workspace/install/pal_sea_arm_controller_configuration:/home/user/exchange/workspace/install/pal_pro_gripper_simulation:/home/user/exchange/workspace/install/pal_pro_gripper_bringup:/home/user/exchange/workspace/install/pal_pro_gripper:/home/user/exchange/workspace/install/pal_pro_gripper_controller_configuration:/home/user/exchange/workspace/install/pal_pro_gripper_description:/home/user/exchange/workspace/install/pal_gazebo_worlds:/opt/ros/humble CMAKE_PREFIX_PATH=/home/user/exchange/workspace/install/tiago_pro_mujoco:/home/user/exchange/workspace/install/tiago_pro_gazebo:/home/user/exchange/workspace/install/tiago_pro_moveit_config:/home/user/exchange/workspace/install/tiago_pro_description:/home/user/exchange/workspace/install/tiago_pro_bringup:/home/user/exchange/workspace/install/pal_sea_arm_moveit_config:/home/user/exchange/workspace/install/tiago_pro_controller_configuration:/home/user/exchange/workspace/install/pal_sea_arm_description:/home/user/exchange/workspace/install/pal_sea_arm_controller_configuration:/home/user/exchange/workspace/install/pal_pro_gripper_controller_configuration:/home/user/exchange/workspace/install/tiago_pro_rgbd_sensors:/home/user/exchange/workspace/install/tiago_pro_laser_sensors:/home/user/exchange/workspace/install/tiago_pro_2dnav:/home/user/exchange/workspace/install/pal_pro_gripper_description:/home/user/exchange/workspace/install/pal_gazebo_worlds:/home/user/exchange/workspace/install/tiago_manipulation_tasks:/home/user/exchange/workspace/install/tiago_pro_simulation:/home/user/exchange/workspace/install/tiago_pro_robot:/home/user/exchange/workspace/install/tiago_pro_navigation:/home/user/exchange/workspace/install/pal_sea_arm:/home/user/exchange/workspace/install/pal_sea_arm_bringup:/home/user/exchange/workspace/install/pal_pro_gripper_simulation:/home/user/exchange/workspace/install/pal_pro_gripper_bringup:/home/user/exchange/workspace/install/pal_pro_gripper:/home/user/exchange/workspace/install/pick_task:/home/user/exchange/workspace/install/pal_pro_gripper_wrapper:/opt/ros/humble PYTHONPATH=/home/user/exchange/workspace/install/pal_pro_gripper_wrapper/lib/python3.10/site-packages:/home/user/exchange/workspace/install/pick_task/lib/python3.10/site-packages:/home/user/exchange/workspace/install/tiago_pro_description/local/lib/python3.10/dist-packages:/home/user/exchange/workspace/install/pal_sea_arm_description/local/lib/python3.10/dist-packages:/home/user/exchange/workspace/install/pal_pro_gripper_description/local/lib/python3.10/dist-packages:/opt/ros/humble/lib/python3.10/site-packages:/opt/ros/humble/local/lib/python3.10/dist-packages /usr/bin/cmake --install /home/user/exchange/workspace/build/tiago_pro_simulation
[1.800s] Level 1:colcon.colcon_core.environment:checking '/home/user/exchange/workspace/install/tiago_pro_simulation' for CMake config files
[1.800s] Level 1:colcon.colcon_core.shell:create_environment_hook('tiago_pro_simulation', 'cmake_prefix_path')
[1.800s] INFO:colcon.colcon_core.shell:Creating environment hook '/home/user/exchange/workspace/install/tiago_pro_simulation/share/tiago_pro_simulation/hook/cmake_prefix_path.ps1'
[1.801s] INFO:colcon.colcon_core.shell:Creating environment descriptor '/home/user/exchange/workspace/install/tiago_pro_simulation/share/tiago_pro_simulation/hook/cmake_prefix_path.dsv'
[1.801s] INFO:colcon.colcon_core.shell:Creating environment hook '/home/user/exchange/workspace/install/tiago_pro_simulation/share/tiago_pro_simulation/hook/cmake_prefix_path.sh'
[1.801s] Level 1:colcon.colcon_core.environment:checking '/home/user/exchange/workspace/install/tiago_pro_simulation/bin'
[1.801s] Level 1:colcon.colcon_core.environment:checking '/home/user/exchange/workspace/install/tiago_pro_simulation/lib/pkgconfig/tiago_pro_simulation.pc'
[1.802s] Level 1:colcon.colcon_core.environment:checking '/home/user/exchange/workspace/install/tiago_pro_simulation/lib/python3.10/site-packages'
[1.802s] Level 1:colcon.colcon_core.environment:checking '/home/user/exchange/workspace/install/tiago_pro_simulation/bin'
[1.802s] INFO:colcon.colcon_core.shell:Creating package script '/home/user/exchange/workspace/install/tiago_pro_simulation/share/tiago_pro_simulation/package.ps1'
[1.802s] INFO:colcon.colcon_core.shell:Creating package descriptor '/home/user/exchange/workspace/install/tiago_pro_simulation/share/tiago_pro_simulation/package.dsv'
[1.803s] INFO:colcon.colcon_core.shell:Creating package script '/home/user/exchange/workspace/install/tiago_pro_simulation/share/tiago_pro_simulation/package.sh'
[1.803s] INFO:colcon.colcon_core.shell:Creating package script '/home/user/exchange/workspace/install/tiago_pro_simulation/share/tiago_pro_simulation/package.bash'
[1.803s] INFO:colcon.colcon_core.shell:Creating package script '/home/user/exchange/workspace/install/tiago_pro_simulation/share/tiago_pro_simulation/package.zsh'
[1.803s] Level 1:colcon.colcon_core.environment:create_file_with_runtime_dependencies(/home/user/exchange/workspace/install/tiago_pro_simulation/share/colcon-core/packages/tiago_pro_simulation)
[1.803s] Level 1:colcon.colcon_core.environment:create_environment_scripts_only(tiago_pro_simulation)
[1.804s] Level 1:colcon.colcon_core.environment:checking '/home/user/exchange/workspace/install/tiago_pro_simulation' for CMake module files
[1.804s] Level 1:colcon.colcon_core.environment:checking '/home/user/exchange/workspace/install/tiago_pro_simulation' for CMake config files
[1.804s] Level 1:colcon.colcon_core.shell:create_environment_hook('tiago_pro_simulation', 'cmake_prefix_path')
[1.804s] INFO:colcon.colcon_core.shell:Creating environment hook '/home/user/exchange/workspace/install/tiago_pro_simulation/share/tiago_pro_simulation/hook/cmake_prefix_path.ps1'
[1.804s] INFO:colcon.colcon_core.shell:Creating environment descriptor '/home/user/exchange/workspace/install/tiago_pro_simulation/share/tiago_pro_simulation/hook/cmake_prefix_path.dsv'
[1.805s] INFO:colcon.colcon_core.shell:Creating environment hook '/home/user/exchange/workspace/install/tiago_pro_simulation/share/tiago_pro_simulation/hook/cmake_prefix_path.sh'
[1.805s] Level 1:colcon.colcon_core.environment:checking '/home/user/exchange/workspace/install/tiago_pro_simulation/bin'
[1.805s] Level 1:colcon.colcon_core.environment:checking '/home/user/exchange/workspace/install/tiago_pro_simulation/lib/pkgconfig/tiago_pro_simulation.pc'
[1.805s] Level 1:colcon.colcon_core.environment:checking '/home/user/exchange/workspace/install/tiago_pro_simulation/lib/python3.10/site-packages'
[1.805s] Level 1:colcon.colcon_core.environment:checking '/home/user/exchange/workspace/install/tiago_pro_simulation/bin'
[1.805s] INFO:colcon.colcon_core.shell:Creating package script '/home/user/exchange/workspace/install/tiago_pro_simulation/share/tiago_pro_simulation/package.ps1'
[1.806s] INFO:colcon.colcon_core.shell:Creating package descriptor '/home/user/exchange/workspace/install/tiago_pro_simulation/share/tiago_pro_simulation/package.dsv'
[1.806s] INFO:colcon.colcon_core.shell:Creating package script '/home/user/exchange/workspace/install/tiago_pro_simulation/share/tiago_pro_simulation/package.sh'
[1.807s] INFO:colcon.colcon_core.shell:Creating package script '/home/user/exchange/workspace/install/tiago_pro_simulation/share/tiago_pro_simulation/package.bash'
[1.807s] INFO:colcon.colcon_core.shell:Creating package script '/home/user/exchange/workspace/install/tiago_pro_simulation/share/tiago_pro_simulation/package.zsh'
[1.807s] Level 1:colcon.colcon_core.environment:create_file_with_runtime_dependencies(/home/user/exchange/workspace/install/tiago_pro_simulation/share/colcon-core/packages/tiago_pro_simulation)
[1.807s] INFO:colcon.colcon_ros.task.ament_python.build:Building ROS package in '/home/user/exchange/workspace/src/pick_task' with build type 'ament_python'
[1.808s] Level 1:colcon.colcon_core.shell:create_environment_hook('pick_task', 'ament_prefix_path')
[1.808s] INFO:colcon.colcon_core.shell:Creating environment hook '/home/user/exchange/workspace/install/pick_task/share/pick_task/hook/ament_prefix_path.ps1'
[1.808s] INFO:colcon.colcon_core.shell:Creating environment descriptor '/home/user/exchange/workspace/install/pick_task/share/pick_task/hook/ament_prefix_path.dsv'
[1.808s] INFO:colcon.colcon_core.shell:Creating environment hook '/home/user/exchange/workspace/install/pick_task/share/pick_task/hook/ament_prefix_path.sh'
[1.809s] INFO:colcon.colcon_core.shell:Skip shell extension 'powershell' for command environment: Not usable outside of PowerShell
[1.809s] DEBUG:colcon.colcon_core.shell:Skip shell extension 'dsv' for command environment
[1.812s] INFO:colcon.colcon_ros.task.ament_cmake.build:Building ROS package in '/home/user/exchange/workspace/src/tiago_manipulation_tasks' with build type 'ament_cmake'
[1.812s] INFO:colcon.colcon_cmake.task.cmake.build:Building CMake package in '/home/user/exchange/workspace/src/tiago_manipulation_tasks'
[1.813s] INFO:colcon.colcon_core.shell:Skip shell extension 'powershell' for command environment: Not usable outside of PowerShell
[1.813s] DEBUG:colcon.colcon_core.shell:Skip shell extension 'dsv' for command environment
[1.984s] INFO:colcon.colcon_core.task.python.build:Building Python package in '/home/user/exchange/workspace/src/pick_task'
[1.984s] INFO:colcon.colcon_core.shell:Skip shell extension 'powershell' for command environment: Not usable outside of PowerShell
[1.985s] DEBUG:colcon.colcon_core.shell:Skip shell extension 'dsv' for command environment
[1.993s] DEBUG:colcon.colcon_core.event_handler.log_command:Invoking command in '/home/user/exchange/workspace/build/tiago_manipulation_tasks': AMENT_PREFIX_PATH=/home/user/exchange/workspace/install/pal_pro_gripper_wrapper:/home/user/exchange/workspace/install/tiago_manipulation_tasks:/home/user/exchange/workspace/install/pick_task:/home/user/exchange/workspace/install/tiago_pro_simulation:/home/user/exchange/workspace/install/tiago_pro_robot:/home/user/exchange/workspace/install/tiago_pro_navigation:/home/user/exchange/workspace/install/tiago_pro_gazebo:/home/user/exchange/workspace/install/tiago_pro_rgbd_sensors:/home/user/exchange/workspace/install/tiago_pro_mujoco:/home/user/exchange/workspace/install/tiago_pro_moveit_config:/home/user/exchange/workspace/install/tiago_pro_laser_sensors:/home/user/exchange/workspace/install/tiago_pro_description:/home/user/exchange/workspace/install/tiago_pro_bringup:/home/user/exchange/workspace/install/tiago_pro_controller_configuration:/home/user/exchange/workspace/install/tiago_pro_2dnav:/home/user/exchange/workspace/install/pal_sea_arm_moveit_config:/home/user/exchange/workspace/install/pal_sea_arm:/home/user/exchange/workspace/install/pal_sea_arm_bringup:/home/user/exchange/workspace/install/pal_sea_arm_description:/home/user/exchange/workspace/install/pal_sea_arm_controller_configuration:/home/user/exchange/workspace/install/pal_pro_gripper_simulation:/home/user/exchange/workspace/install/pal_pro_gripper_bringup:/home/user/exchange/workspace/install/pal_pro_gripper:/home/user/exchange/workspace/install/pal_pro_gripper_controller_configuration:/home/user/exchange/workspace/install/pal_pro_gripper_description:/home/user/exchange/workspace/install/pal_gazebo_worlds:/opt/ros/humble CMAKE_PREFIX_PATH=/home/user/exchange/workspace/install/tiago_pro_simulation:/home/user/exchange/workspace/install/tiago_pro_mujoco:/home/user/exchange/workspace/install/tiago_pro_gazebo:/home/user/exchange/workspace/install/tiago_pro_robot:/home/user/exchange/workspace/install/tiago_pro_moveit_config:/home/user/exchange/workspace/install/pal_sea_arm:/home/user/exchange/workspace/install/tiago_pro_description:/home/user/exchange/workspace/install/tiago_pro_bringup:/home/user/exchange/workspace/install/pal_sea_arm_moveit_config:/home/user/exchange/workspace/install/pal_sea_arm_bringup:/home/user/exchange/workspace/install/tiago_pro_controller_configuration:/home/user/exchange/workspace/install/pal_sea_arm_description:/home/user/exchange/workspace/install/pal_sea_arm_controller_configuration:/home/user/exchange/workspace/install/pal_pro_gripper:/home/user/exchange/workspace/install/pal_pro_gripper_controller_configuration:/home/user/exchange/workspace/install/tiago_pro_rgbd_sensors:/home/user/exchange/workspace/install/tiago_pro_laser_sensors:/home/user/exchange/workspace/install/tiago_pro_2dnav:/home/user/exchange/workspace/install/pal_pro_gripper_description:/home/user/exchange/workspace/install/pal_gazebo_worlds:/home/user/exchange/workspace/install/tiago_manipulation_tasks:/home/user/exchange/workspace/install/tiago_pro_navigation:/home/user/exchange/workspace/install/pal_pro_gripper_simulation:/home/user/exchange/workspace/install/pal_pro_gripper_bringup:/home/user/exchange/workspace/install/pick_task:/home/user/exchange/workspace/install/pal_pro_gripper_wrapper:/opt/ros/humble PYTHONPATH=/home/user/exchange/workspace/install/pal_pro_gripper_wrapper/lib/python3.10/site-packages:/home/user/exchange/workspace/install/pick_task/lib/python3.10/site-packages:/home/user/exchange/workspace/install/tiago_pro_description/local/lib/python3.10/dist-packages:/home/user/exchange/workspace/install/pal_sea_arm_description/local/lib/python3.10/dist-packages:/home/user/exchange/workspace/install/pal_pro_gripper_description/local/lib/python3.10/dist-packages:/opt/ros/humble/lib/python3.10/site-packages:/opt/ros/humble/local/lib/python3.10/dist-packages /usr/bin/cmake --build /home/user/exchange/workspace/build/tiago_manipulation_tasks -- -j12 -l12
[2.058s] DEBUG:colcon.colcon_core.event_handler.log_command:Invoked command in '/home/user/exchange/workspace/build/tiago_manipulation_tasks' returned '0': AMENT_PREFIX_PATH=/home/user/exchange/workspace/install/pal_pro_gripper_wrapper:/home/user/exchange/workspace/install/tiago_manipulation_tasks:/home/user/exchange/workspace/install/pick_task:/home/user/exchange/workspace/install/tiago_pro_simulation:/home/user/exchange/workspace/install/tiago_pro_robot:/home/user/exchange/workspace/install/tiago_pro_navigation:/home/user/exchange/workspace/install/tiago_pro_gazebo:/home/user/exchange/workspace/install/tiago_pro_rgbd_sensors:/home/user/exchange/workspace/install/tiago_pro_mujoco:/home/user/exchange/workspace/install/tiago_pro_moveit_config:/home/user/exchange/workspace/install/tiago_pro_laser_sensors:/home/user/exchange/workspace/install/tiago_pro_description:/home/user/exchange/workspace/install/tiago_pro_bringup:/home/user/exchange/workspace/install/tiago_pro_controller_configuration:/home/user/exchange/workspace/install/tiago_pro_2dnav:/home/user/exchange/workspace/install/pal_sea_arm_moveit_config:/home/user/exchange/workspace/install/pal_sea_arm:/home/user/exchange/workspace/install/pal_sea_arm_bringup:/home/user/exchange/workspace/install/pal_sea_arm_description:/home/user/exchange/workspace/install/pal_sea_arm_controller_configuration:/home/user/exchange/workspace/install/pal_pro_gripper_simulation:/home/user/exchange/workspace/install/pal_pro_gripper_bringup:/home/user/exchange/workspace/install/pal_pro_gripper:/home/user/exchange/workspace/install/pal_pro_gripper_controller_configuration:/home/user/exchange/workspace/install/pal_pro_gripper_description:/home/user/exchange/workspace/install/pal_gazebo_worlds:/opt/ros/humble CMAKE_PREFIX_PATH=/home/user/exchange/workspace/install/tiago_pro_simulation:/home/user/exchange/workspace/install/tiago_pro_mujoco:/home/user/exchange/workspace/install/tiago_pro_gazebo:/home/user/exchange/workspace/install/tiago_pro_robot:/home/user/exchange/workspace/install/tiago_pro_moveit_config:/home/user/exchange/workspace/install/pal_sea_arm:/home/user/exchange/workspace/install/tiago_pro_description:/home/user/exchange/workspace/install/tiago_pro_bringup:/home/user/exchange/workspace/install/pal_sea_arm_moveit_config:/home/user/exchange/workspace/install/pal_sea_arm_bringup:/home/user/exchange/workspace/install/tiago_pro_controller_configuration:/home/user/exchange/workspace/install/pal_sea_arm_description:/home/user/exchange/workspace/install/pal_sea_arm_controller_configuration:/home/user/exchange/workspace/install/pal_pro_gripper:/home/user/exchange/workspace/install/pal_pro_gripper_controller_configuration:/home/user/exchange/workspace/install/tiago_pro_rgbd_sensors:/home/user/exchange/workspace/install/tiago_pro_laser_sensors:/home/user/exchange/workspace/install/tiago_pro_2dnav:/home/user/exchange/workspace/install/pal_pro_gripper_description:/home/user/exchange/workspace/install/pal_gazebo_worlds:/home/user/exchange/workspace/install/tiago_manipulation_tasks:/home/user/exchange/workspace/install/tiago_pro_navigation:/home/user/exchange/workspace/install/pal_pro_gripper_simulation:/home/user/exchange/workspace/install/pal_pro_gripper_bringup:/home/user/exchange/workspace/install/pick_task:/home/user/exchange/workspace/install/pal_pro_gripper_wrapper:/opt/ros/humble PYTHONPATH=/home/user/exchange/workspace/install/pal_pro_gripper_wrapper/lib/python3.10/site-packages:/home/user/exchange/workspace/install/pick_task/lib/python3.10/site-packages:/home/user/exchange/workspace/install/tiago_pro_description/local/lib/python3.10/dist-packages:/home/user/exchange/workspace/install/pal_sea_arm_description/local/lib/python3.10/dist-packages:/home/user/exchange/workspace/install/pal_pro_gripper_description/local/lib/python3.10/dist-packages:/opt/ros/humble/lib/python3.10/site-packages:/opt/ros/humble/local/lib/python3.10/dist-packages /usr/bin/cmake --build /home/user/exchange/workspace/build/tiago_manipulation_tasks -- -j12 -l12
[2.060s] DEBUG:colcon.colcon_core.event_handler.log_command:Invoking command in '/home/user/exchange/workspace/build/tiago_manipulation_tasks': AMENT_PREFIX_PATH=/home/user/exchange/workspace/install/pal_pro_gripper_wrapper:/home/user/exchange/workspace/install/tiago_manipulation_tasks:/home/user/exchange/workspace/install/pick_task:/home/user/exchange/workspace/install/tiago_pro_simulation:/home/user/exchange/workspace/install/tiago_pro_robot:/home/user/exchange/workspace/install/tiago_pro_navigation:/home/user/exchange/workspace/install/tiago_pro_gazebo:/home/user/exchange/workspace/install/tiago_pro_rgbd_sensors:/home/user/exchange/workspace/install/tiago_pro_mujoco:/home/user/exchange/workspace/install/tiago_pro_moveit_config:/home/user/exchange/workspace/install/tiago_pro_laser_sensors:/home/user/exchange/workspace/install/tiago_pro_description:/home/user/exchange/workspace/install/tiago_pro_bringup:/home/user/exchange/workspace/install/tiago_pro_controller_configuration:/home/user/exchange/workspace/install/tiago_pro_2dnav:/home/user/exchange/workspace/install/pal_sea_arm_moveit_config:/home/user/exchange/workspace/install/pal_sea_arm:/home/user/exchange/workspace/install/pal_sea_arm_bringup:/home/user/exchange/workspace/install/pal_sea_arm_description:/home/user/exchange/workspace/install/pal_sea_arm_controller_configuration:/home/user/exchange/workspace/install/pal_pro_gripper_simulation:/home/user/exchange/workspace/install/pal_pro_gripper_bringup:/home/user/exchange/workspace/install/pal_pro_gripper:/home/user/exchange/workspace/install/pal_pro_gripper_controller_configuration:/home/user/exchange/workspace/install/pal_pro_gripper_description:/home/user/exchange/workspace/install/pal_gazebo_worlds:/opt/ros/humble CMAKE_PREFIX_PATH=/home/user/exchange/workspace/install/tiago_pro_simulation:/home/user/exchange/workspace/install/tiago_pro_mujoco:/home/user/exchange/workspace/install/tiago_pro_gazebo:/home/user/exchange/workspace/install/tiago_pro_robot:/home/user/exchange/workspace/install/tiago_pro_moveit_config:/home/user/exchange/workspace/install/pal_sea_arm:/home/user/exchange/workspace/install/tiago_pro_description:/home/user/exchange/workspace/install/tiago_pro_bringup:/home/user/exchange/workspace/install/pal_sea_arm_moveit_config:/home/user/exchange/workspace/install/pal_sea_arm_bringup:/home/user/exchange/workspace/install/tiago_pro_controller_configuration:/home/user/exchange/workspace/install/pal_sea_arm_description:/home/user/exchange/workspace/install/pal_sea_arm_controller_configuration:/home/user/exchange/workspace/install/pal_pro_gripper:/home/user/exchange/workspace/install/pal_pro_gripper_controller_configuration:/home/user/exchange/workspace/install/tiago_pro_rgbd_sensors:/home/user/exchange/workspace/install/tiago_pro_laser_sensors:/home/user/exchange/workspace/install/tiago_pro_2dnav:/home/user/exchange/workspace/install/pal_pro_gripper_description:/home/user/exchange/workspace/install/pal_gazebo_worlds:/home/user/exchange/workspace/install/tiago_manipulation_tasks:/home/user/exchange/workspace/install/tiago_pro_navigation:/home/user/exchange/workspace/install/pal_pro_gripper_simulation:/home/user/exchange/workspace/install/pal_pro_gripper_bringup:/home/user/exchange/workspace/install/pick_task:/home/user/exchange/workspace/install/pal_pro_gripper_wrapper:/opt/ros/humble PYTHONPATH=/home/user/exchange/workspace/install/pal_pro_gripper_wrapper/lib/python3.10/site-packages:/home/user/exchange/workspace/install/pick_task/lib/python3.10/site-packages:/home/user/exchange/workspace/install/tiago_pro_description/local/lib/python3.10/dist-packages:/home/user/exchange/workspace/install/pal_sea_arm_description/local/lib/python3.10/dist-packages:/home/user/exchange/workspace/install/pal_pro_gripper_description/local/lib/python3.10/dist-packages:/opt/ros/humble/lib/python3.10/site-packages:/opt/ros/humble/local/lib/python3.10/dist-packages /usr/bin/cmake --install /home/user/exchange/workspace/build/tiago_manipulation_tasks
[2.067s] Level 1:colcon.colcon_core.environment:create_environment_scripts_only(tiago_manipulation_tasks)
[2.067s] Level 1:colcon.colcon_core.environment:checking '/home/user/exchange/workspace/install/tiago_manipulation_tasks' for CMake module files
[2.068s] DEBUG:colcon.colcon_core.event_handler.log_command:Invoked command in '/home/user/exchange/workspace/build/tiago_manipulation_tasks' returned '0': AMENT_PREFIX_PATH=/home/user/exchange/workspace/install/pal_pro_gripper_wrapper:/home/user/exchange/workspace/install/tiago_manipulation_tasks:/home/user/exchange/workspace/install/pick_task:/home/user/exchange/workspace/install/tiago_pro_simulation:/home/user/exchange/workspace/install/tiago_pro_robot:/home/user/exchange/workspace/install/tiago_pro_navigation:/home/user/exchange/workspace/install/tiago_pro_gazebo:/home/user/exchange/workspace/install/tiago_pro_rgbd_sensors:/home/user/exchange/workspace/install/tiago_pro_mujoco:/home/user/exchange/workspace/install/tiago_pro_moveit_config:/home/user/exchange/workspace/install/tiago_pro_laser_sensors:/home/user/exchange/workspace/install/tiago_pro_description:/home/user/exchange/workspace/install/tiago_pro_bringup:/home/user/exchange/workspace/install/tiago_pro_controller_configuration:/home/user/exchange/workspace/install/tiago_pro_2dnav:/home/user/exchange/workspace/install/pal_sea_arm_moveit_config:/home/user/exchange/workspace/install/pal_sea_arm:/home/user/exchange/workspace/install/pal_sea_arm_bringup:/home/user/exchange/workspace/install/pal_sea_arm_description:/home/user/exchange/workspace/install/pal_sea_arm_controller_configuration:/home/user/exchange/workspace/install/pal_pro_gripper_simulation:/home/user/exchange/workspace/install/pal_pro_gripper_bringup:/home/user/exchange/workspace/install/pal_pro_gripper:/home/user/exchange/workspace/install/pal_pro_gripper_controller_configuration:/home/user/exchange/workspace/install/pal_pro_gripper_description:/home/user/exchange/workspace/install/pal_gazebo_worlds:/opt/ros/humble CMAKE_PREFIX_PATH=/home/user/exchange/workspace/install/tiago_pro_simulation:/home/user/exchange/workspace/install/tiago_pro_mujoco:/home/user/exchange/workspace/install/tiago_pro_gazebo:/home/user/exchange/workspace/install/tiago_pro_robot:/home/user/exchange/workspace/install/tiago_pro_moveit_config:/home/user/exchange/workspace/install/pal_sea_arm:/home/user/exchange/workspace/install/tiago_pro_description:/home/user/exchange/workspace/install/tiago_pro_bringup:/home/user/exchange/workspace/install/pal_sea_arm_moveit_config:/home/user/exchange/workspace/install/pal_sea_arm_bringup:/home/user/exchange/workspace/install/tiago_pro_controller_configuration:/home/user/exchange/workspace/install/pal_sea_arm_description:/home/user/exchange/workspace/install/pal_sea_arm_controller_configuration:/home/user/exchange/workspace/install/pal_pro_gripper:/home/user/exchange/workspace/install/pal_pro_gripper_controller_configuration:/home/user/exchange/workspace/install/tiago_pro_rgbd_sensors:/home/user/exchange/workspace/install/tiago_pro_laser_sensors:/home/user/exchange/workspace/install/tiago_pro_2dnav:/home/user/exchange/workspace/install/pal_pro_gripper_description:/home/user/exchange/workspace/install/pal_gazebo_worlds:/home/user/exchange/workspace/install/tiago_manipulation_tasks:/home/user/exchange/workspace/install/tiago_pro_navigation:/home/user/exchange/workspace/install/pal_pro_gripper_simulation:/home/user/exchange/workspace/install/pal_pro_gripper_bringup:/home/user/exchange/workspace/install/pick_task:/home/user/exchange/workspace/install/pal_pro_gripper_wrapper:/opt/ros/humble PYTHONPATH=/home/user/exchange/workspace/install/pal_pro_gripper_wrapper/lib/python3.10/site-packages:/home/user/exchange/workspace/install/pick_task/lib/python3.10/site-packages:/home/user/exchange/workspace/install/tiago_pro_description/local/lib/python3.10/dist-packages:/home/user/exchange/workspace/install/pal_sea_arm_description/local/lib/python3.10/dist-packages:/home/user/exchange/workspace/install/pal_pro_gripper_description/local/lib/python3.10/dist-packages:/opt/ros/humble/lib/python3.10/site-packages:/opt/ros/humble/local/lib/python3.10/dist-packages /usr/bin/cmake --install /home/user/exchange/workspace/build/tiago_manipulation_tasks
[2.068s] Level 1:colcon.colcon_core.environment:checking '/home/user/exchange/workspace/install/tiago_manipulation_tasks' for CMake config files
[2.068s] Level 1:colcon.colcon_core.shell:create_environment_hook('tiago_manipulation_tasks', 'cmake_prefix_path')
[2.068s] INFO:colcon.colcon_core.shell:Creating environment hook '/home/user/exchange/workspace/install/tiago_manipulation_tasks/share/tiago_manipulation_tasks/hook/cmake_prefix_path.ps1'
[2.069s] INFO:colcon.colcon_core.shell:Creating environment descriptor '/home/user/exchange/workspace/install/tiago_manipulation_tasks/share/tiago_manipulation_tasks/hook/cmake_prefix_path.dsv'
[2.069s] INFO:colcon.colcon_core.shell:Creating environment hook '/home/user/exchange/workspace/install/tiago_manipulation_tasks/share/tiago_manipulation_tasks/hook/cmake_prefix_path.sh'
[2.069s] Level 1:colcon.colcon_core.environment:checking '/home/user/exchange/workspace/install/tiago_manipulation_tasks/lib'
[2.070s] Level 1:colcon.colcon_core.environment:checking '/home/user/exchange/workspace/install/tiago_manipulation_tasks/bin'
[2.070s] Level 1:colcon.colcon_core.environment:checking '/home/user/exchange/workspace/install/tiago_manipulation_tasks/lib/pkgconfig/tiago_manipulation_tasks.pc'
[2.070s] Level 1:colcon.colcon_core.environment:checking '/home/user/exchange/workspace/install/tiago_manipulation_tasks/lib/python3.10/site-packages'
[2.070s] Level 1:colcon.colcon_core.environment:checking '/home/user/exchange/workspace/install/tiago_manipulation_tasks/bin'
[2.070s] INFO:colcon.colcon_core.shell:Creating package script '/home/user/exchange/workspace/install/tiago_manipulation_tasks/share/tiago_manipulation_tasks/package.ps1'
[2.071s] INFO:colcon.colcon_core.shell:Creating package descriptor '/home/user/exchange/workspace/install/tiago_manipulation_tasks/share/tiago_manipulation_tasks/package.dsv'
[2.071s] INFO:colcon.colcon_core.shell:Creating package script '/home/user/exchange/workspace/install/tiago_manipulation_tasks/share/tiago_manipulation_tasks/package.sh'
[2.071s] INFO:colcon.colcon_core.shell:Creating package script '/home/user/exchange/workspace/install/tiago_manipulation_tasks/share/tiago_manipulation_tasks/package.bash'
[2.071s] INFO:colcon.colcon_core.shell:Creating package script '/home/user/exchange/workspace/install/tiago_manipulation_tasks/share/tiago_manipulation_tasks/package.zsh'
[2.071s] Level 1:colcon.colcon_core.environment:create_file_with_runtime_dependencies(/home/user/exchange/workspace/install/tiago_manipulation_tasks/share/colcon-core/packages/tiago_manipulation_tasks)
[2.072s] Level 1:colcon.colcon_core.environment:create_environment_scripts_only(tiago_manipulation_tasks)
[2.072s] Level 1:colcon.colcon_core.environment:checking '/home/user/exchange/workspace/install/tiago_manipulation_tasks' for CMake module files
[2.072s] Level 1:colcon.colcon_core.environment:checking '/home/user/exchange/workspace/install/tiago_manipulation_tasks' for CMake config files
[2.072s] Level 1:colcon.colcon_core.shell:create_environment_hook('tiago_manipulation_tasks', 'cmake_prefix_path')
[2.072s] INFO:colcon.colcon_core.shell:Creating environment hook '/home/user/exchange/workspace/install/tiago_manipulation_tasks/share/tiago_manipulation_tasks/hook/cmake_prefix_path.ps1'
[2.073s] INFO:colcon.colcon_core.shell:Creating environment descriptor '/home/user/exchange/workspace/install/tiago_manipulation_tasks/share/tiago_manipulation_tasks/hook/cmake_prefix_path.dsv'
[2.073s] INFO:colcon.colcon_core.shell:Creating environment hook '/home/user/exchange/workspace/install/tiago_manipulation_tasks/share/tiago_manipulation_tasks/hook/cmake_prefix_path.sh'
[2.073s] Level 1:colcon.colcon_core.environment:checking '/home/user/exchange/workspace/install/tiago_manipulation_tasks/lib'
[2.073s] Level 1:colcon.colcon_core.environment:checking '/home/user/exchange/workspace/install/tiago_manipulation_tasks/bin'
[2.073s] Level 1:colcon.colcon_core.environment:checking '/home/user/exchange/workspace/install/tiago_manipulation_tasks/lib/pkgconfig/tiago_manipulation_tasks.pc'
[2.074s] Level 1:colcon.colcon_core.environment:checking '/home/user/exchange/workspace/install/tiago_manipulation_tasks/lib/python3.10/site-packages'
[2.074s] Level 1:colcon.colcon_core.environment:checking '/home/user/exchange/workspace/install/tiago_manipulation_tasks/bin'
[2.074s] INFO:colcon.colcon_core.shell:Creating package script '/home/user/exchange/workspace/install/tiago_manipulation_tasks/share/tiago_manipulation_tasks/package.ps1'
[2.075s] INFO:colcon.colcon_core.shell:Creating package descriptor '/home/user/exchange/workspace/install/tiago_manipulation_tasks/share/tiago_manipulation_tasks/package.dsv'
[2.075s] INFO:colcon.colcon_core.shell:Creating package script '/home/user/exchange/workspace/install/tiago_manipulation_tasks/share/tiago_manipulation_tasks/package.sh'
[2.075s] INFO:colcon.colcon_core.shell:Creating package script '/home/user/exchange/workspace/install/tiago_manipulation_tasks/share/tiago_manipulation_tasks/package.bash'
[2.076s] INFO:colcon.colcon_core.shell:Creating package script '/home/user/exchange/workspace/install/tiago_manipulation_tasks/share/tiago_manipulation_tasks/package.zsh'
[2.076s] Level 1:colcon.colcon_core.environment:create_file_with_runtime_dependencies(/home/user/exchange/workspace/install/tiago_manipulation_tasks/share/colcon-core/packages/tiago_manipulation_tasks)
[2.341s] DEBUG:colcon.colcon_core.event_handler.log_command:Invoking command in '/home/user/exchange/workspace/src/pick_task': AMENT_PREFIX_PATH=/home/user/exchange/workspace/install/pal_pro_gripper_wrapper:/home/user/exchange/workspace/install/tiago_manipulation_tasks:/home/user/exchange/workspace/install/pick_task:/home/user/exchange/workspace/install/tiago_pro_simulation:/home/user/exchange/workspace/install/tiago_pro_robot:/home/user/exchange/workspace/install/tiago_pro_navigation:/home/user/exchange/workspace/install/tiago_pro_gazebo:/home/user/exchange/workspace/install/tiago_pro_rgbd_sensors:/home/user/exchange/workspace/install/tiago_pro_mujoco:/home/user/exchange/workspace/install/tiago_pro_moveit_config:/home/user/exchange/workspace/install/tiago_pro_laser_sensors:/home/user/exchange/workspace/install/tiago_pro_description:/home/user/exchange/workspace/install/tiago_pro_bringup:/home/user/exchange/workspace/install/tiago_pro_controller_configuration:/home/user/exchange/workspace/install/tiago_pro_2dnav:/home/user/exchange/workspace/install/pal_sea_arm_moveit_config:/home/user/exchange/workspace/install/pal_sea_arm:/home/user/exchange/workspace/install/pal_sea_arm_bringup:/home/user/exchange/workspace/install/pal_sea_arm_description:/home/user/exchange/workspace/install/pal_sea_arm_controller_configuration:/home/user/exchange/workspace/install/pal_pro_gripper_simulation:/home/user/exchange/workspace/install/pal_pro_gripper_bringup:/home/user/exchange/workspace/install/pal_pro_gripper:/home/user/exchange/workspace/install/pal_pro_gripper_controller_configuration:/home/user/exchange/workspace/install/pal_pro_gripper_description:/home/user/exchange/workspace/install/pal_gazebo_worlds:/opt/ros/humble CMAKE_PREFIX_PATH=/home/user/exchange/workspace/install/tiago_pro_simulation:/home/user/exchange/workspace/install/tiago_pro_mujoco:/home/user/exchange/workspace/install/tiago_pro_gazebo:/home/user/exchange/workspace/install/tiago_pro_robot:/home/user/exchange/workspace/install/tiago_pro_moveit_config:/home/user/exchange/workspace/install/pal_sea_arm:/home/user/exchange/workspace/install/tiago_pro_description:/home/user/exchange/workspace/install/tiago_pro_bringup:/home/user/exchange/workspace/install/pal_sea_arm_moveit_config:/home/user/exchange/workspace/install/pal_sea_arm_bringup:/home/user/exchange/workspace/install/tiago_pro_controller_configuration:/home/user/exchange/workspace/install/pal_sea_arm_description:/home/user/exchange/workspace/install/pal_sea_arm_controller_configuration:/home/user/exchange/workspace/install/pal_pro_gripper:/home/user/exchange/workspace/install/pal_pro_gripper_controller_configuration:/home/user/exchange/workspace/install/tiago_pro_rgbd_sensors:/home/user/exchange/workspace/install/tiago_pro_laser_sensors:/home/user/exchange/workspace/install/tiago_pro_2dnav:/home/user/exchange/workspace/install/pal_pro_gripper_description:/home/user/exchange/workspace/install/pal_gazebo_worlds:/home/user/exchange/workspace/install/tiago_manipulation_tasks:/home/user/exchange/workspace/install/tiago_pro_navigation:/home/user/exchange/workspace/install/pal_pro_gripper_simulation:/home/user/exchange/workspace/install/pal_pro_gripper_bringup PYTHONPATH=/home/user/exchange/workspace/build/pick_task/prefix_override:/usr/lib/python3/dist-packages/colcon_core/task/python/colcon_distutils_commands:/home/user/exchange/workspace/install/pick_task/lib/python3.10/site-packages:/home/user/exchange/workspace/install/pal_pro_gripper_wrapper/lib/python3.10/site-packages:/home/user/exchange/workspace/install/pick_task/lib/python3.10/site-packages:/home/user/exchange/workspace/install/tiago_pro_description/local/lib/python3.10/dist-packages:/home/user/exchange/workspace/install/pal_sea_arm_description/local/lib/python3.10/dist-packages:/home/user/exchange/workspace/install/pal_pro_gripper_description/local/lib/python3.10/dist-packages:/opt/ros/humble/lib/python3.10/site-packages:/opt/ros/humble/local/lib/python3.10/dist-packages /usr/bin/python3 -W ignore:setup.py install is deprecated -W ignore:easy_install command is deprecated setup.py egg_info --egg-base ../../build/pick_task build --build-base /home/user/exchange/workspace/build/pick_task/build install --record /home/user/exchange/workspace/build/pick_task/install.log --single-version-externally-managed install_data
[2.573s] Level 1:colcon.colcon_core.environment:checking '/home/user/exchange/workspace/install/pick_task' for CMake module files
[2.573s] DEBUG:colcon.colcon_core.event_handler.log_command:Invoked command in '/home/user/exchange/workspace/src/pick_task' returned '0': AMENT_PREFIX_PATH=/home/user/exchange/workspace/install/pal_pro_gripper_wrapper:/home/user/exchange/workspace/install/tiago_manipulation_tasks:/home/user/exchange/workspace/install/pick_task:/home/user/exchange/workspace/install/tiago_pro_simulation:/home/user/exchange/workspace/install/tiago_pro_robot:/home/user/exchange/workspace/install/tiago_pro_navigation:/home/user/exchange/workspace/install/tiago_pro_gazebo:/home/user/exchange/workspace/install/tiago_pro_rgbd_sensors:/home/user/exchange/workspace/install/tiago_pro_mujoco:/home/user/exchange/workspace/install/tiago_pro_moveit_config:/home/user/exchange/workspace/install/tiago_pro_laser_sensors:/home/user/exchange/workspace/install/tiago_pro_description:/home/user/exchange/workspace/install/tiago_pro_bringup:/home/user/exchange/workspace/install/tiago_pro_controller_configuration:/home/user/exchange/workspace/install/tiago_pro_2dnav:/home/user/exchange/workspace/install/pal_sea_arm_moveit_config:/home/user/exchange/workspace/install/pal_sea_arm:/home/user/exchange/workspace/install/pal_sea_arm_bringup:/home/user/exchange/workspace/install/pal_sea_arm_description:/home/user/exchange/workspace/install/pal_sea_arm_controller_configuration:/home/user/exchange/workspace/install/pal_pro_gripper_simulation:/home/user/exchange/workspace/install/pal_pro_gripper_bringup:/home/user/exchange/workspace/install/pal_pro_gripper:/home/user/exchange/workspace/install/pal_pro_gripper_controller_configuration:/home/user/exchange/workspace/install/pal_pro_gripper_description:/home/user/exchange/workspace/install/pal_gazebo_worlds:/opt/ros/humble CMAKE_PREFIX_PATH=/home/user/exchange/workspace/install/tiago_pro_simulation:/home/user/exchange/workspace/install/tiago_pro_mujoco:/home/user/exchange/workspace/install/tiago_pro_gazebo:/home/user/exchange/workspace/install/tiago_pro_robot:/home/user/exchange/workspace/install/tiago_pro_moveit_config:/home/user/exchange/workspace/install/pal_sea_arm:/home/user/exchange/workspace/install/tiago_pro_description:/home/user/exchange/workspace/install/tiago_pro_bringup:/home/user/exchange/workspace/install/pal_sea_arm_moveit_config:/home/user/exchange/workspace/install/pal_sea_arm_bringup:/home/user/exchange/workspace/install/tiago_pro_controller_configuration:/home/user/exchange/workspace/install/pal_sea_arm_description:/home/user/exchange/workspace/install/pal_sea_arm_controller_configuration:/home/user/exchange/workspace/install/pal_pro_gripper:/home/user/exchange/workspace/install/pal_pro_gripper_controller_configuration:/home/user/exchange/workspace/install/tiago_pro_rgbd_sensors:/home/user/exchange/workspace/install/tiago_pro_laser_sensors:/home/user/exchange/workspace/install/tiago_pro_2dnav:/home/user/exchange/workspace/install/pal_pro_gripper_description:/home/user/exchange/workspace/install/pal_gazebo_worlds:/home/user/exchange/workspace/install/tiago_manipulation_tasks:/home/user/exchange/workspace/install/tiago_pro_navigation:/home/user/exchange/workspace/install/pal_pro_gripper_simulation:/home/user/exchange/workspace/install/pal_pro_gripper_bringup PYTHONPATH=/home/user/exchange/workspace/build/pick_task/prefix_override:/usr/lib/python3/dist-packages/colcon_core/task/python/colcon_distutils_commands:/home/user/exchange/workspace/install/pick_task/lib/python3.10/site-packages:/home/user/exchange/workspace/install/pal_pro_gripper_wrapper/lib/python3.10/site-packages:/home/user/exchange/workspace/install/pick_task/lib/python3.10/site-packages:/home/user/exchange/workspace/install/tiago_pro_description/local/lib/python3.10/dist-packages:/home/user/exchange/workspace/install/pal_sea_arm_description/local/lib/python3.10/dist-packages:/home/user/exchange/workspace/install/pal_pro_gripper_description/local/lib/python3.10/dist-packages:/opt/ros/humble/lib/python3.10/site-packages:/opt/ros/humble/local/lib/python3.10/dist-packages /usr/bin/python3 -W ignore:setup.py install is deprecated -W ignore:easy_install command is deprecated setup.py egg_info --egg-base ../../build/pick_task build --build-base /home/user/exchange/workspace/build/pick_task/build install --record /home/user/exchange/workspace/build/pick_task/install.log --single-version-externally-managed install_data
[2.574s] Level 1:colcon.colcon_core.environment:checking '/home/user/exchange/workspace/install/pick_task' for CMake config files
[2.574s] Level 1:colcon.colcon_core.environment:checking '/home/user/exchange/workspace/install/pick_task/lib'
[2.574s] Level 1:colcon.colcon_core.environment:checking '/home/user/exchange/workspace/install/pick_task/bin'
[2.574s] Level 1:colcon.colcon_core.environment:checking '/home/user/exchange/workspace/install/pick_task/lib/pkgconfig/pick_task.pc'
[2.575s] Level 1:colcon.colcon_core.environment:checking '/home/user/exchange/workspace/install/pick_task/lib/python3.10/site-packages'
[2.575s] Level 1:colcon.colcon_core.shell:create_environment_hook('pick_task', 'pythonpath')
[2.575s] INFO:colcon.colcon_core.shell:Creating environment hook '/home/user/exchange/workspace/install/pick_task/share/pick_task/hook/pythonpath.ps1'
[2.576s] INFO:colcon.colcon_core.shell:Creating environment descriptor '/home/user/exchange/workspace/install/pick_task/share/pick_task/hook/pythonpath.dsv'
[2.576s] INFO:colcon.colcon_core.shell:Creating environment hook '/home/user/exchange/workspace/install/pick_task/share/pick_task/hook/pythonpath.sh'
[2.576s] Level 1:colcon.colcon_core.environment:checking '/home/user/exchange/workspace/install/pick_task/bin'
[2.576s] Level 1:colcon.colcon_core.environment:create_environment_scripts_only(pick_task)
[2.577s] INFO:colcon.colcon_core.shell:Creating package script '/home/user/exchange/workspace/install/pick_task/share/pick_task/package.ps1'
[2.577s] INFO:colcon.colcon_core.shell:Creating package descriptor '/home/user/exchange/workspace/install/pick_task/share/pick_task/package.dsv'
[2.577s] INFO:colcon.colcon_core.shell:Creating package script '/home/user/exchange/workspace/install/pick_task/share/pick_task/package.sh'
[2.578s] INFO:colcon.colcon_core.shell:Creating package script '/home/user/exchange/workspace/install/pick_task/share/pick_task/package.bash'
[2.578s] INFO:colcon.colcon_core.shell:Creating package script '/home/user/exchange/workspace/install/pick_task/share/pick_task/package.zsh'
[2.578s] Level 1:colcon.colcon_core.environment:create_file_with_runtime_dependencies(/home/user/exchange/workspace/install/pick_task/share/colcon-core/packages/pick_task)
[2.578s] DEBUG:colcon.colcon_parallel_executor.executor.parallel:closing loop
[2.579s] DEBUG:colcon.colcon_parallel_executor.executor.parallel:loop closed
[2.579s] DEBUG:colcon.colcon_parallel_executor.executor.parallel:run_until_complete finished with '0'
[2.579s] DEBUG:colcon.colcon_core.event_reactor:joining thread
[2.584s] INFO:colcon.colcon_core.plugin_system:Skipping extension 'colcon_notification.desktop_notification.notify_send': Could not find 'notify-send'
[2.584s] INFO:colcon.colcon_core.plugin_system:Skipping extension 'colcon_notification.desktop_notification.terminal_notifier': Not used on non-Darwin systems
[2.584s] INFO:colcon.colcon_core.plugin_system:Skipping extension 'colcon_notification.desktop_notification.win32': Not used on non-Windows systems
[2.584s] INFO:colcon.colcon_notification.desktop_notification:Sending desktop notification using 'notify2'
[2.587s] DEBUG:colcon.colcon_notification.desktop_notification.notify2:Failed to initialize notify2: org.freedesktop.DBus.Error.Spawn.ExecFailed: /usr/bin/dbus-launch terminated abnormally without any error message
[2.588s] DEBUG:colcon.colcon_core.event_reactor:joined thread
[2.588s] INFO:colcon.colcon_core.shell:Creating prefix script '/home/user/exchange/workspace/install/local_setup.ps1'
[2.589s] INFO:colcon.colcon_core.shell:Creating prefix util module '/home/user/exchange/workspace/install/_local_setup_util_ps1.py'
[2.590s] INFO:colcon.colcon_core.shell:Creating prefix chain script '/home/user/exchange/workspace/install/setup.ps1'
[2.591s] INFO:colcon.colcon_core.shell:Creating prefix script '/home/user/exchange/workspace/install/local_setup.sh'
[2.592s] INFO:colcon.colcon_core.shell:Creating prefix util module '/home/user/exchange/workspace/install/_local_setup_util_sh.py'
[2.592s] INFO:colcon.colcon_core.shell:Creating prefix chain script '/home/user/exchange/workspace/install/setup.sh'
[2.593s] INFO:colcon.colcon_core.shell:Creating prefix script '/home/user/exchange/workspace/install/local_setup.bash'
[2.594s] INFO:colcon.colcon_core.shell:Creating prefix chain script '/home/user/exchange/workspace/install/setup.bash'
[2.595s] INFO:colcon.colcon_core.shell:Creating prefix script '/home/user/exchange/workspace/install/local_setup.zsh'
[2.595s] INFO:colcon.colcon_core.shell:Creating prefix chain script '/home/user/exchange/workspace/install/setup.zsh'
